,Incident ID,Year,Street Name,Cross Street,Distance,Junction Relation,Total Injuries,Total Fatalities,Injury Severity,Collision Manner,Light Condition,Weather,Surface Condition,Age Driver 1,Gender Driver 1,Travel Direction One,Unit Action One,Violation1_Drv1,Alcohol Use Driver 1,Drug Use Driver 1,Age Driver 2,Gender Driver 2,Travel Direction Two,Unit Action Two,Violation 1 Driver 2,Alcohol Use Driver 2,Drug Use Driver 2,Latitude,Longitude,Date,Time
32523,3479084,2019,Rio Salado Pkwy,Packard Dr,135.0,Not Junction Related,0.0,0.0,No Injury,Rear End,Dark Lighted,Clear,Dry,47.0,Male,East,Going Straight Ahead,Speed To Fast For Conditions,No Apparent Influence,No Apparent Influence,59.0,Female,East,Stopped In Trafficway,No Improper Action,No Apparent Influence,No Apparent Influence,33.42877,-111.92885,2019-01-17,02:10:00
32524,3478799,2019,Scottsdale Rd,Hancock Ave,0.0,Intersection 4 Way 202,2.0,0.0,Possible Injury,Left Turn,Dark Lighted,Clear,Dry,48.0,Male,South,Making Left Turn,Unknown,No Apparent Influence,No Apparent Influence,32.0,Male,North,Going Straight Ahead,Unknown,No Apparent Influence,No Apparent Influence,33.44666,-111.92646,2019-01-17,03:30:00
32525,3478790,2019,Broadway Rd,Jentilly Ln,0.0,Intersection T Inter 203,0.0,0.0,No Injury,Left Turn,Daylight,Clear,Dry,26.0,Female,East,Making Left Turn,Failed To Yield Right Of Way,No Apparent Influence,No Apparent Influence,69.0,Female,West,Going Straight Ahead,No Improper Action,No Apparent Influence,No Apparent Influence,33.4075,-111.92372,2019-01-17,14:14:00
32527,3484261,2019,Broadway Rd,48th St,152.0,Not Junction Related,0.0,0.0,No Injury,Sideswipe Same Direction,Daylight,Clear,Dry,68.0,Male,West,Going Straight Ahead,Unknown,No Apparent Influence,No Apparent Influence,68.0,Male,West,Going Straight Ahead,Unknown,No Apparent Influence,No Apparent Influence,33.40733,-111.97779,2019-01-17,14:38:00
32529,3478953,2019,Scottsdale Rd,Playa Del Norte Dr,125.0,Not Junction Related,0.0,0.0,No Injury,Sideswipe Same Direction,Daylight,Clear,Dry,21.0,Female,South,Changing Lanes,Unsafe Lane Change,No Apparent Influence,No Apparent Influence,29.0,Female,South,Going Straight Ahead,No Improper Action,No Apparent Influence,No Apparent Influence,33.43438,-111.92626,2019-01-17,15:48:00
32531,3484844,2019,Rural Rd,Alameda Dr,-12.0,Intersection Related 206,0.0,0.0,No Injury,Rear End,Daylight,Clear,Dry,21.0,Male,South,Going Straight Ahead,Speed To Fast For Conditions,No Apparent Influence,No Apparent Influence,65.0,Male,South,Stopped In Trafficway,No Improper Action,No Apparent Influence,No Apparent Influence,33.40019,-111.92631,2019-01-17,17:38:00
32532,3478942,2019,McClintock Dr,SR-202 Exit 8 A-Ramp,-109.0,Intersection Related 206,0.0,0.0,No Injury,Rear End,Daylight,Clear,Dry,29.0,Male,North,Going Straight Ahead,Followed Too Closely,No Apparent Influence,No Apparent Influence,35.0,Male,North,Stopped In Trafficway,No Improper Action,No Apparent Influence,No Apparent Influence,33.43616,-111.9096,2019-01-17,20:09:00
32534,3479106,2019,Priest Dr,SR-202 Cardinal Frontage,0.0,Intersection 4 Way 202,0.0,0.0,No Injury,Left Turn,Daylight,Clear,Dry,26.0,Male,North,Going Straight Ahead,Disregarded Traffic Signal,No Apparent Influence,No Apparent Influence,36.0,Male,South,Making Left Turn,No Improper Action,No Apparent Influence,No Apparent Influence,33.43715,-111.96094,2019-01-17,21:56:00
32539,3478985,2019,Mill Ave,Pebble Beach Dr,-50.0,Driveway Or Alley,0.0,0.0,No Injury,Left Turn,Dark Lighted,Clear,Dry,23.0,Male,East,Making Left Turn,Failed To Yield Right Of Way,No Apparent Influence,No Apparent Influence,42.0,Female,South,Going Straight Ahead,No Improper Action,No Apparent Influence,No Apparent Influence,33.39056,-111.93955,2019-01-18,01:23:00
32540,3479083,2019,Rural Rd,Terrace Rd,-40.0,Intersection Related 206,0.0,0.0,No Injury,Rear End,Dark Lighted,Clear,Dry,20.0,Male,North,Going Straight Ahead,Speed To Fast For Conditions,No Apparent Influence,No Apparent Influence,28.0,Male,North,Stopped In Trafficway,No Improper Action,No Apparent Influence,No Apparent Influence,33.42017,-111.9263,2019-01-18,02:28:00
32541,3479028,2019,McClintock Dr,Watson Dr,-10.0,Intersection Related 206,0.0,0.0,No Injury,Rear End,Dawn,Clear,Dry,53.0,Female,South,Going Straight Ahead,No Improper Action,No Apparent Influence,No Apparent Influence,23.0,Male,South,Going Straight Ahead,No Improper Action,No Apparent Influence,No Apparent Influence,33.36938,-111.91129,2019-01-18,13:18:00
32542,3484232,2019,Baseline Rd,Priest Dr,-90.0,Intersection Related 206,1.0,0.0,Possible Injury,Rear End,Dawn,Clear,Dry,43.0,Male,East,Going Straight Ahead,Followed Too Closely,No Apparent Influence,No Apparent Influence,46.0,Male,East,Stopped In Trafficway,No Improper Action,No Apparent Influence,No Apparent Influence,33.37824,-111.96347,2019-01-18,13:51:00
32545,3484847,2019,Priest Dr,13th St,-120.0,Not Junction Related,0.0,0.0,No Injury,Rear End,Daylight,Clear,Dry,48.0,Female,North,Going Straight Ahead,Followed Too Closely,No Apparent Influence,No Apparent Influence,51.0,Female,North,Slowing In Trafficway,No Improper Action,No Apparent Influence,No Apparent Influence,33.41436,-111.96082,2019-01-18,15:04:00
32546,3479009,2019,Price Rd,Broadway Rd,-140.0,Intersection Related 206,1.0,0.0,Possible Injury,Rear End,Daylight,Cloudy,Dry,28.0,Male,North,Going Straight Ahead,Followed Too Closely,No Apparent Influence,No Apparent Influence,64.0,Female,North,Stopped In Trafficway,No Improper Action,No Apparent Influence,No Apparent Influence,33.40709,-111.89033,2019-01-18,15:32:00
32548,3479359,2019,Southern Ave,Evergreen Rd,0.0,Intersection Non Interchange,0.0,0.0,No Injury,Angle - Other Than Left Turn 2,Daylight,Clear,Dry,44.0,Male,East,Going Straight Ahead,Disregarded Traffic Signal,No Apparent Influence,No Apparent Influence,78.0,Female,Northwest,Making Left Turn,No Improper Action,No Apparent Influence,No Apparent Influence,33.39303,-111.88328,2019-01-18,18:00:00
32550,3478949,2019,Rio Salado Pkwy,Mill Ave,32.0,Intersection Related 206,0.0,0.0,No Injury,Rear End,Daylight,Clear,Dry,56.0,Male,West,Going Straight Ahead,Speed To Fast For Conditions,No Apparent Influence,No Apparent Influence,28.0,Male,West,Stopped In Trafficway,No Improper Action,No Apparent Influence,No Apparent Influence,33.42964,-111.93994,2019-01-18,19:00:00
32552,3482585,2019,Mill Ave,Alameda Dr,-30.0,Intersection Related 206,0.0,0.0,No Injury,Sideswipe Same Direction,Daylight,Unknown,Dry,29.0,Male,South,Changing Lanes,Unsafe Lane Change,No Apparent Influence,No Apparent Influence,22.0,Male,South,Going Straight Ahead,No Improper Action,No Apparent Influence,No Apparent Influence,33.40003,-111.93971,2019-01-18,23:35:00
32553,3478783,2019,Broadway Rd,Dorsey Ln,-98.0,Other,0.0,0.0,No Injury,Angle - Other Than Left Turn 2,Daylight,Clear,Dry,26.0,Female,Northwest,Making Left Turn,Failed To Yield Right Of Way,No Apparent Influence,No Apparent Influence,35.0,Female,East,Going Straight Ahead,No Improper Action,No Apparent Influence,No Apparent Influence,33.40751,-111.91802,2019-01-19,00:14:00
32554,3478794,2019,McClintock Dr,12th St,0.0,Intersection T Inter 203,0.0,0.0,No Injury,Left Turn,Dusk,Clear,Dry,27.0,Male,North,Making Left Turn,Failed To Yield Right Of Way,No Apparent Influence,No Apparent Influence,23.0,Male,South,Going Straight Ahead,No Improper Action,No Apparent Influence,No Apparent Influence,33.41615,-111.90912,2019-01-19,00:21:00
32556,3479065,2019,Baseline Rd,Lakeshore Dr,-55.0,Intersection Related 206,0.0,0.0,No Injury,Rear End,Dark Lighted,Clear,Dry,32.0,Male,East,Going Straight Ahead,Speed To Fast For Conditions,No Apparent Influence,No Apparent Influence,50.0,Female,East,Going Straight Ahead,No Improper Action,No Apparent Influence,No Apparent Influence,33.37832,-111.92068,2019-01-19,01:25:00
32557,3478786,2019,Apache Blvd,Elm St,-70.0,Intersection Related 206,1.0,0.0,Possible Injury,Rear End,Dark Lighted,Clear,Dry,23.0,Female,East,Going Straight Ahead,Speed To Fast For Conditions,No Apparent Influence,No Apparent Influence,20.0,Female,East,Slowing In Trafficway,No Improper Action,No Apparent Influence,No Apparent Influence,33.41476,-111.91269,2019-01-19,01:57:00
32558,3479017,2019,Baseline Rd,Darrow Dr,0.0,Intersection 4 Way 202,0.0,0.0,No Injury,Head On,Dark Lighted,Clear,Dry,36.0,Male,South,Making Left Turn,Failed To Yield Right Of Way,No Apparent Influence,No Apparent Influence,26.0,Male,East,Going Straight Ahead,No Improper Action,No Apparent Influence,No Apparent Influence,33.37824,-111.96113,2019-01-19,02:03:00
32562,3478976,2019,Price Rd,Orange St,0.0,Intersection 4 Way 202,0.0,0.0,No Injury,Angle - Other Than Left Turn 2,Daylight,Clear,Dry,18.0,Female,West,Going Straight Ahead,Failed To Yield Right Of Way,No Apparent Influence,No Apparent Influence,45.0,Male,South,Going Straight Ahead,No Improper Action,No Apparent Influence,No Apparent Influence,33.41842,-111.89197,2019-01-19,18:03:00
32563,3478917,2019,McClintock Dr,Del Rio Dr,-200.0,Not Junction Related,1.0,0.0,Suspected Minor Injury,Rear End,Daylight,Clear,Dry,38.0,Female,South,Going Straight Ahead,Speed To Fast For Conditions,No Apparent Influence,No Apparent Influence,61.0,Female,South,Slowing In Trafficway,No Improper Action,No Apparent Influence,No Apparent Influence,33.39605,-111.90913,2019-01-19,18:31:00
32564,3478892,2019,Rio Salado Pkwy,Siesta Ln,117.0,Not Junction Related,0.0,0.0,No Injury,Rear End,Daylight,Clear,Dry,35.0,Female,West,Going Straight Ahead,Speed To Fast For Conditions,No Apparent Influence,No Apparent Influence,36.0,Female,West,Stopped In Trafficway,No Improper Action,No Apparent Influence,No Apparent Influence,33.42937,-111.89324,2019-01-19,19:15:00
32566,3482433,2019,McClintock Dr,Southern Ave,0.0,Intersection 201,0.0,0.0,No Injury,Rear End,Daylight,Clear,Dry,23.0,Female,North,Going Straight Ahead,Speed To Fast For Conditions,No Apparent Influence,No Apparent Influence,22.0,Male,North,Stopped In Trafficway,No Improper Action,No Apparent Influence,No Apparent Influence,33.39299,-111.90913,2019-01-19,20:30:00
32567,3478954,2019,Baseline Rd,I-10 Exit 155 J1-Ramp,16.0,Intersection Related 206,0.0,0.0,No Injury,Rear End,Daylight,Clear,Dry,49.0,Female,East,Going Straight Ahead,Speed To Fast For Conditions,No Apparent Influence,No Apparent Influence,24.0,Female,East,Stopped In Trafficway,No Improper Action,No Apparent Influence,No Apparent Influence,33.3783,-111.96733,2019-01-19,22:48:00
32568,3478981,2019,Apache Blvd,Terrace Rd,50.0,Not Junction Related,0.0,0.0,No Injury,Rear End,Daylight,Clear,Dry,30.0,Female,East,Going Straight Ahead,Speed To Fast For Conditions,No Apparent Influence,No Apparent Influence,26.0,Male,East,Slowing In Trafficway,No Improper Action,No Apparent Influence,No Apparent Influence,33.41477,-111.92027,2019-01-19,22:54:00
32569,3479036,2019,Broadway Rd,Dorsey Ln,-20.0,Intersection Related 206,0.0,0.0,No Injury,Rear End,Daylight,Clear,Dry,51.0,Male,East,Going Straight Ahead,Speed To Fast For Conditions,No Apparent Influence,No Apparent Influence,28.0,Male,East,Going Straight Ahead,No Improper Action,No Apparent Influence,No Apparent Influence,33.40751,-111.91776,2019-01-19,23:22:00
32570,3482669,2019,Elliot Rd,Harl Ave,100.0,Intersection Related 206,0.0,0.0,No Injury,Rear End,Daylight,Clear,Dry,38.0,Female,West,Going Straight Ahead,Unknown,No Apparent Influence,No Apparent Influence,49.0,Female,West,Going Straight Ahead,Unknown,No Apparent Influence,No Apparent Influence,33.34908,-111.9656,2019-01-19,23:46:00
32573,3482417,2019,Broadway Rd,Roosevelt St,146.0,Not Junction Related,0.0,0.0,No Injury,Sideswipe Same Direction,Dark Lighted,Clear,Dry,25.0,Male,West,Making Left Turn,Unsafe Lane Change,No Apparent Influence,No Apparent Influence,32.0,Female,West,Going Straight Ahead,No Improper Action,No Apparent Influence,No Apparent Influence,33.40738,-111.94737,2019-01-20,04:24:00
32576,3478924,2019,University Dr,McClintock Dr,121.0,Intersection Related 206,0.0,0.0,No Injury,Sideswipe Same Direction,Daylight,Clear,Dry,21.0,Female,Northeast,Making Left Turn,Unsafe Lane Change,No Apparent Influence,No Apparent Influence,48.0,Male,East,Going Straight Ahead,No Improper Action,No Apparent Influence,No Apparent Influence,33.42199,-111.90869,2019-01-20,19:35:00
32577,3478997,2019,Baseline Rd,I-10 Exit 155 A1-Ramp,-15.0,Intersection Related 206,0.0,0.0,No Injury,Rear End,Daylight,Clear,Dry,22.0,Female,East,Slowing In Trafficway,Speed To Fast For Conditions,No Apparent Influence,No Apparent Influence,25.0,Male,East,Stopped In Trafficway,No Improper Action,No Apparent Influence,No Apparent Influence,33.37827,-111.96868,2019-01-20,21:53:00
32578,3479071,2019,Mill Ave,Baseline Rd,0.0,Intersection 201,1.0,0.0,Possible Injury,Left Turn,Daylight,Clear,Dry,25.0,Female,East,Making Left Turn,Failed To Yield Right Of Way,No Apparent Influence,No Apparent Influence,38.0,Male,North,Going Straight Ahead,No Improper Action,No Apparent Influence,No Apparent Influence,33.37821,-111.93937,2019-01-20,22:23:00
32579,3479104,2019,Baseline Rd,Calle Los Cerros,100.0,Not Junction Related,0.0,0.0,No Injury,Rear End,Daylight,Clear,Dry,54.0,Female,East,Going Straight Ahead,Speed To Fast For Conditions,No Apparent Influence,No Apparent Influence,40.0,Female,East,Stopped In Trafficway,No Improper Action,No Apparent Influence,No Apparent Influence,33.37821,-111.97376,2019-01-20,23:20:00
32581,3478916,2019,Rural Rd,Minton Dr,53.0,Not Junction Related,0.0,0.0,No Injury,Rear End,Daylight,Clear,Dry,34.0,Female,North,Going Straight Ahead,Speed To Fast For Conditions,No Apparent Influence,No Apparent Influence,20.0,Female,North,Slowing In Trafficway,No Improper Action,No Apparent Influence,No Apparent Influence,33.38003,-111.92836,2019-01-21,20:20:00
32582,3482423,2019,University Dr,Veterans Way,0.0,Railway Grade Crossing,0.0,0.0,No Injury,Other,Daylight,Clear,Dry,18.0,Female,East,Backing,Other,No Apparent Influence,No Apparent Influence,41.0,Male,West,Stopped In Trafficway,No Improper Action,No Apparent Influence,No Apparent Influence,33.42202,-111.92894,2019-01-21,20:53:00
32583,3482421,2019,University Dr,Hardy Dr,225.0,Driveway Or Alley,0.0,0.0,No Injury,Sideswipe Same Direction,Daylight,Clear,Dry,28.0,Male,East,Changing Lanes,Unsafe Lane Change,No Apparent Influence,No Apparent Influence,37.0,Female,East,Going Straight Ahead,No Improper Action,No Apparent Influence,No Apparent Influence,33.42191,-111.95149,2019-01-21,22:24:00
32584,3496262,2019,Hardy Dr,7th St,0.0,Intersection T Inter 203,1.0,0.0,Suspected Serious Injury,Left Turn,Daylight,Clear,Dry,27.0,Male,Unknown,Unknown,Unknown,No Apparent Influence,No Apparent Influence,20.0,Male,Southeast,Making Left Turn,Unknown,No Apparent Influence,No Apparent Influence,33.42325,-111.95223,2019-01-21,23:50:00
32585,3484251,2019,Mill Ave,US-60 Exit 173 G-Ramp,0.0,Intersection 4 Way 202,0.0,0.0,No Injury,Sideswipe Same Direction,Daylight,Clear,Dry,65.0,Female,South,Making Left Turn,Failed To Keep In Proper Lane,No Apparent Influence,No Apparent Influence,26.0,Male,South,Making Left Turn,No Improper Action,No Apparent Influence,No Apparent Influence,33.38511,-111.93947,2019-01-22,00:23:00
32586,3479175,2019,Baseline Rd,Hardy Dr,150.0,Not Junction Related,0.0,0.0,No Injury,Rear End,Dark Lighted,Clear,Dry,21.0,Female,West,Going Straight Ahead,Speed To Fast For Conditions,No Apparent Influence,No Apparent Influence,28.0,Female,West,Going Straight Ahead,No Improper Action,No Apparent Influence,No Apparent Influence,33.37821,-111.95202,2019-01-22,01:50:00
32587,3482481,2019,48th St,Southern Ave,0.0,Intersection 201,1.0,0.0,Suspected Minor Injury,Left Turn,Dark Lighted,Clear,Dry,19.0,Male,East,Making Left Turn,Failed To Yield Right Of Way,No Apparent Influence,No Apparent Influence,50.0,Female,West,Going Straight Ahead,No Improper Action,No Apparent Influence,No Apparent Influence,33.39277,-111.97834,2019-01-22,01:59:00
32588,3502325,2019,Roosevelt St,Alameda Dr,0.0,Not Junction Related,0.0,0.0,No Injury,Angle - Other Than Left Turn 2,Dark Lighted,Clear,Dry,48.0,Female,Southwest,Making Left Turn,No Improper Action,No Apparent Influence,No Apparent Influence,59.0,Male,North,Going Straight Ahead,No Improper Action,No Apparent Influence,No Apparent Influence,33.40011,-111.94783,2019-01-22,09:21:00
32592,3479058,2019,Warner Rd,Harl Ave,75.0,Not Junction Related,1.0,0.0,Possible Injury,Rear End,Daylight,Clear,Dry,20.0,Male,East,Going Straight Ahead,Speed To Fast For Conditions,No Apparent Influence,No Apparent Influence,48.0,Female,East,Stopped In Trafficway,No Improper Action,No Apparent Influence,No Apparent Influence,33.3345,-111.96643,2019-01-22,14:35:00
32593,3484292,2019,Broadway Rd,55th St,-50.0,Not Junction Related,0.0,0.0,No Injury,Rear End,Daylight,Clear,Dry,22.0,Female,West,Going Straight Ahead,Followed Too Closely,No Apparent Influence,No Apparent Influence,62.0,Female,West,Stopped In Trafficway,No Improper Action,No Apparent Influence,No Apparent Influence,33.40761,-111.96598,2019-01-22,15:07:00
32594,3484842,2019,Elliot Rd,McClintock Dr,0.0,Intersection 4 Way 202,1.0,0.0,Suspected Minor Injury,Left Turn,Unknown 51,Unknown,Dry,68.0,Male,East,Making Left Turn,Failed To Yield Right Of Way,No Apparent Influence,No Apparent Influence,53.0,Male,West,Going Straight Ahead,No Improper Action,No Apparent Influence,No Apparent Influence,33.34913,-111.91119,2019-01-22,16:03:00
32597,3479007,2019,Scottsdale Rd,SR-202 Exit 7 L-Ramp,-30.0,Intersection Related 206,0.0,0.0,No Injury,Rear End,Daylight,Clear,Dry,20.0,Male,South,Changing Lanes,Followed Too Closely,No Apparent Influence,No Apparent Influence,40.0,Male,South,Stopped In Trafficway,No Improper Action,No Apparent Influence,No Apparent Influence,33.43658,-111.92626,2019-01-22,19:01:00
32599,3479079,2019,Mill Ave,Curry Rd,-146.0,Intersection Related 206,0.0,0.0,No Injury,Sideswipe Same Direction,Unknown 51,Unknown,Dry,39.0,Male,North,Making Left Turn,Speed To Fast For Conditions,No Apparent Influence,No Apparent Influence,53.0,Male,North,Stopped In Trafficway,No Improper Action,No Apparent Influence,No Apparent Influence,33.43724,-111.94315,2019-01-22,20:43:00
32600,3479192,2019,Elliot Rd,I-10 Exit 157 J-Ramp,120.0,Intersection Related 206,1.0,0.0,Possible Injury,Sideswipe Same Direction,Daylight,Clear,Dry,25.0,Male,West,Changing Lanes,Unsafe Lane Change,No Apparent Influence,No Apparent Influence,26.0,Female,West,Going Straight Ahead,No Improper Action,No Apparent Influence,No Apparent Influence,33.34909,-111.97054,2019-01-22,21:05:00
32602,3479097,2019,Priest Dr,11th St,-51.0,Intersection Related 206,0.0,0.0,No Injury,Sideswipe Same Direction,Unknown 51,Unknown,Dry,61.0,Male,South,Changing Lanes,Unsafe Lane Change,No Apparent Influence,No Apparent Influence,33.0,Female,South,Changing Lanes,Unsafe Lane Change,No Apparent Influence,No Apparent Influence,33.41713,-111.96085,2019-01-22,22:42:00
32603,3479099,2019,Baseline Rd,Wendler Dr,79.0,Intersection 201,0.0,0.0,No Injury,Rear End,Unknown 51,Unknown,Dry,62.0,Female,East,Going Straight Ahead,Followed Too Closely,No Apparent Influence,No Apparent Influence,35.0,Female,East,Slowing In Trafficway,No Improper Action,No Apparent Influence,No Apparent Influence,33.37826,-111.96953,2019-01-23,00:02:00
32605,3478966,2019,Broadway Rd,I-10 Exit 153 C1-Ramp,90.0,Intersection Related 206,0.0,0.0,No Injury,Rear End,Dark Lighted,Clear,Dry,21.0,Male,West,Going Straight Ahead,Speed To Fast For Conditions,No Apparent Influence,No Apparent Influence,66.0,Male,West,Stopped In Trafficway,No Improper Action,No Apparent Influence,No Apparent Influence,33.40912,-111.97176,2019-01-23,01:19:00
32606,3479173,2019,Mill Ave,Hermosa Dr,75.0,Not Junction Related,1.0,0.0,Possible Injury,Rear End,Dark Lighted,Clear,Dry,43.0,Male,South,Going Straight Ahead,Speed To Fast For Conditions,No Apparent Influence,No Apparent Influence,38.0,Male,South,Going Straight Ahead,No Improper Action,No Apparent Influence,No Apparent Influence,33.38841,-111.93953,2019-01-23,01:40:00
32607,3479081,2019,Rio Salado Pkwy,Price Rd,0.0,Intersection 4 Way 202,2.0,0.0,Possible Injury,Angle - Other Than Left Turn 2,Dark Lighted,Clear,Dry,48.0,Female,East,Going Straight Ahead,Disregarded Traffic Signal,No Apparent Influence,No Apparent Influence,23.0,Male,South,Going Straight Ahead,No Improper Action,No Apparent Influence,No Apparent Influence,33.42938,-111.89183,2019-01-23,01:43:00
32609,3478947,2019,Rural Rd,University Dr,83.0,Intersection Related 206,0.0,0.0,No Injury,Rear End,Dark Lighted,Clear,Dry,19.0,Female,South,Going Straight Ahead,Followed Too Closely,No Apparent Influence,No Apparent Influence,20.0,Female,South,Stopped In Trafficway,No Improper Action,No Apparent Influence,No Apparent Influence,33.42226,-111.92631,2019-01-23,02:51:00
32610,3485702,2019,Elliot Rd,I-10 Exit 157 A-Ramp,0.0,Intersection 4 Way 202,0.0,0.0,No Injury,Rear End,Dark Lighted,Unknown,Dry,30.0,Male,East,Making Right Turn,Unknown,No Apparent Influence,No Apparent Influence,49.0,Female,East,Making Right Turn,Unknown,No Apparent Influence,No Apparent Influence,33.34907,-111.97283,2019-01-23,03:11:00
32612,3484228,2019,Rural Rd,Broadway Rd,75.0,Not Junction Related,0.0,0.0,No Injury,Angle - Other Than Left Turn 2,Dark Lighted,Clear,Dry,27.0,Male,South,Changing Lanes,Unsafe Lane Change,No Apparent Influence,No Apparent Influence,23.0,Male,South,Stopped In Trafficway,No Improper Action,No Apparent Influence,No Apparent Influence,33.40771,-111.92628,2019-01-23,03:54:00
32619,3479015,2019,Washington St,56th St,125.0,Intersection Related 206,1.0,0.0,Possible Injury,Rear End,Daylight,Clear,Dry,51.0,Female,West,Going Straight Ahead,Followed Too Closely,No Apparent Influence,No Apparent Influence,53.0,Male,West,Stopped In Trafficway,No Improper Action,No Apparent Influence,No Apparent Influence,33.44527,-111.96064,2019-01-23,14:33:00
32620,3479188,2019,Rural Rd,Alameda Dr,127.0,Not Junction Related,1.0,0.0,Suspected Minor Injury,Rear End,Daylight,Clear,Dry,66.0,Female,North,Changing Lanes,Unsafe Lane Change,No Apparent Influence,No Apparent Influence,23.0,Male,North,Going Straight Ahead,No Improper Action,No Apparent Influence,No Apparent Influence,33.40058,-111.92631,2019-01-23,14:50:00
32621,3479002,2019,Broadway Rd,Jentilly Ln,0.0,Not Junction Related,0.0,0.0,No Injury,Left Turn,Daylight,Clear,Dry,19.0,Female,Northeast,Making Left Turn,Failed To Yield Right Of Way,No Apparent Influence,No Apparent Influence,21.0,Female,West,Going Straight Ahead,No Improper Action,No Apparent Influence,No Apparent Influence,33.4075,-111.92372,2019-01-23,15:13:00
32622,3479050,2019,Rio Salado Pkwy,Packard Dr,-0.25,Driveway Or Alley,2.0,0.0,Suspected Minor Injury,Left Turn,Daylight,Clear,Dry,36.0,Male,South,Making Left Turn,Failed To Yield Right Of Way,No Apparent Influence,No Apparent Influence,40.0,Male,West,Going Straight Ahead,No Improper Action,No Apparent Influence,No Apparent Influence,33.42941,-111.93348,2019-01-23,16:37:00
32623,3479056,2019,Mill Ave,13th St,40.0,Intersection Related 206,0.0,0.0,No Injury,Rear End,Daylight,Clear,Dry,22.0,Female,North,Going Straight Ahead,Followed Too Closely,No Apparent Influence,No Apparent Influence,20.0,Male,North,Stopped In Trafficway,No Improper Action,No Apparent Influence,No Apparent Influence,33.41486,-111.93987,2019-01-23,17:27:00
32625,3479014,2019,Priest Dr,Rio Salado Pkwy,-97.0,Intersection Related 206,0.0,0.0,No Injury,Rear End,Daylight,Clear,Dry,29.0,Male,North,Going Straight Ahead,Followed Too Closely,No Apparent Influence,No Apparent Influence,22.0,Female,North,Stopped In Trafficway,No Improper Action,No Apparent Influence,No Apparent Influence,33.42929,-111.96096,2019-01-23,21:18:00
32626,3479077,2019,Rural Rd,Rio Salado Pkwy,-182.0,Intersection Related 206,0.0,0.0,No Injury,Rear End,Unknown 51,Unknown,Dry,27.0,Female,North,Slowing In Trafficway,Followed Too Closely,No Apparent Influence,No Apparent Influence,20.0,Male,North,Slowing In Trafficway,No Improper Action,No Apparent Influence,No Apparent Influence,33.42835,-111.92629,2019-01-23,22:05:00
32628,3473329,2019,Rio Salado Pkwy,Price Rd,-145.0,Intersection Related 206,0.0,0.0,No Injury,Rear End,Daylight,Clear,Dry,20.0,Male,East,Going Straight Ahead,Speed To Fast For Conditions,No Apparent Influence,No Apparent Influence,60.0,Male,East,Stopped In Trafficway,No Improper Action,No Apparent Influence,No Apparent Influence,33.42937,-111.8923,2019-01-23,23:23:00
32631,3479085,2019,Rural Rd,US-60 Exit 174 J-Ramp,-80.0,Not Junction Related,0.0,0.0,No Injury,Sideswipe Same Direction,Dark Lighted,Clear,Dry,54.0,Male,South,Changing Lanes,Unsafe Lane Change,No Apparent Influence,No Apparent Influence,26.0,Male,South,Going Straight Ahead,No Improper Action,No Apparent Influence,No Apparent Influence,33.38596,-111.92647,2019-01-24,01:23:00
32632,3478835,2019,University Dr,Lola Ln,-50.0,Driveway Or Alley,0.0,0.0,No Injury,Left Turn,Dark Lighted,Unknown,Dry,28.0,Male,East,Making Left Turn,Failed To Yield Right Of Way,No Apparent Influence,No Apparent Influence,41.0,Male,West,Going Straight Ahead,Other,No Apparent Influence,No Apparent Influence,33.42207,-111.89414,2019-01-24,01:27:00
32633,3479195,2019,Broadway Rd,McClintock Dr,-15.0,Intersection 4 Way 202,0.0,0.0,No Injury,Rear End,Daylight,Clear,Dry,54.0,Male,West,Going Straight Ahead,Followed Too Closely,No Apparent Influence,No Apparent Influence,56.0,Female,West,Stopped In Trafficway,No Improper Action,No Apparent Influence,No Apparent Influence,33.4075,-111.90917,2019-01-24,14:06:00
32634,3473335,2019,5th St,Farmer Ave,0.0,Intersection 4 Way 202,1.0,0.0,Possible Injury,Angle - Other Than Left Turn 2,Daylight,Clear,Dry,44.0,Female,North,Going Straight Ahead,Failed To Yield Right Of Way,No Apparent Influence,No Apparent Influence,83.0,Male,West,Going Straight Ahead,No Improper Action,No Apparent Influence,No Apparent Influence,33.42547,-111.94429,2019-01-24,15:41:00
32636,3479102,2019,Rural Rd,6th St,165.0,Not Junction Related,0.0,0.0,No Injury,Rear End,Daylight,Clear,Dry,19.0,Female,North,Going Straight Ahead,Followed Too Closely,No Apparent Influence,No Apparent Influence,29.0,Male,North,Stopped In Trafficway,No Improper Action,No Apparent Influence,No Apparent Influence,33.42495,-111.9263,2019-01-24,19:13:00
32637,3482485,2019,Rio Salado Pkwy,Perry Ln,0.0,Intersection 4 Way 202,0.0,0.0,No Injury,Left Turn,Daylight,Clear,Dry,26.0,Female,East,Making Left Turn,Failed To Yield Right Of Way,No Apparent Influence,No Apparent Influence,31.0,Male,West,Going Straight Ahead,No Improper Action,No Apparent Influence,No Apparent Influence,33.42924,-111.90477,2019-01-24,20:30:00
32638,3484275,2019,College Ave,Continental Dr,-72.0,Not Junction Related,0.0,0.0,No Injury,Rear End,Daylight,Clear,Dry,24.0,Male,South,Going Straight Ahead,Speed To Fast For Conditions,No Apparent Influence,No Apparent Influence,51.0,Male,South,Stopped In Trafficway,No Improper Action,No Apparent Influence,No Apparent Influence,33.45817,-111.93503,2019-01-24,21:25:00