,Incident ID,Year,Street Name,Cross Street,Distance,Junction Relation,Total Injuries,Total Fatalities,Injury Severity,Collision Manner,Light Condition,Weather,Surface Condition,Age Driver 1,Gender Driver 1,Travel Direction One,Unit Action One,Violation1_Drv1,Alcohol Use Driver 1,Drug Use Driver 1,Age Driver 2,Gender Driver 2,Travel Direction Two,Unit Action Two,Violation 1 Driver 2,Alcohol Use Driver 2,Drug Use Driver 2,Latitude,Longitude,Date,Time
32640,3482450,2019,Southern Ave,Fair Ln,-120.0,Driveway Or Alley,0.0,0.0,No Injury,Angle - Other Than Left Turn 2,Daylight,Clear,Dry,34.0,Male,East,Making Left Turn,Failed To Yield Right Of Way,No Apparent Influence,No Apparent Influence,29.0,Female,West,Going Straight Ahead,No Improper Action,No Apparent Influence,No Apparent Influence,33.39278,-111.9764,2019-01-24,23:17:00
32643,3479045,2019,McClintock Dr,Don Carlos Ave,0.0,Intersection 4 Way 202,2.0,0.0,Suspected Minor Injury,Left Turn,Dark Lighted,Clear,Dry,37.0,Female,North,Making Left Turn,Failed To Yield Right Of Way,No Apparent Influence,No Apparent Influence,58.0,Female,South,Going Straight Ahead,No Improper Action,No Apparent Influence,No Apparent Influence,33.41748,-111.90911,2019-01-25,01:15:00
32645,3479067,2019,McClintock Dr,Lemon St,0.0,Intersection T Inter 203,0.0,0.0,No Injury,Angle - Other Than Left Turn 2,Dark Lighted,Clear,Dry,21.0,Male,West,Going Straight Ahead,Failed To Yield Right Of Way,No Apparent Influence,No Apparent Influence,22.0,Female,North,Going Straight Ahead,No Improper Action,No Apparent Influence,No Apparent Influence,33.41685,-111.90911,2019-01-25,01:59:00
32647,3482473,2019,Broadway Rd,Rural Rd,0.0,Intersection 4 Way 202,0.0,0.0,No Injury,Left Turn,Dark Lighted,Clear,Dry,18.0,Female,South,Making Left Turn,Failed To Yield Right Of Way,No Apparent Influence,No Apparent Influence,24.0,Male,East,Going Straight Ahead,No Improper Action,No Apparent Influence,No Apparent Influence,33.4075,-111.92628,2019-01-25,06:35:00
32648,3482409,2019,Southern Ave,Price Rd,-58.0,Not Junction Related,0.0,0.0,No Injury,Left Turn,Daylight,Clear,Dry,27.0,Female,North,Making Left Turn,Unknown,No Apparent Influence,No Apparent Influence,32.0,Male,North,Making Left Turn,Unknown,No Apparent Influence,No Apparent Influence,33.39295,-111.89064,2019-01-25,15:00:00
32651,3478951,2019,Apache Blvd,Rural Rd,106.0,Not Junction Related,0.0,0.0,No Injury,Sideswipe Same Direction,Unknown 51,Unknown,Dry,41.0,Male,South,Making Left Turn,Unsafe Lane Change,No Apparent Influence,No Apparent Influence,72.0,Male,South,Making Left Turn,No Improper Action,No Apparent Influence,No Apparent Influence,33.41476,-111.92595,2019-01-25,19:59:00
32652,3478893,2019,Southern Ave,Dorsey Ln,0.0,Intersection 4 Way 202,2.0,0.0,Suspected Minor Injury,Left Turn,Daylight,Clear,Dry,30.0,Male,East,Making Left Turn,Failed To Yield Right Of Way,No Apparent Influence,No Apparent Influence,50.0,Female,West,Going Straight Ahead,No Improper Action,No Apparent Influence,No Apparent Influence,33.39296,-111.91775,2019-01-25,21:55:00
32653,3482470,2019,Rural Rd,Warner Rd,50.0,Intersection Related 206,0.0,0.0,No Injury,Sideswipe Same Direction,Daylight,Clear,Dry,43.0,Male,South,Changing Lanes,Unsafe Lane Change,No Apparent Influence,No Apparent Influence,51.0,Female,South,Going Straight Ahead,No Improper Action,No Apparent Influence,No Apparent Influence,33.33479,-111.92842,2019-01-25,22:02:00
32654,3482647,2019,Elliot Rd,La Rosa Dr,155.0,Not Junction Related,1.0,0.0,Possible Injury,Rear End,Daylight,Clear,Dry,57.0,Male,East,Going Straight Ahead,Followed Too Closely,No Apparent Influence,No Apparent Influence,22.0,Female,East,Stopped In Trafficway,No Improper Action,No Apparent Influence,No Apparent Influence,33.34919,-111.9301,2019-01-25,22:16:00
32660,3479072,2019,Broadway Rd,52nd St,115.0,Intersection Related 206,0.0,0.0,No Injury,Sideswipe Same Direction,Dark Lighted,Clear,Dry,32.0,Female,West,Changing Lanes,Unsafe Lane Change,No Apparent Influence,No Apparent Influence,44.0,Female,West,Going Straight Ahead,No Improper Action,No Apparent Influence,No Apparent Influence,33.40916,-111.96922,2019-01-26,00:55:00
32662,3478952,2019,Warner Rd,Rural Rd,185.0,Not Junction Related,0.0,0.0,No Injury,Rear End,Dark Lighted,Clear,Dry,28.0,Female,East,Going Straight Ahead,Speed To Fast For Conditions,No Apparent Influence,No Apparent Influence,46.0,Male,East,Stopped In Trafficway,No Improper Action,No Apparent Influence,No Apparent Influence,33.33466,-111.92781,2019-01-26,01:46:00
32663,3478983,2019,Drake Dr,Harl Ave,0.0,Intersection 4 Way 202,0.0,0.0,No Injury,Angle - Other Than Left Turn 2,Dark Lighted,Clear,Dry,21.0,Male,West,Going Straight Ahead,Failed To Yield Right Of Way,No Apparent Influence,No Apparent Influence,46.0,Female,South,Going Straight Ahead,No Improper Action,No Apparent Influence,No Apparent Influence,33.3551,-111.9665,2019-01-26,02:00:00
32664,3502371,2019,Price Rd,Apache Blvd,50.0,Intersection Related 206,0.0,0.0,No Injury,Left Turn,Dark Lighted,Clear,Dry,59.0,Female,West,Going Straight Ahead,Unknown,No Apparent Influence,No Apparent Influence,21.0,Male,Northeast,Making Left Turn,No Improper Action,No Apparent Influence,No Apparent Influence,33.41488,-111.89073,2019-01-26,02:54:00
32667,3478926,2019,Rio Salado Pkwy,McClintock Dr,-49.0,Intersection Related 206,0.0,0.0,No Injury,Sideswipe Same Direction,Daylight,Clear,Dry,21.0,Male,East,Changing Lanes,Unsafe Lane Change,No Apparent Influence,No Apparent Influence,22.0,Female,East,Going Straight Ahead,No Improper Action,No Apparent Influence,No Apparent Influence,33.42924,-111.90923,2019-01-26,20:37:00
32668,3501123,2019,University Dr,Veterans Way,53.0,Intersection Related 206,0.0,0.0,No Injury,Rear End,Daylight,Clear,Dry,26.0,Male,West,Going Straight Ahead,Speed To Fast For Conditions,No Apparent Influence,No Apparent Influence,55.0,Female,West,Going Straight Ahead,No Improper Action,No Apparent Influence,No Apparent Influence,33.42202,-111.92877,2019-01-26,20:49:00
32670,3485011,2019,Curry Rd,Scottsdale Rd,-42.0,Intersection 4 Way 202,1.0,0.0,Suspected Minor Injury,Angle - Other Than Left Turn 2,Daylight,Clear,Dry,25.0,Male,South,Going Straight Ahead,Failed To Keep In Proper Lane,No Apparent Influence,No Apparent Influence,68.0,Male,Northwest,Making Left Turn,No Improper Action,No Apparent Influence,No Apparent Influence,33.44029,-111.92647,2019-01-26,22:50:00
32671,3482434,2019,Priest Dr,Grove Pkwy,0.0,Intersection T Inter 203,0.0,0.0,No Injury,Left Turn,Daylight,Clear,Dry,31.0,Male,Southeast,Making Left Turn,Failed To Yield Right Of Way,No Apparent Influence,No Apparent Influence,21.0,Male,West,Going Straight Ahead,No Improper Action,No Apparent Influence,No Apparent Influence,33.35148,-111.96246,2019-01-26,23:43:00
32673,3482410,2019,Elliot Rd,McClintock Dr,66.0,Intersection Related 206,0.0,0.0,No Injury,Rear End,Dark Lighted,Clear,Dry,27.0,Female,West,Going Straight Ahead,Speed To Fast For Conditions,No Apparent Influence,No Apparent Influence,40.0,Male,West,Stopped In Trafficway,No Improper Action,No Apparent Influence,No Apparent Influence,33.34913,-111.91097,2019-01-27,01:44:00
32674,3484240,2019,Baseline Rd,College Ave,-218.0,Not Junction Related,2.0,0.0,Suspected Serious Injury,Head On,Dark Lighted,Clear,Dry,82.0,Male,East,Going Straight Ahead,Drove Left Of Center Line,Alcohol,No Apparent Influence,34.0,Male,West,Going Straight Ahead,No Improper Action,No Apparent Influence,No Apparent Influence,33.37822,-111.93596,2019-01-27,02:50:00
32678,3484994,2019,Priest Dr,Elliot Rd,0.0,Intersection 4 Way 202,0.0,0.0,No Injury,Sideswipe Same Direction,Daylight,Clear,Dry,73.0,Male,West,Making Left Turn,Unknown,No Apparent Influence,No Apparent Influence,34.0,Male,West,Making Left Turn,Unknown,No Apparent Influence,No Apparent Influence,33.3491,-111.96313,2019-01-27,20:21:00
32679,3502374,2019,Priest Dr,Rio Salado Pkwy,0.0,Intersection 4 Way 202,1.0,0.0,Suspected Minor Injury,Sideswipe Same Direction,Daylight,Clear,Dry,26.0,Female,Southwest,Making Right Turn,Failed To Yield Right Of Way,No Apparent Influence,No Apparent Influence,47.0,Male,Northwest,Making Left Turn,No Improper Action,No Apparent Influence,No Apparent Influence,33.42956,-111.96097,2019-01-27,20:44:00
32680,3478935,2019,Broadway Rd,48th St,0.0,Intersection 4 Way 202,1.0,0.0,Possible Injury,Angle - Other Than Left Turn 2,Daylight,Clear,Dry,20.0,Male,East,Going Straight Ahead,Disregarded Traffic Signal,No Apparent Influence,No Apparent Influence,40.0,Male,South,Going Straight Ahead,No Improper Action,No Apparent Influence,No Apparent Influence,33.40733,-111.97829,2019-01-27,20:50:00
32684,3478900,2019,Broadway Rd,Terrace Rd,0.0,Intersection 201,0.0,0.0,No Injury,Unknown,Daylight,Clear,Dry,34.0,Male,Northeast,Making Left Turn,Failed To Yield Right Of Way,No Apparent Influence,No Apparent Influence,26.0,Male,West,Going Straight Ahead,No Improper Action,No Apparent Influence,No Apparent Influence,33.40751,-111.92261,2019-01-28,15:13:00
32686,3479108,2019,Hardy Dr,Baseline Rd,25.0,Not Junction Related,0.0,0.0,No Injury,Sideswipe Same Direction,Daylight,Clear,Dry,22.0,Male,North,Going Straight Ahead,Failed To Keep In Proper Lane,No Apparent Influence,No Apparent Influence,58.0,Male,North,Stopped In Trafficway,No Improper Action,No Apparent Influence,No Apparent Influence,33.37828,-111.95251,2019-01-28,15:19:00
32687,3484271,2019,Broadway Rd,Hardy Dr,-34.0,Intersection 4 Way 202,0.0,0.0,No Injury,Rear End,Daylight,Clear,Dry,21.0,Female,West,Going Straight Ahead,Followed Too Closely,No Apparent Influence,No Apparent Influence,32.0,Female,Northwest,Stopped In Trafficway,No Improper Action,No Apparent Influence,No Apparent Influence,33.40739,-111.95228,2019-01-28,15:21:00
32689,3484265,2019,McClintock Dr,E Tempe Marketplace,59.0,Intersection Related 206,0.0,0.0,No Injury,Rear End,Daylight,Clear,Dry,30.0,Male,North,Going Straight Ahead,Speed To Fast For Conditions,No Apparent Influence,No Apparent Influence,33.0,Male,North,Going Straight Ahead,No Improper Action,No Apparent Influence,No Apparent Influence,33.43225,-111.90929,2019-01-28,16:28:00
32690,3482540,2019,Dorsey Ln,Palmdale Dr,0.0,Intersection 201,0.0,0.0,No Injury,Angle - Other Than Left Turn 2,Daylight,Clear,Dry,21.0,Female,East,Making Left Turn,Failed To Yield Right Of Way,No Apparent Influence,No Apparent Influence,35.0,Male,South,Going Straight Ahead,No Improper Action,No Apparent Influence,No Apparent Influence,33.40639,-111.9177,2019-01-28,18:36:00
32691,3482491,2019,48th St,Broadway Rd,50.0,Intersection Related 206,0.0,0.0,No Injury,Head On,Daylight,Clear,Dry,31.0,Male,South,Other,Other,Alcohol,No Apparent Influence,52.0,Female,South,Going Straight Ahead,No Improper Action,No Apparent Influence,No Apparent Influence,33.40747,-111.97827,2019-01-28,19:26:00
32694,3478831,2019,Broadway Rd,Rural Rd,-121.0,Driveway Or Alley,0.0,0.0,No Injury,Unknown,Daylight,Clear,Dry,21.0,Female,Unknown,Unknown,Unknown,No Apparent Influence,No Apparent Influence,51.0,Female,East,Unknown,Unknown,No Apparent Influence,No Apparent Influence,33.40749,-111.92668,2019-01-28,21:58:00
32697,3482557,2019,Scottsdale Rd,Playa Del Norte Dr,30.0,Not Junction Related,0.0,0.0,No Injury,Rear End,Dark Lighted,Clear,Dry,37.0,Female,North,Going Straight Ahead,Speed To Fast For Conditions,No Apparent Influence,No Apparent Influence,21.0,Male,North,Stopped In Trafficway,No Improper Action,No Apparent Influence,No Apparent Influence,33.43412,-111.92626,2019-01-29,01:51:00
32699,3482429,2019,Priest Dr,SR-202 Exit 5 A-Ramp,0.0,Intersection 4 Way 202,1.0,0.0,Possible Injury,Left Turn,Daylight,Clear,Dry,28.0,Male,Northwest,Making Left Turn,Disregarded Traffic Signal,No Apparent Influence,No Apparent Influence,32.0,Female,South,Going Straight Ahead,No Improper Action,No Apparent Influence,No Apparent Influence,33.43715,-111.96094,2019-01-29,13:52:00
32701,3479094,2019,Rural Rd,University Dr,-110.0,Intersection Related 206,0.0,0.0,No Injury,Sideswipe Same Direction,Daylight,Clear,Dry,22.0,Female,South,Changing Lanes,Unsafe Lane Change,No Apparent Influence,No Apparent Influence,54.0,Male,South,Going Straight Ahead,No Improper Action,No Apparent Influence,No Apparent Influence,33.42173,-111.92631,2019-01-29,16:33:00
32702,3484834,2019,Apache Blvd,Normal Ave,-150.0,Intersection Related 206,0.0,0.0,No Injury,Sideswipe Same Direction,Daylight,Clear,Dry,22.0,Female,East,Changing Lanes,Unsafe Lane Change,No Apparent Influence,No Apparent Influence,20.0,Male,East,Going Straight Ahead,No Improper Action,No Apparent Influence,No Apparent Influence,33.4147,-111.93328,2019-01-29,17:40:00
32706,3484854,2019,Mill Ave,University Dr,120.0,Not Junction Related,0.0,0.0,No Injury,Rear End,Daylight,Clear,Dry,25.0,Male,North,Going Straight Ahead,Followed Too Closely,No Apparent Influence,No Apparent Influence,75.0,Female,North,Stopped In Trafficway,No Improper Action,No Apparent Influence,No Apparent Influence,33.42226,-111.94001,2019-01-29,21:01:00
32707,3482648,2019,Guadalupe Rd,Maple Ave,60.0,Not Junction Related,0.0,0.0,No Injury,Left Turn,Daylight,Clear,Dry,19.0,Male,East,Going Straight Ahead,Disregarded Traffic Signal,No Apparent Influence,No Apparent Influence,71.0,Male,South,Making Left Turn,No Improper Action,No Apparent Influence,No Apparent Influence,33.36371,-111.93828,2019-01-29,22:10:00
32708,3479075,2019,Kyrene Rd,Elliot Rd,-30.0,Not Junction Related,0.0,0.0,No Injury,Rear End,Daylight,Clear,Dry,43.0,Female,South,Making Right Turn,Unknown,No Apparent Influence,No Apparent Influence,21.0,Male,South,Going Straight Ahead,Unknown,No Apparent Influence,No Apparent Influence,33.34912,-111.94574,2019-01-29,22:26:00
32710,3479189,2019,Southern Ave,McClintock Dr,187.0,Intersection Related 206,0.0,0.0,No Injury,Angle - Other Than Left Turn 2,Daylight,Cloudy,Dry,51.0,Female,Northwest,Making Left Turn,Failed To Yield Right Of Way,No Apparent Influence,No Apparent Influence,51.0,Female,West,Changing Lanes,No Improper Action,No Apparent Influence,No Apparent Influence,33.39299,-111.90851,2019-01-29,23:09:00
32711,3478944,2019,Baseline Rd,I-10 Exit 155 J1-Ramp,151.0,Driveway Or Alley,0.0,0.0,No Injury,Sideswipe Same Direction,Daylight,Clear,Dry,21.0,Female,East,Changing Lanes,Unsafe Lane Change,No Apparent Influence,No Apparent Influence,33.0,Female,East,Going Straight Ahead,No Improper Action,No Apparent Influence,No Apparent Influence,33.37829,-111.96688,2019-01-29,23:32:00
32713,3478955,2019,Southern Ave,McClintock Dr,88.0,Intersection Related 206,0.0,0.0,No Injury,Other,Daylight,Clear,Dry,45.0,Male,East,Backing,Other,No Apparent Influence,No Apparent Influence,57.0,Male,West,Stopped In Trafficway,No Improper Action,No Apparent Influence,No Apparent Influence,33.39299,-111.90884,2019-01-30,00:35:00
32716,3473330,2019,Price Rd,Manhatton Dr,200.0,Not Junction Related,2.0,0.0,Suspected Minor Injury,Rear End,Daylight,Clear,Dry,48.0,Female,North,Going Straight Ahead,Followed Too Closely,No Apparent Influence,No Apparent Influence,49.0,Female,North,Stopped In Trafficway,No Improper Action,No Apparent Influence,No Apparent Influence,33.38905,-111.89035,2019-01-30,14:03:00
32721,3473331,2019,Elliot Rd,McClintock Dr,-175.0,Driveway Or Alley,0.0,0.0,No Injury,Angle - Other Than Left Turn 2,Daylight,Clear,Dry,18.0,Female,South,Making Right Turn,Failed To Yield Right Of Way,No Apparent Influence,No Apparent Influence,50.0,Male,West,Stopped In Trafficway,No Improper Action,No Apparent Influence,No Apparent Influence,33.34913,-111.91176,2019-01-30,21:31:00
32722,3479158,2019,Scottsdale Rd,Continental Dr,-151.0,Intersection Related 206,0.0,0.0,No Injury,Rear End,Daylight,Clear,Dry,83.0,Male,North,Going Straight Ahead,Followed Too Closely,No Apparent Influence,No Apparent Influence,35.0,Female,North,Stopped In Trafficway,No Improper Action,No Apparent Influence,No Apparent Influence,33.45808,-111.92636,2019-01-30,21:52:00
32723,3482640,2019,Broadway Rd,Country Club Way,0.0,Intersection 4 Way 202,0.0,0.0,No Injury,Left Turn,Daylight,Clear,Dry,46.0,Male,North,Making Left Turn,Failed To Yield Right Of Way,No Apparent Influence,No Apparent Influence,27.0,Female,East,Going Straight Ahead,No Improper Action,No Apparent Influence,No Apparent Influence,33.40749,-111.90052,2019-01-30,21:52:00
32724,3473313,2019,Southern Ave,Mill Ave,200.0,Not Junction Related,0.0,0.0,No Injury,Rear End,Daylight,Cloudy,Dry,22.0,Male,East,Going Straight Ahead,Speed To Fast For Conditions,No Apparent Influence,No Apparent Influence,29.0,Female,East,Stopped In Trafficway,No Improper Action,No Apparent Influence,No Apparent Influence,33.39287,-111.93895,2019-01-30,22:45:00
32725,3479155,2019,McClintock Dr,SR-202 Exit 8 A-Ramp,-70.0,Intersection Related 206,0.0,0.0,No Injury,Rear End,Daylight,Clear,Dry,35.0,Female,North,Going Straight Ahead,Followed Too Closely,No Apparent Influence,No Apparent Influence,30.0,Female,North,Stopped In Trafficway,No Improper Action,No Apparent Influence,No Apparent Influence,33.43626,-111.90961,2019-01-30,23:19:00
32726,3479237,2019,Broadway Rd,Sierra Vista Dr,135.0,Not Junction Related,0.0,0.0,No Injury,Rear End,Daylight,Cloudy,Dry,33.0,Female,East,Going Straight Ahead,Speed To Fast For Conditions,No Apparent Influence,No Apparent Influence,29.0,Female,East,Stopped In Trafficway,No Improper Action,No Apparent Influence,No Apparent Influence,33.40748,-111.93068,2019-01-31,00:18:00
32727,3484242,2019,Baseline Rd,Kyrene Rd,90.0,Not Junction Related,0.0,0.0,No Injury,Sideswipe Same Direction,Dark Lighted,Clear,Wet,24.0,Female,East,Changing Lanes,Unsafe Lane Change,No Apparent Influence,No Apparent Influence,71.0,Male,East,Going Straight Ahead,No Improper Action,No Apparent Influence,No Apparent Influence,33.37822,-111.94359,2019-01-31,00:53:00
32728,3484273,2019,Rural Rd,US-60 Exit 174 A-Ramp,-1.0,Not Junction Related,0.0,0.0,No Injury,Rear End,Dark Lighted,Clear,Dry,22.0,Male,South,Going Straight Ahead,Speed To Fast For Conditions,No Apparent Influence,No Apparent Influence,25.0,Female,South,Stopped In Trafficway,No Improper Action,No Apparent Influence,No Apparent Influence,33.38502,-111.92648,2019-01-31,01:17:00
32730,3484249,2019,McClintock Dr,E Tempe Marketplace,65.0,Intersection Related 206,0.0,0.0,No Injury,Rear End,Dark Lighted,Cloudy,Dry,43.0,Male,South,Going Straight Ahead,Unknown,No Apparent Influence,No Apparent Influence,46.0,Male,South,Going Straight Ahead,Unknown,No Apparent Influence,No Apparent Influence,33.43226,-111.9093,2019-01-31,01:43:00
32732,3484230,2019,McClintock Dr,Broadway Rd,160.0,Intersection Related 206,1.0,0.0,Suspected Minor Injury,Rear End,Dark Lighted,Cloudy,Dry,52.0,Male,South,Slowing In Trafficway,Followed Too Closely,No Apparent Influence,No Apparent Influence,20.0,Female,South,Stopped In Trafficway,No Improper Action,No Apparent Influence,No Apparent Influence,33.40794,-111.90912,2019-01-31,01:57:00
32737,3484851,2019,Kyrene Rd,Guadalupe Rd,75.0,Intersection Related 206,0.0,0.0,No Injury,Rear End,Daylight,Clear,Dry,33.0,Male,North,Going Straight Ahead,Followed Too Closely,No Apparent Influence,No Apparent Influence,57.0,Female,North,Stopped In Trafficway,No Improper Action,No Apparent Influence,No Apparent Influence,33.36387,-111.9459,2019-01-31,18:12:00
32738,3482639,2019,Baseline Rd,I-10 Exit 155 C2-Ramp,15.0,Intersection Related 206,0.0,0.0,No Injury,Other,Daylight,Clear,Dry,58.0,Male,North,Making Right Turn,Made Improper Turn,No Apparent Influence,No Apparent Influence,58.0,Male,North,Making Right Turn,No Improper Action,No Apparent Influence,No Apparent Influence,33.3783,-111.96733,2019-01-31,20:22:00
32739,3479179,2019,Dorsey Ln,8th St,0.0,Intersection 4 Way 202,0.0,0.0,No Injury,Left Turn,Daylight,Clear,Dry,33.0,Male,South,Making Left Turn,Made Improper Turn,No Apparent Influence,No Apparent Influence,77.0,Male,North,Stopped In Trafficway,No Improper Action,No Apparent Influence,No Apparent Influence,33.41942,-111.91771,2019-01-31,20:49:00
32741,3502373,2019,Broadway Rd,Roosevelt St,100.0,Not Junction Related,0.0,0.0,No Injury,Sideswipe Same Direction,Daylight,Clear,Dry,71.0,Male,East,Going Straight Ahead,No Improper Action,No Apparent Influence,No Apparent Influence,47.0,Female,East,Stopped In Trafficway,No Improper Action,No Apparent Influence,No Apparent Influence,33.40738,-111.94753,2019-01-31,21:17:00
32746,3479228,2019,Rural Rd,Alameda Dr,-100.0,Not Junction Related,1.0,0.0,Possible Injury,Rear End,Daylight,Clear,Dry,22.0,Female,South,Going Straight Ahead,Speed To Fast For Conditions,No Apparent Influence,No Apparent Influence,23.0,Male,South,Stopped In Trafficway,No Improper Action,No Apparent Influence,No Apparent Influence,33.39995,-111.92631,2019-02-01,00:31:00
32748,3479199,2019,Mill Ave,Broadmor Dr,121.0,Intersection Related 206,0.0,0.0,No Injury,Rear End,Daylight,Clear,Dry,20.0,Female,South,Going Straight Ahead,Followed Too Closely,No Apparent Influence,No Apparent Influence,24.0,Female,South,Slowing In Trafficway,No Improper Action,No Apparent Influence,No Apparent Influence,33.40292,-111.93975,2019-02-01,01:01:00
32749,3479208,2019,Priest Dr,Warner Rd,0.0,Intersection 4 Way 202,0.0,0.0,No Injury,Left Turn,Dark Lighted,Clear,Dry,16.0,Male,West,Making Left Turn,Failed To Keep In Proper Lane,No Apparent Influence,No Apparent Influence,54.0,Female,East,Going Straight Ahead,No Improper Action,No Apparent Influence,No Apparent Influence,33.33453,-111.96312,2019-02-01,01:08:00
32750,3482668,2019,McClintock Dr,Citation Ln,80.0,Intersection Related 206,0.0,0.0,No Injury,Rear End,Dark Lighted,Clear,Dry,34.0,Male,South,Slowing In Trafficway,Unknown,No Apparent Influence,No Apparent Influence,57.0,Male,South,Going Straight Ahead,No Improper Action,No Apparent Influence,No Apparent Influence,33.343,-111.91118,2019-02-01,01:13:00
32751,3485703,2019,Southern Ave,Hardy Dr,0.0,Intersection 4 Way 202,0.0,0.0,No Injury,Head On,Dark Lighted,Cloudy,Dry,19.0,Female,East,Making Left Turn,Made Improper Turn,No Apparent Influence,No Apparent Influence,23.0,Male,West,Going Straight Ahead,No Improper Action,No Apparent Influence,No Apparent Influence,33.39286,-111.95198,2019-02-01,01:32:00
32752,3485064,2019,Rural Rd,6th St,0.0,Intersection 4 Way 202,0.0,0.0,No Injury,Left Turn,Dark Lighted,Clear,Dry,18.0,Female,North,Going Straight Ahead,Speed To Fast For Conditions,No Apparent Influence,No Apparent Influence,22.0,Male,South,Making Left Turn,No Improper Action,No Apparent Influence,No Apparent Influence,33.4245,-111.9263,2019-02-01,01:52:00
32755,3482665,2019,Broadway Rd,Rural Rd,-120.0,Intersection Related 206,0.0,0.0,No Injury,Sideswipe Same Direction,Dark Lighted,Cloudy,Dry,28.0,Male,East,Changing Lanes,Unsafe Lane Change,No Apparent Influence,No Apparent Influence,19.0,Female,East,Slowing In Trafficway,No Improper Action,No Apparent Influence,No Apparent Influence,33.40749,-111.92668,2019-02-01,04:01:00
32756,3482667,2019,Scottsdale Rd,Playa Del Norte Dr,160.0,Railway Grade Crossing,0.0,0.0,No Injury,Rear End,Dark Lighted,Rain,Dry,44.0,Female,North,Slowing In Trafficway,Followed Too Closely,No Apparent Influence,No Apparent Influence,24.0,Female,North,Stopped In Trafficway,No Improper Action,No Apparent Influence,No Apparent Influence,33.43447,-111.92626,2019-02-01,05:10:00
32757,3482641,2019,Priest Dr,US-60 Exit 172 G-Ramp,-125.0,Not Junction Related,0.0,0.0,No Injury,Rear End,Daylight,Clear,Dry,50.0,Male,North,Going Straight Ahead,Followed Too Closely,No Apparent Influence,No Apparent Influence,23.0,Female,North,Stopped In Trafficway,No Improper Action,No Apparent Influence,No Apparent Influence,33.38642,-111.96093,2019-02-01,14:32:00
32759,3482513,2019,Price Rd,University Dr,-150.0,Intersection Related 206,0.0,0.0,No Injury,Sideswipe Same Direction,Daylight,Clear,Dry,34.0,Male,North,Changing Lanes,Unsafe Lane Change,No Apparent Influence,No Apparent Influence,42.0,Male,North,Going Straight Ahead,No Improper Action,No Apparent Influence,No Apparent Influence,33.42161,-111.89033,2019-02-01,17:55:00
32761,3473342,2019,Rural Rd,Minton Dr,141.0,Driveway Or Alley,0.0,0.0,No Injury,Rear End,Daylight,Clear,Dry,22.0,Female,North,Going Straight Ahead,Followed Too Closely,No Apparent Influence,No Apparent Influence,67.0,Male,North,Stopped In Trafficway,No Improper Action,No Apparent Influence,No Apparent Influence,33.38024,-111.92824,2019-02-01,19:26:00
32765,3484238,2019,Baseline Rd,48th St,200.0,Not Junction Related,0.0,0.0,No Injury,Rear End,Daylight,Clear,Dry,50.0,Male,East,Going Straight Ahead,Followed Too Closely,No Apparent Influence,No Apparent Influence,55.0,Female,East,Going Straight Ahead,No Improper Action,No Apparent Influence,No Apparent Influence,33.37819,-111.97776,2019-02-01,23:10:00
32766,3479243,2019,Broadway Rd,Industrial Park Ave,-106.0,Intersection Related 206,2.0,0.0,Suspected Minor Injury,Rear End,Daylight,Clear,Dry,20.0,Male,East,Going Straight Ahead,Followed Too Closely,No Apparent Influence,No Apparent Influence,44.0,Male,East,Going Straight Ahead,No Improper Action,No Apparent Influence,No Apparent Influence,33.40741,-111.95562,2019-02-01,23:22:00
32768,3484285,2019,Harvard Dr,Kyrene Rd,-15.0,Intersection T Inter 203,2.0,0.0,Suspected Minor Injury,Angle - Other Than Left Turn 2,Daylight,Clear,Dry,23.0,Male,South,Unknown,Aggressive Driving,No Apparent Influence,Drugs,62.0,Male,East,Other,No Improper Action,No Apparent Influence,No Apparent Influence,33.37486,-111.94602,2019-02-01,23:59:00
32769,3482458,2019,Broadway Rd,Price Rd,140.0,Intersection Related 206,0.0,0.0,No Injury,Rear End,Dusk,Clear,Dry,38.0,Female,West,Going Straight Ahead,Followed Too Closely,No Apparent Influence,No Apparent Influence,46.0,Male,West,Stopped In Trafficway,No Improper Action,No Apparent Influence,No Apparent Influence,33.40748,-111.89155,2019-02-02,01:03:00
32771,3485056,2019,Priest Dr,SR-202 Exit 5 J-Ramp,-20.0,Intersection Related 206,0.0,0.0,No Injury,Angle - Other Than Left Turn 2,Dark Lighted,Clear,Dry,21.0,Male,North,Going Straight Ahead,Unsafe Lane Change,No Apparent Influence,No Apparent Influence,43.0,Male,North,Going Straight Ahead,No Improper Action,No Apparent Influence,No Apparent Influence,33.43845,-111.96085,2019-02-02,01:43:00
32772,3472466,2019,Priest Dr,SR-202 Exit 5 J-Ramp,0.0,Intersection 201,0.0,0.0,No Injury,Angle - Other Than Left Turn 2,Dark Lighted,Clear,Dry,21.0,Male,Northwest,Making Left Turn,Unsafe Lane Change,No Apparent Influence,No Apparent Influence,43.0,Female,Northwest,Making Left Turn,Unknown,No Apparent Influence,No Apparent Influence,33.4385,-111.96084,2019-02-02,02:00:00
32775,3482489,2019,Baseline Rd,La Rosa Dr,-75.0,Intersection Related 206,0.0,0.0,No Injury,Head On,Unknown 51,Clear,Dry,19.0,Female,West,Other,Unknown,No Apparent Influence,No Apparent Influence,47.0,Male,East,Going Straight Ahead,No Improper Action,No Apparent Influence,No Apparent Influence,33.37824,-111.93146,2019-02-02,14:43:00
32776,3484278,2019,Elliot Rd,Kyrene Rd,-50.0,Intersection Related 206,0.0,0.0,No Injury,Rear End,Daylight,Cloudy,Dry,33.0,Male,East,Going Straight Ahead,Speed To Fast For Conditions,No Apparent Influence,No Apparent Influence,50.0,Male,East,Going Straight Ahead,No Improper Action,No Apparent Influence,No Apparent Influence,33.3492,-111.9459,2019-02-02,17:11:00