,Incident ID,Year,Street Name,Cross Street,Distance,Junction Relation,Total Injuries,Total Fatalities,Injury Severity,Collision Manner,Light Condition,Weather,Surface Condition,Age Driver 1,Gender Driver 1,Travel Direction One,Unit Action One,Violation1_Drv1,Alcohol Use Driver 1,Drug Use Driver 1,Age Driver 2,Gender Driver 2,Travel Direction Two,Unit Action Two,Violation 1 Driver 2,Alcohol Use Driver 2,Drug Use Driver 2,Latitude,Longitude,Date,Time
32778,3484850,2019,Rural Rd,Southern Ave,50.0,Driveway Or Alley,0.0,0.0,No Injury,Left Turn,Daylight,Cloudy,Dry,21.0,Male,East,Making Left Turn,Failed To Yield Right Of Way,No Apparent Influence,No Apparent Influence,29.0,Female,South,Slowing In Trafficway,No Improper Action,No Apparent Influence,No Apparent Influence,33.3931,-111.92633,2019-02-02,20:02:00
32786,3501391,2019,48th St,Southern Ave,-50.0,Intersection Related Non Interchange,1.0,0.0,Possible Injury,Rear End,Dark Lighted,Rain,Wet,21.0,Male,North,Going Straight Ahead,Exceeded Lawful Speed,No Apparent Influence,No Apparent Influence,36.0,Female,North,Going Straight Ahead,No Improper Action,No Apparent Influence,No Apparent Influence,33.39263,-111.97834,2019-02-03,10:13:00
32787,3482656,2019,Rio Salado Pkwy,Perry Ln,0.0,Intersection 4 Way 202,2.0,0.0,Suspected Minor Injury,Angle - Other Than Left Turn 2,Daylight,Rain,Wet,30.0,Female,East,Going Straight Ahead,Disregarded Traffic Signal,No Apparent Influence,No Apparent Influence,49.0,Male,South,Going Straight Ahead,No Improper Action,No Apparent Influence,No Apparent Influence,33.42924,-111.90477,2019-02-03,18:31:00
32790,3505317,2019,Elliot Rd,Priest Dr,0.25,Not Junction Related,0.0,0.0,No Injury,Rear End,Daylight,Rain,Wet,39.0,Male,East,Going Straight Ahead,Speed To Fast For Conditions,No Apparent Influence,No Apparent Influence,73.0,Male,East,Slowing In Trafficway,No Improper Action,No Apparent Influence,No Apparent Influence,33.34913,-111.95881,2019-02-03,22:50:00
32793,3502319,2019,Broadway Rd,Price Rd,0.0,Not Junction Related,0.0,0.0,No Injury,Angle - Other Than Left Turn 2,Unknown 51,Unknown,Dry,54.0,Male,Northwest,Making Left Turn,Failed To Keep In Proper Lane,No Apparent Influence,No Apparent Influence,48.0,Male,Northwest,Making Left Turn,No Improper Action,No Apparent Influence,No Apparent Influence,33.40748,-111.89033,2019-02-04,11:25:00
32795,3485705,2019,Priest Dr,Alameda Dr,25.0,Intersection Related 206,0.0,0.0,No Injury,Rear End,Daylight,Cloudy,Dry,20.0,Female,South,Going Straight Ahead,Speed To Fast For Conditions,No Apparent Influence,No Apparent Influence,25.0,Female,South,Stopped In Trafficway,No Improper Action,No Apparent Influence,No Apparent Influence,33.40021,-111.96077,2019-02-04,14:48:00
32796,3485654,2019,Broadway Rd,48th St,100.0,Intersection Related 206,0.0,0.0,No Injury,Sideswipe Same Direction,Daylight,Clear,Dry,49.0,Male,West,Going Straight Ahead,Unknown,No Apparent Influence,No Apparent Influence,20.0,Male,West,Going Straight Ahead,Unknown,No Apparent Influence,No Apparent Influence,33.40733,-111.97796,2019-02-04,20:10:00
32799,3482652,2019,Mill Ave,Hermosa Dr,-75.0,Intersection Related 206,0.0,0.0,No Injury,Rear End,Daylight,Cloudy,Dry,32.0,Male,North,Going Straight Ahead,Followed Too Closely,No Apparent Influence,No Apparent Influence,36.0,Female,North,Stopped In Trafficway,No Improper Action,No Apparent Influence,No Apparent Influence,33.388,-111.93952,2019-02-04,21:12:00
32800,3485076,2019,University Dr,Rural Rd,-90.0,Intersection Related 206,0.0,0.0,No Injury,Rear End,Daylight,Cloudy,Dry,22.0,Male,East,Going Straight Ahead,Speed To Fast For Conditions,No Apparent Influence,No Apparent Influence,22.0,Male,East,Stopped In Trafficway,No Improper Action,No Apparent Influence,No Apparent Influence,33.42203,-111.92661,2019-02-04,21:44:00
32801,3482649,2019,Kyrene Rd,Baseline Rd,-10.0,Intersection Related 206,0.0,0.0,No Injury,Sideswipe Same Direction,Dark Lighted,Clear,Dry,21.0,Male,North,Making Right Turn,Made Improper Turn,No Apparent Influence,No Apparent Influence,36.0,Male,North,Making Right Turn,No Improper Action,No Apparent Influence,No Apparent Influence,33.37817,-111.94599,2019-02-05,01:31:00
32802,3482632,2019,Broadway Rd,Roosevelt St,130.0,Driveway Or Alley,0.0,0.0,No Injury,Left Turn,Dark Lighted,Clear,Dry,27.0,Female,South,Making Left Turn,Failed To Yield Right Of Way,No Apparent Influence,No Apparent Influence,64.0,Female,East,Going Straight Ahead,No Improper Action,No Apparent Influence,No Apparent Influence,33.40738,-111.94743,2019-02-05,02:24:00
32803,3484997,2019,Priest Dr,Rio Salado Pkwy,66.0,Intersection Related 206,0.0,0.0,No Injury,Angle - Other Than Left Turn 2,Dark Lighted,Clear,Dry,22.0,Female,West,Making Right Turn,Failed To Yield Right Of Way,No Apparent Influence,No Apparent Influence,55.0,Male,North,Slowing In Trafficway,No Improper Action,No Apparent Influence,No Apparent Influence,33.42974,-111.96097,2019-02-05,13:35:00
32805,3482666,2019,Southern Ave,Potter Dr,0.0,Intersection 4 Way 202,1.0,0.0,Suspected Minor Injury,Left Turn,Unknown 51,Unknown,Dry,32.0,Male,West,Making Left Turn,Failed To Yield Right Of Way,No Apparent Influence,No Apparent Influence,27.0,Female,East,Going Straight Ahead,No Improper Action,No Apparent Influence,No Apparent Influence,33.3928,-111.97233,2019-02-05,17:22:00
32806,3482644,2019,Apache Blvd,Rural Rd,0.0,Intersection 4 Way 202,0.0,0.0,No Injury,Left Turn,Daylight,Clear,Dry,21.0,Male,West,Making Left Turn,Failed To Yield Right Of Way,No Apparent Influence,No Apparent Influence,43.0,Male,East,Going Straight Ahead,No Improper Action,No Apparent Influence,No Apparent Influence,33.41476,-111.92629,2019-02-05,18:32:00
32809,3485721,2019,Rural Rd,Lemon St,-191.0,Not Junction Related,0.0,0.0,No Injury,Sideswipe Same Direction,Daylight,Cloudy,Dry,26.0,Female,South,Changing Lanes,Unsafe Lane Change,No Apparent Influence,No Apparent Influence,20.0,Female,South,Going Straight Ahead,No Improper Action,No Apparent Influence,No Apparent Influence,33.41631,-111.9263,2019-02-05,20:27:00
32810,3482661,2019,Warner Rd,I-10 Exit 158 C-Ramp,-200.0,Not Junction Related,0.0,0.0,No Injury,Sideswipe Same Direction,Daylight,Clear,Dry,69.0,Female,East,Changing Lanes,Unsafe Lane Change,No Apparent Influence,No Apparent Influence,45.0,Male,East,Going Straight Ahead,No Improper Action,No Apparent Influence,No Apparent Influence,33.33436,-111.97216,2019-02-05,21:48:00
32811,3482660,2019,University Dr,S Athletes Pl,-110.0,Intersection Related 206,0.0,0.0,No Injury,Sideswipe Same Direction,Daylight,Cloudy,Dry,22.0,Female,East,Changing Lanes,Unsafe Lane Change,No Apparent Influence,No Apparent Influence,68.0,Male,East,Going Straight Ahead,No Improper Action,No Apparent Influence,No Apparent Influence,33.42202,-111.92326,2019-02-05,21:49:00
32812,3482636,2019,5th St,Myrtle Ave,200.0,Not Junction Related,0.0,0.0,No Injury,Sideswipe Same Direction,Daylight,Clear,Dry,30.0,Male,West,Overtaking Passing,Passed In No Passing Zone,No Apparent Influence,No Apparent Influence,70.0,Male,West,Making Left Turn,No Improper Action,No Apparent Influence,No Apparent Influence,33.42551,-111.93753,2019-02-05,22:08:00
32816,3482654,2019,Southern Ave,48th St,107.0,Intersection Related 206,2.0,0.0,Suspected Minor Injury,Rear End,Daylight,Cloudy,Dry,38.0,Female,West,Going Straight Ahead,Followed Too Closely,No Apparent Influence,No Apparent Influence,21.0,Male,West,Stopped In Trafficway,No Improper Action,No Apparent Influence,No Apparent Influence,33.39277,-111.97799,2019-02-06,00:29:00
32820,3485725,2019,Elliot Rd,Kyrene Rd,104.0,Intersection Related 206,0.0,0.0,No Injury,Rear End,Unknown 51,Unknown,Dry,40.0,Male,West,Going Straight Ahead,Followed Too Closely,No Apparent Influence,No Apparent Influence,51.0,Female,West,Stopped In Trafficway,No Improper Action,No Apparent Influence,No Apparent Influence,33.3492,-111.94539,2019-02-06,01:37:00
32821,3485061,2019,Warner Rd,Harl Ave,-200.0,Not Junction Related,1.0,0.0,Possible Injury,Rear End,Dark Lighted,Unknown,Dry,83.0,Female,East,Going Straight Ahead,Unknown,No Apparent Influence,No Apparent Influence,49.0,Male,East,Going Straight Ahead,Unknown,No Apparent Influence,No Apparent Influence,33.33451,-111.96733,2019-02-06,02:15:00
32822,3482615,2019,Price Rd,Guadalupe Rd,0.0,Intersection 4 Way 202,1.0,0.0,Suspected Minor Injury,Left Turn,Dark Lighted,Clear,Dry,21.0,Female,Northwest,Making Left Turn,Disregarded Traffic Signal,No Apparent Influence,No Apparent Influence,57.0,Male,South,Going Straight Ahead,No Improper Action,No Apparent Influence,No Apparent Influence,33.36389,-111.89467,2019-02-06,04:41:00
32823,3485058,2019,Mill Ave,University Dr,-25.0,Intersection Related 206,0.0,0.0,No Injury,Rear End,Dark Lighted,Rain,Wet,66.0,Male,North,Going Straight Ahead,Speed To Fast For Conditions,No Apparent Influence,No Apparent Influence,51.0,Male,North,Stopped In Trafficway,No Improper Action,No Apparent Influence,No Apparent Influence,33.42187,-111.94001,2019-02-06,06:30:00
32824,3482618,2019,Broadway Rd,Beck Ave,165.0,Driveway Or Alley,0.0,0.0,No Injury,Left Turn,Daylight,Clear,Dry,18.0,Female,South,Making Left Turn,Failed To Yield Right Of Way,No Apparent Influence,No Apparent Influence,49.0,Female,West,Going Straight Ahead,No Improper Action,No Apparent Influence,No Apparent Influence,33.40741,-111.95473,2019-02-06,15:01:00
32825,3479354,2019,Rio Salado Pkwy,S Packard Dr,130.0,Not Junction Related,0.0,0.0,No Injury,Rear End,Daylight,Clear,Dry,39.0,Male,West,Going Straight Ahead,Speed To Fast For Conditions,No Apparent Influence,No Apparent Influence,28.0,Male,West,Stopped In Trafficway,No Improper Action,No Apparent Influence,No Apparent Influence,33.42876,-111.92887,2019-02-06,16:08:00
32826,3482521,2019,Hardy Dr,Baseline Rd,126.0,Intersection Related 206,0.0,0.0,No Injury,Rear End,Unknown 51,Unknown,Dry,18.0,Male,South,Slowing In Trafficway,Followed Too Closely,No Apparent Influence,No Apparent Influence,46.0,Male,South,Stopped In Trafficway,No Improper Action,No Apparent Influence,No Apparent Influence,33.37856,-111.95251,2019-02-06,18:42:00
32828,3485667,2019,Baseline Rd,I-10 Exit 155 G-Ramp,-65.0,Intersection Related 206,1.0,0.0,Suspected Minor Injury,Rear End,Daylight,Clear,Dry,41.0,Male,East,Going Straight Ahead,Speed To Fast For Conditions,No Apparent Influence,No Apparent Influence,48.0,Male,East,Stopped In Trafficway,No Improper Action,No Apparent Influence,No Apparent Influence,33.37827,-111.96885,2019-02-06,21:01:00
32829,3482520,2019,Broadway Rd,McClintock Dr,159.0,Driveway Or Alley,0.0,0.0,No Injury,Rear End,Unknown 51,Unknown,Dry,20.0,Male,South,Making U Turn,Failed To Yield Right Of Way,No Apparent Influence,No Apparent Influence,64.0,Male,West,Stopped In Trafficway,No Improper Action,No Apparent Influence,No Apparent Influence,33.4075,-111.9086,2019-02-06,21:04:00
32830,3485562,2019,Rio Salado Pkwy,Scottsdale Rd,-80.0,Not Junction Related,0.0,0.0,No Injury,Rear End,Daylight,Clear,Dry,19.0,Female,South,Making Right Turn,Failed To Keep In Proper Lane,No Apparent Influence,No Apparent Influence,18.0,Female,West,Going Straight Ahead,No Improper Action,No Apparent Influence,No Apparent Influence,33.42886,-111.92655,2019-02-06,21:36:00
32831,3482633,2019,Mill Ave,Hermosa Dr,70.0,Intersection Related 206,0.0,0.0,No Injury,Rear End,Daylight,Clear,Dry,34.0,Female,South,Going Straight Ahead,Followed Too Closely,No Apparent Influence,No Apparent Influence,29.0,Male,South,Stopped In Trafficway,No Improper Action,No Apparent Influence,No Apparent Influence,33.3884,-111.93953,2019-02-06,21:41:00
32832,3482523,2019,Broadway Rd,Rural Rd,-93.0,Intersection Related 206,1.0,0.0,Suspected Minor Injury,Rear End,Unknown 51,Unknown,Dry,35.0,Male,East,Slowing In Trafficway,Followed Too Closely,No Apparent Influence,No Apparent Influence,46.0,Female,East,Slowing In Trafficway,No Improper Action,No Apparent Influence,No Apparent Influence,33.40749,-111.92659,2019-02-06,21:51:00
32836,3482611,2019,Rural Rd,Apache Blvd,-147.0,Intersection Related 206,0.0,0.0,No Injury,Sideswipe Same Direction,Daylight,Clear,Dry,21.0,Female,North,Changing Lanes,Unsafe Lane Change,No Apparent Influence,No Apparent Influence,29.0,Female,North,Going Straight Ahead,No Improper Action,No Apparent Influence,No Apparent Influence,33.41436,-111.92629,2019-02-06,23:56:00
32837,3479351,2019,Mill Ave,Geneva Dr,155.0,Not Junction Related,0.0,0.0,No Injury,Rear End,Daylight,Clear,Dry,26.0,Male,South,Going Straight Ahead,Speed To Fast For Conditions,No Apparent Influence,No Apparent Influence,29.0,Female,South,Stopped In Trafficway,No Improper Action,No Apparent Influence,No Apparent Influence,33.39594,-111.93964,2019-02-07,00:06:00
32838,3479355,2019,McClintock Dr,12th St,0.0,Intersection T Inter 203,0.0,0.0,No Injury,Left Turn,Dusk,Clear,Dry,42.0,Male,North,Making Left Turn,Failed To Keep In Proper Lane,No Apparent Influence,No Apparent Influence,20.0,Female,South,Going Straight Ahead,No Improper Action,No Apparent Influence,No Apparent Influence,33.41615,-111.90912,2019-02-07,01:03:00
32839,3482428,2019,Rural Rd,Southern Ave,50.0,Intersection Related 206,0.0,0.0,No Injury,Rear End,Dark Lighted,Clear,Dry,28.0,Male,South,Going Straight Ahead,Speed To Fast For Conditions,No Apparent Influence,No Apparent Influence,24.0,Female,South,Stopped In Trafficway,No Improper Action,No Apparent Influence,No Apparent Influence,33.3931,-111.92633,2019-02-07,02:33:00
32840,3482501,2019,Price Rd,Rio Salado Pkwy,-15.0,Intersection Related 206,0.0,0.0,No Injury,Rear End,Dark Lighted,Clear,Dry,45.0,Male,North,Going Straight Ahead,Followed Too Closely,No Apparent Influence,No Apparent Influence,28.0,Female,North,Stopped In Trafficway,No Improper Action,No Apparent Influence,No Apparent Influence,33.42927,-111.89026,2019-02-07,02:37:00
32841,3485717,2019,Rural Rd,Lemon St,0.0,Intersection 4 Way 202,0.0,0.0,No Injury,Left Turn,Unknown 51,Unknown,Dry,22.0,Male,South,Making Left Turn,Made Improper Turn,No Apparent Influence,No Apparent Influence,20.0,Male,North,Going Straight Ahead,No Improper Action,No Apparent Influence,No Apparent Influence,33.41684,-111.9263,2019-02-07,07:20:00
32842,3506226,2019,Warner Rd,Priest Dr,-85.0,Not Junction Related,0.0,0.0,No Injury,Rear End,Dark Lighted,Clear,Dry,25.0,Male,West,Going Straight Ahead,Speed To Fast For Conditions,No Apparent Influence,No Apparent Influence,36.0,Male,West,Stopped In Trafficway,No Improper Action,No Apparent Influence,No Apparent Influence,33.33452,-111.9634,2019-02-07,07:59:00
32844,3482554,2019,Baseline Rd,Terry Ln,100.0,Driveway Or Alley,1.0,0.0,Possible Injury,Left Turn,Daylight,Clear,Dry,21.0,Male,West,Making Left Turn,Failed To Yield Right Of Way,No Apparent Influence,No Apparent Influence,24.0,Female,East,Going Straight Ahead,No Improper Action,No Apparent Influence,No Apparent Influence,33.37822,-111.95507,2019-02-07,14:48:00
32846,3485660,2019,McClintock Dr,Guadalupe Rd,142.0,Not Junction Related,0.0,0.0,No Injury,Rear End,Daylight,Clear,Dry,45.0,Female,South,Going Straight Ahead,Followed Too Closely,No Apparent Influence,No Apparent Influence,56.0,Female,South,Stopped In Trafficway,No Improper Action,No Apparent Influence,No Apparent Influence,33.36415,-111.91126,2019-02-07,14:51:00
32847,3482519,2019,Southern Ave,Hardy Dr,-133.0,Driveway Or Alley,2.0,0.0,Possible Injury,Rear End,Daylight,Clear,Dry,34.0,Male,West,Going Straight Ahead,Followed Too Closely,No Apparent Influence,No Apparent Influence,53.0,Female,West,Making Right Turn,No Improper Action,No Apparent Influence,No Apparent Influence,33.39286,-111.95242,2019-02-07,15:08:00
32848,3482452,2019,Broadway Rd,52nd St,70.0,Intersection Related 206,1.0,0.0,Possible Injury,Angle - Other Than Left Turn 2,Daylight,Clear,Dry,25.0,Male,West,Making Right Turn,Made Improper Turn,No Apparent Influence,No Apparent Influence,40.0,Male,West,Going Straight Ahead,No Improper Action,No Apparent Influence,No Apparent Influence,33.4092,-111.96936,2019-02-07,15:48:00
32850,3482664,2019,Hardy Dr,Laird St,-60.0,Intersection Related 206,0.0,0.0,No Injury,Sideswipe Same Direction,Daylight,Clear,Dry,20.0,Female,South,Changing Lanes,Unsafe Lane Change,No Apparent Influence,No Apparent Influence,21.0,Male,South,Going Straight Ahead,No Improper Action,No Apparent Influence,No Apparent Influence,33.41982,-111.95221,2019-02-07,18:57:00
32853,3479353,2019,Baseline Rd,Priest Dr,0.0,Intersection 4 Way 202,0.0,0.0,No Injury,Sideswipe Same Direction,Unknown 51,Unknown,Dry,44.0,Female,South,Making U Turn,Disregarded Traffic Signal,No Apparent Influence,No Apparent Influence,73.0,Female,South,Making U Turn,No Improper Action,No Apparent Influence,No Apparent Influence,33.37824,-111.96318,2019-02-07,23:46:00
32854,3482498,2019,Price Rd,6th St,-75.0,Intersection Related 206,0.0,0.0,No Injury,Rear End,Daylight,Clear,Dry,26.0,Female,South,Going Straight Ahead,Followed Too Closely,Alcohol,No Apparent Influence,18.0,Male,South,Stopped In Trafficway,No Improper Action,No Apparent Influence,No Apparent Influence,33.42395,-111.89194,2019-02-07,23:54:00
32855,3482499,2019,Priest Dr,Warner Rd,-125.0,Not Junction Related,0.0,0.0,No Injury,Sideswipe Same Direction,Daylight,Clear,Dry,25.0,Male,South,Changing Lanes,Unsafe Lane Change,No Apparent Influence,No Apparent Influence,41.0,Female,South,Going Straight Ahead,No Improper Action,No Apparent Influence,No Apparent Influence,33.33418,-111.96312,2019-02-08,00:23:00
32856,3482515,2019,Rural Rd,Rio Salado Pkwy,-100.0,Intersection Related 206,0.0,0.0,No Injury,Rear End,Daylight,Clear,Dry,20.0,Female,North,Going Straight Ahead,Followed Too Closely,No Apparent Influence,No Apparent Influence,70.0,Male,North,Stopped In Trafficway,No Improper Action,No Apparent Influence,No Apparent Influence,33.42857,-111.92629,2019-02-08,00:53:00
32857,3482474,2019,48th St,Alameda Dr,133.0,Intersection Related 206,0.0,0.0,No Injury,Sideswipe Same Direction,Daylight,Clear,Dry,37.0,Male,South,Changing Lanes,Unsafe Lane Change,No Apparent Influence,No Apparent Influence,32.0,Male,South,Going Straight Ahead,No Improper Action,No Apparent Influence,No Apparent Influence,33.40041,-111.97831,2019-02-08,01:13:00
32860,3485054,2019,McClintock Dr,SR-202 Exit 8 J-Ramp,0.0,Intersection T Inter 203,2.0,0.0,Suspected Minor Injury,Left Turn,Dark Lighted,Clear,Dry,33.0,Male,North,Making Left Turn,Unknown,No Apparent Influence,No Apparent Influence,27.0,Male,South,Going Straight Ahead,Unknown,No Apparent Influence,No Apparent Influence,33.43662,-111.90962,2019-02-08,05:23:00
32861,3485659,2019,Southern Ave,College Ave,-85.0,Intersection Related 206,1.0,0.0,Possible Injury,Rear End,Daylight,Clear,Dry,29.0,Female,East,Going Straight Ahead,Followed Too Closely,No Apparent Influence,No Apparent Influence,44.0,Male,East,Stopped In Trafficway,No Improper Action,No Apparent Influence,No Apparent Influence,33.3929,-111.9352,2019-02-08,15:45:00
32862,3484999,2019,Southern Ave,McAllister Ave,150.0,Intersection Related 206,1.0,0.0,Suspected Minor Injury,Rear End,Dawn,Clear,Dry,81.0,Male,North,Making Right Turn,Failed To Yield Right Of Way,No Apparent Influence,No Apparent Influence,52.0,Female,East,Going Straight Ahead,Exceeded Lawful Speed,No Apparent Influence,No Apparent Influence,33.39294,-111.93013,2019-02-08,17:55:00
32863,3482558,2019,Price Rd,Southern Ave,0.0,Intersection 4 Way 202,0.0,0.0,No Injury,Left Turn,Daylight,Clear,Dry,65.0,Female,Northwest,Making Left Turn,Failed To Keep In Proper Lane,No Apparent Influence,No Apparent Influence,20.0,Female,Northwest,Making Left Turn,No Improper Action,No Apparent Influence,No Apparent Influence,33.39295,-111.89045,2019-02-08,18:47:00
32865,3485048,2019,Scottsdale Rd,Rio Salado Pkwy,183.0,Intersection Related 206,1.0,0.0,Suspected Minor Injury,Rear End,Daylight,Clear,Dry,19.0,Male,South,Changing Lanes,Followed Too Closely,No Apparent Influence,No Apparent Influence,20.0,Male,South,Stopped In Trafficway,No Improper Action,No Apparent Influence,No Apparent Influence,33.42935,-111.92629,2019-02-08,19:45:00
32866,3485066,2019,Priest Dr,Huntington Dr,0.0,Intersection T Inter 203,0.0,0.0,No Injury,Left Turn,Daylight,Clear,Dry,75.0,Male,North,Making Left Turn,Failed To Keep In Proper Lane,No Apparent Influence,No Apparent Influence,42.0,Male,South,Going Straight Ahead,No Improper Action,No Apparent Influence,No Apparent Influence,33.3943,-111.96076,2019-02-08,20:51:00
32868,3501437,2019,Rural Rd,6th St,105.0,Not Junction Related,1.0,0.0,Possible Injury,Rear End,Daylight,Clear,Dry,19.0,Female,North,Going Straight Ahead,Followed Too Closely,No Apparent Influence,No Apparent Influence,19.0,Female,North,Stopped In Trafficway,No Improper Action,No Apparent Influence,No Apparent Influence,33.42479,-111.9263,2019-02-08,21:53:00
32869,3485052,2019,McClintock Dr,Apache Blvd,170.0,Intersection Related 206,0.0,0.0,No Injury,Sideswipe Same Direction,Daylight,Clear,Dry,25.0,Female,South,Changing Lanes,Unsafe Lane Change,No Apparent Influence,No Apparent Influence,55.0,Male,South,Going Straight Ahead,No Improper Action,No Apparent Influence,No Apparent Influence,33.41523,-111.90913,2019-02-08,21:56:00
32870,3485032,2019,Pointe Pkwy,Baseline Rd,-112.0,Not Junction Related,0.0,0.0,No Injury,Rear End,Daylight,Clear,Dry,18.0,Male,North,Backing,Other,No Apparent Influence,No Apparent Influence,29.0,Male,North,Stopped In Trafficway,No Improper Action,No Apparent Influence,No Apparent Influence,33.37791,-111.972,2019-02-08,22:19:00
32871,3501448,2019,McClintock Dr,Alameda Dr,0.0,Intersection 4 Way 202,2.0,0.0,Possible Injury,Left Turn,Daylight,Clear,Dry,36.0,Female,South,Making Left Turn,Failed To Yield Right Of Way,No Apparent Influence,No Apparent Influence,22.0,Female,North,Going Straight Ahead,No Improper Action,No Apparent Influence,No Apparent Influence,33.40015,-111.90913,2019-02-08,22:45:00
32873,3482527,2019,Rio Salado Pkwy,Price Rd,0.0,Intersection 4 Way 202,0.0,0.0,No Injury,Left Turn,Dusk,Clear,Dry,19.0,Male,West,Making Left Turn,Failed To Yield Right Of Way,No Apparent Influence,No Apparent Influence,25.0,Female,East,Going Straight Ahead,No Improper Action,No Apparent Influence,No Apparent Influence,33.42938,-111.89183,2019-02-09,01:06:00
32874,3506327,2019,Baseline Rd,Kyrene Rd,0.0,Intersection T Inter 203,0.0,0.0,No Injury,Angle - Other Than Left Turn 2,Dark Lighted,Clear,Dry,57.0,Female,East,Going Straight Ahead,Disregarded Traffic Signal,No Apparent Influence,No Apparent Influence,18.0,Male,Southwest,Making Left Turn,No Improper Action,No Apparent Influence,No Apparent Influence,33.3782,-111.94599,2019-02-09,01:39:00
32875,3482468,2019,Baseline Rd,Pointe Pkwy,140.0,Not Junction Related,2.0,0.0,Suspected Minor Injury,Rear End,Dark Lighted,Clear,Dry,63.0,Male,East,Going Straight Ahead,Followed Too Closely,No Apparent Influence,No Apparent Influence,63.0,Male,East,Stopped In Trafficway,No Improper Action,No Apparent Influence,No Apparent Influence,33.37822,-111.97154,2019-02-09,02:43:00
32878,3485082,2019,McClintock Dr,Apache Blvd,25.0,Intersection Related 206,0.0,0.0,No Injury,Rear End,Dark Lighted,Clear,Dry,22.0,Female,North,Unknown,Unknown,No Apparent Influence,No Apparent Influence,22.0,Female,North,Unknown,Unknown,No Apparent Influence,No Apparent Influence,33.41483,-111.90913,2019-02-10,01:03:00
32879,3482467,2019,Rural Rd,Southern Ave,0.0,Intersection 4 Way 202,1.0,0.0,Suspected Serious Injury,Left Turn,Dark Lighted,Cloudy,Dry,27.0,Male,East,Making Left Turn,Failed To Yield Right Of Way,No Apparent Influence,No Apparent Influence,47.0,Male,West,Going Straight Ahead,No Improper Action,No Apparent Influence,No Apparent Influence,33.39296,-111.92633,2019-02-10,01:15:00
32880,3482642,2019,Broadway Rd,Price Rd,30.0,Not Junction Related,0.0,0.0,No Injury,Rear End,Dark Lighted,Cloudy,Dry,50.0,Male,West,Going Straight Ahead,Followed Too Closely,No Apparent Influence,No Apparent Influence,53.0,Female,West,Going Straight Ahead,No Improper Action,No Apparent Influence,No Apparent Influence,33.40749,-111.89191,2019-02-10,04:34:00
32881,3479360,2019,University Dr,Rural Rd,-30.0,Intersection Related 206,0.0,0.0,No Injury,Rear End,Daylight,Clear,Dry,19.0,Female,East,Going Straight Ahead,Speed To Fast For Conditions,No Apparent Influence,No Apparent Influence,32.0,Male,East,Stopped In Trafficway,No Improper Action,No Apparent Influence,No Apparent Influence,33.42203,-111.92641,2019-02-10,18:38:00
32882,3485015,2019,Broadway Rd,McClintock Dr,0.0,Intersection 4 Way 202,0.0,0.0,No Injury,Left Turn,Daylight,Clear,Dry,25.0,Female,East,Making Left Turn,Disregarded Traffic Signal,No Apparent Influence,No Apparent Influence,24.0,Female,West,Making Right Turn,No Improper Action,No Apparent Influence,No Apparent Influence,33.4075,-111.90913,2019-02-10,20:21:00
32884,3485004,2019,Baseline Rd,48th St,200.0,Not Junction Related,0.0,0.0,No Injury,Left Turn,Daylight,Clear,Dry,22.0,Male,South,Making Left Turn,Other,No Apparent Influence,No Apparent Influence,29.0,Male,West,Slowing In Trafficway,No Improper Action,No Apparent Influence,No Apparent Influence,33.37819,-111.97776,2019-02-10,22:20:00
32887,3501390,2019,University Dr,College Ave,-25.0,Intersection Related 206,0.0,0.0,No Injury,Rear End,Dark Lighted,Clear,Dry,35.0,Male,East,Going Straight Ahead,Speed To Fast For Conditions,No Apparent Influence,No Apparent Influence,29.0,Female,East,Stopped In Trafficway,No Improper Action,No Apparent Influence,No Apparent Influence,33.42196,-111.93505,2019-02-11,02:19:00
32889,3485060,2019,Elliot Rd,Kyrene Rd,-23.0,Intersection Related 206,0.0,0.0,No Injury,Head On,Dark Lighted,Clear,Dry,37.0,Male,Southwest,Making Right Turn,Made Improper Turn,No Apparent Influence,No Apparent Influence,50.0,Female,East,Stopped In Trafficway,No Improper Action,No Apparent Influence,No Apparent Influence,33.3492,-111.94581,2019-02-11,03:01:00
32890,3501126,2019,University Dr,Price Rd,0.0,Intersection 4 Way 202,1.0,0.0,Suspected Minor Injury,Angle - Other Than Left Turn 2,Dark Lighted,Clear,Dry,25.0,Female,East,Going Straight Ahead,Disregarded Traffic Signal,No Apparent Influence,No Apparent Influence,31.0,Male,South,Going Straight Ahead,No Improper Action,No Apparent Influence,No Apparent Influence,33.42201,-111.89195,2019-02-11,03:09:00
32892,3482511,2019,Broadway Rd,Dorsey Ln,166.0,Not Junction Related,0.0,0.0,No Injury,Sideswipe Same Direction,Daylight,Clear,Dry,21.0,Female,West,Changing Lanes,Unsafe Lane Change,No Apparent Influence,No Apparent Influence,63.0,Female,West,Going Straight Ahead,No Improper Action,No Apparent Influence,No Apparent Influence,33.40751,-111.91715,2019-02-11,14:56:00
32894,3485439,2019,McClintock Dr,Guadalupe Rd,0.0,Intersection 4 Way 202,0.0,0.0,No Injury,Left Turn,Daylight,Clear,Dry,34.0,Female,South,Making Left Turn,Failed To Keep In Proper Lane,No Apparent Influence,No Apparent Influence,51.0,Female,North,Going Straight Ahead,No Improper Action,No Apparent Influence,No Apparent Influence,33.36376,-111.91126,2019-02-11,17:29:00