,Incident ID,Year,Street Name,Cross Street,Distance,Junction Relation,Total Injuries,Total Fatalities,Injury Severity,Collision Manner,Light Condition,Weather,Surface Condition,Age Driver 1,Gender Driver 1,Travel Direction One,Unit Action One,Violation1_Drv1,Alcohol Use Driver 1,Drug Use Driver 1,Age Driver 2,Gender Driver 2,Travel Direction Two,Unit Action Two,Violation 1 Driver 2,Alcohol Use Driver 2,Drug Use Driver 2,Latitude,Longitude,Date,Time
32895,3501156,2019,Hardy Dr,Chilton Dr,-195.0,Not Junction Related,0.0,0.0,No Injury,Angle - Other Than Left Turn 2,Daylight,Clear,Dry,40.0,Male,East,Going Straight Ahead,Failed To Yield Right Of Way,No Apparent Influence,No Apparent Influence,31.0,Female,North,Going Straight Ahead,No Improper Action,No Apparent Influence,No Apparent Influence,33.35128,-111.95449,2019-02-11,18:18:00
32897,3485435,2019,McClintock Dr,Rio Salado Pkwy,85.0,Intersection Related 206,0.0,0.0,No Injury,Rear End,Daylight,Clear,Dry,37.0,Male,South,Going Straight Ahead,Speed To Fast For Conditions,No Apparent Influence,No Apparent Influence,38.0,Male,South,Stopped In Trafficway,No Improper Action,No Apparent Influence,No Apparent Influence,33.4295,-111.90908,2019-02-11,21:11:00
32899,3501389,2019,48th St,Broadway Rd,-210.0,Intersection Related 206,0.0,0.0,No Injury,Angle - Other Than Left Turn 2,Daylight,Clear,Dry,19.0,Male,North,Making U Turn,Unsafe Lane Change,No Apparent Influence,No Apparent Influence,23.0,Male,North,Going Straight Ahead,No Improper Action,No Apparent Influence,No Apparent Influence,33.40675,-111.97829,2019-02-11,22:54:00
32901,3485652,2019,Broadway Rd,River Dr,0.0,Intersection 4 Way 202,1.0,0.0,Possible Injury,Left Turn,Dark Lighted,Clear,Dry,49.0,Female,Southwest,Making Left Turn,Failed To Yield Right Of Way,No Apparent Influence,No Apparent Influence,76.0,Male,East,Going Straight Ahead,No Improper Action,No Apparent Influence,No Apparent Influence,33.4075,-111.89775,2019-02-12,01:44:00
32902,3502276,2019,University Dr,Dorsey Ln,0.0,Intersection 4 Way 202,0.0,0.0,No Injury,Sideswipe Same Direction,Dark Lighted,Clear,Dry,22.0,Male,West,Making Left Turn,Failed To Yield Right Of Way,No Apparent Influence,No Apparent Influence,19.0,Female,East,Going Straight Ahead,No Improper Action,No Apparent Influence,No Apparent Influence,33.42202,-111.91769,2019-02-12,02:26:00
32904,3482533,2019,5th St,Ash Ave,0.0,Intersection 4 Way 202,0.0,0.0,No Injury,Left Turn,Dark Lighted,Clear,Dry,27.0,Male,North,Making Left Turn,No Improper Action,No Apparent Influence,No Apparent Influence,27.0,Male,West,Going Straight Ahead,No Improper Action,No Apparent Influence,No Apparent Influence,33.42549,-111.94337,2019-02-12,04:37:00
32905,3485057,2019,Westchester Dr,Kenneth Pl,-102.0,Not Junction Related,0.0,0.0,No Injury,U Turn,Daylight,Clear,Dry,30.0,Female,Northeast,Making U Turn,Other,No Apparent Influence,No Apparent Influence,40.0,Female,East,Going Straight Ahead,No Improper Action,No Apparent Influence,No Apparent Influence,33.36741,-111.92129,2019-02-12,14:41:00
32907,3482509,2019,Warner Rd,Price Rd,-110.0,Intersection Related 206,1.0,0.0,Suspected Minor Injury,Rear End,Daylight,Clear,Dry,31.0,Male,East,Going Straight Ahead,Followed Too Closely,No Apparent Influence,No Apparent Influence,41.0,Male,East,Stopped In Trafficway,No Improper Action,No Apparent Influence,No Apparent Influence,33.3349,-111.89382,2019-02-12,14:55:00
32911,3479381,2019,University Dr,Price Rd,0.0,Intersection 4 Way 202,0.0,0.0,No Injury,Left Turn,Unknown 51,Unknown,Dry,62.0,Female,East,Going Straight Ahead,Disregarded Traffic Signal,No Apparent Influence,No Apparent Influence,44.0,Male,West,Making Left Turn,No Improper Action,No Apparent Influence,No Apparent Influence,33.42201,-111.89195,2019-02-12,17:17:00
32913,3479347,2019,Rural Rd,US-60 Exit 174 A-Ramp,-198.0,Intersection Related 206,0.0,0.0,No Injury,Sideswipe Same Direction,Unknown 51,Unknown,Dry,31.0,Male,South,Changing Lanes,Unsafe Lane Change,No Apparent Influence,No Apparent Influence,23.0,Male,South,Going Straight Ahead,No Improper Action,No Apparent Influence,No Apparent Influence,33.38448,-111.92649,2019-02-12,17:57:00
32914,3482576,2019,Warner Rd,Harl Ave,-110.0,Intersection Related 206,2.0,0.0,Possible Injury,Rear End,Daylight,Clear,Dry,28.0,Female,East,Going Straight Ahead,Followed Too Closely,No Apparent Influence,No Apparent Influence,58.0,Female,East,Stopped In Trafficway,No Improper Action,No Apparent Influence,No Apparent Influence,33.33451,-111.96703,2019-02-12,18:36:00
32915,3482534,2019,Price Rd,Southern Ave,120.0,Not Junction Related,0.0,0.0,No Injury,Sideswipe Same Direction,Daylight,Clear,Dry,53.0,Male,North,Changing Lanes,Unsafe Lane Change,No Apparent Influence,No Apparent Influence,34.0,Male,North,Going Straight Ahead,No Improper Action,No Apparent Influence,No Apparent Influence,33.39328,-111.89044,2019-02-12,19:04:00
32916,3485044,2019,Broadway Rd,I-10 Exit 153 G-Ramp,0.0,Intersection 4 Way 202,0.0,0.0,No Injury,Left Turn,Daylight,Clear,Dry,30.0,Male,West,Making Left Turn,Failed To Yield Right Of Way,No Apparent Influence,No Apparent Influence,31.0,Male,East,Going Straight Ahead,No Improper Action,No Apparent Influence,No Apparent Influence,33.40845,-111.9736,2019-02-12,20:43:00
32917,3485018,2019,Scottsdale Rd,Curry Rd,90.0,Not Junction Related,0.0,0.0,No Injury,Rear End,Daylight,Clear,Dry,25.0,Male,South,Going Straight Ahead,Speed To Fast For Conditions,No Apparent Influence,No Apparent Influence,53.0,Male,South,Stopped In Trafficway,No Improper Action,No Apparent Influence,No Apparent Influence,33.44054,-111.92634,2019-02-12,22:54:00
32919,3501384,2019,Elliot Rd,Kyrene Rd,-192.0,Intersection Related 206,0.0,0.0,No Injury,Rear End,Unknown 51,Unknown,Dry,73.0,Female,East,Slowing In Trafficway,Followed Too Closely,No Apparent Influence,No Apparent Influence,35.0,Male,East,Stopped In Trafficway,No Improper Action,No Apparent Influence,No Apparent Influence,33.3492,-111.94636,2019-02-13,00:29:00
32920,3482573,2019,Southern Ave,Butte Ave,80.0,Intersection Related 206,0.0,0.0,No Injury,Rear End,Daylight,Clear,Dry,55.0,Male,East,Going Straight Ahead,Followed Too Closely,No Apparent Influence,No Apparent Influence,31.0,Female,East,Stopped In Trafficway,No Improper Action,No Apparent Influence,No Apparent Influence,33.39299,-111.91114,2019-02-13,00:35:00
32924,3501443,2019,Scottsdale Rd,Curry Rd,40.0,Not Junction Related,0.0,0.0,No Injury,Rear End,Unknown 51,Clear,Dry,31.0,Male,South,Going Straight Ahead,Speed To Fast For Conditions,No Apparent Influence,No Apparent Influence,25.0,Male,South,Going Straight Ahead,No Improper Action,No Apparent Influence,No Apparent Influence,33.4404,-111.92634,2019-02-13,02:06:00
32925,3482607,2019,Mill Ave,9th St,0.0,Intersection T Inter 203,0.0,0.0,No Injury,Angle - Other Than Left Turn 2,Dark Lighted,Clear,Dry,39.0,Male,East,Making Right Turn,Failed To Yield Right Of Way,No Apparent Influence,No Apparent Influence,34.0,Female,South,Going Straight Ahead,No Improper Action,No Apparent Influence,No Apparent Influence,33.42049,-111.93998,2019-02-13,03:20:00
32926,3501438,2019,Price Rd,Apache Blvd,-75.0,Intersection Related 206,0.0,0.0,No Injury,Rear End,Dark Lighted,Clear,Dry,47.0,Male,North,Going Straight Ahead,Speed To Fast For Conditions,No Apparent Influence,No Apparent Influence,23.0,Male,North,Stopped In Trafficway,No Improper Action,No Apparent Influence,No Apparent Influence,33.41459,-111.89074,2019-02-13,05:21:00
32927,3485022,2019,Price Rd,Victory Dr,0.0,Intersection Related 206,0.0,0.0,No Injury,Angle - Other Than Left Turn 2,Dark Lighted,Clear,Dry,33.0,Male,East,Slowing In Trafficway,Ran Stop Sign,No Apparent Influence,No Apparent Influence,30.0,Female,North,Going Straight Ahead,No Improper Action,No Apparent Influence,No Apparent Influence,33.41843,-111.8906,2019-02-13,13:36:00
32930,3501155,2019,Baseline Rd,I-10 Exit 155 G-Ramp,-200.0,Not Junction Related,0.0,0.0,No Injury,Sideswipe Same Direction,Daylight,Clear,Dry,51.0,Male,East,Unknown,Unknown,No Apparent Influence,No Apparent Influence,44.0,Male,East,Unknown,Unknown,No Apparent Influence,No Apparent Influence,33.37826,-111.96929,2019-02-13,15:11:00
32932,3485724,2019,McClintock Dr,Watson Dr,0.0,Intersection T Inter 203,2.0,0.0,Suspected Minor Injury,Left Turn,Daylight,Clear,Dry,42.0,Female,North,Going Straight Ahead,Disregarded Traffic Signal,No Apparent Influence,No Apparent Influence,34.0,Female,West,Making Left Turn,No Improper Action,No Apparent Influence,No Apparent Influence,33.36941,-111.91129,2019-02-13,15:38:00
32933,3485719,2019,Elliot Rd,Juniper St,0.0,Intersection T Inter 203,0.0,0.0,No Injury,Angle - Other Than Left Turn 2,Unknown 51,Unknown,Dry,59.0,Female,North,Making Right Turn,Failed To Yield Right Of Way,No Apparent Influence,No Apparent Influence,27.0,Male,East,Going Straight Ahead,No Improper Action,No Apparent Influence,No Apparent Influence,33.34914,-111.91655,2019-02-13,18:05:00
32937,3479345,2019,McClintock Dr,US-60 Exit 175 A-Ramp,0.0,Intersection 4 Way 202,2.0,0.0,Suspected Minor Injury,Left Turn,Daylight,Cloudy,Dry,24.0,Male,South,Going Straight Ahead,Disregarded Traffic Signal,No Apparent Influence,No Apparent Influence,36.0,Female,East,Making Left Turn,No Improper Action,No Apparent Influence,No Apparent Influence,33.38515,-111.90921,2019-02-13,21:59:00
32938,3482645,2019,Baseline Rd,Country Club Way,0.0,Intersection 4 Way 202,0.0,0.0,No Injury,Angle - Other Than Left Turn 2,Daylight,Cloudy,Dry,59.0,Male,West,Going Straight Ahead,Disregarded Traffic Signal,No Apparent Influence,No Apparent Influence,48.0,Female,South,Going Straight Ahead,No Improper Action,No Apparent Influence,No Apparent Influence,33.37845,-111.90064,2019-02-13,21:59:00
32941,3502250,2019,Price Rd,Broadway Rd,0.0,Intersection 4 Way 202,0.0,0.0,No Injury,Sideswipe Same Direction,Daylight,Cloudy,Dry,69.0,Female,North,Going Straight Ahead,Failed To Keep In Proper Lane,No Apparent Influence,No Apparent Influence,33.0,Female,North,Making Left Turn,No Improper Action,No Apparent Influence,No Apparent Influence,33.40748,-111.89033,2019-02-13,22:49:00
32945,3482616,2019,48th St,Broadway Rd,150.0,Not Junction Related,0.0,0.0,No Injury,Angle - Other Than Left Turn 2,Dark Lighted,Cloudy,Dry,22.0,Male,South,Going Straight Ahead,Unknown,No Apparent Influence,No Apparent Influence,73.0,Female,South,Changing Lanes,Unknown,No Apparent Influence,No Apparent Influence,33.40774,-111.97826,2019-02-14,01:11:00
32946,3482613,2019,McClintock Dr,Lemon St,0.0,Intersection T Inter 203,0.0,0.0,No Injury,Left Turn,Dark Lighted,Cloudy,Dry,20.0,Female,North,Making Left Turn,Failed To Yield Right Of Way,No Apparent Influence,No Apparent Influence,19.0,Male,South,Going Straight Ahead,No Improper Action,No Apparent Influence,No Apparent Influence,33.41685,-111.90911,2019-02-14,01:44:00
32947,3485688,2019,Rural Rd,6th St,-30.0,Not Junction Related,0.0,0.0,No Injury,Rear End,Dark Lighted,Clear,Dry,23.0,Female,South,Going Straight Ahead,Speed To Fast For Conditions,No Apparent Influence,No Apparent Influence,28.0,Male,South,Going Straight Ahead,No Improper Action,No Apparent Influence,No Apparent Influence,33.42442,-111.9263,2019-02-14,02:16:00
32948,3482609,2019,University Dr,Ash Ave,0.0,Intersection 4 Way 202,1.0,0.0,Suspected Minor Injury,Left Turn,Dark Lighted,Cloudy,Dry,24.0,Male,Southwest,Making Left Turn,Made Improper Turn,No Apparent Influence,No Apparent Influence,26.0,Male,East,Going Straight Ahead,No Improper Action,No Apparent Influence,No Apparent Influence,33.42193,-111.9424,2019-02-14,04:03:00
32950,3501444,2019,Baseline Rd,Mill Ave,70.0,Intersection Related 206,0.0,0.0,No Injury,Rear End,Daylight,Cloudy,Dry,47.0,Female,West,Going Straight Ahead,Followed Too Closely,No Apparent Influence,No Apparent Influence,51.0,Male,West,Stopped In Trafficway,No Improper Action,No Apparent Influence,No Apparent Influence,33.37821,-111.93914,2019-02-14,14:19:00
32951,3485686,2019,Price Rd,Rio Salado Pkwy,0.0,Intersection 4 Way 202,2.0,0.0,Suspected Minor Injury,Rear End,Daylight,Cloudy,Dry,33.0,Male,North,Going Straight Ahead,Followed Too Closely,No Apparent Influence,No Apparent Influence,42.0,Male,North,Stopped In Trafficway,No Improper Action,No Apparent Influence,No Apparent Influence,33.42931,-111.89026,2019-02-14,15:02:00
32952,3479349,2019,Scottsdale Rd,SR-202 Exit 7 X-Ramp,0.0,Intersection Related 206,1.0,0.0,Possible Injury,Rear End,Unknown 51,Unknown,Dry,22.0,Male,West,Making Right Turn,Followed Too Closely,No Apparent Influence,No Apparent Influence,41.0,Male,West,Stopped In Trafficway,No Improper Action,No Apparent Influence,No Apparent Influence,33.43666,-111.92626,2019-02-14,16:33:00
32954,3479341,2019,McClintock Dr,SR-202 Exit 8 A-Ramp,-80.0,Intersection Related 206,0.0,0.0,No Injury,Rear End,Daylight,Rain,Wet,30.0,Male,North,Going Straight Ahead,Followed Too Closely,No Apparent Influence,No Apparent Influence,39.0,Male,North,Stopped In Trafficway,No Improper Action,No Apparent Influence,No Apparent Influence,33.43624,-111.9096,2019-02-14,18:38:00
32955,3479352,2019,University Dr,Farmer Ave,0.0,Intersection 4 Way 202,0.0,0.0,No Injury,Left Turn,Daylight,Rain,Wet,21.0,Female,West,Making Left Turn,Failed To Keep In Proper Lane,No Apparent Influence,No Apparent Influence,24.0,Female,East,Going Straight Ahead,No Improper Action,No Apparent Influence,No Apparent Influence,33.42189,-111.94427,2019-02-14,18:44:00
32956,3485737,2019,Scottsdale Rd,Rio Salado Pkwy,112.0,Intersection Related 206,0.0,0.0,No Injury,Rear End,Unknown 51,Unknown,Wet,59.0,Male,South,Going Straight Ahead,Followed Too Closely,No Apparent Influence,No Apparent Influence,61.0,Male,South,Stopped In Trafficway,No Improper Action,No Apparent Influence,No Apparent Influence,33.42916,-111.92629,2019-02-14,18:57:00
32958,3479337,2019,48th St,I-10 Cardinal Frontage,0.0,Intersection 4 Way 202,2.0,0.0,Suspected Minor Injury,Angle - Other Than Left Turn 2,Daylight,Rain,Wet,64.0,Female,South,Going Straight Ahead,Disregarded Traffic Signal,No Apparent Influence,No Apparent Influence,47.0,Male,East,Going Straight Ahead,No Improper Action,No Apparent Influence,No Apparent Influence,33.40932,-111.97822,2019-02-14,19:35:00
32959,3485682,2019,Southern Ave,Country Club Way,-174.0,Intersection Related 206,1.0,0.0,Possible Injury,Rear End,Daylight,Cloudy,Wet,27.0,Male,East,Going Straight Ahead,Followed Too Closely,No Apparent Influence,No Apparent Influence,64.0,Male,East,Slowing In Trafficway,No Improper Action,No Apparent Influence,No Apparent Influence,33.39298,-111.90113,2019-02-14,19:43:00
32962,3479342,2019,Broadway Rd,Los Feliz Dr,50.0,Intersection Related 206,0.0,0.0,No Injury,Sideswipe Same Direction,Daylight,Rain,Wet,34.0,Female,East,Changing Lanes,Unsafe Lane Change,No Apparent Influence,No Apparent Influence,43.0,Male,East,Going Straight Ahead,No Improper Action,No Apparent Influence,No Apparent Influence,33.40749,-111.90404,2019-02-14,23:14:00
32964,3485727,2019,Warner Rd,Rural Rd,0.0,Intersection 4 Way 202,0.0,0.0,No Injury,Left Turn,Daylight,Rain,Wet,51.0,Male,South,Making Left Turn,Failed To Yield Right Of Way,No Apparent Influence,No Apparent Influence,46.0,Female,East,Going Straight Ahead,No Improper Action,No Apparent Influence,No Apparent Influence,33.33466,-111.92841,2019-02-14,23:40:00
32965,3479346,2019,Hardy Dr,University Dr,69.0,Intersection Related 206,0.0,0.0,No Injury,Other,Daylight,Rain,Wet,54.0,Male,North,Backing,Other,No Apparent Influence,No Apparent Influence,28.0,Male,South,Stopped In Trafficway,No Improper Action,No Apparent Influence,No Apparent Influence,33.4221,-111.95223,2019-02-15,00:31:00
32967,3501361,2019,Rural Rd,Spence Ave,56.0,Intersection Related 206,0.0,0.0,No Injury,Rear End,Daylight,Clear,Wet,25.0,Female,South,Going Straight Ahead,Speed To Fast For Conditions,No Apparent Influence,No Apparent Influence,19.0,Male,South,Stopped In Trafficway,No Improper Action,No Apparent Influence,No Apparent Influence,33.41301,-111.92629,2019-02-15,01:17:00
32968,3485028,2019,Rural Rd,Spence Ave,200.0,Not Junction Related,1.0,0.0,Possible Injury,Sideswipe Same Direction,Dusk,Rain,Wet,34.0,Male,North,Making U Turn,Unsafe Lane Change,No Apparent Influence,No Apparent Influence,43.0,Male,North,Going Straight Ahead,No Improper Action,No Apparent Influence,No Apparent Influence,33.41341,-111.92629,2019-02-15,01:33:00
32969,3473028,2019,Rio Salado Pkwy,Price Rd,100.0,Intersection Related Interchange,0.0,0.0,No Injury,Rear End,Dark Lighted,Rain,Wet,22.0,Male,West,Going Straight Ahead,Speed To Fast For Conditions,No Apparent Influence,No Apparent Influence,19.0,Female,West,Going Straight Ahead,No Improper Action,No Apparent Influence,No Apparent Influence,33.42932,-111.88994,2019-02-15,01:35:00
32972,3479385,2019,Rural Rd,Minton Dr,100.0,Intersection Related 206,0.0,0.0,No Injury,Rear End,Dark Lighted,Rain,Wet,25.0,Female,South,Going Straight Ahead,Followed Too Closely,No Apparent Influence,No Apparent Influence,26.0,Male,South,Stopped In Trafficway,No Improper Action,No Apparent Influence,No Apparent Influence,33.38015,-111.9283,2019-02-15,02:06:00
32973,3485684,2019,McClintock Dr,University Dr,70.0,Intersection Related 206,0.0,0.0,No Injury,Sideswipe Same Direction,Dark Lighted,Rain,Wet,71.0,Male,South,Making Left Turn,Made Improper Turn,No Apparent Influence,No Apparent Influence,34.0,Male,South,Going Straight Ahead,No Improper Action,No Apparent Influence,No Apparent Influence,33.42217,-111.9091,2019-02-15,02:26:00
32976,3485556,2019,Broadway Rd,Cutler Dr,0.0,Intersection 4 Way 202,0.0,0.0,No Injury,Left Turn,Dark Lighted,Clear,Dry,34.0,Male,Unknown,Making Left Turn,Failed To Yield Right Of Way,No Apparent Influence,No Apparent Influence,26.0,Male,Unknown,Making Left Turn,No Improper Action,No Apparent Influence,No Apparent Influence,33.40741,-111.95837,2019-02-15,08:34:00
32977,3472671,2019,Elliot Rd,I-10 Exit 157 A-Ramp,0.0,Intersection 201,0.0,0.0,No Injury,Left Turn,Dark Lighted,Cloudy,Wet,28.0,Female,West,Going Straight Ahead,Unknown,No Apparent Influence,No Apparent Influence,55.0,Male,South,Making Left Turn,No Improper Action,No Apparent Influence,No Apparent Influence,33.34907,-111.97283,2019-02-15,10:34:00
32979,3485716,2019,Broadway Rd,McKemy St,-75.0,Not Junction Related,0.0,0.0,No Injury,Rear End,Dawn,Cloudy,Wet,25.0,Male,West,Going Straight Ahead,Speed To Fast For Conditions,No Apparent Influence,No Apparent Influence,42.0,Male,West,Stopped In Trafficway,No Improper Action,No Apparent Influence,No Apparent Influence,33.40738,-111.95025,2019-02-15,13:43:00
32980,3500990,2019,McClintock Dr,Alameda Dr,-50.0,Intersection Related 206,0.0,0.0,No Injury,Rear End,Dawn,Fog Smog Smoke,Dry,25.0,Female,North,Going Straight Ahead,Followed Too Closely,No Apparent Influence,No Apparent Influence,46.0,Male,North,Stopped In Trafficway,No Improper Action,No Apparent Influence,No Apparent Influence,33.40001,-111.90913,2019-02-15,14:10:00
32981,3500991,2019,Broadway Rd,Priest Dr,150.0,Intersection Related 206,0.0,0.0,No Injury,Angle - Other Than Left Turn 2,Daylight,Unknown,Dry,20.0,Male,West,Changing Lanes,Unsafe Lane Change,No Apparent Influence,No Apparent Influence,56.0,Female,West,Stopped In Trafficway,No Improper Action,No Apparent Influence,No Apparent Influence,33.40742,-111.96029,2019-02-15,14:42:00
32982,3501164,2019,Guadalupe Rd,Juniper St,-68.0,Not Junction Related,0.0,0.0,No Injury,Left Turn,Daylight,Cloudy,Dry,17.0,Female,Southwest,Making Left Turn,Failed To Yield Right Of Way,No Apparent Influence,No Apparent Influence,36.0,Female,West,Going Straight Ahead,No Improper Action,No Apparent Influence,No Apparent Influence,33.36377,-111.91521,2019-02-15,14:52:00
32984,3485735,2019,Rural Rd,Southern Ave,0.0,Intersection 4 Way 202,2.0,0.0,Possible Injury,Left Turn,Unknown 51,Unknown,Dry,20.0,Male,East,Making Left Turn,Failed To Yield Right Of Way,No Apparent Influence,No Apparent Influence,26.0,Male,West,Going Straight Ahead,No Improper Action,No Apparent Influence,No Apparent Influence,33.39296,-111.92633,2019-02-15,19:15:00
32985,3479380,2019,Baseline Rd,I-10 Exit 155 J1-Ramp,0.0,Intersection 4 Way 202,0.0,0.0,No Injury,Sideswipe Same Direction,Unknown 51,Unknown,Dry,63.0,Male,North,Making Right Turn,Made Improper Turn,No Apparent Influence,No Apparent Influence,22.0,Female,North,Making Left Turn,No Improper Action,No Apparent Influence,No Apparent Influence,33.3783,-111.96738,2019-02-15,21:13:00
32987,3485698,2019,Rural Rd,Lemon St,0.0,Intersection 4 Way 202,1.0,0.0,Possible Injury,Left Turn,Daylight,Cloudy,Dry,20.0,Male,South,Making Left Turn,Failed To Yield Right Of Way,No Apparent Influence,No Apparent Influence,22.0,Female,North,Going Straight Ahead,No Improper Action,No Apparent Influence,No Apparent Influence,33.41684,-111.9263,2019-02-15,22:23:00
32989,3501410,2019,Rural Rd,Lemon St,15.0,Intersection Related 206,0.0,0.0,No Injury,Left Turn,Daylight,Clear,Dry,16.0,Female,North,Making Left Turn,Failed To Yield Right Of Way,No Apparent Influence,No Apparent Influence,42.0,Female,South,Going Straight Ahead,No Improper Action,No Apparent Influence,No Apparent Influence,33.41688,-111.9263,2019-02-15,22:43:00
32991,3479348,2019,Scottsdale Rd,Papago Dr,-190.0,Driveway Or Alley,0.0,0.0,No Injury,Angle - Other Than Left Turn 2,Dark Lighted,Cloudy,Dry,45.0,Male,East,Making Right Turn,Failed To Yield Right Of Way,No Apparent Influence,No Apparent Influence,51.0,Male,South,Going Straight Ahead,No Improper Action,No Apparent Influence,No Apparent Influence,33.4529,-111.92645,2019-02-16,01:44:00
32992,3502370,2019,Rio Salado Pkwy,Price Rd,0.0,Intersection 201,1.0,0.0,Possible Injury,Left Turn,Dark Lighted,Clear,Dry,32.0,Female,East,Making Left Turn,Unknown,No Apparent Influence,No Apparent Influence,41.0,Male,West,Going Straight Ahead,Unknown,No Apparent Influence,No Apparent Influence,33.42931,-111.89026,2019-02-16,03:38:00
32997,3485063,2019,McClintock Dr,Alameda Dr,0.0,Intersection 4 Way 202,0.0,0.0,No Injury,Angle - Other Than Left Turn 2,Daylight,Clear,Dry,36.0,Female,South,Going Straight Ahead,Disregarded Traffic Signal,No Apparent Influence,No Apparent Influence,42.0,Female,East,Making Left Turn,No Improper Action,No Apparent Influence,No Apparent Influence,33.40015,-111.90913,2019-02-16,17:59:00
32998,3485152,2019,Broadway Rd,Mill Ave,-30.0,Driveway Or Alley,0.0,0.0,No Injury,Left Turn,Daylight,Clear,Dry,49.0,Male,North,Making Left Turn,Failed To Yield Right Of Way,No Apparent Influence,No Apparent Influence,22.0,Female,East,Going Straight Ahead,No Improper Action,No Apparent Influence,No Apparent Influence,33.4074,-111.93992,2019-02-16,19:04:00
32999,3505318,2019,Evergreen Rd,5th St,0.0,Driveway Or Alley,1.0,0.0,Suspected Minor Injury,Angle - Other Than Left Turn 2,Daylight,Clear,Dry,24.0,Female,East,Going Straight Ahead,Failed To Yield Right Of Way,No Apparent Influence,No Apparent Influence,29.0,Male,North,Going Straight Ahead,No Improper Action,No Apparent Influence,No Apparent Influence,33.42571,-111.88294,2019-02-16,19:52:00
33001,3485689,2019,Baseline Rd,Lakeshore Dr,0.0,Intersection 4 Way 202,1.0,0.0,Suspected Minor Injury,Left Turn,Daylight,Clear,Dry,47.0,Male,Southwest,Making Left Turn,Failed To Yield Right Of Way,No Apparent Influence,No Apparent Influence,67.0,Male,East,Going Straight Ahead,No Improper Action,No Apparent Influence,No Apparent Influence,33.37832,-111.9205,2019-02-16,22:27:00
33002,3485668,2019,Southern Ave,Rural Rd,0.0,Intersection 4 Way 202,2.0,0.0,Suspected Minor Injury,Left Turn,Daylight,Clear,Dry,23.0,Male,East,Making Left Turn,Failed To Yield Right Of Way,No Apparent Influence,No Apparent Influence,23.0,Male,West,Going Straight Ahead,No Improper Action,No Apparent Influence,No Apparent Influence,33.39296,-111.92633,2019-02-16,22:54:00
33004,3482571,2019,Apache Blvd,Rural Rd,0.0,Intersection 4 Way 202,0.0,0.0,No Injury,Left Turn,Dark Lighted,Clear,Dry,20.0,Male,South,Making Left Turn,Failed To Yield Right Of Way,No Apparent Influence,No Apparent Influence,19.0,Male,East,Going Straight Ahead,No Improper Action,No Apparent Influence,No Apparent Influence,33.41476,-111.92629,2019-02-17,06:37:00
33005,3505301,2019,Mill Ave,13th St,0.0,Intersection 4 Way 202,1.0,0.0,Possible Injury,Angle - Other Than Left Turn 2,Daylight,Clear,Dry,45.0,Male,North,Going Straight Ahead,Ran Stop Sign,No Apparent Influence,No Apparent Influence,25.0,Female,East,Going Straight Ahead,No Improper Action,No Apparent Influence,No Apparent Influence,33.41475,-111.93991,2019-02-17,16:13:00
33006,3501133,2019,Rural Rd,Minton Dr,0.0,Intersection 4 Way 202,1.0,0.0,Possible Injury,Angle - Other Than Left Turn 2,Dark Lighted,Clear,Dry,16.0,Male,North,Going Straight Ahead,Unknown,No Apparent Influence,No Apparent Influence,20.0,Male,East,Going Straight Ahead,Unknown,No Apparent Influence,No Apparent Influence,33.37989,-111.92842,2019-02-18,01:37:00
33009,3479340,2019,Southern Ave,Mill Ave,0.0,Intersection 201,2.0,0.0,Possible Injury,Angle - Other Than Left Turn 2,Dark Lighted,Cloudy,Dry,17.0,Male,South,Going Straight Ahead,Unknown,No Apparent Influence,No Apparent Influence,25.0,Male,West,Going Straight Ahead,Unknown,No Apparent Influence,No Apparent Influence,33.39286,-111.9396,2019-02-18,07:52:00
33011,3479339,2019,Baseline Rd,Pointe Pkwy,-145.0,Not Junction Related,0.0,0.0,No Injury,Sideswipe Same Direction,Dark Lighted,Rain,Wet,24.0,Male,East,Making U Turn,Unsafe Lane Change,No Apparent Influence,No Apparent Influence,50.0,Male,East,Going Straight Ahead,No Improper Action,No Apparent Influence,No Apparent Influence,33.37821,-111.97247,2019-02-18,13:49:00
33012,3502386,2019,McClintock Dr,Apache Blvd,-143.0,Not Junction Related,0.0,0.0,No Injury,Sideswipe Same Direction,Daylight,Cloudy,Dry,78.0,Male,North,Changing Lanes,Unsafe Lane Change,No Apparent Influence,No Apparent Influence,37.0,Female,North,Going Straight Ahead,No Improper Action,No Apparent Influence,No Apparent Influence,33.41437,-111.90913,2019-02-18,15:51:00
33013,3485584,2019,Rural Rd,Cornell Dr,40.0,Intersection Related 206,1.0,0.0,Suspected Minor Injury,Rear End,Daylight,Rain,Wet,18.0,Male,South,Going Straight Ahead,Speed To Fast For Conditions,No Apparent Influence,No Apparent Influence,72.0,Female,South,Slowing In Trafficway,No Improper Action,No Apparent Influence,No Apparent Influence,33.37222,-111.92866,2019-02-18,16:34:00
33015,3472665,2019,Elliot Rd,I-10 Exit 157 A-Ramp,-50.0,Intersection 201,0.0,0.0,No Injury,Sideswipe Same Direction,Daylight,Cloudy,Wet,63.0,Male,Southeast,Making Left Turn,Made Improper Turn,No Apparent Influence,No Apparent Influence,25.0,Male,Southeast,Making Left Turn,No Improper Action,No Apparent Influence,No Apparent Influence,33.34907,-111.973,2019-02-18,18:16:00
33017,3501115,2019,Broadway Rd,McClintock Dr,-60.0,Intersection Related 206,0.0,0.0,No Injury,Rear End,Daylight,Cloudy,Wet,45.0,Female,East,Changing Lanes,Unsafe Lane Change,No Apparent Influence,No Apparent Influence,24.0,Male,East,Going Straight Ahead,No Improper Action,No Apparent Influence,No Apparent Influence,33.4075,-111.90932,2019-02-18,21:01:00