,Incident ID,Year,Street Name,Cross Street,Distance,Junction Relation,Total Injuries,Total Fatalities,Injury Severity,Collision Manner,Light Condition,Weather,Surface Condition,Age Driver 1,Gender Driver 1,Travel Direction One,Unit Action One,Violation1_Drv1,Alcohol Use Driver 1,Drug Use Driver 1,Age Driver 2,Gender Driver 2,Travel Direction Two,Unit Action Two,Violation 1 Driver 2,Alcohol Use Driver 2,Drug Use Driver 2,Latitude,Longitude,Date,Time
33018,3479356,2019,Warner Rd,Emerald Dr,-50.0,Not Junction Related,0.0,0.0,No Injury,Sideswipe Same Direction,Daylight,Cloudy,Dry,16.0,Male,East,Changing Lanes,Unknown,No Apparent Influence,No Apparent Influence,17.0,Female,East,Going Straight Ahead,Unknown,No Apparent Influence,No Apparent Influence,33.3345,-111.96684,2019-02-18,21:44:00
33019,3502287,2019,Priest Dr,Auto Dr,0.0,Intersection 4 Way 202,0.0,0.0,No Injury,Sideswipe Same Direction,Daylight,Cloudy,Dry,34.0,Male,Northwest,Making Right Turn,Made Improper Turn,No Apparent Influence,No Apparent Influence,32.0,Female,Northwest,Making Right Turn,No Improper Action,No Apparent Influence,No Apparent Influence,33.34548,-111.96315,2019-02-18,22:03:00
33021,3485675,2019,Rio Salado Pkwy,River Dr,87.0,Intersection Related 206,0.0,0.0,No Injury,Rear End,Daylight,Clear,Dry,24.0,Male,East,Stopped In Trafficway,Speed To Fast For Conditions,No Apparent Influence,No Apparent Influence,30.0,Male,East,Going Straight Ahead,No Improper Action,No Apparent Influence,No Apparent Influence,33.42936,-111.89505,2019-02-18,22:35:00
33022,3485706,2019,Broadway Rd,Price Rd,0.0,Intersection 201,0.0,0.0,No Injury,Sideswipe Same Direction,Daylight,Clear,Dry,76.0,Male,Southwest,Making Left Turn,Unknown,No Apparent Influence,No Apparent Influence,36.0,Male,Southwest,Making Left Turn,Unknown,No Apparent Influence,No Apparent Influence,33.4075,-111.892,2019-02-18,22:47:00
33023,3485545,2019,Lemon St,Terrace Rd,0.0,Intersection 4 Way 202,0.0,0.0,No Injury,Left Turn,Daylight,Clear,Dry,22.0,Male,East,Making Left Turn,Failed To Yield Right Of Way,No Apparent Influence,No Apparent Influence,24.0,Male,West,Going Straight Ahead,No Improper Action,No Apparent Influence,No Apparent Influence,33.41676,-111.92242,2019-02-19,00:22:00
33024,3485602,2019,University Dr,Priest Dr,0.0,Intersection 4 Way 202,0.0,0.0,No Injury,Left Turn,Dark Lighted,Cloudy,Dry,22.0,Male,South,Making Left Turn,Failed To Yield Right Of Way,No Apparent Influence,No Apparent Influence,21.0,Male,East,Going Straight Ahead,No Improper Action,No Apparent Influence,No Apparent Influence,33.42194,-111.96092,2019-02-19,01:31:00
33025,3485715,2019,Rural Rd,Apache Blvd,-15.0,Intersection Related 206,1.0,0.0,Possible Injury,Rear End,Daylight,Clear,Dry,32.0,Male,North,Going Straight Ahead,Speed To Fast For Conditions,No Apparent Influence,No Apparent Influence,26.0,Female,North,Slowing In Trafficway,No Improper Action,No Apparent Influence,No Apparent Influence,33.41472,-111.92629,2019-02-19,01:33:00
33026,3502388,2019,Forest Service 01 Tempe Ave,University Dr,25.0,Intersection Related 206,0.0,0.0,No Injury,Sideswipe Same Direction,Dark Lighted,Clear,Dry,45.0,Male,South,Making Left Turn,Unknown,No Apparent Influence,No Apparent Influence,28.0,Female,South,Making Left Turn,Unknown,No Apparent Influence,No Apparent Influence,33.42202,-111.93666,2019-02-19,02:20:00
33028,3502337,2019,Scottsdale Rd,Playa Del Norte Dr,-10.0,Intersection Related 206,0.0,0.0,No Injury,Rear End,Dark Lighted,Clear,Dry,21.0,Female,North,Going Straight Ahead,Speed To Fast For Conditions,No Apparent Influence,No Apparent Influence,20.0,Female,North,Stopped In Trafficway,No Improper Action,No Apparent Influence,No Apparent Influence,33.43401,-111.92626,2019-02-19,05:04:00
33029,3485665,2019,Broadway Rd,I-10 Exit 153 G-Ramp,0.0,Intersection 4 Way 202,2.0,0.0,Suspected Minor Injury,Left Turn,Dawn,Clear,Dry,31.0,Female,West,Making Left Turn,Failed To Yield Right Of Way,No Apparent Influence,No Apparent Influence,26.0,Female,East,Going Straight Ahead,No Improper Action,No Apparent Influence,No Apparent Influence,33.40845,-111.9736,2019-02-19,13:42:00
33034,3485664,2019,Mill Ave,10th St,-15.0,Not Junction Related,1.0,0.0,Suspected Minor Injury,U Turn,Daylight,Clear,Dry,26.0,Male,North,Making U Turn,Failed To Yield Right Of Way,No Apparent Influence,No Apparent Influence,43.0,Male,South,Going Straight Ahead,No Improper Action,No Apparent Influence,No Apparent Influence,33.41902,-111.93997,2019-02-19,19:08:00
33035,3501424,2019,Guadalupe Rd,Rural Rd,-85.0,Intersection Related 206,0.0,0.0,No Injury,Rear End,Daylight,Clear,Dry,45.0,Female,East,Going Straight Ahead,Followed Too Closely,No Apparent Influence,No Apparent Influence,35.0,Male,East,Stopped In Trafficway,No Improper Action,No Apparent Influence,No Apparent Influence,33.36375,-111.92888,2019-02-19,19:12:00
33038,3479368,2019,Scottsdale Rd,McKellips Rd,0.0,Intersection 4 Way 202,2.0,0.0,Suspected Minor Injury,Angle - Other Than Left Turn 2,Daylight,Clear,Dry,22.0,Male,North,Going Straight Ahead,Disregarded Traffic Signal,No Apparent Influence,No Apparent Influence,68.0,Male,West,Going Straight Ahead,No Improper Action,No Apparent Influence,No Apparent Influence,33.45124,-111.92647,2019-02-19,21:29:00
33040,3500987,2019,McClintock Dr,Broadway Rd,83.0,Intersection Related 206,1.0,0.0,Possible Injury,Rear End,Daylight,Clear,Dry,27.0,Male,South,Going Straight Ahead,Speed To Fast For Conditions,No Apparent Influence,No Apparent Influence,49.0,Male,South,Stopped In Trafficway,No Improper Action,No Apparent Influence,No Apparent Influence,33.40773,-111.90912,2019-02-19,21:48:00
33041,3499259,2019,Warner Rd,Forest Service 01 Tempe Ave,-75.0,Intersection Related 206,0.0,0.0,No Injury,Rear End,Daylight,Clear,Dry,23.0,Male,East,Going Straight Ahead,Followed Too Closely,No Apparent Influence,No Apparent Influence,45.0,Male,East,Stopped In Trafficway,No Improper Action,No Apparent Influence,No Apparent Influence,33.33465,-111.9346,2019-02-19,22:00:00
33042,3485671,2019,Rural Rd,Lemon St,-85.0,Intersection Related 206,0.0,0.0,No Injury,Left Turn,Daylight,Clear,Dry,20.0,Male,South,Making Left Turn,Failed To Yield Right Of Way,No Apparent Influence,No Apparent Influence,22.0,Female,North,Going Straight Ahead,No Improper Action,No Apparent Influence,No Apparent Influence,33.4166,-111.9263,2019-02-19,23:21:00
33043,3500986,2019,Apache Blvd,McAllister Ave,75.0,Intersection Related 206,0.0,0.0,No Injury,Rear End,Daylight,Clear,Dry,20.0,Male,West,Going Straight Ahead,Speed To Fast For Conditions,No Apparent Influence,No Apparent Influence,23.0,Female,West,Stopped In Trafficway,No Improper Action,No Apparent Influence,No Apparent Influence,33.41473,-111.93042,2019-02-19,23:31:00
33044,3502391,2019,Broadway Rd,Roosevelt St,20.0,Intersection Related 206,0.0,0.0,No Injury,Angle - Other Than Left Turn 2,Daylight,Clear,Dry,20.0,Female,East,Making Right Turn,Disregarded Traffic Signal,No Apparent Influence,No Apparent Influence,27.0,Male,North,Going Straight Ahead,No Improper Action,No Apparent Influence,No Apparent Influence,33.40738,-111.94779,2019-02-19,23:31:00
33045,3479363,2019,Ash Ave,9th St,0.0,Intersection 4 Way 202,0.0,0.0,No Injury,Left Turn,Daylight,Clear,Dry,59.0,Female,North,Going Straight Ahead,Failed To Yield Right Of Way,No Apparent Influence,No Apparent Influence,65.0,Male,South,Making Left Turn,No Improper Action,No Apparent Influence,No Apparent Influence,33.42047,-111.94238,2019-02-19,23:46:00
33047,3485691,2019,Warner Rd,I-10 Exit 158 C-Ramp,0.0,Intersection 4 Way 202,0.0,0.0,No Injury,Rear End,Dark Lighted,Clear,Dry,27.0,Male,West,Making Left Turn,Followed Too Closely,No Apparent Influence,No Apparent Influence,32.0,Female,West,Making Left Turn,No Improper Action,No Apparent Influence,No Apparent Influence,33.33436,-111.97151,2019-02-20,03:18:00
33048,3485558,2019,Mill Ave,Southern Ave,-100.0,Driveway Or Alley,0.0,0.0,No Injury,Sideswipe Same Direction,Dark Lighted,Unknown,Dry,51.0,Male,North,Making Left Turn,Made Improper Turn,No Apparent Influence,No Apparent Influence,35.0,Female,North,Going Straight Ahead,No Improper Action,No Apparent Influence,No Apparent Influence,33.39259,-111.9396,2019-02-20,05:40:00
33049,3501135,2019,Lakeshore Dr,Gemini Dr,-120.0,Not Junction Related,1.0,0.0,Possible Injury,Rear End,Daylight,Clear,Dry,17.0,Female,North,Going Straight Ahead,Followed Too Closely,No Apparent Influence,No Apparent Influence,44.0,Male,North,Stopped In Trafficway,No Improper Action,No Apparent Influence,No Apparent Influence,33.36584,-111.91993,2019-02-20,14:52:00
33050,3485709,2019,Priest Dr,Fountainhead Pkwy,153.0,Not Junction Related,0.0,0.0,No Injury,Rear End,Daylight,Clear,Dry,30.0,Female,North,Going Straight Ahead,Followed Too Closely,No Apparent Influence,No Apparent Influence,42.0,Female,North,Slowing In Trafficway,No Improper Action,No Apparent Influence,No Apparent Influence,33.4041,-111.96077,2019-02-20,16:03:00
33051,3500985,2019,University Dr,Roosevelt St,178.0,Intersection Related 206,0.0,0.0,No Injury,Rear End,Daylight,Clear,Dry,33.0,Male,West,Going Straight Ahead,Speed To Fast For Conditions,No Apparent Influence,No Apparent Influence,29.0,Male,West,Slowing In Trafficway,No Improper Action,No Apparent Influence,No Apparent Influence,33.4219,-111.94671,2019-02-20,16:24:00
33052,3501426,2019,Broadway Rd,52nd St,-90.0,Intersection Related 206,1.0,0.0,Suspected Minor Injury,Rear End,Daylight,Clear,Dry,70.0,Male,East,Going Straight Ahead,Followed Too Closely,No Apparent Influence,No Apparent Influence,41.0,Female,East,Stopped In Trafficway,No Improper Action,No Apparent Influence,No Apparent Influence,33.4093,-111.96982,2019-02-20,18:05:00
33053,3485597,2019,Hardy Dr,Gemini Dr,0.0,Intersection 4 Way 202,0.0,0.0,No Injury,Left Turn,Daylight,Clear,Dry,29.0,Male,East,Making Left Turn,Failed To Yield Right Of Way,No Apparent Influence,No Apparent Influence,34.0,Male,North,Going Straight Ahead,No Improper Action,No Apparent Influence,No Apparent Influence,33.36578,-111.95457,2019-02-20,19:31:00
33057,3501449,2019,Mill Ave,Hermosa Dr,0.0,Intersection 4 Way 202,2.0,0.0,Suspected Minor Injury,Left Turn,Daylight,Clear,Dry,22.0,Male,North,Making Left Turn,Failed To Keep In Proper Lane,No Apparent Influence,No Apparent Influence,46.0,Male,South,Going Straight Ahead,No Improper Action,No Apparent Influence,No Apparent Influence,33.38821,-111.93953,2019-02-20,22:23:00
33058,3501967,2019,Rio Salado Pkwy,Smith Rd,0.0,Intersection 201,2.0,0.0,Possible Injury,Left Turn,Daylight,Clear,Dry,19.0,Male,East,Making Left Turn,Failed To Yield Right Of Way,No Apparent Influence,No Apparent Influence,45.0,Female,West,Going Straight Ahead,No Improper Action,No Apparent Influence,No Apparent Influence,33.42928,-111.90046,2019-02-20,22:47:00
33062,3485559,2019,Southern Ave,Margo Dr,0.0,Intersection T Inter 203,2.0,0.0,Suspected Minor Injury,Left Turn,Daylight,Unknown,Dry,39.0,Male,East,Making Left Turn,Failed To Yield Right Of Way,No Apparent Influence,No Apparent Influence,50.0,Female,West,Going Straight Ahead,No Improper Action,No Apparent Influence,No Apparent Influence,33.39287,-111.95923,2019-02-20,23:59:00
33065,3501969,2019,McClintock Dr,Randall Dr,120.0,Not Junction Related,0.0,0.0,No Injury,Rear End,Dusk,Clear,Dry,41.0,Male,North,Making Left Turn,Failed To Yield Right Of Way,No Apparent Influence,No Apparent Influence,54.0,Female,South,Going Straight Ahead,No Improper Action,No Apparent Influence,No Apparent Influence,33.41852,-111.9091,2019-02-21,00:41:00
33066,3485722,2019,Price Rd,Apache Blvd,130.0,Not Junction Related,0.0,0.0,No Injury,Rear End,Dusk,Cloudy,Dry,19.0,Male,South,Going Straight Ahead,Speed To Fast For Conditions,No Apparent Influence,No Apparent Influence,41.0,Female,South,Stopped In Trafficway,No Improper Action,No Apparent Influence,No Apparent Influence,33.41516,-111.89193,2019-02-21,01:00:00
33069,3485430,2019,Southern Ave,Rural Rd,221.0,Not Junction Related,0.0,0.0,No Injury,Rear End,Daylight,Rain,Wet,20.0,Male,West,Going Straight Ahead,Speed To Fast For Conditions,No Apparent Influence,No Apparent Influence,26.0,Female,West,Making Right Turn,No Improper Action,No Apparent Influence,No Apparent Influence,33.39296,-111.9256,2019-02-21,14:07:00
33070,3499256,2019,Apache Blvd,College Ave,0.0,Intersection 4 Way 202,0.0,0.0,No Injury,Left Turn,Daylight,Rain,Dry,64.0,Male,West,Making Left Turn,Failed To Yield Right Of Way,No Apparent Influence,No Apparent Influence,31.0,Male,East,Going Straight Ahead,No Improper Action,No Apparent Influence,No Apparent Influence,33.41468,-111.93496,2019-02-21,14:18:00
33073,3501471,2019,Southern Ave,River Dr,-142.0,Not Junction Related,0.0,0.0,No Injury,Sideswipe Same Direction,Daylight,Rain,Wet,41.0,Male,West,Going Straight Ahead,Speed To Fast For Conditions,No Apparent Influence,No Apparent Influence,58.0,Male,West,Stopped In Trafficway,No Improper Action,No Apparent Influence,No Apparent Influence,33.39299,-111.89673,2019-02-21,15:05:00
33074,3501402,2019,Roosevelt St,Southern Ave,-77.0,Intersection Related 206,2.0,0.0,Possible Injury,Rear End,Daylight,Rain,Unknown,55.0,Male,South,Backing,Other,No Apparent Influence,No Apparent Influence,20.0,Male,North,Stopped In Trafficway,No Improper Action,No Apparent Influence,No Apparent Influence,33.39263,-111.94782,2019-02-21,15:12:00
33075,3501404,2019,Rural Rd,Southern Ave,-85.0,Intersection Related 206,0.0,0.0,No Injury,Rear End,Daylight,Rain,Wet,19.0,Female,North,Going Straight Ahead,Followed Too Closely,No Apparent Influence,No Apparent Influence,45.0,Male,North,Stopped In Trafficway,No Improper Action,No Apparent Influence,No Apparent Influence,33.39273,-111.92633,2019-02-21,15:19:00
33078,3485594,2019,Broadway Rd,Dorsey Ln,-62.0,Not Junction Related,0.0,0.0,No Injury,Rear End,Daylight,Rain,Wet,19.0,Female,West,Going Straight Ahead,Speed To Fast For Conditions,No Apparent Influence,No Apparent Influence,42.0,Female,West,Stopped In Trafficway,No Improper Action,No Apparent Influence,No Apparent Influence,33.40751,-111.9179,2019-02-21,16:05:00
33079,3501159,2019,University Dr,S Athletes Pl,110.0,Intersection Related 206,0.0,0.0,No Injury,Rear End,Daylight,Cloudy,Wet,24.0,Male,West,Going Straight Ahead,Followed Too Closely,No Apparent Influence,No Apparent Influence,21.0,Female,West,Stopped In Trafficway,No Improper Action,No Apparent Influence,No Apparent Influence,33.42202,-111.92254,2019-02-21,17:06:00
33082,3502272,2019,Elliot Rd,McClintock Dr,0.0,Intersection 4 Way 202,0.0,0.0,No Injury,Left Turn,Daylight,Rain,Wet,19.0,Male,East,Making Left Turn,Unknown,No Apparent Influence,No Apparent Influence,19.0,Female,West,Going Straight Ahead,Unknown,No Apparent Influence,No Apparent Influence,33.34913,-111.91119,2019-02-21,19:35:00
33084,3501406,2019,Elliot Rd,Rural Rd,105.0,Intersection Related 206,0.0,0.0,No Injury,Rear End,Daylight,Rain,Dry,47.0,Female,West,Going Straight Ahead,Followed Too Closely,No Apparent Influence,No Apparent Influence,41.0,Male,West,Stopped In Trafficway,No Improper Action,No Apparent Influence,No Apparent Influence,33.34919,-111.92813,2019-02-21,19:46:00
33085,3501446,2019,Broadway Rd,Dorsey Ln,0.0,Intersection 4 Way 202,2.0,0.0,Suspected Minor Injury,Left Turn,Daylight,Rain,Dry,32.0,Female,East,Making Left Turn,Failed To Yield Right Of Way,No Apparent Influence,No Apparent Influence,18.0,Female,West,Going Straight Ahead,No Improper Action,No Apparent Influence,No Apparent Influence,33.40751,-111.9177,2019-02-21,20:09:00
33087,3485599,2019,Rural Rd,6th St,-132.0,Intersection Related 206,2.0,0.0,Suspected Minor Injury,Rear End,Daylight,Rain,Wet,20.0,Female,North,Going Straight Ahead,Followed Too Closely,No Apparent Influence,No Apparent Influence,62.0,Male,North,Stopped In Trafficway,No Improper Action,No Apparent Influence,No Apparent Influence,33.42414,-111.9263,2019-02-21,20:43:00
33090,3501137,2019,Price Rd,Guadalupe Rd,-71.0,Entrance Exit Ramp 205,0.0,0.0,No Injury,Sideswipe Same Direction,Daylight,Rain,Wet,25.0,Male,South,Going Straight Ahead,Unsafe Lane Change,No Apparent Influence,No Apparent Influence,18.0,Female,South,Going Straight Ahead,No Improper Action,No Apparent Influence,No Apparent Influence,33.3637,-111.89467,2019-02-21,22:05:00
33091,3501434,2019,McClintock Dr,12th St,0.0,Intersection T Inter 203,2.0,0.0,Suspected Minor Injury,Left Turn,Daylight,Rain,Wet,21.0,Male,North,Making Left Turn,Failed To Yield Right Of Way,No Apparent Influence,No Apparent Influence,23.0,Male,South,Going Straight Ahead,No Improper Action,No Apparent Influence,No Apparent Influence,33.41615,-111.90912,2019-02-21,22:16:00
33093,3501139,2019,Baseline Rd,Pointe Pkwy,0.0,Intersection 4 Way 202,0.0,0.0,No Injury,Angle - Other Than Left Turn 2,Daylight,Rain,Wet,40.0,Male,West,Going Straight Ahead,Unknown,No Apparent Influence,No Apparent Influence,59.0,Male,North,Going Straight Ahead,Unknown,No Apparent Influence,No Apparent Influence,33.37822,-111.97199,2019-02-21,23:20:00
33094,3501138,2019,McClintock Dr,University Dr,-70.0,Not Junction Related,0.0,0.0,No Injury,Rear End,Daylight,Rain,Wet,33.0,Male,South,Going Straight Ahead,Followed Too Closely,No Apparent Influence,No Apparent Influence,60.0,Male,South,Slowing In Trafficway,No Improper Action,No Apparent Influence,No Apparent Influence,33.42179,-111.90909,2019-02-21,23:29:00
33095,3501100,2019,University Dr,Wilson St,166.0,Driveway Or Alley,1.0,0.0,Suspected Minor Injury,Left Turn,Daylight,Rain,Wet,38.0,Male,East,Making Left Turn,Failed To Yield Right Of Way,No Apparent Influence,No Apparent Influence,62.0,Male,West,Going Straight Ahead,No Improper Action,No Apparent Influence,No Apparent Influence,33.4219,-111.94523,2019-02-21,23:53:00
33096,3485539,2019,Southern Ave,Price Rd,10.0,Intersection Related 206,1.0,0.0,Suspected Minor Injury,Rear End,Dusk,Cloudy,Wet,27.0,Male,West,Going Straight Ahead,Speed To Fast For Conditions,No Apparent Influence,No Apparent Influence,60.0,Female,North,Making Right Turn,No Improper Action,No Apparent Influence,No Apparent Influence,33.39295,-111.89042,2019-02-22,00:01:00
33099,3501132,2019,McClintock Dr,Broadway Rd,70.0,Intersection Related 206,0.0,0.0,No Injury,Rear End,Dark Lighted,Rain,Wet,21.0,Female,South,Going Straight Ahead,Speed To Fast For Conditions,No Apparent Influence,No Apparent Influence,47.0,Female,South,Stopped In Trafficway,No Improper Action,No Apparent Influence,No Apparent Influence,33.40769,-111.90912,2019-02-22,02:29:00
33101,3501436,2019,Apache Blvd,Martin Ln,-12.0,Not Junction Related,0.0,0.0,No Injury,Rear End,Dark Lighted,Rain,Wet,22.0,Male,East,Going Straight Ahead,Speed To Fast For Conditions,No Apparent Influence,No Apparent Influence,25.0,Male,East,Stopped In Trafficway,No Improper Action,No Apparent Influence,No Apparent Influence,33.41477,-111.90161,2019-02-22,02:42:00
33103,3485567,2019,University Dr,Price Rd,0.0,Intersection 4 Way 202,0.0,0.0,No Injury,Angle - Other Than Left Turn 2,Dark Lighted,Rain,Wet,58.0,Female,East,Going Straight Ahead,Unknown,No Apparent Influence,No Apparent Influence,34.0,Male,North,Going Straight Ahead,Unknown,No Apparent Influence,No Apparent Influence,33.42202,-111.89031,2019-02-22,12:12:00
33106,3502284,2019,Price Rd,Southern Ave,-145.0,Intersection Related 206,0.0,0.0,No Injury,Rear End,Daylight,Cloudy,Wet,85.0,Female,North,Going Straight Ahead,Followed Too Closely,No Apparent Influence,No Apparent Influence,61.0,Male,North,Stopped In Trafficway,No Improper Action,No Apparent Influence,No Apparent Influence,33.39255,-111.89047,2019-02-22,17:59:00
33108,3502390,2019,Southern Ave,Hardy Dr,200.0,Not Junction Related,0.0,0.0,No Injury,Angle - Other Than Left Turn 2,Daylight,Clear,Wet,66.0,Female,West,Going Straight Ahead,Unknown,No Apparent Influence,No Apparent Influence,25.0,Female,West,Changing Lanes,Unknown,No Apparent Influence,No Apparent Influence,33.39286,-111.95133,2019-02-22,21:02:00
33109,3501002,2019,Mill Ave,Baseline Rd,0.0,Intersection 4 Way 202,0.0,0.0,No Injury,Left Turn,Daylight,Rain,Dry,17.0,Female,South,Making Left Turn,Failed To Yield Right Of Way,No Apparent Influence,No Apparent Influence,30.0,Male,North,Going Straight Ahead,No Improper Action,No Apparent Influence,No Apparent Influence,33.37821,-111.93937,2019-02-22,21:06:00
33112,3501106,2019,Rural Rd,Libra Dr,0.0,Intersection Related 206,1.0,0.0,Possible Injury,Angle - Other Than Left Turn 2,Daylight,Cloudy,Wet,45.0,Male,North,Going Straight Ahead,Speed To Fast For Conditions,No Apparent Influence,No Apparent Influence,41.0,Female,North,Going Straight Ahead,No Improper Action,No Apparent Influence,No Apparent Influence,33.36558,-111.92862,2019-02-22,21:20:00
33113,3502282,2019,Rio Salado Pkwy,Priest Dr,0.0,Intersection 4 Way 202,0.0,0.0,No Injury,Sideswipe Same Direction,Daylight,Rain,Wet,20.0,Male,Northwest,Making Right Turn,Other,No Apparent Influence,No Apparent Influence,55.0,Male,Northwest,Making Right Turn,No Improper Action,No Apparent Influence,No Apparent Influence,33.42956,-111.96097,2019-02-22,22:34:00
33114,3501107,2019,Hardy Dr,22nd St,0.0,Intersection T Inter 203,2.0,0.0,Suspected Minor Injury,Rear End,Unknown 51,Unknown,Wet,25.0,Male,South,Slowing In Trafficway,Speed To Fast For Conditions,No Apparent Influence,No Apparent Influence,27.0,Female,South,Stopped In Trafficway,No Improper Action,No Apparent Influence,No Apparent Influence,33.40464,-111.95215,2019-02-22,23:37:00
33115,3501108,2019,Southern Ave,Butte Ave,190.0,Not Junction Related,0.0,0.0,No Injury,Rear End,Daylight,Cloudy,Dry,68.0,Male,East,Going Straight Ahead,Followed Too Closely,No Apparent Influence,No Apparent Influence,51.0,Male,East,Going Straight Ahead,No Improper Action,No Apparent Influence,No Apparent Influence,33.39299,-111.91078,2019-02-22,23:48:00
33116,3499283,2019,Rural Rd,US-60 Exit 174 A-Ramp,135.0,Intersection Related 206,0.0,0.0,No Injury,Rear End,Daylight,Rain,Wet,59.0,Male,South,Going Straight Ahead,Followed Too Closely,No Apparent Influence,No Apparent Influence,32.0,Male,South,Stopped In Trafficway,No Improper Action,No Apparent Influence,No Apparent Influence,33.38539,-111.92647,2019-02-22,23:58:00
33117,3502292,2019,Kyrene Rd,Guadalupe Rd,0.0,Intersection 4 Way 202,0.0,0.0,No Injury,Left Turn,Daylight,Rain,Wet,43.0,Male,Southwest,Making Left Turn,Failed To Yield Right Of Way,No Apparent Influence,No Apparent Influence,17.0,Male,East,Going Straight Ahead,No Improper Action,No Apparent Influence,No Apparent Influence,33.36366,-111.94589,2019-02-23,00:02:00
33123,3501371,2019,Rural Rd,University Dr,-41.0,Intersection Related 206,0.0,0.0,No Injury,Rear End,Dark Lighted,Clear,Dry,20.0,Male,Southeast,Backing,Other,No Apparent Influence,No Apparent Influence,22.0,Female,Northeast,Making Right Turn,No Improper Action,No Apparent Influence,No Apparent Influence,33.42192,-111.92631,2019-02-23,03:55:00
33125,3501388,2019,48th St,I-10 Cardinal Frontage,0.0,Intersection 4 Way 202,0.0,0.0,No Injury,Angle - Other Than Left Turn 2,Daylight,Clear,Dry,23.0,Male,East,Making Left Turn,Failed To Keep In Proper Lane,Alcohol,No Apparent Influence,35.0,Male,East,Making Left Turn,No Improper Action,No Apparent Influence,No Apparent Influence,33.40932,-111.97822,2019-02-23,14:25:00
33126,3501421,2019,Price Rd,Broadway Rd,5.0,Intersection Related 206,0.0,0.0,No Injury,Rear End,Daylight,Clear,Dry,26.0,Female,West,Going Straight Ahead,Speed To Fast For Conditions,No Apparent Influence,No Apparent Influence,40.0,Female,South,Stopped In Trafficway,No Improper Action,No Apparent Influence,No Apparent Influence,33.40751,-111.892,2019-02-23,14:41:00
33127,3485428,2019,Priest Dr,SR-202 Cardinal Frontage,-10.0,Intersection Related 206,2.0,0.0,Suspected Minor Injury,Sideswipe Same Direction,Daylight,Clear,Dry,30.0,Female,North,Going Straight Ahead,Speed To Fast For Conditions,No Apparent Influence,No Apparent Influence,36.0,Female,North,Going Straight Ahead,No Improper Action,No Apparent Influence,No Apparent Influence,33.43712,-111.96094,2019-02-23,15:04:00
33129,3485565,2019,Rural Rd,6th St,0.0,Intersection 4 Way 202,1.0,0.0,Suspected Minor Injury,Left Turn,Daylight,Clear,Dry,41.0,Male,South,Making U Turn,Failed To Yield Right Of Way,No Apparent Influence,No Apparent Influence,19.0,Male,North,Going Straight Ahead,No Improper Action,No Apparent Influence,No Apparent Influence,33.4245,-111.9263,2019-02-23,23:02:00
33130,3501416,2019,Scottsdale Rd,SR-202 Exit 7 A-Ramp,60.0,Not Junction Related,0.0,0.0,No Injury,Sideswipe Same Direction,Daylight,Clear,Dry,24.0,Male,Northeast,Making Left Turn,Failed To Keep In Proper Lane,No Apparent Influence,No Apparent Influence,39.0,Female,Northeast,Making Left Turn,No Improper Action,No Apparent Influence,No Apparent Influence,33.43628,-111.92626,2019-02-23,23:35:00
33133,3500998,2019,McClintock Dr,Dava Dr,0.0,Intersection T Inter 203,0.0,0.0,No Injury,Left Turn,Dark Lighted,Clear,Dry,48.0,Male,Northeast,Making Left Turn,Failed To Yield Right Of Way,No Apparent Influence,No Apparent Influence,35.0,Male,Northwest,Making Left Turn,No Improper Action,No Apparent Influence,No Apparent Influence,33.35433,-111.91121,2019-02-24,02:10:00
33134,3485432,2019,Price Rd,University Dr,-100.0,Not Junction Related,0.0,0.0,No Injury,Sideswipe Same Direction,Dark Lighted,Clear,Dry,54.0,Female,South,Making Left Turn,Unsafe Lane Change,No Apparent Influence,No Apparent Influence,19.0,Female,South,Going Straight Ahead,No Improper Action,No Apparent Influence,No Apparent Influence,33.42174,-111.89196,2019-02-24,05:36:00
33135,3501128,2019,Scottsdale Rd,Curry Rd,75.0,Intersection Related 206,0.0,0.0,No Injury,Rear End,Dark Lighted,Clear,Dry,33.0,Female,South,Going Straight Ahead,Speed To Fast For Conditions,No Apparent Influence,No Apparent Influence,31.0,Male,South,Stopped In Trafficway,No Improper Action,No Apparent Influence,No Apparent Influence,33.4405,-111.92634,2019-02-24,05:57:00
33137,3505416,2019,McClintock Dr,8th St,0.0,Intersection T Inter 203,0.0,0.0,No Injury,Angle - Other Than Left Turn 2,Unknown 51,Unknown,Dry,29.0,Male,East,Making Right Turn,Ran Stop Sign,No Apparent Influence,No Apparent Influence,44.0,Male,South,Going Straight Ahead,No Improper Action,No Apparent Influence,No Apparent Influence,33.41952,-111.9091,2019-02-24,08:10:00
33140,3505304,2019,Price Rd,Elliot Rd,50.0,Entrance Exit Ramp 205,0.0,0.0,No Injury,Rear End,Dark Lighted,Clear,Dry,32.0,Male,South,Going Straight Ahead,Speed To Fast For Conditions,No Apparent Influence,No Apparent Influence,60.0,Male,South,Stopped In Trafficway,No Improper Action,No Apparent Influence,No Apparent Influence,33.34948,-111.89437,2019-02-25,02:33:00
33141,3499277,2019,Southern Ave,Fair Ln,25.0,Intersection Related 206,1.0,0.0,Suspected Serious Injury,Left Turn,Unknown 51,Unknown,Dry,60.0,Male,South,Making Left Turn,Failed To Yield Right Of Way,No Apparent Influence,No Apparent Influence,20.0,Male,East,Going Straight Ahead,No Improper Action,Alcohol,No Apparent Influence,33.39278,-111.97592,2019-02-25,03:54:00