,Incident ID,Year,Street Name,Cross Street,Distance,Junction Relation,Total Injuries,Total Fatalities,Injury Severity,Collision Manner,Light Condition,Weather,Surface Condition,Age Driver 1,Gender Driver 1,Travel Direction One,Unit Action One,Violation1_Drv1,Alcohol Use Driver 1,Drug Use Driver 1,Age Driver 2,Gender Driver 2,Travel Direction Two,Unit Action Two,Violation 1 Driver 2,Alcohol Use Driver 2,Drug Use Driver 2,Latitude,Longitude,Date,Time
33142,3501442,2019,McKellips Rd,Scottsdale Rd,0.0,Unknown,1.0,0.0,Possible Injury,Angle - Other Than Left Turn 2,Dark Lighted,Clear,Dry,69.0,Male,Northeast,Making Right Turn,Failed To Yield Right Of Way,No Apparent Influence,No Apparent Influence,68.0,Male,Southeast,Making Left Turn,No Improper Action,No Apparent Influence,No Apparent Influence,33.45124,-111.92647,2019-02-25,04:29:00
33144,3501116,2019,1st St,Ash Ave,70.0,Intersection Related 206,0.0,0.0,No Injury,Sideswipe Same Direction,Daylight,Clear,Dry,63.0,Male,West,Making Right Turn,Failed To Keep In Proper Lane,No Apparent Influence,No Apparent Influence,38.0,Male,West,Stopped In Trafficway,No Improper Action,No Apparent Influence,No Apparent Influence,33.42943,-111.9426,2019-02-25,15:19:00
33145,3502255,2019,McClintock Dr,3rd St,0.0,Intersection 201,0.0,0.0,No Injury,Sideswipe Same Direction,Daylight,Clear,Dry,20.0,Male,South,Unknown,Unknown,No Apparent Influence,No Apparent Influence,39.0,Male,South,Unknown,Unknown,No Apparent Influence,No Apparent Influence,33.4274,-111.90906,2019-02-25,16:01:00
33147,3501111,2019,Price Rd,Baseline Rd,0.0,Intersection 4 Way 202,1.0,0.0,Suspected Minor Injury,Angle - Other Than Left Turn 2,Daylight,Clear,Dry,33.0,Male,West,Going Straight Ahead,Disregarded Traffic Signal,No Apparent Influence,No Apparent Influence,51.0,Female,South,Going Straight Ahead,No Improper Action,No Apparent Influence,No Apparent Influence,33.37846,-111.89362,2019-02-25,20:53:00
33149,3501983,2019,Broadway Rd,I-10 Exit 153 G-Ramp,95.0,Intersection Related 206,0.0,0.0,No Injury,Rear End,Daylight,Clear,Dry,22.0,Male,West,Going Straight Ahead,Followed Too Closely,No Apparent Influence,No Apparent Influence,33.0,Male,West,Going Straight Ahead,No Improper Action,No Apparent Influence,No Apparent Influence,33.40856,-111.97331,2019-02-25,22:46:00
33150,3485434,2019,Apache Blvd,College Ave,0.0,Intersection 4 Way 202,0.0,0.0,No Injury,Left Turn,Daylight,Clear,Dry,28.0,Female,West,Making Left Turn,Failed To Yield Right Of Way,No Apparent Influence,No Apparent Influence,25.0,Male,East,Going Straight Ahead,No Improper Action,No Apparent Influence,No Apparent Influence,33.41468,-111.93496,2019-02-25,23:17:00
33153,3502285,2019,Mill Ave,3rd St,0.0,Intersection T Inter 203,0.0,0.0,No Injury,Rear End,Daylight,Clear,Dry,21.0,Male,North,Going Straight Ahead,Speed To Fast For Conditions,No Apparent Influence,No Apparent Influence,50.0,Male,North,Stopped In Trafficway,No Improper Action,No Apparent Influence,No Apparent Influence,33.42739,-111.94003,2019-02-25,23:56:00
33154,3502263,2019,McClintock Dr,8th St,0.0,Intersection T Inter 203,0.0,0.0,No Injury,Left Turn,Daylight,Clear,Dry,22.0,Male,North,Making Left Turn,Made Improper Turn,No Apparent Influence,No Apparent Influence,29.0,Female,South,Going Straight Ahead,No Improper Action,No Apparent Influence,No Apparent Influence,33.41952,-111.9091,2019-02-25,23:57:00
33155,3501145,2019,Southern Ave,Butte Ave,-50.0,Not Junction Related,0.0,0.0,No Injury,Rear End,Dark Lighted,Clear,Dry,55.0,Male,East,Slowing In Trafficway,Speed To Fast For Conditions,No Apparent Influence,No Apparent Influence,26.0,Female,East,Stopped In Trafficway,No Improper Action,No Apparent Influence,No Apparent Influence,33.39299,-111.91157,2019-02-26,00:25:00
33156,3501142,2019,Apache Blvd,McAllister Ave,57.0,Not Junction Related,0.0,0.0,No Injury,Rear End,Daylight,Clear,Dry,34.0,Male,East,Going Straight Ahead,Followed Too Closely,No Apparent Influence,No Apparent Influence,47.0,Male,East,Stopped In Trafficway,No Improper Action,No Apparent Influence,No Apparent Influence,33.41473,-111.93048,2019-02-26,01:09:00
33157,3505387,2019,Scottsdale Rd,Playa Del Norte Dr,-100.0,Intersection Related 206,0.0,0.0,No Injury,Rear End,Dark Lighted,Clear,Dry,22.0,Male,North,Going Straight Ahead,Speed To Fast For Conditions,No Apparent Influence,No Apparent Influence,20.0,Female,North,Stopped In Trafficway,No Improper Action,No Apparent Influence,No Apparent Influence,33.43376,-111.92627,2019-02-26,01:24:00
33159,3501374,2019,Broadway Rd,Price Rd,30.0,Intersection Related 206,0.0,0.0,No Injury,Rear End,Dark Lighted,Clear,Dry,38.0,Female,West,Going Straight Ahead,Followed Too Closely,No Apparent Influence,No Apparent Influence,40.0,Male,West,Stopped In Trafficway,No Improper Action,No Apparent Influence,No Apparent Influence,33.40749,-111.89191,2019-02-26,02:27:00
33160,3501105,2019,Southern Ave,Mill Ave,-70.0,Intersection Related 206,0.0,0.0,No Injury,Sideswipe Same Direction,Daylight,Clear,Dry,65.0,Female,East,Going Straight Ahead,Speed To Fast For Conditions,No Apparent Influence,No Apparent Influence,32.0,Male,East,Stopped In Trafficway,No Improper Action,No Apparent Influence,No Apparent Influence,33.39286,-111.93983,2019-02-26,14:12:00
33162,3501114,2019,McClintock Dr,Todd Dr,-100.0,Intersection Related 206,1.0,0.0,Suspected Minor Injury,Rear End,Daylight,Clear,Dry,83.0,Female,North,Changing Lanes,Unsafe Lane Change,No Apparent Influence,No Apparent Influence,56.0,Male,North,Going Straight Ahead,No Improper Action,No Apparent Influence,No Apparent Influence,33.35252,-111.9112,2019-02-26,15:11:00
33164,3502256,2019,McClintock Dr,US-60 Exit 175 C-Ramp,-180.0,Intersection Related 206,0.0,0.0,No Injury,Sideswipe Same Direction,Daylight,Clear,Dry,31.0,Female,North,Changing Lanes,Unsafe Lane Change,No Apparent Influence,No Apparent Influence,68.0,Female,North,Going Straight Ahead,No Improper Action,No Apparent Influence,No Apparent Influence,33.38575,-111.9092,2019-02-26,15:33:00
33166,3501147,2019,University Dr,Mill Ave,-90.0,Intersection Related 206,0.0,0.0,No Injury,Rear End,Daylight,Clear,Dry,24.0,Male,East,Unknown,Followed Too Closely,No Apparent Influence,No Apparent Influence,22.0,Male,East,Stopped In Trafficway,No Improper Action,No Apparent Influence,No Apparent Influence,33.42193,-111.94031,2019-02-26,18:28:00
33167,3501447,2019,Rio Salado Pkwy,Price Rd,0.0,Intersection 201,0.0,0.0,No Injury,Left Turn,Daylight,Clear,Dry,77.0,Male,West,Making Left Turn,Failed To Yield Right Of Way,No Apparent Influence,No Apparent Influence,47.0,Male,East,Going Straight Ahead,No Improper Action,No Apparent Influence,No Apparent Influence,33.42938,-111.89183,2019-02-26,18:56:00
33168,3501148,2019,Baseline Rd,Kyrene Rd,73.0,Intersection Related 206,0.0,0.0,No Injury,Sideswipe Same Direction,Daylight,Clear,Dry,51.0,Female,West,Going Straight Ahead,No Improper Action,No Apparent Influence,No Apparent Influence,42.0,Male,West,Stopped In Trafficway,Speed To Fast For Conditions,No Apparent Influence,No Apparent Influence,33.37822,-111.94365,2019-02-26,20:25:00
33171,3500965,2019,Baseline Rd,48th St,103.0,Not Junction Related,0.0,0.0,No Injury,Rear End,Unknown 51,Unknown,Dry,42.0,Female,East,Going Straight Ahead,Followed Too Closely,No Apparent Influence,No Apparent Influence,64.0,Male,East,Stopped In Trafficway,No Improper Action,No Apparent Influence,No Apparent Influence,33.37819,-111.97808,2019-02-26,23:19:00
33172,3501432,2019,McClintock Dr,8th St,0.0,Intersection T Inter 203,0.0,0.0,No Injury,Left Turn,Daylight,Clear,Dry,24.0,Male,North,Making Left Turn,Failed To Yield Right Of Way,No Apparent Influence,No Apparent Influence,23.0,Male,South,Going Straight Ahead,No Improper Action,No Apparent Influence,No Apparent Influence,33.41952,-111.9091,2019-02-26,23:53:00
33173,3501096,2019,Hardy Dr,Alameda Dr,-107.0,Intersection Related 206,0.0,0.0,No Injury,Rear End,Daylight,Cloudy,Dry,51.0,Female,North,Going Straight Ahead,Followed Too Closely,No Apparent Influence,No Apparent Influence,25.0,Female,North,Stopped In Trafficway,No Improper Action,No Apparent Influence,No Apparent Influence,33.39983,-111.95214,2019-02-26,23:59:00
33176,3502059,2019,University Dr,Priest Dr,-87.0,Intersection Related 206,0.0,0.0,No Injury,Rear End,Dark Lighted,Clear,Dry,48.0,Male,East,Going Straight Ahead,Followed Too Closely,No Apparent Influence,No Apparent Influence,59.0,Male,East,Stopped In Trafficway,No Improper Action,No Apparent Influence,No Apparent Influence,33.42194,-111.96121,2019-02-27,02:46:00
33179,3501959,2019,Price Rd,University Dr,0.0,Intersection 201,0.0,0.0,No Injury,Left Turn,Dark Lighted,Clear,Dry,40.0,Male,West,Going Straight Ahead,Disregarded Traffic Signal,No Apparent Influence,No Apparent Influence,22.0,Male,Northwest,Making Left Turn,No Improper Action,No Apparent Influence,No Apparent Influence,33.42202,-111.89031,2019-02-27,11:24:00
33181,3501325,2019,Broadway Rd,Jentilly Ln,0.0,Intersection T Inter 203,0.0,0.0,No Injury,Left Turn,Daylight,Cloudy,Dry,22.0,Male,East,Making Left Turn,Failed To Yield Right Of Way,No Apparent Influence,No Apparent Influence,54.0,Female,West,Going Straight Ahead,No Improper Action,No Apparent Influence,No Apparent Influence,33.4075,-111.92372,2019-02-27,14:33:00
33182,3502280,2019,Broadway Rd,48th St,0.0,Intersection 4 Way 202,0.0,0.0,No Injury,Rear End,Daylight,Cloudy,Dry,21.0,Male,Northeast,Going Straight Ahead,Followed Too Closely,No Apparent Influence,No Apparent Influence,34.0,Female,Northeast,Stopped In Trafficway,No Improper Action,No Apparent Influence,No Apparent Influence,33.40733,-111.97829,2019-02-27,14:50:00
33183,3501098,2019,Rio Salado Pkwy,River Dr,100.0,Intersection Related 206,1.0,0.0,Suspected Minor Injury,Rear End,Daylight,Cloudy,Dry,41.0,Male,West,Going Straight Ahead,Followed Too Closely,No Apparent Influence,No Apparent Influence,41.0,Male,West,Stopped In Trafficway,No Improper Action,No Apparent Influence,No Apparent Influence,33.42936,-111.895,2019-02-27,15:22:00
33184,3501477,2019,Mill Ave,El Parque Dr,0.0,Intersection 4 Way 202,0.0,0.0,No Injury,Left Turn,Daylight,Cloudy,Dry,56.0,Male,North,Going Straight Ahead,Other,No Apparent Influence,No Apparent Influence,33.0,Female,Southwest,Making Left Turn,Failed To Yield Right Of Way,No Apparent Influence,No Apparent Influence,33.40597,-111.9398,2019-02-27,15:43:00
33185,3501157,2019,Price Rd,Elliot Rd,75.0,Intersection Related 206,0.0,0.0,No Injury,Rear End,Daylight,Clear,Dry,56.0,Male,South,Going Straight Ahead,Followed Too Closely,No Apparent Influence,No Apparent Influence,35.0,Male,South,Stopped In Trafficway,No Improper Action,No Apparent Influence,No Apparent Influence,33.34955,-111.89437,2019-02-27,16:09:00
33186,3501469,2019,McClintock Dr,Center Ln,-190.0,Intersection Related 206,0.0,0.0,No Injury,Rear End,Daylight,Cloudy,Dry,16.0,Male,North,Going Straight Ahead,Followed Too Closely,No Apparent Influence,No Apparent Influence,23.0,Female,North,Stopped In Trafficway,No Improper Action,No Apparent Influence,No Apparent Influence,33.42035,-111.90911,2019-02-27,17:35:00
33187,3500989,2019,Priest Dr,SR-202 Exit 5 A-Ramp,-47.0,Entrance Exit Ramp 205,0.0,0.0,No Injury,Angle - Other Than Left Turn 2,Daylight,Cloudy,Dry,17.0,Female,East,Making Right Turn,Failed To Yield Right Of Way,No Apparent Influence,No Apparent Influence,37.0,Male,South,Going Straight Ahead,No Improper Action,No Apparent Influence,No Apparent Influence,33.43702,-111.96095,2019-02-27,18:48:00
33188,3502275,2019,Baseline Rd,McClintock Dr,130.0,Intersection Related 206,0.0,0.0,No Injury,Rear End,Daylight,Clear,Dry,25.0,Male,West,Going Straight Ahead,Speed To Fast For Conditions,No Apparent Influence,No Apparent Influence,19.0,Female,West,Stopped In Trafficway,No Improper Action,No Apparent Influence,No Apparent Influence,33.37843,-111.90884,2019-02-27,19:44:00
33189,3502261,2019,McClintock Dr,Apache Blvd,-215.0,Intersection Related 206,0.0,0.0,No Injury,Sideswipe Same Direction,Unknown 51,Unknown,Dry,27.0,Male,North,Going Straight Ahead,Speed To Fast For Conditions,No Apparent Influence,No Apparent Influence,40.0,Female,North,Stopped In Trafficway,No Improper Action,No Apparent Influence,No Apparent Influence,33.41417,-111.90913,2019-02-27,20:47:00
33190,3501095,2019,Southern Ave,Butte Ave,0.0,Intersection 4 Way 202,1.0,0.0,Suspected Minor Injury,Left Turn,Daylight,Clear,Dry,55.0,Female,East,Making Left Turn,Failed To Yield Right Of Way,No Apparent Influence,No Apparent Influence,48.0,Female,West,Going Straight Ahead,No Improper Action,No Apparent Influence,No Apparent Influence,33.39299,-111.91141,2019-02-27,23:07:00
33191,3501470,2019,55th St,Broadway Rd,-185.0,Driveway Or Alley,0.0,0.0,No Injury,Left Turn,Daylight,Clear,Dry,23.0,Male,South,Making Left Turn,Failed To Yield Right Of Way,No Apparent Influence,No Apparent Influence,26.0,Female,North,Going Straight Ahead,No Improper Action,No Apparent Influence,No Apparent Influence,33.40708,-111.96595,2019-02-27,23:43:00
33193,3501354,2019,University Dr,Park Ln,0.0,Intersection 201,0.0,0.0,No Injury,Angle - Other Than Left Turn 2,Daylight,Clear,Dry,25.0,Male,South,Making Left Turn,Failed To Yield Right Of Way,No Apparent Influence,No Apparent Influence,24.0,Female,West,Going Straight Ahead,No Improper Action,No Apparent Influence,No Apparent Influence,33.42191,-111.97469,2019-02-27,23:46:00
33194,3501161,2019,University Dr,Lola Ln,50.0,Intersection Related 206,0.0,0.0,No Injury,Rear End,Daylight,Clear,Dry,23.0,Male,East,Going Straight Ahead,Followed Too Closely,No Apparent Influence,No Apparent Influence,32.0,Male,East,Stopped In Trafficway,No Improper Action,No Apparent Influence,No Apparent Influence,33.42206,-111.89382,2019-02-27,23:50:00
33195,3501094,2019,Priest Dr,Elliot Rd,176.0,Not Junction Related,0.0,0.0,No Injury,Sideswipe Same Direction,Daylight,Clear,Dry,67.0,Female,North,Changing Lanes,Unsafe Lane Change,No Apparent Influence,No Apparent Influence,73.0,Female,North,Going Straight Ahead,No Improper Action,No Apparent Influence,No Apparent Influence,33.34959,-111.96314,2019-02-27,23:53:00
33197,3501379,2019,McClintock Dr,Don Carlos Ave,0.0,Intersection 201,0.0,0.0,No Injury,Left Turn,Daylight,Clear,Dry,52.0,Male,North,Making Left Turn,Failed To Yield Right Of Way,No Apparent Influence,No Apparent Influence,25.0,Female,South,Going Straight Ahead,No Improper Action,No Apparent Influence,No Apparent Influence,33.41748,-111.90911,2019-02-28,00:12:00
33198,3501970,2019,Rio Salado Pkwy,Rockford Dr,0.0,Intersection 4 Way 202,0.0,0.0,No Injury,Rear End,Dusk,Clear,Dry,24.0,Female,East,Going Straight Ahead,Speed To Fast For Conditions,No Apparent Influence,No Apparent Influence,62.0,Female,East,Stopped In Trafficway,No Improper Action,No Apparent Influence,No Apparent Influence,33.42936,-111.89704,2019-02-28,00:23:00
33200,3501271,2019,Rural Rd,Elliot Rd,15.0,Intersection Related 206,0.0,0.0,No Injury,Left Turn,Dark Lighted,Clear,Dry,24.0,Female,East,Making Left Turn,Unknown,No Apparent Influence,No Apparent Influence,45.0,Female,West,Making Right Turn,Unknown,No Apparent Influence,No Apparent Influence,33.34923,-111.92848,2019-02-28,02:13:00
33201,3500981,2019,McClintock Dr,Carson Dr,90.0,Not Junction Related,0.0,0.0,No Injury,Sideswipe Same Direction,Daylight,Clear,Dry,51.0,Female,North,Changing Lanes,Unsafe Lane Change,No Apparent Influence,No Apparent Influence,59.0,Female,North,Going Straight Ahead,No Improper Action,No Apparent Influence,No Apparent Influence,33.38413,-111.90921,2019-02-28,14:22:00
33202,3501324,2019,Broadway Rd,Jentilly Ln,0.0,Intersection T Inter 203,0.0,0.0,No Injury,Left Turn,Daylight,Clear,Dry,52.0,Female,East,Making Left Turn,Failed To Yield Right Of Way,No Apparent Influence,No Apparent Influence,35.0,Female,West,Going Straight Ahead,No Improper Action,No Apparent Influence,No Apparent Influence,33.4075,-111.92372,2019-02-28,14:42:00
33204,3501408,2019,Mill Ave,US-60 Exit 173 J-Ramp,146.0,Not Junction Related,2.0,0.0,Suspected Minor Injury,Rear End,Unknown 51,Unknown,Dry,20.0,Female,South,Going Straight Ahead,Followed Too Closely,No Apparent Influence,No Apparent Influence,24.0,Male,South,Stopped In Trafficway,No Improper Action,No Apparent Influence,No Apparent Influence,33.38644,-111.93951,2019-02-28,17:15:00
33205,3502283,2019,Mill Ave,Rio Salado Pkwy,72.0,Intersection Related 206,0.0,0.0,No Injury,Rear End,Daylight,Clear,Dry,28.0,Female,South,Going Straight Ahead,Speed To Fast For Conditions,No Apparent Influence,No Apparent Influence,57.0,Male,South,Stopped In Trafficway,No Improper Action,No Apparent Influence,No Apparent Influence,33.42982,-111.94011,2019-02-28,19:12:00
33207,3501386,2019,Warner Rd,River Pkwy,0.0,Intersection T Inter 203,0.0,0.0,No Injury,Left Turn,Unknown 51,Unknown,Dry,90.0,Male,East,Going Straight Ahead,Unknown,No Apparent Influence,No Apparent Influence,54.0,Male,South,Making Left Turn,Unknown,No Apparent Influence,No Apparent Influence,33.33478,-111.89767,2019-02-28,21:38:00
33209,3502385,2019,University Dr,River Dr,0.0,Intersection T Inter 203,0.0,0.0,No Injury,Angle - Other Than Left Turn 2,Unknown 51,Unknown,Dry,25.0,Male,North,Unknown,Failed To Yield Right Of Way,No Apparent Influence,No Apparent Influence,49.0,Female,East,Unknown,No Improper Action,No Apparent Influence,No Apparent Influence,33.42209,-111.89619,2019-02-28,22:54:00
33210,3505326,2019,Rural Rd,Broadway Rd,-200.0,Not Junction Related,0.0,0.0,No Injury,Unknown,Daylight,Clear,Dry,31.0,Male,South,Unknown,Unknown,No Apparent Influence,No Apparent Influence,22.0,Female,South,Unknown,Unknown,No Apparent Influence,No Apparent Influence,33.40695,-111.92629,2019-02-28,23:07:00
33211,3501401,2019,6th St,Mill Ave,109.0,Not Junction Related,0.0,0.0,No Injury,Other,Daylight,Clear,Dry,51.0,Male,South,Backing,Other,No Apparent Influence,No Apparent Influence,41.0,Male,East,Going Straight Ahead,No Improper Action,No Apparent Influence,No Apparent Influence,33.42435,-111.93966,2019-02-28,23:13:00
33212,3502368,2019,University Dr,McClintock Dr,-15.0,Intersection Related 206,2.0,0.0,Suspected Minor Injury,Sideswipe Same Direction,Daylight,Clear,Dry,29.0,Male,East,Going Straight Ahead,Failed To Keep In Proper Lane,No Apparent Influence,No Apparent Influence,19.0,Male,East,Going Straight Ahead,No Improper Action,No Apparent Influence,No Apparent Influence,33.42198,-111.90914,2019-02-28,23:34:00
33213,3502336,2019,Price Rd,Southern Ave,0.0,Intersection 4 Way 202,0.0,0.0,No Injury,Sideswipe Same Direction,Daylight,Clear,Dry,19.0,Male,South,Making Left Turn,Unknown,No Apparent Influence,No Apparent Influence,20.0,Female,South,Going Straight Ahead,Unknown,No Apparent Influence,No Apparent Influence,33.39296,-111.89203,2019-02-28,23:44:00
33216,3501169,2019,1st St,Ash Ave,0.0,Intersection 201,0.0,0.0,No Injury,Other,Dark Not Lighted,Clear,Dry,76.0,Male,West,Backing,Made Improper Turn,No Apparent Influence,No Apparent Influence,56.0,Female,East,Stopped In Trafficway,No Improper Action,No Apparent Influence,No Apparent Influence,33.42968,-111.94301,2019-03-01,02:16:00
33217,3501341,2019,Scottsdale Rd,Rio Salado Pkwy,0.0,Not Junction Related,0.0,0.0,No Injury,Rear End,Dark Lighted,Clear,Dry,35.0,Female,North,Going Straight Ahead,Speed To Fast For Conditions,No Apparent Influence,No Apparent Influence,20.0,Male,North,Stopped In Trafficway,No Improper Action,No Apparent Influence,No Apparent Influence,33.42885,-111.92629,2019-03-01,02:35:00
33218,3501972,2019,McClintock Dr,Baseline Rd,-50.0,Intersection Related 206,0.0,0.0,No Injury,Sideswipe Same Direction,Dark Lighted,Clear,Dry,50.0,Male,South,Changing Lanes,Unsafe Lane Change,No Apparent Influence,No Apparent Influence,61.0,Male,South,Going Straight Ahead,No Improper Action,No Apparent Influence,No Apparent Influence,33.37829,-111.90926,2019-03-01,02:50:00
33220,3502279,2019,McClintock Dr,SR-202 Exit 8 J-Ramp,0.0,Intersection T Inter 203,0.0,0.0,No Injury,Angle - Other Than Left Turn 2,Dark Lighted,Clear,Dry,59.0,Male,East,Making Right Turn,Failed To Yield Right Of Way,No Apparent Influence,No Apparent Influence,39.0,Male,South,Going Straight Ahead,No Improper Action,No Apparent Influence,No Apparent Influence,33.43662,-111.90962,2019-03-01,13:16:00
33221,3501215,2019,Warner Rd,I-10 Exit 158 J-Ramp,-130.0,Intersection Related 206,0.0,0.0,No Injury,Sideswipe Same Direction,Daylight,Cloudy,Dry,17.0,Female,East,Changing Lanes,Followed Too Closely,No Apparent Influence,No Apparent Influence,17.0,Female,East,Going Straight Ahead,No Improper Action,No Apparent Influence,No Apparent Influence,33.33436,-111.97193,2019-03-01,14:15:00
33222,3501398,2019,Rural Rd,Southshore Dr,0.0,Intersection 4 Way 202,1.0,0.0,Suspected Minor Injury,Left Turn,Daylight,Cloudy,Dry,17.0,Female,Southeast,Making Left Turn,Failed To Yield Right Of Way,No Apparent Influence,No Apparent Influence,51.0,Male,North,Going Straight Ahead,No Improper Action,No Apparent Influence,No Apparent Influence,33.37211,-111.92865,2019-03-01,14:35:00
33223,3505275,2019,Guadalupe Rd,All America Way,-190.0,Not Junction Related,0.0,0.0,No Injury,Rear End,Daylight,Cloudy,Dry,18.0,Male,West,Going Straight Ahead,Followed Too Closely,No Apparent Influence,No Apparent Influence,44.0,Female,West,Stopped In Trafficway,No Improper Action,No Apparent Influence,No Apparent Influence,33.36371,-111.93727,2019-03-01,15:23:00
33224,3499244,2019,Broadway Rd,I-10 Exit 153 G-Ramp,0.0,Intersection 4 Way 202,1.0,0.0,Suspected Minor Injury,Left Turn,Daylight,Clear,Dry,25.0,Male,West,Making Left Turn,Failed To Yield Right Of Way,No Apparent Influence,No Apparent Influence,29.0,Female,East,Going Straight Ahead,No Improper Action,No Apparent Influence,No Apparent Influence,33.40845,-111.9736,2019-03-01,15:51:00
33225,3500983,2019,University Dr,S Athletes Pl,-100.0,Not Junction Related,1.0,0.0,Suspected Minor Injury,Rear End,Daylight,Clear,Dry,20.0,Male,West,Going Straight Ahead,Followed Too Closely,No Apparent Influence,No Apparent Influence,57.0,Male,West,Stopped In Trafficway,No Improper Action,No Apparent Influence,No Apparent Influence,33.42202,-111.92322,2019-03-01,16:48:00
33226,3501413,2019,Priest Dr,Ruby Dr,0.0,Intersection T Inter 203,1.0,0.0,Possible Injury,Left Turn,Daylight,Clear,Dry,27.0,Female,Northwest,Making Left Turn,Failed To Yield Right Of Way,No Apparent Influence,No Apparent Influence,41.0,Male,South,Going Straight Ahead,No Improper Action,No Apparent Influence,No Apparent Influence,33.34017,-111.96314,2019-03-01,18:19:00
33227,3500984,2019,Baseline Rd,McClintock Dr,-92.0,Intersection Related 206,0.0,0.0,No Injury,Sideswipe Same Direction,Daylight,Clear,Dry,25.0,Male,East,Changing Lanes,Unsafe Lane Change,No Apparent Influence,No Apparent Influence,21.0,Female,East,Going Straight Ahead,No Improper Action,No Apparent Influence,No Apparent Influence,33.37842,-111.90956,2019-03-01,18:59:00
33231,3505351,2019,Price Rd,University Dr,-90.0,Not Junction Related,0.0,0.0,No Injury,Angle - Other Than Left Turn 2,Daylight,Clear,Dry,55.0,Male,Southeast,Making Right Turn,Other,No Apparent Influence,No Apparent Influence,19.0,Female,South,Going Straight Ahead,No Improper Action,No Apparent Influence,No Apparent Influence,33.42176,-111.89196,2019-03-01,21:15:00
33233,3478252,2019,Broadway Rd,48th St,0.0,Intersection Related Non Interchange,0.0,0.0,No Injury,Left Turn,Daylight,Clear,Dry,38.0,Female,West,Making Left Turn,Failed To Yield Right Of Way,No Apparent Influence,No Apparent Influence,30.0,Female,East,Going Straight Ahead,No Improper Action,No Apparent Influence,No Apparent Influence,33.40733,-111.97829,2019-03-01,22:54:00
33234,3501414,2019,Southern Ave,Fair Ln,0.0,Intersection T Inter 203,1.0,0.0,Possible Injury,Left Turn,Daylight,Clear,Dry,50.0,Female,Northeast,Making Left Turn,Failed To Yield Right Of Way,No Apparent Influence,No Apparent Influence,22.0,Male,West,Going Straight Ahead,No Improper Action,No Apparent Influence,No Apparent Influence,33.39278,-111.97601,2019-03-01,23:12:00
33235,3501395,2019,Mill Ave,US-60 Exit 173 A-Ramp,155.0,Intersection Related 206,0.0,0.0,No Injury,Sideswipe Same Direction,Daylight,Clear,Dry,21.0,Male,South,Changing Lanes,Unsafe Lane Change,No Apparent Influence,No Apparent Influence,35.0,Female,South,Going Straight Ahead,No Improper Action,No Apparent Influence,No Apparent Influence,33.38553,-111.93948,2019-03-01,23:17:00
33238,3480217,2019,Rio Salado Pkwy,SR-101 Exit 51 J-Ramp,0.0,Intersection Non Interchange,0.0,0.0,No Injury,Angle - Other Than Left Turn 2,Daylight,Clear,Dry,61.0,Female,Northwest,Making U Turn,Made Improper Turn,No Apparent Influence,No Apparent Influence,63.0,Male,West,Going Straight Ahead,No Improper Action,No Apparent Influence,No Apparent Influence,33.42931,-111.89026,2019-03-02,00:37:00
33239,3501162,2019,Hardy Dr,Westchester Ave,0.0,Intersection 201,1.0,0.0,Possible Injury,Left Turn,Daylight,Clear,Dry,37.0,Male,South,Going Straight Ahead,Failed To Keep In Proper Lane,No Apparent Influence,No Apparent Influence,46.0,Female,South,Making Left Turn,Made Improper Turn,No Apparent Influence,No Apparent Influence,33.36662,-111.95457,2019-03-02,00:47:00
33242,3501339,2019,Rio Salado Pkwy,W Lakeside Dr,120.0,Not Junction Related,0.0,0.0,No Injury,Rear End,Dark Lighted,Clear,Dry,18.0,Female,West,Going Straight Ahead,Speed To Fast For Conditions,No Apparent Influence,No Apparent Influence,38.0,Female,West,Stopped In Trafficway,No Improper Action,No Apparent Influence,No Apparent Influence,33.43097,-111.94698,2019-03-02,02:22:00
33245,3508563,2019,University Dr,College Ave,50.0,Not Junction Related,0.0,0.0,No Injury,Rear End,Dark Lighted,Clear,Dry,20.0,Female,West,Going Straight Ahead,Speed To Fast For Conditions,No Apparent Influence,No Apparent Influence,23.0,Male,West,Stopped In Trafficway,Unknown,No Apparent Influence,No Apparent Influence,33.42196,-111.9348,2019-03-02,05:52:00
33249,3502387,2019,McClintock Dr,Broadway Rd,55.0,Intersection Related 206,0.0,0.0,No Injury,Rear End,Daylight,Cloudy,Dry,20.0,Male,South,Going Straight Ahead,Speed To Fast For Conditions,No Apparent Influence,No Apparent Influence,32.0,Female,South,Stopped In Trafficway,No Improper Action,No Apparent Influence,No Apparent Influence,33.40765,-111.90912,2019-03-02,20:18:00
33250,3518870,2019,Mill Ave,University Dr,0.0,Not Junction Related,0.0,0.0,No Injury,Rear End,Daylight,Clear,Dry,24.0,Male,South,Going Straight Ahead,Followed Too Closely,No Apparent Influence,No Apparent Influence,29.0,Male,South,Stopped In Trafficway,No Improper Action,No Apparent Influence,No Apparent Influence,33.42193,-111.94002,2019-03-02,23:14:00
33252,3505314,2019,Baseline Rd,I-10 Exit 155 J1-Ramp,0.0,Intersection 201,0.0,0.0,No Injury,Angle - Other Than Left Turn 2,Daylight,Clear,Dry,19.0,Male,West,Going Straight Ahead,Other,No Apparent Influence,No Apparent Influence,22.0,Female,North,Making Left Turn,No Improper Action,No Apparent Influence,No Apparent Influence,33.3783,-111.96738,2019-03-03,00:39:00
33258,3501979,2019,Scottsdale Rd,SR-202 Exit 7 T-Ramp,-15.0,Intersection Related 206,1.0,0.0,Possible Injury,Angle - Other Than Left Turn 2,Daylight,Clear,Dry,59.0,Male,East,Making Right Turn,Failed To Yield Right Of Way,No Apparent Influence,No Apparent Influence,42.0,Male,South,Going Straight Ahead,No Improper Action,No Apparent Influence,No Apparent Influence,33.4354,-111.92626,2019-03-03,23:16:00