,Incident ID,Year,Street Name,Cross Street,Distance,Junction Relation,Total Injuries,Total Fatalities,Injury Severity,Collision Manner,Light Condition,Weather,Surface Condition,Age Driver 1,Gender Driver 1,Travel Direction One,Unit Action One,Violation1_Drv1,Alcohol Use Driver 1,Drug Use Driver 1,Age Driver 2,Gender Driver 2,Travel Direction Two,Unit Action Two,Violation 1 Driver 2,Alcohol Use Driver 2,Drug Use Driver 2,Latitude,Longitude,Date,Time
33261,3501422,2019,Priest Dr,18th St,-100.0,Not Junction Related,2.0,0.0,Suspected Minor Injury,Rear End,Daylight,Clear,Dry,21.0,Male,North,Going Straight Ahead,Followed Too Closely,No Apparent Influence,No Apparent Influence,26.0,Male,North,Slowing In Trafficway,No Improper Action,No Apparent Influence,No Apparent Influence,33.40915,-111.96079,2019-03-04,13:01:00
33262,3501476,2019,McClintock Dr,Broadway Rd,-50.0,Intersection Related 206,0.0,0.0,No Injury,Rear End,Daylight,Clear,Dry,69.0,Female,North,Slowing In Trafficway,Speed To Fast For Conditions,No Apparent Influence,No Apparent Influence,43.0,Male,North,Stopped In Trafficway,No Improper Action,No Apparent Influence,No Apparent Influence,33.40736,-111.90912,2019-03-04,13:53:00
33263,3501303,2019,Kyrene Rd,Warner Rd,-140.0,Not Junction Related,0.0,0.0,No Injury,Sideswipe Same Direction,Daylight,Clear,Dry,27.0,Male,South,Changing Lanes,Unsafe Lane Change,No Apparent Influence,No Apparent Influence,28.0,Male,South,Going Straight Ahead,No Improper Action,No Apparent Influence,No Apparent Influence,33.33422,-111.94566,2019-03-04,14:43:00
33264,3502286,2019,Warner Rd,Hardy Dr,60.0,Not Junction Related,0.0,0.0,No Injury,Angle - Other Than Left Turn 2,Daylight,Clear,Dry,53.0,Female,North,Making Right Turn,Failed To Yield Right Of Way,No Apparent Influence,No Apparent Influence,34.0,Female,East,Going Straight Ahead,No Improper Action,No Apparent Influence,No Apparent Influence,33.33457,-111.95414,2019-03-04,14:54:00
33265,3502331,2019,Elliot Rd,Harl Ave,0.0,Intersection 4 Way 202,1.0,0.0,Suspected Minor Injury,Left Turn,Daylight,Clear,Dry,28.0,Female,East,Going Straight Ahead,Disregarded Traffic Signal,No Apparent Influence,No Apparent Influence,51.0,Female,North,Making Left Turn,No Improper Action,No Apparent Influence,No Apparent Influence,33.34908,-111.96593,2019-03-04,16:22:00
33266,3501119,2019,McClintock Dr,Broadway Rd,-90.0,Intersection Related 206,0.0,0.0,No Injury,Rear End,Daylight,Clear,Dry,53.0,Male,Unknown,Going Straight Ahead,Speed To Fast For Conditions,No Apparent Influence,No Apparent Influence,78.0,Female,North,Stopped In Trafficway,No Improper Action,No Apparent Influence,No Apparent Influence,33.40725,-111.90913,2019-03-04,19:20:00
33267,3501118,2019,Southern Ave,McClintock Dr,0.0,Intersection 4 Way 202,0.0,0.0,No Injury,Angle - Other Than Left Turn 2,Daylight,Clear,Dry,78.0,Female,South,Making Right Turn,Failed To Yield Right Of Way,No Apparent Influence,No Apparent Influence,55.0,Male,West,Going Straight Ahead,No Improper Action,No Apparent Influence,No Apparent Influence,33.39299,-111.90913,2019-03-04,21:23:00
33269,3501420,2019,Priest Dr,Elliot Rd,100.0,Intersection Related 206,0.0,0.0,No Injury,Rear End,Daylight,Clear,Dry,67.0,Male,South,Going Straight Ahead,Speed To Fast For Conditions,No Apparent Influence,No Apparent Influence,84.0,Female,South,Stopped In Trafficway,No Improper Action,No Apparent Influence,No Apparent Influence,33.34938,-111.96314,2019-03-04,22:21:00
33272,3508032,2019,Apache Blvd,Price Rd,0.0,Intersection 201,0.0,0.0,No Injury,Angle - Other Than Left Turn 2,Dark Not Lighted,Clear,Dry,55.0,Male,West,Going Straight Ahead,Unknown,No Apparent Influence,No Apparent Influence,22.0,Male,South,Going Straight Ahead,Unknown,No Apparent Influence,No Apparent Influence,33.4148,-111.89195,2019-03-05,01:47:00
33273,3483470,2019,Guadalupe Rd,SR-101 Cardinal Frontage,0.0,Intersection Non Interchange,1.0,0.0,Possible Injury,Rear End,Dark Lighted,Clear,Dry,18.0,Female,East,Making Left Turn,Other,No Apparent Influence,No Apparent Influence,22.0,Male,East,Slowing In Trafficway,No Improper Action,No Apparent Influence,No Apparent Influence,33.36389,-111.89467,2019-03-05,03:59:00
33274,3501973,2019,University Dr,Ash Ave,-150.0,Intersection Related 206,0.0,0.0,No Injury,Sideswipe Same Direction,Dark Lighted,Clear,Dry,27.0,Male,East,Changing Lanes,Unsafe Lane Change,No Apparent Influence,No Apparent Influence,22.0,Male,East,Going Straight Ahead,No Improper Action,No Apparent Influence,No Apparent Influence,33.42193,-111.94289,2019-03-05,04:44:00
33275,3501440,2019,McClintock Dr,Broadway Rd,54.0,Unknown,0.0,0.0,No Injury,Angle - Other Than Left Turn 2,Dark Lighted,Clear,Dry,54.0,Female,Northwest,Making Left Turn,Made Improper Turn,No Apparent Influence,No Apparent Influence,50.0,Male,Northeast,Making Left Turn,No Improper Action,No Apparent Influence,No Apparent Influence,33.40765,-111.90912,2019-03-05,12:19:00
33276,3502360,2019,Elliot Rd,I-10 Exit 157 G-Ramp,50.0,Intersection Related 206,0.0,0.0,No Injury,Sideswipe Same Direction,Daylight,Clear,Dry,34.0,Male,South,Making Left Turn,Unknown,No Apparent Influence,No Apparent Influence,20.0,Male,South,Making Left Turn,Unknown,No Apparent Influence,No Apparent Influence,33.34908,-111.97267,2019-03-05,14:42:00
33277,3501974,2019,Rural Rd,Vista Del Cerro Dr,0.0,Intersection 4 Way 202,2.0,0.0,Suspected Minor Injury,Left Turn,Daylight,Clear,Dry,32.0,Female,East,Making Left Turn,Failed To Yield Right Of Way,No Apparent Influence,No Apparent Influence,23.0,Female,North,Going Straight Ahead,No Improper Action,No Apparent Influence,No Apparent Influence,33.41012,-111.92628,2019-03-05,15:21:00
33281,3501400,2019,Priest Dr,14th St,-64.0,Intersection Related 206,0.0,0.0,No Injury,Rear End,Daylight,Clear,Dry,30.0,Female,North,Going Straight Ahead,Followed Too Closely,No Apparent Influence,No Apparent Influence,23.0,Male,North,Stopped In Trafficway,No Improper Action,No Apparent Influence,No Apparent Influence,33.41299,-111.96082,2019-03-05,20:56:00
33283,3501090,2019,McClintock Dr,Carson Dr,143.0,Intersection Related 206,0.0,0.0,No Injury,Angle - Other Than Left Turn 2,Daylight,Clear,Dry,84.0,Male,East,Making Left Turn,Failed To Yield Right Of Way,No Apparent Influence,No Apparent Influence,21.0,Female,North,Going Straight Ahead,No Improper Action,No Apparent Influence,No Apparent Influence,33.38427,-111.90921,2019-03-05,21:53:00
33285,3501092,2019,Southern Ave,Roosevelt St,-200.0,Intersection Related 206,0.0,0.0,No Injury,Sideswipe Same Direction,Daylight,Clear,Dry,33.0,Female,East,Changing Lanes,Unsafe Lane Change,No Apparent Influence,No Apparent Influence,43.0,Male,East,Going Straight Ahead,No Improper Action,No Apparent Influence,No Apparent Influence,33.39285,-111.94848,2019-03-05,22:21:00
33286,3501415,2019,Southern Ave,Shafer Dr,0.0,Intersection 4 Way 202,0.0,0.0,No Injury,Left Turn,Daylight,Clear,Dry,51.0,Male,East,Making Left Turn,Failed To Yield Right Of Way,No Apparent Influence,No Apparent Influence,19.0,Male,West,Going Straight Ahead,No Improper Action,No Apparent Influence,No Apparent Influence,33.39286,-111.95687,2019-03-05,22:43:00
33287,3502342,2019,Broadway Rd,52nd St,144.0,Not Junction Related,0.0,0.0,No Injury,Angle - Other Than Left Turn 2,Daylight,Clear,Dry,38.0,Female,West,Unknown,Unknown,No Apparent Influence,No Apparent Influence,33.0,Female,West,Unknown,Unknown,No Apparent Influence,No Apparent Influence,33.40913,-111.96913,2019-03-05,23:44:00
33290,3501988,2019,McClintock Dr,Guadalupe Rd,0.0,Intersection 4 Way 202,1.0,0.0,Suspected Minor Injury,Left Turn,Dark Lighted,Clear,Dry,43.0,Female,Northwest,Making Left Turn,Failed To Yield Right Of Way,No Apparent Influence,No Apparent Influence,22.0,Male,South,Going Straight Ahead,Ran Stop Sign,No Apparent Influence,No Apparent Influence,33.36376,-111.91126,2019-03-06,01:53:00
33291,3505339,2019,Rio Salado Pkwy,Rural Rd,-30.0,Not Junction Related,0.0,0.0,No Injury,Rear End,Dark Lighted,Clear,Dry,23.0,Male,East,Going Straight Ahead,Followed Too Closely,No Apparent Influence,No Apparent Influence,24.0,Female,East,Stopped In Trafficway,No Improper Action,No Apparent Influence,No Apparent Influence,33.42885,-111.92639,2019-03-06,02:19:00
33292,3502340,2019,Broadway Rd,Terrace Rd,0.0,Intersection T Inter 203,0.0,0.0,No Injury,Rear End,Daylight,Clear,Dry,24.0,Female,West,Going Straight Ahead,Followed Too Closely,No Apparent Influence,No Apparent Influence,58.0,Male,West,Stopped In Trafficway,No Improper Action,No Apparent Influence,No Apparent Influence,33.40751,-111.92261,2019-03-06,14:25:00
33293,3502341,2019,Broadway Rd,Terrace Rd,0.0,Intersection T Inter 203,0.0,0.0,No Injury,Rear End,Daylight,Clear,Dry,58.0,Male,West,Going Straight Ahead,Followed Too Closely,No Apparent Influence,No Apparent Influence,22.0,Male,West,Stopped In Trafficway,No Improper Action,No Apparent Influence,No Apparent Influence,33.40751,-111.92261,2019-03-06,14:25:00
33296,3505293,2019,Scottsdale Rd,Rio Salado Pkwy,0.0,Intersection 4 Way 202,0.0,0.0,No Injury,Left Turn,Daylight,Cloudy,Dry,24.0,Male,North,Making Left Turn,Failed To Yield Right Of Way,No Apparent Influence,No Apparent Influence,30.0,Female,South,Going Straight Ahead,No Improper Action,No Apparent Influence,No Apparent Influence,33.42885,-111.92629,2019-03-06,15:54:00
33297,3505303,2019,Price Rd,Elliot Rd,0.0,Intersection 201,0.0,0.0,No Injury,Sideswipe Same Direction,Daylight,Clear,Dry,47.0,Female,South,Making Left Turn,Unknown,No Apparent Influence,No Apparent Influence,48.0,Male,South,Making Left Turn,Unknown,No Apparent Influence,No Apparent Influence,33.34934,-111.89437,2019-03-06,18:36:00
33298,3501982,2019,Price Rd,Broadway Rd,165.0,Intersection Related 206,0.0,0.0,No Injury,Sideswipe Same Direction,Daylight,Clear,Dry,41.0,Female,South,Changing Lanes,Unsafe Lane Change,No Apparent Influence,No Apparent Influence,77.0,Female,South,Going Straight Ahead,No Improper Action,No Apparent Influence,No Apparent Influence,33.40795,-111.892,2019-03-06,19:50:00
33301,3505327,2019,McClintock Dr,Randall Dr,-155.0,Not Junction Related,0.0,0.0,No Injury,Rear End,Daylight,Clear,Dry,33.0,Male,North,Changing Lanes,Unsafe Lane Change,No Apparent Influence,No Apparent Influence,67.0,Female,North,Going Straight Ahead,No Improper Action,No Apparent Influence,No Apparent Influence,33.41777,-111.90911,2019-03-06,22:36:00
33302,3502339,2019,Scottsdale Rd,McKellips Rd,0.0,Intersection 4 Way 202,2.0,0.0,Suspected Minor Injury,Left Turn,Daylight,Clear,Dry,77.0,Male,Southwest,Making Left Turn,Failed To Yield Right Of Way,No Apparent Influence,No Apparent Influence,29.0,Male,East,Going Straight Ahead,No Improper Action,No Apparent Influence,No Apparent Influence,33.45124,-111.92647,2019-03-06,22:41:00
33303,3501343,2019,Baseline Rd,Kyrene Rd,50.0,Not Junction Related,0.0,0.0,No Injury,Angle - Other Than Left Turn 2,Daylight,Clear,Dry,27.0,Female,East,Going Straight Ahead,No Improper Action,No Apparent Influence,No Apparent Influence,64.0,Male,North,Making Right Turn,No Improper Action,No Apparent Influence,No Apparent Influence,33.3782,-111.94582,2019-03-06,22:46:00
33306,3502335,2019,McClintock Dr,US-60 Exit 175 J-Ramp,-110.0,Intersection Related 206,0.0,0.0,No Injury,Rear End,Dark Lighted,Clear,Dry,23.0,Male,North,Going Straight Ahead,Speed To Fast For Conditions,No Apparent Influence,No Apparent Influence,35.0,Male,North,Stopped In Trafficway,No Improper Action,No Apparent Influence,No Apparent Influence,33.38594,-111.9092,2019-03-07,02:26:00
33307,3508031,2019,Apache Blvd,College Ave,0.0,Intersection 4 Way 202,0.0,0.0,No Injury,Left Turn,Dark Lighted,Clear,Dry,26.0,Male,West,Making Left Turn,Made Improper Turn,No Apparent Influence,No Apparent Influence,56.0,Female,East,Going Straight Ahead,No Improper Action,No Apparent Influence,No Apparent Influence,33.41468,-111.93496,2019-03-07,02:43:00
33308,3501425,2019,Priest Dr,SR-202 Exit 5 J-Ramp,0.0,Intersection 4 Way 202,0.0,0.0,No Injury,Angle - Other Than Left Turn 2,Dark Lighted,Clear,Dry,56.0,Male,South,Going Straight Ahead,Disregarded Traffic Signal,No Apparent Influence,No Apparent Influence,27.0,Male,West,Making Left Turn,No Improper Action,No Apparent Influence,No Apparent Influence,33.4385,-111.96084,2019-03-07,08:35:00
33310,3501356,2019,Apache Blvd,Martin Ln,0.0,Intersection 201,0.0,0.0,No Injury,Sideswipe Same Direction,Daylight,Clear,Dry,34.0,Male,East,Changing Lanes,Unsafe Lane Change,No Apparent Influence,No Apparent Influence,39.0,Female,East,Going Straight Ahead,No Improper Action,No Apparent Influence,No Apparent Influence,33.41477,-111.90157,2019-03-07,15:00:00
33312,3501986,2019,Rural Rd,Elliot Rd,0.0,Intersection 4 Way 202,2.0,0.0,Suspected Minor Injury,Left Turn,Daylight,Clear,Dry,23.0,Male,Northwest,Making Left Turn,Failed To Yield Right Of Way,No Apparent Influence,No Apparent Influence,65.0,Female,South,Going Straight Ahead,No Improper Action,No Apparent Influence,No Apparent Influence,33.34919,-111.92848,2019-03-07,21:29:00
33313,3505305,2019,Priest Dr,Alameda Dr,144.0,Unknown,0.0,0.0,No Injury,Rear End,Unknown 51,Unknown,Dry,56.0,Female,South,Going Straight Ahead,Followed Too Closely,No Apparent Influence,No Apparent Influence,48.0,Female,South,Stopped In Trafficway,No Improper Action,No Apparent Influence,No Apparent Influence,33.40054,-111.96077,2019-03-07,23:44:00
33314,3501218,2019,Apache Blvd,Forest Service 01 Tempe Ave,0.0,Intersection 4 Way 202,1.0,0.0,Suspected Minor Injury,Left Turn,Daylight,Clear,Dry,62.0,Male,East,Making Left Turn,Failed To Yield Right Of Way,No Apparent Influence,No Apparent Influence,21.0,Female,West,Going Straight Ahead,No Improper Action,No Apparent Influence,No Apparent Influence,33.41468,-111.9366,2019-03-08,00:00:00
33317,3505334,2019,Baseline Rd,Hardy Dr,0.0,Intersection 4 Way 202,0.0,0.0,No Injury,Angle - Other Than Left Turn 2,Dark Lighted,Unknown,Dry,24.0,Female,East,Going Straight Ahead,Disregarded Traffic Signal,No Apparent Influence,No Apparent Influence,46.0,Male,North,Going Straight Ahead,No Improper Action,No Apparent Influence,No Apparent Influence,33.37821,-111.95251,2019-03-08,04:47:00
33318,3506228,2019,Price Rd,Broadway Rd,-52.0,Not Junction Related,0.0,0.0,No Injury,Sideswipe Same Direction,Daylight,Clear,Dry,23.0,Female,South,Going Straight Ahead,Unknown,No Apparent Influence,No Apparent Influence,25.0,Male,South,Going Straight Ahead,Unknown,No Apparent Influence,No Apparent Influence,33.40735,-111.89201,2019-03-08,14:04:00
33321,3501964,2019,Priest Dr,Auto Dr,0.0,Intersection 4 Way 202,2.0,0.0,Possible Injury,Angle - Other Than Left Turn 2,Daylight,Cloudy,Dry,60.0,Male,South,Going Straight Ahead,Disregarded Traffic Signal,No Apparent Influence,No Apparent Influence,41.0,Male,West,Going Straight Ahead,No Improper Action,No Apparent Influence,No Apparent Influence,33.34548,-111.96315,2019-03-08,15:11:00
33323,3501241,2019,Baseline Rd,I-10 Exit 155 C2-Ramp,0.0,Intersection 4 Way 202,0.0,0.0,No Injury,Left Turn,Daylight,Cloudy,Dry,40.0,Male,East,Going Straight Ahead,Disregarded Traffic Signal,No Apparent Influence,No Apparent Influence,45.0,Male,North,Making Left Turn,No Improper Action,No Apparent Influence,No Apparent Influence,33.3783,-111.96738,2019-03-08,16:44:00
33328,3501359,2019,Broadway Rd,Hardy Dr,0.0,Intersection 4 Way 202,1.0,0.0,Possible Injury,Left Turn,Daylight,Clear,Dry,30.0,Female,East,Going Straight Ahead,Disregarded Traffic Signal,No Apparent Influence,No Apparent Influence,19.0,Female,West,Making Left Turn,Failed To Yield Right Of Way,No Apparent Influence,No Apparent Influence,33.40739,-111.95217,2019-03-08,23:06:00
33331,3506204,2019,Mill Ave,Pebble Beach Dr,91.0,Not Junction Related,0.0,0.0,No Injury,Angle - Other Than Left Turn 2,Daylight,Clear,Dry,26.0,Female,East,Making Left Turn,Failed To Yield Right Of Way,No Apparent Influence,No Apparent Influence,54.0,Female,South,Going Straight Ahead,No Improper Action,No Apparent Influence,No Apparent Influence,33.39095,-111.93956,2019-03-09,00:28:00
33333,3518869,2019,Dorsey Ln,Broadway Rd,-70.0,Intersection Related 206,0.0,0.0,No Injury,Other,Dark Lighted,Clear,Dry,18.0,Male,South,Making Right Turn,Speed To Fast For Conditions,No Apparent Influence,No Apparent Influence,22.0,Male,North,Stopped In Trafficway,No Improper Action,No Apparent Influence,No Apparent Influence,33.40731,-111.9177,2019-03-09,08:29:00
33334,3506323,2019,Broadway Rd,McClintock Dr,75.0,Driveway Or Alley,0.0,0.0,No Injury,Left Turn,Daylight,Clear,Dry,29.0,Female,South,Stopped In Trafficway,Failed To Yield Right Of Way,No Apparent Influence,No Apparent Influence,58.0,Male,West,Going Straight Ahead,No Improper Action,No Apparent Influence,No Apparent Influence,33.4075,-111.90888,2019-03-09,21:52:00
33337,3505328,2019,48th St,I-10 Cardinal Frontage,0.0,Intersection 201,2.0,0.0,Suspected Minor Injury,Angle - Other Than Left Turn 2,Dark Lighted,Clear,Dry,20.0,Female,East,Going Straight Ahead,Unknown,No Apparent Influence,No Apparent Influence,42.0,Female,North,Going Straight Ahead,Unknown,No Apparent Influence,No Apparent Influence,33.40932,-111.97822,2019-03-10,02:41:00
33340,3505400,2019,48th St,Sunland Ave,10.0,Unknown,0.0,0.0,No Injury,Unknown,Daylight,Unknown,Dry,44.0,Male,North,Unknown,Unknown,No Apparent Influence,No Apparent Influence,58.0,Male,South,Going Straight Ahead,No Improper Action,No Apparent Influence,No Apparent Influence,33.39593,-111.97833,2019-03-10,16:49:00
33341,3502332,2019,Rural Rd,Southern Ave,-15.0,Intersection Related 206,0.0,0.0,No Injury,Rear End,Daylight,Clear,Dry,38.0,Male,North,Slowing In Trafficway,Speed To Fast For Conditions,No Apparent Influence,No Apparent Influence,48.0,Male,North,Stopped In Trafficway,No Improper Action,No Apparent Influence,No Apparent Influence,33.39292,-111.92633,2019-03-10,20:10:00
33342,3502293,2019,Grove Pkwy,Priest Dr,50.0,Intersection Related 206,0.0,0.0,No Injury,Left Turn,Daylight,Clear,Dry,19.0,Male,South,Making Left Turn,Failed To Yield Right Of Way,No Apparent Influence,No Apparent Influence,31.0,Female,West,Going Straight Ahead,No Improper Action,No Apparent Influence,No Apparent Influence,33.35157,-111.96234,2019-03-10,20:29:00
33345,3506357,2019,Baseline Rd,Pointe Pkwy,0.0,Intersection 4 Way 202,2.0,0.0,Possible Injury,Left Turn,Dark Lighted,Clear,Dry,16.0,Male,East,Going Straight Ahead,Disregarded Traffic Signal,No Apparent Influence,No Apparent Influence,33.0,Male,South,Making Left Turn,No Improper Action,No Apparent Influence,No Apparent Influence,33.37822,-111.97199,2019-03-11,04:32:00
33346,3501963,2019,Broadway Rd,55th St,-30.0,Intersection Related 206,0.0,0.0,No Injury,Other,Daylight,Cloudy,Dry,35.0,Female,East,Backing,Other,No Apparent Influence,No Apparent Influence,38.0,Female,East,Stopped In Trafficway,No Improper Action,No Apparent Influence,No Apparent Influence,33.4076,-111.96592,2019-03-11,14:54:00
33349,3501326,2019,Rural Rd,Minton Dr,0.0,Intersection 4 Way 202,0.0,0.0,No Injury,Left Turn,Daylight,Clear,Dry,31.0,Male,Southeast,Making Left Turn,Failed To Yield Right Of Way,No Apparent Influence,No Apparent Influence,18.0,Female,North,Going Straight Ahead,No Improper Action,No Apparent Influence,No Apparent Influence,33.37989,-111.92842,2019-03-11,15:18:00
33350,3501985,2019,Rural Rd,Broadmor Dr,-100.0,Intersection Related 206,0.0,0.0,No Injury,Sideswipe Same Direction,Daylight,Clear,Dry,42.0,Female,North,Changing Lanes,Unsafe Lane Change,No Apparent Influence,No Apparent Influence,42.0,Male,North,Going Straight Ahead,No Improper Action,No Apparent Influence,No Apparent Influence,33.40325,-111.9263,2019-03-11,15:44:00
33351,3506217,2019,University Dr,Alpha Dr,-120.0,Not Junction Related,0.0,0.0,No Injury,Rear End,Daylight,Clear,Dry,21.0,Male,West,Going Straight Ahead,Speed To Fast For Conditions,No Apparent Influence,No Apparent Influence,60.0,Female,West,Going Straight Ahead,No Improper Action,No Apparent Influence,No Apparent Influence,33.42201,-111.92785,2019-03-11,18:39:00
33352,3501961,2019,Rural Rd,6th St,150.0,Intersection Related 206,0.0,0.0,No Injury,Rear End,Daylight,Cloudy,Dry,24.0,Female,South,Going Straight Ahead,Followed Too Closely,No Apparent Influence,No Apparent Influence,25.0,Male,South,Stopped In Trafficway,No Improper Action,No Apparent Influence,No Apparent Influence,33.42491,-111.9263,2019-03-11,21:54:00
33357,3505323,2019,Baseline Rd,Mill Ave,-72.0,Intersection Related 206,0.0,0.0,No Injury,Rear End,Daylight,Rain,Dry,35.0,Male,East,Going Straight Ahead,Speed To Fast For Conditions,No Apparent Influence,No Apparent Influence,45.0,Male,East,Stopped In Trafficway,No Improper Action,No Apparent Influence,No Apparent Influence,33.37822,-111.9396,2019-03-12,19:33:00
33358,3501318,2019,Lakeshore Dr,Baseline Rd,200.0,Driveway Or Alley,1.0,0.0,Suspected Minor Injury,Rear End,Daylight,Rain,Wet,19.0,Male,South,Going Straight Ahead,Followed Too Closely,No Apparent Influence,No Apparent Influence,62.0,Female,South,Making Left Turn,No Improper Action,No Apparent Influence,No Apparent Influence,33.37887,-111.92051,2019-03-12,20:23:00
33359,3501358,2019,Rural Rd,Minton Dr,0.0,Intersection 4 Way 202,0.0,0.0,No Injury,Left Turn,Daylight,Cloudy,Wet,17.0,Female,North,Going Straight Ahead,Speed To Fast For Conditions,No Apparent Influence,No Apparent Influence,38.0,Male,West,Making Left Turn,Unknown,No Apparent Influence,No Apparent Influence,33.37989,-111.92842,2019-03-12,20:49:00
33360,3505296,2019,Broadway Rd,Industrial Park Ave,-160.0,Intersection Related 206,0.0,0.0,No Injury,Rear End,Daylight,Rain,Wet,19.0,Female,East,Going Straight Ahead,Speed To Fast For Conditions,No Apparent Influence,No Apparent Influence,33.0,Male,East,Stopped In Trafficway,No Improper Action,No Apparent Influence,No Apparent Influence,33.40741,-111.9558,2019-03-12,20:57:00
33363,3485854,2019,University Dr,May St,0.0,Intersection Non Interchange,0.0,0.0,No Injury,Angle - Other Than Left Turn 2,Daylight,Clear,Dry,30.0,Female,Southeast,Making Left Turn,Failed To Yield Right Of Way,No Apparent Influence,No Apparent Influence,67.0,Female,West,Going Straight Ahead,No Improper Action,No Apparent Influence,No Apparent Influence,33.42212,-111.87873,2019-03-12,22:17:00
33365,3505306,2019,Baseline Rd,I-10 Exit 155 G-Ramp,0.0,Intersection 201,0.0,0.0,No Injury,Sideswipe Same Direction,Unknown 51,Unknown,Dry,21.0,Female,East,Changing Lanes,Unsafe Lane Change,No Apparent Influence,No Apparent Influence,43.0,Male,East,Going Straight Ahead,No Improper Action,No Apparent Influence,No Apparent Influence,33.37827,-111.96863,2019-03-12,23:08:00
33366,3505298,2019,Baseline Rd,Calle Los Cerros,-160.0,Intersection Related 206,0.0,0.0,No Injury,Rear End,Daylight,Cloudy,Wet,42.0,Male,East,Going Straight Ahead,Speed To Fast For Conditions,No Apparent Influence,No Apparent Influence,32.0,Female,East,Stopped In Trafficway,No Improper Action,No Apparent Influence,No Apparent Influence,33.37821,-111.97461,2019-03-12,23:22:00
33367,3504552,2019,Kyrene Rd,Guadalupe Rd,0.0,Intersection 4 Way 202,1.0,0.0,Suspected Minor Injury,Left Turn,Unknown 51,Unknown,Dry,22.0,Female,South,Making Left Turn,Failed To Yield Right Of Way,No Apparent Influence,No Apparent Influence,25.0,Female,North,Going Straight Ahead,No Improper Action,No Apparent Influence,No Apparent Influence,33.36366,-111.94589,2019-03-13,00:04:00
33369,3504553,2019,Baseline Rd,I-10 Exit 155 C2-Ramp,0.0,Intersection 201,0.0,0.0,No Injury,Sideswipe Same Direction,Unknown 51,Unknown,Dry,24.0,Male,East,Unknown,Disregarded Traffic Signal,No Apparent Influence,No Apparent Influence,34.0,Male,Northeast,Unknown,No Improper Action,No Apparent Influence,No Apparent Influence,33.3783,-111.96738,2019-03-13,01:20:00
33370,3488908,2019,Baseline Rd,Wendler Dr,152.0,Intersection 201,0.0,0.0,No Injury,Sideswipe Same Direction,Dusk,Cloudy,Dry,58.0,Female,East,Changing Lanes,Unsafe Lane Change,No Apparent Influence,No Apparent Influence,47.0,Male,East,Going Straight Ahead,No Improper Action,No Apparent Influence,No Apparent Influence,33.37826,-111.96929,2019-03-13,01:42:00
33371,3501372,2019,Farmer Ave,5th St,0.0,Intersection Related 206,0.0,0.0,No Injury,Unknown,Dark Not Lighted,Rain,Wet,59.0,Female,Unknown,Going Straight Ahead,Failed To Yield Right Of Way,No Apparent Influence,No Apparent Influence,48.0,Female,East,Going Straight Ahead,No Improper Action,No Apparent Influence,No Apparent Influence,33.42547,-111.94429,2019-03-13,02:18:00
33373,3505309,2019,Kyrene Rd,Calle Monte Vista Dr,100.0,Not Junction Related,0.0,0.0,No Injury,Sideswipe Same Direction,Daylight,Clear,Dry,48.0,Male,North,Changing Lanes,Unsafe Lane Change,No Apparent Influence,No Apparent Influence,43.0,Male,North,Going Straight Ahead,No Improper Action,No Apparent Influence,No Apparent Influence,33.33704,-111.94569,2019-03-13,14:37:00
33374,3505384,2019,Price Rd,Conference Dr,0.0,Intersection 201,1.0,0.0,Suspected Minor Injury,Angle - Other Than Left Turn 2,Daylight,Cloudy,Dry,16.0,Male,West,Going Straight Ahead,Failed To Yield Right Of Way,No Apparent Influence,No Apparent Influence,33.0,Female,South,Going Straight Ahead,No Improper Action,No Apparent Influence,No Apparent Influence,33.34297,-111.8939,2019-03-13,15:02:00
33375,3505282,2019,University Dr,Perry Ln,40.0,Not Junction Related,1.0,0.0,Suspected Minor Injury,Left Turn,Daylight,Clear,Dry,21.0,Female,West,Making Left Turn,Made Improper Turn,No Apparent Influence,No Apparent Influence,36.0,Male,East,Going Straight Ahead,No Improper Action,No Apparent Influence,No Apparent Influence,33.42205,-111.90474,2019-03-13,18:25:00
33380,3502366,2019,Priest Dr,SR-202 Cardinal Frontage,0.0,Entrance Exit Ramp 205,2.0,0.0,Suspected Minor Injury,Left Turn,Daylight,Clear,Dry,23.0,Male,North,Going Straight Ahead,Disregarded Traffic Signal,No Apparent Influence,No Apparent Influence,29.0,Male,South,Making Left Turn,No Improper Action,No Apparent Influence,No Apparent Influence,33.43715,-111.96094,2019-03-13,22:04:00
33381,3502056,2019,Mill Ave,Pebble Beach Dr,-158.0,Not Junction Related,0.0,0.0,No Injury,Rear End,Daylight,Clear,Dry,18.0,Female,South,Going Straight Ahead,Speed To Fast For Conditions,No Apparent Influence,No Apparent Influence,27.0,Male,South,Slowing In Trafficway,No Improper Action,No Apparent Influence,No Apparent Influence,33.39026,-111.93955,2019-03-13,22:24:00
33383,3501435,2019,Rural Rd,Rio Salado Pkwy,-112.0,Intersection Related 206,0.0,0.0,No Injury,Rear End,Daylight,Clear,Dry,44.0,Female,North,Going Straight Ahead,Followed Too Closely,No Apparent Influence,No Apparent Influence,19.0,Female,North,Stopped In Trafficway,No Improper Action,No Apparent Influence,No Apparent Influence,33.42854,-111.92629,2019-03-13,22:53:00
33385,3502055,2019,Guadalupe Rd,Price Rd,-210.0,Intersection Related 206,0.0,0.0,No Injury,Sideswipe Same Direction,Daylight,Clear,Dry,24.0,Male,East,Changing Lanes,Unsafe Lane Change,No Apparent Influence,No Apparent Influence,62.0,Male,East,Going Straight Ahead,No Improper Action,No Apparent Influence,No Apparent Influence,33.36386,-111.89535,2019-03-13,23:10:00