,Incident ID,Year,Street Name,Cross Street,Distance,Junction Relation,Total Injuries,Total Fatalities,Injury Severity,Collision Manner,Light Condition,Weather,Surface Condition,Age Driver 1,Gender Driver 1,Travel Direction One,Unit Action One,Violation1_Drv1,Alcohol Use Driver 1,Drug Use Driver 1,Age Driver 2,Gender Driver 2,Travel Direction Two,Unit Action Two,Violation 1 Driver 2,Alcohol Use Driver 2,Drug Use Driver 2,Latitude,Longitude,Date,Time
33638,3514502,2019,University Dr,Mill Ave,20.0,Intersection Related 206,0.0,0.0,No Injury,Sideswipe Same Direction,Dusk,Clear,Dry,43.0,Female,West,Changing Lanes,Unsafe Lane Change,No Apparent Influence,No Apparent Influence,23.0,Male,West,Stopped In Trafficway,No Improper Action,No Apparent Influence,No Apparent Influence,33.42194,-111.93995,2019-03-31,01:29:00
33639,3503831,2019,Rural Rd,Southern Ave,28.0,Intersection Related 206,0.0,0.0,No Injury,Rear End,Dark Lighted,Clear,Dry,27.0,Male,South,Unknown,Unknown,No Apparent Influence,No Apparent Influence,37.0,Male,South,Unknown,Unknown,No Apparent Influence,No Apparent Influence,33.39304,-111.92633,2019-03-31,03:19:00
33642,3517332,2019,Mill Ave,US-60 Exit 173 A-Ramp,45.0,Not Junction Related,0.0,0.0,No Injury,Rear End,Dark Lighted,Clear,Dry,27.0,Female,South,Going Straight Ahead,Speed To Fast For Conditions,Alcohol,No Apparent Influence,19.0,Male,South,Stopped In Trafficway,No Improper Action,No Apparent Influence,No Apparent Influence,33.38523,-111.93947,2019-03-31,08:29:00
33643,3506138,2019,Elliot Rd,I-10 Exit 157 C-Ramp,0.0,Intersection 201,0.0,0.0,No Injury,Angle - Other Than Left Turn 2,Daylight,Clear,Dry,42.0,Male,Northeast,Making Left Turn,Made Improper Turn,No Apparent Influence,No Apparent Influence,45.0,Female,Northeast,Making Left Turn,No Improper Action,No Apparent Influence,No Apparent Influence,33.3491,-111.97094,2019-03-31,16:13:00
33644,3503829,2019,McClintock Dr,SR-202 Exit 8 J-Ramp,0.0,Intersection T Inter 203,0.0,0.0,No Injury,Left Turn,Daylight,Clear,Dry,21.0,Male,North,Making Left Turn,Failed To Yield Right Of Way,No Apparent Influence,No Apparent Influence,23.0,Male,South,Going Straight Ahead,No Improper Action,No Apparent Influence,No Apparent Influence,33.43662,-111.90962,2019-03-31,21:25:00
33645,3503835,2019,Mill Ave,13th St,-60.0,Intersection Related 206,0.0,0.0,No Injury,Rear End,Daylight,Clear,Dry,22.0,Female,North,Going Straight Ahead,Followed Too Closely,No Apparent Influence,No Apparent Influence,30.0,Male,North,Stopped In Trafficway,No Improper Action,No Apparent Influence,No Apparent Influence,33.41459,-111.93991,2019-03-31,23:02:00
33646,3503828,2019,Price Rd,Broadway Rd,0.0,Intersection 4 Way 202,0.0,0.0,No Injury,Left Turn,Daylight,Clear,Dry,25.0,Male,North,Going Straight Ahead,Failed To Keep In Proper Lane,No Apparent Influence,No Apparent Influence,24.0,Male,North,Making Left Turn,No Improper Action,No Apparent Influence,No Apparent Influence,33.40748,-111.89033,2019-04-01,00:17:00
33647,3509304,2019,Elliot Rd,River Pkwy,75.0,Intersection Related 206,0.0,0.0,No Injury,Sideswipe Same Direction,Daylight,Clear,Dry,25.0,Male,West,Going Straight Ahead,Unsafe Lane Change,No Apparent Influence,No Apparent Influence,32.0,Male,West,Going Straight Ahead,No Improper Action,No Apparent Influence,No Apparent Influence,33.34928,-111.89766,2019-04-01,00:49:00
33649,3503800,2019,Harl Ave,Drake Dr,0.0,Intersection 4 Way 202,0.0,0.0,No Injury,Angle - Other Than Left Turn 2,Daylight,Clear,Dry,57.0,Male,North,Making Right Turn,Other,No Apparent Influence,No Apparent Influence,62.0,Male,North,Stopped In Trafficway,No Improper Action,No Apparent Influence,No Apparent Influence,33.3551,-111.9665,2019-04-01,13:22:00
33650,3503791,2019,Kyrene Rd,Elliot Rd,0.0,Intersection 4 Way 202,2.0,0.0,Suspected Minor Injury,Left Turn,Daylight,Clear,Dry,64.0,Male,South,Making Left Turn,Failed To Yield Right Of Way,No Apparent Influence,No Apparent Influence,29.0,Male,North,Going Straight Ahead,No Improper Action,No Apparent Influence,No Apparent Influence,33.3492,-111.94573,2019-04-01,15:31:00
33652,3505459,2019,Broadway Rd,Elm St,0.0,Intersection 201,0.0,0.0,No Injury,Left Turn,Dawn,Clear,Dry,18.0,Male,West,Making Left Turn,Failed To Yield Right Of Way,No Apparent Influence,No Apparent Influence,32.0,Male,East,Going Straight Ahead,No Improper Action,No Apparent Influence,No Apparent Influence,33.40751,-111.91325,2019-04-01,17:08:00
33653,3507996,2019,University Dr,Starley Dr,35.0,Not Junction Related,0.0,0.0,No Injury,Rear End,Daylight,Clear,Dry,23.0,Male,West,Going Straight Ahead,Speed To Fast For Conditions,No Apparent Influence,No Apparent Influence,32.0,Female,West,Slowing In Trafficway,No Improper Action,No Apparent Influence,No Apparent Influence,33.42193,-111.95764,2019-04-01,18:16:00
33654,3507993,2019,Mill Ave,Bonita Way,200.0,Intersection Related 206,0.0,0.0,No Injury,Rear End,Daylight,Clear,Unknown,27.0,Male,South,Going Straight Ahead,Unknown,No Apparent Influence,No Apparent Influence,20.0,Female,South,Going Straight Ahead,Unknown,No Apparent Influence,No Apparent Influence,33.40921,-111.93984,2019-04-01,19:13:00
33657,3507995,2019,Elliot Rd,Priest Dr,-30.0,Intersection Related 206,0.0,0.0,No Injury,Rear End,Daylight,Clear,Dry,53.0,Female,East,Going Straight Ahead,Speed To Fast For Conditions,No Apparent Influence,No Apparent Influence,65.0,Female,East,Stopped In Trafficway,No Improper Action,No Apparent Influence,No Apparent Influence,33.3491,-111.96323,2019-04-01,20:13:00
33659,3503824,2019,Apache Blvd,McClintock Dr,90.0,Intersection Related 206,0.0,0.0,No Injury,Rear End,Daylight,Clear,Dry,20.0,Male,West,Going Straight Ahead,Speed To Fast For Conditions,No Apparent Influence,No Apparent Influence,23.0,Male,West,Stopped In Trafficway,No Improper Action,No Apparent Influence,No Apparent Influence,33.41476,-111.90884,2019-04-01,22:00:00
33661,3508054,2019,Scottsdale Rd,Curry Rd,-75.0,Intersection Related 206,1.0,0.0,Possible Injury,Rear End,Daylight,Clear,Dry,52.0,Male,South,Going Straight Ahead,Speed To Fast For Conditions,No Apparent Influence,No Apparent Influence,45.0,Male,South,Stopped In Trafficway,No Improper Action,No Apparent Influence,No Apparent Influence,33.44009,-111.92633,2019-04-01,22:35:00
33662,3507994,2019,University Dr,52nd St,0.0,Intersection 4 Way 202,0.0,0.0,No Injury,Left Turn,Daylight,Clear,Dry,23.0,Female,North,Making Left Turn,Failed To Yield Right Of Way,No Apparent Influence,No Apparent Influence,23.0,Male,South,Going Straight Ahead,No Improper Action,No Apparent Influence,No Apparent Influence,33.42194,-111.96957,2019-04-01,22:59:00
33666,3503793,2019,Warner Rd,Priest Dr,135.0,Not Junction Related,0.0,0.0,No Injury,Angle - Other Than Left Turn 2,Daylight,Clear,Dry,22.0,Male,Southeast,Making Left Turn,Failed To Yield Right Of Way,No Apparent Influence,No Apparent Influence,60.0,Male,West,Going Straight Ahead,No Improper Action,No Apparent Influence,No Apparent Influence,33.33453,-111.96268,2019-04-02,00:15:00
33667,3507953,2019,University Dr,River Dr,-77.0,Intersection Related 206,0.0,0.0,No Injury,Rear End,Daylight,Clear,Dry,31.0,Male,East,Going Straight Ahead,Followed Too Closely,No Apparent Influence,No Apparent Influence,23.0,Female,East,Stopped In Trafficway,No Improper Action,No Apparent Influence,No Apparent Influence,33.42209,-111.89561,2019-04-02,00:20:00
33669,3509280,2019,Rural Rd,Guadalupe Rd,0.0,Intersection 4 Way 202,0.0,0.0,No Injury,Left Turn,Unknown 51,Clear,Dry,43.0,Male,North,Unknown,Disregarded Traffic Signal,No Apparent Influence,No Apparent Influence,26.0,Male,South,Unknown,Unknown,No Apparent Influence,No Apparent Influence,33.36375,-111.92861,2019-04-02,04:40:00
33671,3503827,2019,University Dr,McClintock Dr,225.0,Driveway Or Alley,0.0,0.0,No Injury,Angle - Other Than Left Turn 2,Daylight,Clear,Dry,19.0,Male,West,Making Right Turn,Failed To Yield Right Of Way,No Apparent Influence,No Apparent Influence,64.0,Female,South,Going Straight Ahead,No Improper Action,No Apparent Influence,No Apparent Influence,33.422,-111.90835,2019-04-02,15:18:00
33673,3505456,2019,Warner Rd,Rural Rd,0.0,Intersection 201,2.0,0.0,Suspected Minor Injury,Left Turn,Daylight,Clear,Dry,73.0,Male,East,Making Left Turn,Failed To Yield Right Of Way,No Apparent Influence,No Apparent Influence,57.0,Female,West,Going Straight Ahead,No Improper Action,No Apparent Influence,No Apparent Influence,33.33466,-111.92841,2019-04-02,19:21:00
33675,3505433,2019,Mill Ave,3rd St,-102.0,Intersection Related 206,0.0,0.0,No Injury,U Turn,Daylight,Clear,Dry,52.0,Male,North,Making U Turn,Unsafe Lane Change,No Apparent Influence,No Apparent Influence,30.0,Male,North,Going Straight Ahead,No Improper Action,No Apparent Influence,No Apparent Influence,33.42711,-111.94003,2019-04-02,21:18:00
33676,3509299,2019,Stanley Pl,Guadalupe Rd,-123.0,Not Junction Related,0.0,0.0,No Injury,Rear End,Dusk,Clear,Dry,69.0,Female,South,Going Straight Ahead,Speed To Fast For Conditions,No Apparent Influence,No Apparent Influence,22.0,Male,South,Properly Parked,No Improper Action,No Apparent Influence,No Apparent Influence,33.36343,-111.92191,2019-04-02,22:16:00
33678,3505436,2019,Kyrene Rd,Guadalupe Rd,-82.0,Intersection Related 206,0.0,0.0,No Injury,Rear End,Daylight,Clear,Dry,39.0,Female,North,Going Straight Ahead,Followed Too Closely,No Apparent Influence,No Apparent Influence,40.0,Male,North,Stopped In Trafficway,No Improper Action,No Apparent Influence,No Apparent Influence,33.36343,-111.94589,2019-04-03,00:07:00
33679,3503802,2019,Broadway Rd,I-10 Cardinal Frontage,0.0,Intersection 4 Way 202,0.0,0.0,No Injury,Angle - Other Than Left Turn 2,Unknown 51,Unknown,Dry,49.0,Male,East,Making U Turn,Made Improper Turn,No Apparent Influence,No Apparent Influence,51.0,Male,West,Going Straight Ahead,No Improper Action,No Apparent Influence,No Apparent Influence,33.40845,-111.9736,2019-04-03,00:08:00
33680,3505462,2019,Elliot Rd,I-10 Exit 157 C-Ramp,165.0,Intersection Related 206,0.0,0.0,No Injury,Sideswipe Same Direction,Dark Lighted,Clear,Dry,22.0,Male,East,Changing Lanes,Unsafe Lane Change,No Apparent Influence,No Apparent Influence,35.0,Male,East,Going Straight Ahead,No Improper Action,No Apparent Influence,No Apparent Influence,33.34909,-111.9704,2019-04-03,11:40:00
33681,3516977,2019,Elliot Rd,I-10 Exit 157 J-Ramp,125.0,Intersection Related 206,0.0,0.0,No Injury,Rear End,Dark Lighted,Clear,Dry,61.0,Female,East,Changing Lanes,Unsafe Lane Change,No Apparent Influence,No Apparent Influence,32.0,Male,East,Going Straight Ahead,No Improper Action,No Apparent Influence,No Apparent Influence,33.34909,-111.97053,2019-04-03,11:47:00
33683,3503803,2019,University Dr,Mill Ave,72.0,Intersection Related 206,0.0,0.0,No Injury,Rear End,Daylight,Clear,Dry,22.0,Female,West,Going Straight Ahead,Followed Too Closely,No Apparent Influence,No Apparent Influence,23.0,Male,West,Stopped In Trafficway,No Improper Action,No Apparent Influence,No Apparent Influence,33.42194,-111.93978,2019-04-03,18:50:00
33684,3508098,2019,University Dr,52nd St,0.0,Intersection 4 Way 202,0.0,0.0,No Injury,Left Turn,Daylight,Clear,Dry,28.0,Male,West,Making Left Turn,Failed To Yield Right Of Way,No Apparent Influence,No Apparent Influence,29.0,Male,East,Going Straight Ahead,No Improper Action,No Apparent Influence,No Apparent Influence,33.42194,-111.96957,2019-04-03,18:57:00
33685,3508006,2019,University Dr,Lindon Ln,180.0,Not Junction Related,0.0,0.0,No Injury,Sideswipe Same Direction,Daylight,Clear,Dry,21.0,Female,East,Changing Lanes,Unsafe Lane Change,No Apparent Influence,No Apparent Influence,52.0,Male,East,Going Straight Ahead,No Improper Action,No Apparent Influence,No Apparent Influence,33.42194,-111.96465,2019-04-03,19:03:00
33686,3508002,2019,Kyrene Rd,Guadalupe Rd,100.0,Intersection Related 206,0.0,0.0,No Injury,Sideswipe Same Direction,Daylight,Clear,Dry,83.0,Female,North,Changing Lanes,Unsafe Lane Change,No Apparent Influence,No Apparent Influence,61.0,Male,North,Going Straight Ahead,No Improper Action,No Apparent Influence,No Apparent Influence,33.36393,-111.9459,2019-04-03,19:09:00
33687,3507959,2019,Rural Rd,Alameda Dr,155.0,Intersection Related 206,0.0,0.0,No Injury,Rear End,Daylight,Clear,Dry,30.0,Male,South,Going Straight Ahead,Speed To Fast For Conditions,No Apparent Influence,Drugs,44.0,Male,South,Stopped In Trafficway,No Improper Action,No Apparent Influence,No Apparent Influence,33.40065,-111.92631,2019-04-03,19:35:00
33688,3505442,2019,University Dr,Mill Ave,30.0,Intersection Related 206,1.0,0.0,Possible Injury,Rear End,Unknown 51,Unknown,Dry,25.0,Male,West,Going Straight Ahead,Followed Too Closely,No Apparent Influence,No Apparent Influence,39.0,Male,West,Stopped In Trafficway,No Improper Action,No Apparent Influence,No Apparent Influence,33.42194,-111.93992,2019-04-03,20:25:00
33689,3508000,2019,Baseline Rd,Wendler Dr,54.0,Intersection Related 206,1.0,0.0,Suspected Minor Injury,Rear End,Daylight,Clear,Dry,20.0,Male,East,Going Straight Ahead,Followed Too Closely,No Apparent Influence,No Apparent Influence,50.0,Female,East,Stopped In Trafficway,No Improper Action,No Apparent Influence,No Apparent Influence,33.37826,-111.96961,2019-04-03,20:38:00
33690,3508001,2019,Mill Ave,3rd St,-145.0,Not Junction Related,2.0,0.0,Suspected Minor Injury,Rear End,Daylight,Clear,Dry,46.0,Male,North,Going Straight Ahead,Followed Too Closely,No Apparent Influence,No Apparent Influence,76.0,Male,North,Stopped In Trafficway,No Improper Action,No Apparent Influence,No Apparent Influence,33.42699,-111.94003,2019-04-03,20:54:00
33691,3507998,2019,Southern Ave,Fair Ln,-123.0,Driveway Or Alley,0.0,0.0,No Injury,Angle - Other Than Left Turn 2,Daylight,Clear,Dry,41.0,Male,Southwest,Making Right Turn,Failed To Yield Right Of Way,No Apparent Influence,No Apparent Influence,61.0,Male,West,Going Straight Ahead,No Improper Action,No Apparent Influence,No Apparent Influence,33.39278,-111.97641,2019-04-03,22:37:00
33692,3508055,2019,Priest Dr,Warner Rd,-175.0,Driveway Or Alley,2.0,0.0,Suspected Minor Injury,Angle - Other Than Left Turn 2,Unknown 51,Unknown,Dry,31.0,Female,North,Making Left Turn,Failed To Yield Right Of Way,No Apparent Influence,No Apparent Influence,27.0,Male,South,Going Straight Ahead,No Improper Action,No Apparent Influence,No Apparent Influence,33.33404,-111.96311,2019-04-03,22:56:00
33697,3507966,2019,Mill Ave,Broadway Rd,50.0,Intersection Related 206,0.0,0.0,No Injury,Rear End,Dark Lighted,Clear,Dry,20.0,Male,South,Going Straight Ahead,Speed To Fast For Conditions,No Apparent Influence,No Apparent Influence,22.0,Female,South,Stopped In Trafficway,No Improper Action,No Apparent Influence,No Apparent Influence,33.40754,-111.93983,2019-04-04,02:19:00
33698,3508052,2019,University Dr,Rural Rd,145.0,Driveway Or Alley,0.0,0.0,No Injury,Angle - Other Than Left Turn 2,Dark Lighted,Clear,Dry,21.0,Female,Northwest,Making Left Turn,Failed To Yield Right Of Way,No Apparent Influence,No Apparent Influence,63.0,Female,West,Slowing In Trafficway,No Improper Action,No Apparent Influence,No Apparent Influence,33.42203,-111.92584,2019-04-04,05:28:00
33699,3505422,2019,University Dr,Mill Ave,0.0,Intersection 201,0.0,0.0,No Injury,Angle - Other Than Left Turn 2,Dark Lighted,Clear,Dry,30.0,Male,West,Going Straight Ahead,Disregarded Traffic Signal,No Apparent Influence,No Apparent Influence,27.0,Male,South,Going Straight Ahead,No Improper Action,No Apparent Influence,No Apparent Influence,33.42193,-111.94002,2019-04-04,09:11:00
33701,3505454,2019,Baseline Rd,Calle Los Cerros,60.0,Intersection Related 206,1.0,0.0,Possible Injury,Rear End,Daylight,Clear,Dry,36.0,Female,West,Going Straight Ahead,Followed Too Closely,No Apparent Influence,No Apparent Influence,41.0,Female,West,Stopped In Trafficway,No Improper Action,No Apparent Influence,No Apparent Influence,33.37821,-111.97389,2019-04-04,15:07:00
33705,3507988,2019,University Dr,McAllister Ave,221.0,Railway Grade Crossing,2.0,0.0,Possible Injury,Rear End,Daylight,Clear,Dry,29.0,Male,West,Slowing In Trafficway,Followed Too Closely,No Apparent Influence,No Apparent Influence,22.0,Female,West,Stopped In Trafficway,No Improper Action,No Apparent Influence,No Apparent Influence,33.42201,-111.92822,2019-04-04,17:39:00
33706,3507997,2019,Mill Ave,Southern Ave,0.0,Intersection 4 Way 202,0.0,0.0,No Injury,Sideswipe Same Direction,Daylight,Clear,Dry,39.0,Female,South,Changing Lanes,Unsafe Lane Change,No Apparent Influence,No Apparent Influence,57.0,Male,South,Going Straight Ahead,No Improper Action,No Apparent Influence,No Apparent Influence,33.39286,-111.9396,2019-04-04,19:11:00
33707,3508573,2019,Rural Rd,Westchester Dr,-125.0,Not Junction Related,0.0,0.0,No Injury,Rear End,Daylight,Cloudy,Dry,29.0,Male,South,Going Straight Ahead,Followed Too Closely,No Apparent Influence,No Apparent Influence,86.0,Female,South,Slowing In Trafficway,No Improper Action,No Apparent Influence,No Apparent Influence,33.36704,-111.92862,2019-04-04,20:06:00
33708,3507984,2019,Broadway Rd,Price Rd,120.0,Intersection Related 206,0.0,0.0,No Injury,Rear End,Unknown 51,Unknown,Dry,46.0,Male,West,Overtaking Passing,Unsafe Lane Change,No Apparent Influence,No Apparent Influence,36.0,Male,West,Stopped In Trafficway,No Improper Action,No Apparent Influence,No Apparent Influence,33.40749,-111.88994,2019-04-04,20:49:00
33709,3508094,2019,McClintock Dr,3rd St,-38.0,Intersection Related 206,1.0,0.0,Possible Injury,Rear End,Daylight,Clear,Dry,26.0,Male,North,Going Straight Ahead,Speed To Fast For Conditions,No Apparent Influence,No Apparent Influence,74.0,Female,North,Stopped In Trafficway,No Improper Action,No Apparent Influence,No Apparent Influence,33.42729,-111.90906,2019-04-04,20:51:00
33713,3505408,2019,Broadway Rd,I-10 Exit 153 G-Ramp,-30.0,Intersection Related 206,0.0,0.0,No Injury,Sideswipe Same Direction,Daylight,Clear,Dry,22.0,Male,East,Going Straight Ahead,Followed Too Closely,No Apparent Influence,No Apparent Influence,42.0,Female,South,Making Right Turn,No Improper Action,No Apparent Influence,No Apparent Influence,33.40842,-111.97369,2019-04-04,22:54:00
33714,3508051,2019,Mill Ave,Ellis Dr,-180.0,Driveway Or Alley,0.0,0.0,No Injury,Angle - Other Than Left Turn 2,Daylight,Clear,Dry,23.0,Female,East,Making Left Turn,Failed To Yield Right Of Way,No Apparent Influence,No Apparent Influence,53.0,Female,South,Going Straight Ahead,No Improper Action,No Apparent Influence,No Apparent Influence,33.38014,-111.9394,2019-04-05,00:18:00
33716,3507992,2019,Scottsdale Rd,McKellips Rd,0.0,Intersection 4 Way 202,2.0,0.0,Suspected Minor Injury,Left Turn,Unknown 51,Unknown,Dry,19.0,Male,West,Making Left Turn,Failed To Yield Right Of Way,No Apparent Influence,No Apparent Influence,29.0,Male,East,Going Straight Ahead,No Improper Action,No Apparent Influence,No Apparent Influence,33.45124,-111.92647,2019-04-05,00:55:00
33720,3507965,2019,Elliot Rd,McClintock Dr,0.0,Intersection 4 Way 202,0.0,0.0,No Injury,Sideswipe Same Direction,Dark Lighted,Clear,Dry,21.0,Male,East,Changing Lanes,Failed To Keep In Proper Lane,No Apparent Influence,No Apparent Influence,16.0,Male,East,Going Straight Ahead,No Improper Action,No Apparent Influence,No Apparent Influence,33.34913,-111.91119,2019-04-05,02:20:00
33724,3508059,2019,Mill Ave,Baseline Rd,0.0,Intersection 201,1.0,0.0,Possible Injury,Unknown,Unknown 51,Unknown,Dry,50.0,Male,South,Going Straight Ahead,Disregarded Traffic Signal,No Apparent Influence,No Apparent Influence,38.0,Female,South,Going Straight Ahead,No Improper Action,No Apparent Influence,No Apparent Influence,33.37821,-111.93937,2019-04-05,13:32:00
33725,3508600,2019,Rural Rd,Lemon St,52.0,Intersection Related 206,1.0,0.0,Suspected Minor Injury,Rear End,Daylight,Clear,Dry,29.0,Male,South,Going Straight Ahead,Followed Too Closely,No Apparent Influence,No Apparent Influence,26.0,Male,South,Stopped In Trafficway,No Improper Action,No Apparent Influence,No Apparent Influence,33.41698,-111.9263,2019-04-05,16:42:00
33726,3507987,2019,Broadway Rd,Price Rd,60.0,Intersection Related 206,1.0,0.0,Possible Injury,Rear End,Unknown 51,Unknown,Dry,70.0,Female,West,Going Straight Ahead,Followed Too Closely,No Apparent Influence,No Apparent Influence,23.0,Female,West,Stopped In Trafficway,No Improper Action,No Apparent Influence,No Apparent Influence,33.40748,-111.89014,2019-04-05,19:55:00
33728,3507982,2019,Rural Rd,Encanto Dr,-78.0,Intersection Related 206,0.0,0.0,No Injury,Rear End,Unknown 51,Unknown,Dry,38.0,Male,North,Going Straight Ahead,Followed Too Closely,No Apparent Influence,Drugs,30.0,Male,North,Going Straight Ahead,No Improper Action,No Apparent Influence,No Apparent Influence,33.40955,-111.92628,2019-04-05,20:57:00
33729,3507981,2019,Williams St,Elm St,101.0,Driveway Or Alley,0.0,0.0,No Injury,Rear End,Unknown 51,Unknown,Dry,38.0,Male,East,Going Straight Ahead,Followed Too Closely,No Apparent Influence,Drugs,79.0,Female,East,Slowing In Trafficway,No Improper Action,No Apparent Influence,No Apparent Influence,33.41258,-111.91213,2019-04-05,21:00:00
33730,3507979,2019,Price Rd,Elliot Rd,25.0,Intersection Related 206,0.0,0.0,No Injury,Sideswipe Same Direction,Daylight,Clear,Dry,38.0,Male,South,Overtaking Passing,Failed To Keep In Proper Lane,No Apparent Influence,No Apparent Influence,32.0,Male,South,Stopped In Trafficway,No Improper Action,No Apparent Influence,No Apparent Influence,33.34941,-111.89437,2019-04-05,21:07:00
33731,3508556,2019,Rural Rd,Westchester Dr,38.0,Intersection Related 206,0.0,0.0,No Injury,Sideswipe Same Direction,Daylight,Clear,Dry,88.0,Male,South,Going Straight Ahead,Failed To Keep In Proper Lane,No Apparent Influence,No Apparent Influence,26.0,Female,South,Going Straight Ahead,No Improper Action,No Apparent Influence,No Apparent Influence,33.36749,-111.92863,2019-04-05,21:31:00
33735,3516870,2019,McClintock Dr,8th St,-15.0,Not Junction Related,0.0,0.0,No Injury,Sideswipe Same Direction,Daylight,Clear,Dry,20.0,Male,South,Changing Lanes,Unsafe Lane Change,No Apparent Influence,No Apparent Influence,21.0,Male,South,Going Straight Ahead,No Improper Action,No Apparent Influence,No Apparent Influence,33.41948,-111.9091,2019-04-05,23:27:00
33736,3503785,2019,Priest Dr,Auto Dr,0.0,Intersection 4 Way 202,1.0,0.0,Suspected Minor Injury,Angle - Other Than Left Turn 2,Daylight,Clear,Dry,29.0,Female,South,Going Straight Ahead,Disregarded Traffic Signal,No Apparent Influence,No Apparent Influence,23.0,Male,West,Going Straight Ahead,No Improper Action,No Apparent Influence,No Apparent Influence,33.34548,-111.96315,2019-04-05,23:29:00
33737,3508058,2019,Southern Ave,Rural Rd,-24.0,Not Junction Related,0.0,0.0,No Injury,Rear End,Daylight,Clear,Dry,25.0,Male,West,Going Straight Ahead,Followed Too Closely,No Apparent Influence,No Apparent Influence,53.0,Female,West,Stopped In Trafficway,No Improper Action,No Apparent Influence,No Apparent Influence,33.39296,-111.9264,2019-04-05,23:30:00
33738,3507991,2019,Rural Rd,US-60 Exit 174 G-Ramp,-94.0,Intersection Related 206,2.0,0.0,Possible Injury,Rear End,Unknown 51,Unknown,Dry,30.0,Male,North,Slowing In Trafficway,Followed Too Closely,No Apparent Influence,No Apparent Influence,29.0,Male,North,Stopped In Trafficway,No Improper Action,No Apparent Influence,No Apparent Influence,33.38476,-111.92649,2019-04-06,00:18:00
33739,3507990,2019,Southern Ave,Hardy Dr,0.0,Intersection 4 Way 202,1.0,0.0,Suspected Minor Injury,Unknown,Daylight,Clear,Dry,62.0,Male,West,Going Straight Ahead,Disregarded Traffic Signal,No Apparent Influence,No Apparent Influence,36.0,Female,East,Making Left Turn,No Improper Action,No Apparent Influence,No Apparent Influence,33.39286,-111.95198,2019-04-06,00:54:00
33740,3507975,2019,Apache Blvd,Forest Service 01 Tempe Ave,0.0,Intersection T Inter 203,0.0,0.0,No Injury,Rear End,Dark Lighted,Clear,Dry,28.0,Male,North,Making Left Turn,Unsafe Lane Change,No Apparent Influence,No Apparent Influence,19.0,Male,East,Going Straight Ahead,No Improper Action,No Apparent Influence,No Apparent Influence,33.41468,-111.9366,2019-04-06,05:34:00
33743,3508022,2019,Beck Ave,Baseline Rd,-25.0,Intersection T Inter 203,0.0,0.0,No Injury,Rear End,Dark Lighted,Clear,Dry,27.0,Female,North,Going Straight Ahead,Speed To Fast For Conditions,No Apparent Influence,No Apparent Influence,17.0,Male,North,Going Straight Ahead,No Improper Action,No Apparent Influence,No Apparent Influence,33.37817,-111.95975,2019-04-06,06:55:00
33745,3507967,2019,Price Rd,Broadway Rd,160.0,Intersection Related 206,2.0,0.0,Suspected Minor Injury,Rear End,Dark Lighted,Clear,Dry,24.0,Female,South,Going Straight Ahead,Followed Too Closely,No Apparent Influence,No Apparent Influence,56.0,Female,South,Stopped In Trafficway,No Improper Action,No Apparent Influence,No Apparent Influence,33.40794,-111.892,2019-04-06,11:30:00
33746,3505403,2019,Guadalupe Rd,Kyrene Rd,-150.0,Intersection Related 206,0.0,0.0,No Injury,Angle - Other Than Left Turn 2,Daylight,Clear,Dry,29.0,Male,East,Going Straight Ahead,Speed To Fast For Conditions,No Apparent Influence,No Apparent Influence,59.0,Male,East,Going Straight Ahead,No Improper Action,No Apparent Influence,No Apparent Influence,33.36366,-111.94639,2019-04-06,13:50:00
33747,3505399,2019,Rio Salado Pkwy,Price Rd,0.0,Intersection 201,0.0,0.0,No Injury,Left Turn,Daylight,Clear,Dry,19.0,Male,North,Making Left Turn,Failed To Yield Right Of Way,No Apparent Influence,No Apparent Influence,23.0,Female,West,Going Straight Ahead,No Improper Action,No Apparent Influence,No Apparent Influence,33.42931,-111.89026,2019-04-06,14:47:00
33749,3503818,2019,McClintock Dr,Guadalupe Rd,0.0,Intersection 4 Way 202,0.0,0.0,No Injury,Left Turn,Daylight,Clear,Dry,68.0,Male,Northwest,Making Left Turn,Failed To Yield Right Of Way,No Apparent Influence,No Apparent Influence,41.0,Male,South,Going Straight Ahead,No Improper Action,No Apparent Influence,No Apparent Influence,33.36376,-111.91126,2019-04-06,19:34:00
33750,3514391,2019,Rio Salado Pkwy,McClintock Dr,-163.0,Intersection Related 206,0.0,0.0,No Injury,Rear End,Daylight,Clear,Dry,19.0,Male,East,Going Straight Ahead,Followed Too Closely,No Apparent Influence,No Apparent Influence,24.0,Male,East,Stopped In Trafficway,No Improper Action,No Apparent Influence,No Apparent Influence,33.42919,-111.9096,2019-04-06,19:50:00
33751,3508014,2019,Scottsdale Rd,Lilac Dr,26.0,Not Junction Related,1.0,0.0,Possible Injury,Rear End,Daylight,Unknown,Dry,51.0,Male,North,Going Straight Ahead,Speed To Fast For Conditions,No Apparent Influence,No Apparent Influence,26.0,Female,North,Slowing In Trafficway,No Improper Action,No Apparent Influence,No Apparent Influence,33.44883,-111.92647,2019-04-06,20:17:00
33752,3507985,2019,Price Rd,University Dr,25.0,Intersection Related 206,0.0,0.0,No Injury,Rear End,Daylight,Clear,Dry,19.0,Female,South,Going Straight Ahead,Followed Too Closely,No Apparent Influence,No Apparent Influence,43.0,Male,South,Stopped In Trafficway,No Improper Action,No Apparent Influence,No Apparent Influence,33.42208,-111.89195,2019-04-06,22:05:00