,Incident ID,Year,Street Name,Cross Street,Distance,Junction Relation,Total Injuries,Total Fatalities,Injury Severity,Collision Manner,Light Condition,Weather,Surface Condition,Age Driver 1,Gender Driver 1,Travel Direction One,Unit Action One,Violation1_Drv1,Alcohol Use Driver 1,Drug Use Driver 1,Age Driver 2,Gender Driver 2,Travel Direction Two,Unit Action Two,Violation 1 Driver 2,Alcohol Use Driver 2,Drug Use Driver 2,Latitude,Longitude,Date,Time
33753,3508561,2019,Southern Ave,Price Rd,-200.0,Not Junction Related,1.0,0.0,Possible Injury,Unknown,Daylight,Clear,Dry,89.0,Female,Unknown,Unknown,Unknown,No Apparent Influence,No Apparent Influence,25.0,Female,Unknown,Unknown,Unknown,No Apparent Influence,No Apparent Influence,33.39297,-111.89268,2019-04-06,22:10:00
33756,3508628,2019,Rural Rd,Alameda Dr,50.0,Intersection Related 206,0.0,0.0,No Injury,Sideswipe Same Direction,Dusk,Clear,Dry,23.0,Male,South,Unknown,Unknown,No Apparent Influence,No Apparent Influence,40.0,Female,South,Unknown,Unknown,No Apparent Influence,No Apparent Influence,33.40036,-111.92631,2019-04-07,00:59:00
33758,3516938,2019,Apache Blvd,College Ave,0.0,Intersection 4 Way 202,0.0,0.0,No Injury,Left Turn,Dark Lighted,Clear,Dry,18.0,Male,South,Making Left Turn,Failed To Yield Right Of Way,No Apparent Influence,No Apparent Influence,23.0,Male,East,Going Straight Ahead,No Improper Action,No Apparent Influence,No Apparent Influence,33.41468,-111.93496,2019-04-07,06:50:00
33760,3507963,2019,Rural Rd,Broadway Rd,100.0,Intersection Related 206,1.0,0.0,Possible Injury,Rear End,Daylight,Clear,Dry,73.0,Male,South,Going Straight Ahead,Followed Too Closely,No Apparent Influence,No Apparent Influence,32.0,Male,South,Stopped In Trafficway,No Improper Action,No Apparent Influence,No Apparent Influence,33.40778,-111.92628,2019-04-07,18:26:00
33762,3508066,2019,Priest Dr,Grove Pkwy,-75.0,Intersection Related 206,0.0,0.0,No Injury,Rear End,Daylight,Clear,Dry,18.0,Female,South,Going Straight Ahead,Followed Too Closely,No Apparent Influence,No Apparent Influence,32.0,Female,South,Stopped In Trafficway,No Improper Action,No Apparent Influence,No Apparent Influence,33.35162,-111.96264,2019-04-07,20:36:00
33763,3509286,2019,23rd St,Hardy Dr,-50.0,Intersection Related 206,0.0,0.0,No Injury,Angle - Other Than Left Turn 2,Daylight,Clear,Dry,50.0,Female,East,Going Straight Ahead,No Improper Action,No Apparent Influence,No Apparent Influence,58.0,Male,North,Making Left Turn,No Improper Action,No Apparent Influence,No Apparent Influence,33.40375,-111.95231,2019-04-07,21:33:00
33764,3508557,2019,Warner Rd,Los Feliz Dr,0.0,Intersection 4 Way 202,0.0,0.0,No Injury,Angle - Other Than Left Turn 2,Daylight,Clear,Dry,31.0,Male,South,Going Straight Ahead,Failed To Yield Right Of Way,No Apparent Influence,No Apparent Influence,17.0,Male,West,Going Straight Ahead,No Improper Action,No Apparent Influence,No Apparent Influence,33.33468,-111.90626,2019-04-07,22:58:00
33766,3525337,2019,Rural Rd,Spence Ave,124.0,Entrance Exit Ramp 205,0.0,0.0,No Injury,Sideswipe Same Direction,Daylight,Clear,Dry,19.0,Male,South,Going Straight Ahead,Unsafe Lane Change,No Apparent Influence,No Apparent Influence,30.0,Male,South,Going Straight Ahead,No Improper Action,No Apparent Influence,No Apparent Influence,33.41322,-111.92629,2019-04-08,01:37:00
33768,3525014,2019,48th St,Broadway Rd,130.0,Not Junction Related,0.0,0.0,No Injury,Sideswipe Same Direction,Dark Lighted,Clear,Dry,64.0,Male,South,Going Straight Ahead,Unsafe Lane Change,No Apparent Influence,No Apparent Influence,62.0,Male,South,Going Straight Ahead,No Improper Action,No Apparent Influence,No Apparent Influence,33.40769,-111.97826,2019-04-08,03:26:00
33769,3507955,2019,Apache Blvd,Rural Rd,-110.0,Intersection Related 206,0.0,0.0,No Injury,Rear End,Daylight,Clear,Dry,19.0,Male,East,Slowing In Trafficway,Speed To Fast For Conditions,No Apparent Influence,No Apparent Influence,21.0,Female,East,Stopped In Trafficway,No Improper Action,No Apparent Influence,No Apparent Influence,33.41476,-111.92665,2019-04-08,13:50:00
33772,3508100,2019,Elliot Rd,Priest Dr,0.0,Intersection 4 Way 202,0.0,0.0,No Injury,Rear End,Daylight,Clear,Dry,61.0,Female,North,Making Right Turn,Failed To Yield Right Of Way,No Apparent Influence,No Apparent Influence,29.0,Female,East,Going Straight Ahead,No Improper Action,No Apparent Influence,No Apparent Influence,33.3491,-111.96313,2019-04-08,17:34:00
33773,3508062,2019,Hardy Dr,Oxford Dr,-25.0,Intersection Related 206,1.0,0.0,Possible Injury,Sideswipe Same Direction,Daylight,Clear,Dry,40.0,Female,South,Making Right Turn,Unknown,No Apparent Influence,No Apparent Influence,33.0,Male,South,Going Straight Ahead,Unknown,No Apparent Influence,No Apparent Influence,33.37361,-111.9545,2019-04-08,17:58:00
33774,3508011,2019,Apache Blvd,Price Rd,0.0,Intersection 4 Way 202,1.0,0.0,Possible Injury,Angle - Other Than Left Turn 2,Daylight,Clear,Dry,65.0,Male,East,Going Straight Ahead,Disregarded Traffic Signal,No Apparent Influence,No Apparent Influence,44.0,Female,North,Going Straight Ahead,No Improper Action,No Apparent Influence,No Apparent Influence,33.41479,-111.89073,2019-04-08,18:18:00
33777,3503783,2019,Elliot Rd,Rural Rd,0.0,Intersection 4 Way 202,0.0,0.0,No Injury,U Turn,Daylight,Clear,Dry,25.0,Male,Northeast,Making U Turn,Made Improper Turn,No Apparent Influence,No Apparent Influence,68.0,Male,West,Going Straight Ahead,No Improper Action,No Apparent Influence,No Apparent Influence,33.34919,-111.92848,2019-04-08,20:19:00
33778,3509045,2019,Price Rd,Broadway Rd,-75.0,Intersection Related 206,0.0,0.0,No Injury,Angle - Other Than Left Turn 2,Daylight,Clear,Dry,16.0,Male,East,Making Right Turn,Unknown,No Apparent Influence,No Apparent Influence,55.0,Male,South,Going Straight Ahead,Unknown,No Apparent Influence,No Apparent Influence,33.40729,-111.89201,2019-04-08,21:08:00
33780,3508063,2019,Priest Dr,Elliot Rd,-200.0,Intersection Related 206,0.0,0.0,No Injury,Angle - Other Than Left Turn 2,Daylight,Clear,Dry,34.0,Female,North,Changing Lanes,Unsafe Lane Change,No Apparent Influence,No Apparent Influence,49.0,Male,North,Going Straight Ahead,No Improper Action,No Apparent Influence,No Apparent Influence,33.34855,-111.96313,2019-04-08,21:54:00
33781,3508668,2019,Elliot Rd,Hardy Dr,0.0,Intersection 201,0.0,0.0,No Injury,Angle - Other Than Left Turn 2,Daylight,Clear,Dry,65.0,Female,West,Going Straight Ahead,Disregarded Traffic Signal,No Apparent Influence,No Apparent Influence,80.0,Female,South,Going Straight Ahead,No Improper Action,No Apparent Influence,No Apparent Influence,33.34916,-111.95448,2019-04-08,21:54:00
33782,3507969,2019,Priest Dr,Auto Dr,-100.0,Intersection Related 206,0.0,0.0,No Injury,Rear End,Daylight,Cloudy,Dry,24.0,Female,North,Going Straight Ahead,Speed To Fast For Conditions,No Apparent Influence,No Apparent Influence,17.0,Male,North,Going Straight Ahead,No Improper Action,No Apparent Influence,No Apparent Influence,33.34521,-111.96315,2019-04-08,22:24:00
33784,3508010,2019,Ash Ave,9th St,0.0,Intersection 4 Way 202,0.0,0.0,No Injury,Angle - Other Than Left Turn 2,Daylight,Clear,Dry,63.0,Male,South,Going Straight Ahead,Failed To Yield Right Of Way,No Apparent Influence,No Apparent Influence,25.0,Male,North,Making Left Turn,No Improper Action,No Apparent Influence,No Apparent Influence,33.42047,-111.94238,2019-04-08,23:18:00
33786,3508103,2019,Elliot Rd,Priest Dr,-30.0,Intersection Related 206,0.0,0.0,No Injury,Rear End,Daylight,Clear,Dry,26.0,Female,East,Going Straight Ahead,Speed To Fast For Conditions,No Apparent Influence,No Apparent Influence,28.0,Male,East,Stopped In Trafficway,No Improper Action,No Apparent Influence,No Apparent Influence,33.3491,-111.96323,2019-04-09,00:20:00
33787,3508515,2019,56th St,Washington St,0.0,Intersection 4 Way 202,0.0,0.0,No Injury,Left Turn,Daylight,Clear,Dry,40.0,Male,South,Making Left Turn,Failed To Yield Right Of Way,No Apparent Influence,No Apparent Influence,40.0,Male,North,Going Straight Ahead,No Improper Action,No Apparent Influence,No Apparent Influence,33.4453,-111.96104,2019-04-09,00:33:00
33789,3508012,2019,Apache Blvd,Rural Rd,0.0,Intersection 4 Way 202,1.0,0.0,Suspected Minor Injury,Left Turn,Dark Lighted,Clear,Dry,32.0,Male,East,Making Left Turn,Failed To Yield Right Of Way,No Apparent Influence,No Apparent Influence,52.0,Male,West,Going Straight Ahead,No Improper Action,No Apparent Influence,No Apparent Influence,33.41476,-111.92629,2019-04-09,03:19:00
33791,3508023,2019,Rio Salado Pkwy,Mill Ave,0.25,Driveway Or Alley,1.0,0.0,Possible Injury,Left Turn,Dark Lighted,Clear,Dry,19.0,Male,East,Making Left Turn,Made Improper Turn,No Apparent Influence,No Apparent Influence,49.0,Female,West,Going Straight Ahead,No Improper Action,No Apparent Influence,No Apparent Influence,33.43058,-111.936,2019-04-09,05:08:00
33793,3509331,2019,Mill Ave,10th St,0.0,Intersection 4 Way 202,1.0,0.0,Possible Injury,Left Turn,Daylight,Clear,Dry,41.0,Female,Northwest,Making Left Turn,Failed To Yield Right Of Way,No Apparent Influence,No Apparent Influence,30.0,Female,South,Going Straight Ahead,No Improper Action,No Apparent Influence,No Apparent Influence,33.41906,-111.93997,2019-04-09,14:10:00
33794,3508019,2019,Price Rd,Southern Ave,0.0,Intersection 4 Way 202,2.0,0.0,Possible Injury,Angle - Other Than Left Turn 2,Daylight,Clear,Dry,75.0,Female,West,Going Straight Ahead,Disregarded Traffic Signal,No Apparent Influence,No Apparent Influence,33.0,Female,North,Going Straight Ahead,No Improper Action,No Apparent Influence,No Apparent Influence,33.39296,-111.89203,2019-04-09,15:00:00
33795,3514439,2019,Fremont Dr,Bala Dr,90.0,Not Junction Related,1.0,0.0,Suspected Minor Injury,Head On,Daylight,Clear,Dry,39.0,Female,North,Making Left Turn,Other,No Apparent Influence,No Apparent Influence,27.0,Male,West,Improperly Parked,No Improper Action,No Apparent Influence,No Apparent Influence,33.38289,-111.89383,2019-04-09,15:05:00
33796,3508020,2019,McClintock Dr,Guadalupe Rd,0.0,Intersection 4 Way 202,0.0,0.0,No Injury,Sideswipe Same Direction,Daylight,Clear,Dry,54.0,Female,Northwest,Making Right Turn,Unsafe Lane Change,No Apparent Influence,No Apparent Influence,44.0,Male,North,Going Straight Ahead,No Improper Action,No Apparent Influence,No Apparent Influence,33.36376,-111.91126,2019-04-09,16:59:00
33798,3508017,2019,Elliot Rd,Roosevelt St,0.0,Intersection T Inter 203,2.0,0.0,Possible Injury,Angle - Other Than Left Turn 2,Daylight,Clear,Dry,34.0,Male,South,Going Straight Ahead,Failed To Yield Right Of Way,No Apparent Influence,No Apparent Influence,61.0,Male,East,Going Straight Ahead,No Improper Action,No Apparent Influence,No Apparent Influence,33.34918,-111.95032,2019-04-09,20:10:00
33799,3508081,2019,Rio Salado Pkwy,Priest Dr,0.0,Intersection 4 Way 202,0.0,0.0,No Injury,Sideswipe Same Direction,Daylight,Clear,Dry,41.0,Female,East,Making Left Turn,Unknown,No Apparent Influence,No Apparent Influence,29.0,Male,East,Making Left Turn,Unknown,No Apparent Influence,No Apparent Influence,33.42956,-111.96097,2019-04-09,22:31:00
33804,3507961,2019,Butte Ave,Laguna Dr,0.0,Intersection 4 Way 202,0.0,0.0,No Injury,Angle - Other Than Left Turn 2,Daylight,Clear,Dry,38.0,Male,West,Going Straight Ahead,Failed To Yield Right Of Way,No Apparent Influence,No Apparent Influence,21.0,Female,North,Going Straight Ahead,No Improper Action,No Apparent Influence,No Apparent Influence,33.39063,-111.91142,2019-04-10,00:48:00
33805,3508016,2019,Dorsey Ln,Palmdale Dr,0.0,Driveway Or Alley,1.0,0.0,Possible Injury,Angle - Other Than Left Turn 2,Daylight,Cloudy,Dry,18.0,Female,East,Making Left Turn,Failed To Yield Right Of Way,No Apparent Influence,No Apparent Influence,43.0,Male,South,Going Straight Ahead,No Improper Action,No Apparent Influence,No Apparent Influence,33.40639,-111.9177,2019-04-10,01:04:00
33806,3508047,2019,University Dr,Rural Rd,165.0,Intersection Related 206,0.0,0.0,No Injury,Sideswipe Same Direction,Dark Lighted,Clear,Dry,20.0,Female,West,Changing Lanes,Unsafe Lane Change,No Apparent Influence,No Apparent Influence,21.0,Female,West,Going Straight Ahead,No Improper Action,No Apparent Influence,No Apparent Influence,33.42203,-111.92577,2019-04-10,05:01:00
33808,3508043,2019,Price Rd,Guadalupe Rd,0.0,Intersection 4 Way 202,2.0,0.0,Possible Injury,Angle - Other Than Left Turn 2,Daylight,Clear,Dry,50.0,Male,Northwest,Making Left Turn,Unknown,No Apparent Influence,No Apparent Influence,25.0,Male,South,Going Straight Ahead,Unknown,No Apparent Influence,No Apparent Influence,33.36389,-111.89467,2019-04-10,14:43:00
33809,3514552,2019,Gilbert Dr,Scottsdale Rd,-87.0,Intersection Related 206,0.0,0.0,No Injury,Rear End,Daylight,Clear,Dry,24.0,Male,East,Going Straight Ahead,Followed Too Closely,No Apparent Influence,No Apparent Influence,26.0,Male,East,Stopped In Trafficway,No Improper Action,No Apparent Influence,No Apparent Influence,33.43755,-111.92656,2019-04-10,16:40:00
33811,3509298,2019,Priest Dr,Darrow Dr,-10.0,Intersection Related 206,0.0,0.0,No Injury,Rear End,Daylight,Clear,Dry,24.0,Female,North,Slowing In Trafficway,Speed To Fast For Conditions,No Apparent Influence,No Apparent Influence,48.0,Female,North,Slowing In Trafficway,No Improper Action,No Apparent Influence,No Apparent Influence,33.38065,-111.96161,2019-04-10,21:08:00
33812,3508057,2019,Baseline Rd,I-10 Exit 155 J1-Ramp,0.0,Intersection Related 206,0.0,0.0,No Injury,Angle - Other Than Left Turn 2,Daylight,Clear,Dry,70.0,Male,East,Making Right Turn,Unknown,No Apparent Influence,No Apparent Influence,18.0,Male,East,Making Right Turn,Unknown,No Apparent Influence,No Apparent Influence,33.3783,-111.96738,2019-04-10,21:22:00
33814,3507962,2019,McClintock Dr,Apache Blvd,0.0,Intersection 4 Way 202,0.0,0.0,No Injury,Angle - Other Than Left Turn 2,Daylight,Unknown,Dry,30.0,Female,North,Making Right Turn,Made Improper Turn,No Apparent Influence,No Apparent Influence,67.0,Female,North,Going Straight Ahead,No Improper Action,No Apparent Influence,No Apparent Influence,33.41476,-111.90913,2019-04-10,23:36:00
33815,3508040,2019,Rio Salado Pkwy,1st St,0.0,Intersection T Inter 203,0.0,0.0,No Injury,Angle - Other Than Left Turn 2,Daylight,Clear,Dry,62.0,Male,North,Making Left Turn,Failed To Yield Right Of Way,No Apparent Influence,No Apparent Influence,26.0,Female,West,Going Straight Ahead,No Improper Action,No Apparent Influence,No Apparent Influence,33.43018,-111.95949,2019-04-10,23:40:00
33817,3508531,2019,McAllister Ave,University Dr,0.0,Intersection 4 Way 202,0.0,0.0,No Injury,Rear End,Daylight,Clear,Dry,20.0,Female,Southeast,Making Left Turn,Speed To Fast For Conditions,No Apparent Influence,No Apparent Influence,26.0,Female,Southeast,Making Left Turn,No Improper Action,No Apparent Influence,No Apparent Influence,33.42202,-111.92894,2019-04-11,00:42:00
33818,3514401,2019,Guadalupe Rd,McClintock Dr,0.0,Intersection 201,1.0,0.0,Possible Injury,Left Turn,Daylight,Clear,Dry,78.0,Male,North,Making Left Turn,Failed To Yield Right Of Way,No Apparent Influence,No Apparent Influence,20.0,Female,East,Going Straight Ahead,No Improper Action,No Apparent Influence,No Apparent Influence,33.36376,-111.91126,2019-04-11,01:16:00
33819,3508518,2019,Broadway Rd,55th St,70.0,Intersection Related 206,0.0,0.0,No Injury,Rear End,Daylight,Clear,Dry,28.0,Male,West,Going Straight Ahead,Speed To Fast For Conditions,No Apparent Influence,No Apparent Influence,21.0,Male,West,Stopped In Trafficway,No Improper Action,No Apparent Influence,No Apparent Influence,33.40753,-111.9656,2019-04-11,01:23:00
33820,3508523,2019,Mill Ave,Southern Ave,86.0,Intersection Related 206,1.0,0.0,Possible Injury,Rear End,Dark Lighted,Clear,Dry,55.0,Male,South,Going Straight Ahead,Speed To Fast For Conditions,No Apparent Influence,No Apparent Influence,53.0,Female,South,Stopped In Trafficway,No Improper Action,No Apparent Influence,No Apparent Influence,33.3931,-111.93961,2019-04-11,02:02:00
33825,3514511,2019,Baseline Rd,Price Rd,0.0,Intersection 4 Way 202,0.0,0.0,No Injury,Angle - Other Than Left Turn 2,Daylight,Clear,Dry,40.0,Male,South,Going Straight Ahead,Unknown,No Apparent Influence,No Apparent Influence,38.0,Male,West,Going Straight Ahead,Unknown,No Apparent Influence,No Apparent Influence,33.37846,-111.89362,2019-04-11,14:52:00
33826,3509315,2019,Broadway Rd,Priest Dr,0.0,Intersection 4 Way 202,0.0,0.0,No Injury,Sideswipe Same Direction,Daylight,Clear,Dry,62.0,Male,West,Changing Lanes,Unsafe Lane Change,No Apparent Influence,No Apparent Influence,51.0,Male,West,Going Straight Ahead,No Improper Action,No Apparent Influence,No Apparent Influence,33.40742,-111.96078,2019-04-11,15:06:00
33828,3508044,2019,Southern Ave,Kenwood Ln,-65.0,Not Junction Related,0.0,0.0,No Injury,Rear End,Daylight,Clear,Dry,19.0,Female,East,Going Straight Ahead,Speed To Fast For Conditions,No Apparent Influence,No Apparent Influence,58.0,Female,East,Stopped In Trafficway,No Improper Action,No Apparent Influence,No Apparent Influence,33.39298,-111.90211,2019-04-11,20:51:00
33831,3509307,2019,Broadway Rd,Cutler Dr,0.0,Intersection 4 Way 202,0.0,0.0,No Injury,Left Turn,Daylight,Clear,Dry,37.0,Female,West,Making Left Turn,Failed To Yield Right Of Way,No Apparent Influence,No Apparent Influence,20.0,Female,Southeast,Going Straight Ahead,No Improper Action,No Apparent Influence,No Apparent Influence,33.40741,-111.95837,2019-04-11,22:36:00
33832,3508061,2019,Heather Dr,Hermosa Dr,0.0,Intersection T Inter 203,0.0,0.0,No Injury,Left Turn,Daylight,Clear,Dry,39.0,Female,South,Making Left Turn,Failed To Yield Right Of Way,No Apparent Influence,No Apparent Influence,27.0,Female,North,Going Straight Ahead,No Improper Action,No Apparent Influence,No Apparent Influence,33.38798,-111.90753,2019-04-11,22:54:00
33833,3514515,2019,Rio Salado Pkwy,Price Rd,-60.0,Intersection 4 Way 202,0.0,0.0,No Injury,Rear End,Daylight,Clear,Dry,25.0,Male,East,Going Straight Ahead,Speed To Fast For Conditions,No Apparent Influence,No Apparent Influence,17.0,Female,East,Slowing In Trafficway,No Improper Action,No Apparent Influence,No Apparent Influence,33.42938,-111.89202,2019-04-11,22:57:00
33834,3514555,2019,Hardy Dr,Baseline Rd,200.0,Intersection Related 206,0.0,0.0,No Injury,Rear End,Daylight,Clear,Dry,29.0,Female,South,Going Straight Ahead,Followed Too Closely,No Apparent Influence,No Apparent Influence,49.0,Male,South,Stopped In Trafficway,No Improper Action,No Apparent Influence,No Apparent Influence,33.37876,-111.9525,2019-04-11,23:03:00
33836,3508025,2019,McClintock Dr,12th St,0.0,Intersection T Inter 203,0.0,0.0,No Injury,Left Turn,Daylight,Clear,Dry,18.0,Female,North,Making Left Turn,Failed To Yield Right Of Way,No Apparent Influence,No Apparent Influence,41.0,Female,South,Going Straight Ahead,No Improper Action,No Apparent Influence,No Apparent Influence,33.41615,-111.90912,2019-04-11,23:22:00
33837,3514456,2019,Washington St,Priest Dr,0.0,Intersection 201,0.0,0.0,No Injury,Rear End,Daylight,Clear,Dry,60.0,Male,East,Making Right Turn,Speed To Fast For Conditions,No Apparent Influence,No Apparent Influence,36.0,Female,East,Making Right Turn,No Improper Action,No Apparent Influence,No Apparent Influence,33.44262,-111.95661,2019-04-11,23:27:00
33838,3508041,2019,Elliot Rd,McClintock Dr,15.0,Intersection Related 206,0.0,0.0,No Injury,Rear End,Daylight,Clear,Dry,34.0,Female,West,Going Straight Ahead,Followed Too Closely,No Apparent Influence,No Apparent Influence,38.0,Female,West,Stopped In Trafficway,No Improper Action,No Apparent Influence,No Apparent Influence,33.34913,-111.91114,2019-04-11,23:37:00
33841,3508575,2019,52nd St,University Dr,-25.0,Intersection Related 206,0.0,0.0,No Injury,Angle - Other Than Left Turn 2,Dark Lighted,Clear,Dry,48.0,Female,North,Changing Lanes,Unsafe Lane Change,No Apparent Influence,No Apparent Influence,28.0,Female,North,Making Right Turn,No Improper Action,No Apparent Influence,No Apparent Influence,33.42187,-111.96957,2019-04-12,04:11:00
33844,3509293,2019,Curry Rd,Harold St,0.0,Intersection 4 Way 202,2.0,0.0,Possible Injury,Left Turn,Dawn,Clear,Dry,28.0,Female,North,Making U Turn,Failed To Yield Right Of Way,No Apparent Influence,No Apparent Influence,27.0,Female,West,Going Straight Ahead,No Improper Action,No Apparent Influence,No Apparent Influence,33.44041,-111.92216,2019-04-12,13:07:00
33846,3508631,2019,Kyrene Rd,Warner Ranch Dr,198.0,Not Junction Related,0.0,0.0,No Injury,Angle - Other Than Left Turn 2,Daylight,Clear,Dry,56.0,Male,Northwest,Making U Turn,Other,No Apparent Influence,No Apparent Influence,72.0,Male,North,Going Straight Ahead,No Improper Action,No Apparent Influence,No Apparent Influence,33.32599,-111.94561,2019-04-12,19:16:00
33848,3509336,2019,Baseline Rd,I-10 Exit 155 G-Ramp,0.0,Intersection 4 Way 202,1.0,0.0,Possible Injury,Angle - Other Than Left Turn 2,Daylight,Clear,Dry,25.0,Female,East,Going Straight Ahead,Unknown,No Apparent Influence,No Apparent Influence,57.0,Female,South,Making Left Turn,Unknown,No Apparent Influence,No Apparent Influence,33.37827,-111.96863,2019-04-12,20:59:00
33849,3509329,2019,Broadway Rd,Price Rd,-117.0,Intersection Related 206,0.0,0.0,No Injury,Rear End,Daylight,Cloudy,Dry,22.0,Female,East,Going Straight Ahead,Followed Too Closely,No Apparent Influence,No Apparent Influence,50.0,Male,East,Stopped In Trafficway,No Improper Action,No Apparent Influence,No Apparent Influence,33.4075,-111.89239,2019-04-12,21:15:00
33850,3508564,2019,Southern Ave,Albert Ave,-27.0,Driveway Or Alley,2.0,0.0,Possible Injury,Angle - Other Than Left Turn 2,Daylight,Cloudy,Dry,18.0,Male,North,Making Left Turn,Failed To Yield Right Of Way,No Apparent Influence,No Apparent Influence,44.0,Female,East,Going Straight Ahead,No Improper Action,No Apparent Influence,No Apparent Influence,33.39287,-111.96281,2019-04-12,23:05:00
33851,3509047,2019,McClintock Dr,US-60 Exit 175 C-Ramp,-143.0,Intersection Related 206,0.0,0.0,No Injury,Rear End,Daylight,Cloudy,Dry,51.0,Male,North,Going Straight Ahead,Followed Too Closely,No Apparent Influence,No Apparent Influence,16.0,Female,North,Stopped In Trafficway,No Improper Action,No Apparent Influence,No Apparent Influence,33.38585,-111.9092,2019-04-12,23:07:00
33852,3509277,2019,University Dr,McClintock Dr,0.0,Not Junction Related,0.0,0.0,No Injury,Angle - Other Than Left Turn 2,Daylight,Cloudy,Dry,20.0,Male,North,Making Left Turn,Failed To Yield Right Of Way,No Apparent Influence,No Apparent Influence,20.0,Female,East,Going Straight Ahead,No Improper Action,No Apparent Influence,No Apparent Influence,33.42198,-111.90909,2019-04-13,00:06:00
33854,3508583,2019,Hardy Dr,Greenway Dr,0.0,Intersection T Inter 203,0.0,0.0,No Injury,Left Turn,Daylight,Clear,Dry,19.0,Male,North,Making Left Turn,Failed To Yield Right Of Way,No Apparent Influence,No Apparent Influence,57.0,Female,South,Going Straight Ahead,No Improper Action,No Apparent Influence,No Apparent Influence,33.38324,-111.95238,2019-04-13,01:13:00
33855,3514436,2019,Mill Ave,US-60 Exit 173 C-Ramp,0.0,Intersection Related 206,0.0,0.0,No Injury,Rear End,Daylight,Cloudy,Dry,22.0,Female,North,Going Straight Ahead,Followed Too Closely,No Apparent Influence,No Apparent Influence,30.0,Male,North,Stopped In Trafficway,No Improper Action,No Apparent Influence,No Apparent Influence,33.38604,-111.93948,2019-04-13,01:23:00
33856,3508535,2019,Southern Ave,Mill Ave,-75.0,Intersection Related 206,0.0,0.0,No Injury,Rear End,Dusk,Cloudy,Dry,23.0,Female,East,Going Straight Ahead,Speed To Fast For Conditions,No Apparent Influence,No Apparent Influence,55.0,Male,East,Stopped In Trafficway,No Improper Action,No Apparent Influence,No Apparent Influence,33.39286,-111.93985,2019-04-13,01:45:00
33860,3514402,2019,Baseline Rd,Darrow Dr,-68.0,Not Junction Related,0.0,0.0,No Injury,Sideswipe Same Direction,Dark Lighted,Clear,Dry,32.0,Female,West,Going Straight Ahead,Unsafe Lane Change,No Apparent Influence,No Apparent Influence,32.0,Female,West,Going Straight Ahead,Unsafe Lane Change,No Apparent Influence,No Apparent Influence,33.37824,-111.96135,2019-04-13,04:39:00
33861,3514379,2019,McClintock Dr,SR-202 Exit 8 A-Ramp,0.0,Intersection T Inter 203,0.0,0.0,No Injury,Sideswipe Same Direction,Dark Lighted,Clear,Dry,18.0,Male,East,Making U Turn,Failed To Keep In Proper Lane,No Apparent Influence,No Apparent Influence,23.0,Female,East,Making Left Turn,No Improper Action,No Apparent Influence,No Apparent Influence,33.43646,-111.90961,2019-04-13,04:41:00
33862,3516942,2019,Apache Blvd,Mill Ave,0.0,Intersection T Inter 203,1.0,0.0,Possible Injury,Left Turn,Dark Lighted,Clear,Dry,24.0,Male,Northeast,Making Left Turn,Disregarded Traffic Signal,No Apparent Influence,No Apparent Influence,21.0,Male,Southeast,Negotiating A Curve,No Improper Action,No Apparent Influence,No Apparent Influence,33.41602,-111.93953,2019-04-13,05:22:00
33863,3508021,2019,Priest Dr,Elliot Rd,0.0,Intersection 4 Way 202,0.0,0.0,No Injury,Left Turn,Dark Lighted,Clear,Dry,18.0,Male,South,Going Straight Ahead,Disregarded Traffic Signal,No Apparent Influence,No Apparent Influence,36.0,Male,Northwest,Making Left Turn,No Improper Action,No Apparent Influence,No Apparent Influence,33.3491,-111.96313,2019-04-13,05:30:00
33865,3508540,2019,Broadway Rd,52nd St,-40.0,Not Junction Related,0.0,0.0,No Injury,Angle - Other Than Left Turn 2,Daylight,Clear,Dry,17.0,Male,South,Making Right Turn,Failed To Yield Right Of Way,No Apparent Influence,No Apparent Influence,23.0,Female,West,Going Straight Ahead,No Improper Action,No Apparent Influence,No Apparent Influence,33.40927,-111.96966,2019-04-13,14:41:00
33867,3508024,2019,48th St,Southern Ave,0.0,Intersection 4 Way 202,0.0,0.0,No Injury,Left Turn,Daylight,Clear,Dry,26.0,Male,West,Making Left Turn,Made Improper Turn,No Apparent Influence,No Apparent Influence,41.0,Male,East,Going Straight Ahead,No Improper Action,No Apparent Influence,No Apparent Influence,33.39277,-111.97834,2019-04-13,19:10:00
33869,3508584,2019,Baseline Rd,I-10 Exit 155 G-Ramp,0.0,Intersection 4 Way 202,0.0,0.0,No Injury,Left Turn,Daylight,Clear,Dry,18.0,Male,East,Going Straight Ahead,Unknown,No Apparent Influence,No Apparent Influence,47.0,Male,West,Making Left Turn,Unknown,No Apparent Influence,No Apparent Influence,33.37827,-111.96863,2019-04-14,01:38:00
33870,3508574,2019,Hardy Dr,17th Pl,-35.0,Intersection Related 206,1.0,0.0,Possible Injury,Left Turn,Dark Lighted,Clear,Dry,35.0,Female,East,Making Left Turn,Failed To Yield Right Of Way,No Apparent Influence,No Apparent Influence,29.0,Male,North,Going Straight Ahead,No Improper Action,No Apparent Influence,No Apparent Influence,33.40973,-111.95217,2019-04-14,02:35:00
33872,3514576,2019,Southern Ave,Hardy Dr,0.0,Intersection 201,0.0,0.0,No Injury,Other,Daylight,Clear,Dry,21.0,Male,North,Going Straight Ahead,Other,No Apparent Influence,No Apparent Influence,52.0,Male,East,Going Straight Ahead,No Improper Action,No Apparent Influence,No Apparent Influence,33.39286,-111.95198,2019-04-14,19:18:00
33873,3514497,2019,Elliot Rd,Price Rd,50.0,Not Junction Related,0.0,0.0,No Injury,Rear End,Daylight,Clear,Dry,20.0,Female,West,Going Straight Ahead,Speed To Fast For Conditions,No Apparent Influence,No Apparent Influence,80.0,Male,West,Going Straight Ahead,No Improper Action,No Apparent Influence,No Apparent Influence,33.34935,-111.8942,2019-04-14,19:23:00