,Incident ID,Year,Street Name,Cross Street,Distance,Junction Relation,Total Injuries,Total Fatalities,Injury Severity,Collision Manner,Light Condition,Weather,Surface Condition,Age Driver 1,Gender Driver 1,Travel Direction One,Unit Action One,Violation1_Drv1,Alcohol Use Driver 1,Drug Use Driver 1,Age Driver 2,Gender Driver 2,Travel Direction Two,Unit Action Two,Violation 1 Driver 2,Alcohol Use Driver 2,Drug Use Driver 2,Latitude,Longitude,Date,Time
33874,3508078,2019,Baseline Rd,Hardy Dr,0.0,Intersection 4 Way 202,0.0,0.0,No Injury,Left Turn,Daylight,Clear,Dry,39.0,Male,North,Making Left Turn,Unknown,No Apparent Influence,No Apparent Influence,19.0,Female,East,Going Straight Ahead,Unknown,No Apparent Influence,No Apparent Influence,33.37821,-111.95251,2019-04-14,20:53:00
33880,3508534,2019,Rural Rd,Rio Salado Pkwy,0.0,Not Junction Related,2.0,0.0,Suspected Minor Injury,Left Turn,Daylight,Clear,Dry,45.0,Female,Northwest,Making Left Turn,Failed To Yield Right Of Way,No Apparent Influence,No Apparent Influence,33.0,Female,South,Going Straight Ahead,No Improper Action,No Apparent Influence,No Apparent Influence,33.42885,-111.92629,2019-04-15,14:05:00
33881,3508509,2019,E Howe Ave,Siesta Ln,-125.0,Driveway Or Alley,1.0,0.0,Suspected Serious Injury,Left Turn,Daylight,Clear,Dry,31.0,Male,North,Making Left Turn,Failed To Yield Right Of Way,No Apparent Influence,No Apparent Influence,52.0,Male,East,Going Straight Ahead,No Improper Action,No Apparent Influence,No Apparent Influence,33.41661,-111.89343,2019-04-15,14:08:00
33882,3508547,2019,Apache Blvd,McClintock Dr,0.0,Intersection 201,0.0,0.0,No Injury,Left Turn,Daylight,Clear,Dry,32.0,Female,East,Going Straight Ahead,Disregarded Traffic Signal,No Apparent Influence,No Apparent Influence,33.0,Female,West,Making Left Turn,No Improper Action,No Apparent Influence,No Apparent Influence,33.41476,-111.90913,2019-04-15,14:40:00
33884,3508511,2019,Elliot Rd,Kyrene Rd,135.0,Intersection Related 206,0.0,0.0,No Injury,Rear End,Daylight,Clear,Dry,27.0,Female,West,Going Straight Ahead,Followed Too Closely,No Apparent Influence,No Apparent Influence,46.0,Male,West,Slowing In Trafficway,No Improper Action,No Apparent Influence,No Apparent Influence,33.3492,-111.94529,2019-04-15,15:28:00
33885,3508608,2019,Baseline Rd,I-10 Exit 155 A1-Ramp,-110.0,Not Junction Related,0.0,0.0,No Injury,Rear End,Daylight,Clear,Dry,19.0,Female,East,Going Straight Ahead,Speed To Fast For Conditions,No Apparent Influence,No Apparent Influence,73.0,Female,East,Slowing In Trafficway,No Improper Action,No Apparent Influence,No Apparent Influence,33.37827,-111.96899,2019-04-15,17:26:00
33886,3509289,2019,Rural Rd,Rio Salado Pkwy,-200.0,Intersection Related 206,0.0,0.0,No Injury,Rear End,Daylight,Clear,Dry,25.0,Female,South,Going Straight Ahead,Followed Too Closely,No Apparent Influence,No Apparent Influence,47.0,Male,South,Stopped In Trafficway,No Improper Action,No Apparent Influence,No Apparent Influence,33.4283,-111.92629,2019-04-15,18:32:00
33887,3508606,2019,Guadalupe Rd,McClintock Dr,228.0,Not Junction Related,1.0,0.0,Possible Injury,Rear End,Daylight,Clear,Dry,56.0,Female,East,Changing Lanes,Unsafe Lane Change,No Apparent Influence,No Apparent Influence,17.0,Female,East,Going Straight Ahead,No Improper Action,No Apparent Influence,No Apparent Influence,33.36376,-111.91051,2019-04-15,19:04:00
33888,3509312,2019,Priest Dr,SR-202 Exit 5 A-Ramp,100.0,Intersection Related 206,0.0,0.0,No Injury,Rear End,Daylight,Clear,Dry,39.0,Female,South,Going Straight Ahead,Followed Too Closely,No Apparent Influence,No Apparent Influence,45.0,Male,South,Slowing In Trafficway,No Improper Action,No Apparent Influence,No Apparent Influence,33.43742,-111.96092,2019-04-15,19:28:00
33890,3509335,2019,Hermosa Dr,Rural Rd,60.0,Intersection Related 206,0.0,0.0,No Injury,Other,Daylight,Clear,Dry,42.0,Male,West,Backing,Other,No Apparent Influence,No Apparent Influence,24.0,Male,West,Stopped In Trafficway,No Improper Action,No Apparent Influence,No Apparent Influence,33.38777,-111.92625,2019-04-15,20:56:00
33891,3508550,2019,Rural Rd,Southern Ave,-185.0,Not Junction Related,0.0,0.0,No Injury,Sideswipe Same Direction,Daylight,Clear,Dry,41.0,Male,South,Changing Lanes,Unsafe Lane Change,No Apparent Influence,No Apparent Influence,31.0,Male,South,Going Straight Ahead,No Improper Action,No Apparent Influence,No Apparent Influence,33.39245,-111.92633,2019-04-15,21:30:00
33892,3508609,2019,Southern Ave,Priest Dr,187.0,Not Junction Related,0.0,0.0,No Injury,Left Turn,Daylight,Clear,Dry,26.0,Male,West,Making Left Turn,Failed To Yield Right Of Way,No Apparent Influence,No Apparent Influence,23.0,Male,East,Going Straight Ahead,No Improper Action,No Apparent Influence,No Apparent Influence,33.39288,-111.96016,2019-04-15,21:41:00
33893,3509310,2019,McClintock Dr,Guadalupe Rd,97.0,Intersection Related 206,0.0,0.0,No Injury,Rear End,Daylight,Clear,Dry,72.0,Female,South,Going Straight Ahead,Followed Too Closely,No Apparent Influence,No Apparent Influence,27.0,Male,South,Stopped In Trafficway,No Improper Action,No Apparent Influence,No Apparent Influence,33.36403,-111.91126,2019-04-15,22:31:00
33896,3514517,2019,5th St,Beck Ave,-15.0,Intersection Related 206,0.0,0.0,No Injury,Rear End,Daylight,Clear,Dry,46.0,Male,West,Going Straight Ahead,Speed To Fast For Conditions,No Apparent Influence,No Apparent Influence,52.0,Female,West,Stopped In Trafficway,No Improper Action,No Apparent Influence,No Apparent Influence,33.4255,-111.95671,2019-04-16,00:11:00
33897,3508667,2019,Rural Rd,Apache Blvd,24.0,Intersection Related 206,0.0,0.0,No Injury,Angle - Other Than Left Turn 2,Dark Lighted,Clear,Dry,17.0,Female,South,Changing Lanes,Unknown,No Apparent Influence,No Apparent Influence,21.0,Female,South,Changing Lanes,Unknown,No Apparent Influence,No Apparent Influence,33.41483,-111.92629,2019-04-16,04:27:00
33899,3508551,2019,Ash Ave,5th St,65.0,Not Junction Related,0.0,0.0,No Injury,Unknown,Daylight,Clear,Dry,50.0,Female,West,Making Right Turn,Other,No Apparent Influence,No Apparent Influence,48.0,Female,North,Stopped In Trafficway,No Improper Action,No Apparent Influence,No Apparent Influence,33.42567,-111.94337,2019-04-16,13:46:00
33901,3508594,2019,McClintock Dr,University Dr,156.0,Driveway Or Alley,0.0,0.0,No Injury,Left Turn,Daylight,Clear,Dry,29.0,Male,Southeast,Making Left Turn,Other,No Apparent Influence,No Apparent Influence,34.0,Male,South,Going Straight Ahead,No Improper Action,No Apparent Influence,No Apparent Influence,33.42241,-111.90911,2019-04-16,15:46:00
33904,3508572,2019,Curry Rd,E Lakeview Dr,81.0,Intersection Related 206,1.0,0.0,Suspected Minor Injury,Rear End,Daylight,Clear,Dry,21.0,Male,West,Going Straight Ahead,Followed Too Closely,No Apparent Influence,No Apparent Influence,21.0,Male,West,Stopped In Trafficway,No Improper Action,No Apparent Influence,No Apparent Influence,33.43837,-111.94136,2019-04-16,16:01:00
33905,3508595,2019,Roosevelt St,21st St,0.0,Intersection T Inter 203,1.0,0.0,Possible Injury,Left Turn,Daylight,Clear,Dry,22.0,Male,Southwest,Making Left Turn,Failed To Yield Right Of Way,No Apparent Influence,No Apparent Influence,37.0,Male,North,Going Straight Ahead,No Improper Action,No Apparent Influence,No Apparent Influence,33.40557,-111.94785,2019-04-16,16:57:00
33907,3508571,2019,Rural Rd,Elliot Rd,-96.0,Intersection Related 206,0.0,0.0,No Injury,Rear End,Daylight,Clear,Dry,19.0,Female,North,Going Straight Ahead,Followed Too Closely,No Apparent Influence,No Apparent Influence,73.0,Male,North,Stopped In Trafficway,No Improper Action,No Apparent Influence,No Apparent Influence,33.34893,-111.92848,2019-04-16,17:58:00
33909,3508596,2019,University Dr,Forest Service 01 Tempe Ave,0.0,Intersection 4 Way 202,0.0,0.0,No Injury,Sideswipe Same Direction,Daylight,Clear,Dry,23.0,Female,East,Changing Lanes,Unsafe Lane Change,No Apparent Influence,No Apparent Influence,32.0,Female,East,Going Straight Ahead,No Improper Action,No Apparent Influence,No Apparent Influence,33.42195,-111.93666,2019-04-16,18:58:00
33911,3509278,2019,University Dr,May St,0.0,Intersection T Inter 203,2.0,0.0,Possible Injury,Angle - Other Than Left Turn 2,Daylight,Cloudy,Dry,56.0,Male,Southwest,Making Right Turn,Made Improper Turn,No Apparent Influence,No Apparent Influence,56.0,Male,West,Going Straight Ahead,No Improper Action,No Apparent Influence,No Apparent Influence,33.42212,-111.87873,2019-04-16,20:09:00
33912,3508579,2019,Rio Salado Pkwy,Price Rd,0.0,Intersection 4 Way 202,0.0,0.0,No Injury,Left Turn,Daylight,Clear,Dry,78.0,Male,West,Making Left Turn,Failed To Yield Right Of Way,No Apparent Influence,No Apparent Influence,29.0,Male,East,Making Right Turn,No Improper Action,No Apparent Influence,No Apparent Influence,33.42938,-111.89183,2019-04-16,20:26:00
33918,3509294,2019,Rural Rd,Spence Ave,0.0,Intersection 4 Way 202,0.0,0.0,No Injury,Left Turn,Daylight,Clear,Dry,20.0,Male,North,Making Left Turn,Failed To Yield Right Of Way,No Apparent Influence,No Apparent Influence,66.0,Male,South,Going Straight Ahead,No Improper Action,No Apparent Influence,No Apparent Influence,33.41287,-111.92629,2019-04-16,23:56:00
33919,3508658,2019,Price Rd,Guadalupe Rd,-0.5,Intersection T Inter 203,0.0,0.0,No Injury,Angle - Other Than Left Turn 2,Daylight,Cloudy,Dry,32.0,Male,East,Going Straight Ahead,Failed To Yield Right Of Way,No Apparent Influence,No Apparent Influence,25.0,Male,South,Going Straight Ahead,No Improper Action,No Apparent Influence,No Apparent Influence,33.35664,-111.8949,2019-04-16,23:58:00
33920,3509301,2019,48th St,Broadway Rd,-200.0,Not Junction Related,0.0,0.0,No Injury,Rear End,Daylight,Cloudy,Dry,21.0,Male,North,Going Straight Ahead,Speed To Fast For Conditions,No Apparent Influence,No Apparent Influence,22.0,Female,North,Stopped In Trafficway,No Improper Action,No Apparent Influence,No Apparent Influence,33.40678,-111.97829,2019-04-17,00:09:00
33922,3509282,2019,48th St,Cotton Center Blvd,150.0,Not Junction Related,0.0,0.0,No Injury,Left Turn,Daylight,Cloudy,Wet,27.0,Male,South,Making Left Turn,Failed To Yield Right Of Way,No Apparent Influence,No Apparent Influence,49.0,Female,North,Going Straight Ahead,No Improper Action,No Apparent Influence,No Apparent Influence,33.40394,-111.9783,2019-04-17,01:22:00
33923,3514512,2019,McClintock Dr,SR-202 Exit 8 A-Ramp,0.0,Intersection T Inter 203,0.0,0.0,No Injury,Other,Unknown 51,Unknown,Dry,42.0,Male,East,Making Right Turn,Other,No Apparent Influence,No Apparent Influence,72.0,Female,South,Going Straight Ahead,No Improper Action,No Apparent Influence,No Apparent Influence,33.43646,-111.90961,2019-04-17,01:31:00
33924,3509291,2019,Warner Rd,Hardy Dr,0.0,Intersection 4 Way 202,1.0,0.0,Suspected Minor Injury,Left Turn,Dark Lighted,Clear,Dry,19.0,Female,West,Making Left Turn,Failed To Yield Right Of Way,No Apparent Influence,No Apparent Influence,20.0,Female,East,Going Straight Ahead,No Improper Action,No Apparent Influence,No Apparent Influence,33.33457,-111.95434,2019-04-17,01:52:00
33925,3509296,2019,Mill Ave,13th St,-50.0,Intersection Related 206,0.0,0.0,No Injury,Rear End,Dark Lighted,Cloudy,Dry,22.0,Male,North,Going Straight Ahead,Followed Too Closely,No Apparent Influence,No Apparent Influence,23.0,Male,North,Stopped In Trafficway,No Improper Action,No Apparent Influence,No Apparent Influence,33.41462,-111.93991,2019-04-17,02:08:00
33926,3516939,2019,Mill Ave,13th St,12.0,Intersection 4 Way 202,0.0,0.0,No Injury,Sideswipe Same Direction,Dark Lighted,Clear,Dry,53.0,Male,North,Going Straight Ahead,Disregarded Traffic Signal,No Apparent Influence,No Apparent Influence,59.0,Male,North,Making Right Turn,No Improper Action,No Apparent Influence,No Apparent Influence,33.41478,-111.93992,2019-04-17,02:56:00
33929,3508533,2019,McClintock Dr,Rio Salado Pkwy,70.0,Intersection Related 206,0.0,0.0,No Injury,Sideswipe Opposite Direction,Daylight,Clear,Dry,68.0,Male,Unknown,Going Straight Ahead,Unknown,No Apparent Influence,No Apparent Influence,44.0,Male,Unknown,Stopped In Trafficway,No Improper Action,No Apparent Influence,No Apparent Influence,33.42945,-111.90908,2019-04-17,13:11:00
33930,3508598,2019,Apache Blvd,Rural Rd,-82.0,Intersection Related 206,0.0,0.0,No Injury,Rear End,Daylight,Clear,Dry,38.0,Female,East,Going Straight Ahead,Followed Too Closely,No Apparent Influence,No Apparent Influence,51.0,Male,East,Stopped In Trafficway,No Improper Action,No Apparent Influence,No Apparent Influence,33.41476,-111.92656,2019-04-17,15:26:00
33931,3508568,2019,Rio Salado Pkwy,McClintock Dr,-56.0,Intersection Related 206,0.0,0.0,No Injury,Sideswipe Same Direction,Daylight,Clear,Dry,60.0,Female,East,Making Right Turn,Unsafe Lane Change,No Apparent Influence,No Apparent Influence,22.0,Male,East,Making Right Turn,No Improper Action,No Apparent Influence,No Apparent Influence,33.42924,-111.90925,2019-04-17,17:49:00
33934,3508560,2019,University Dr,Priest Dr,0.0,Intersection 4 Way 202,2.0,0.0,Suspected Minor Injury,Left Turn,Daylight,Clear,Dry,18.0,Female,West,Making Left Turn,Failed To Yield Right Of Way,No Apparent Influence,No Apparent Influence,30.0,Male,East,Going Straight Ahead,No Improper Action,No Apparent Influence,No Apparent Influence,33.42194,-111.96092,2019-04-17,21:26:00
33938,3509305,2019,Broadway Rd,Mill Ave,120.0,Not Junction Related,0.0,0.0,No Injury,Sideswipe Same Direction,Daylight,Clear,Dry,36.0,Male,East,Changing Lanes,Unsafe Lane Change,No Apparent Influence,No Apparent Influence,57.0,Female,East,Going Straight Ahead,No Improper Action,No Apparent Influence,No Apparent Influence,33.40741,-111.93943,2019-04-17,22:36:00
33939,3525043,2019,Broadway Rd,Priest Dr,-65.0,Intersection Related 206,1.0,0.0,Possible Injury,Rear End,Daylight,Clear,Dry,22.0,Male,East,Going Straight Ahead,Speed To Fast For Conditions,No Apparent Influence,No Apparent Influence,51.0,Female,East,Stopped In Trafficway,No Improper Action,No Apparent Influence,No Apparent Influence,33.40742,-111.96099,2019-04-17,22:46:00
33940,3509039,2019,Price Rd,Broadway Rd,0.0,Intersection 4 Way 202,0.0,0.0,No Injury,Sideswipe Same Direction,Daylight,Clear,Dry,39.0,Male,South,Making Right Turn,Made Improper Turn,No Apparent Influence,No Apparent Influence,66.0,Female,South,Going Straight Ahead,No Improper Action,No Apparent Influence,No Apparent Influence,33.4075,-111.892,2019-04-17,23:14:00
33942,3509043,2019,McClintock Dr,8th St,0.0,Intersection T Inter 203,0.0,0.0,No Injury,Left Turn,Daylight,Clear,Dry,48.0,Male,North,Making Left Turn,Failed To Yield Right Of Way,No Apparent Influence,No Apparent Influence,45.0,Male,South,Going Straight Ahead,No Improper Action,No Apparent Influence,No Apparent Influence,33.41952,-111.9091,2019-04-17,23:47:00
33943,3509027,2019,Priest Dr,Huntington Dr,-120.0,Not Junction Related,0.0,0.0,No Injury,Rear End,Unknown 51,Unknown,Dry,35.0,Male,South,Going Straight Ahead,Speed To Fast For Conditions,No Apparent Influence,No Apparent Influence,36.0,Male,South,Slowing In Trafficway,No Improper Action,No Apparent Influence,No Apparent Influence,33.39397,-111.96076,2019-04-18,00:10:00
33944,3508587,2019,Mill Ave,Alameda Dr,-130.0,Not Junction Related,0.0,0.0,No Injury,Rear End,Daylight,Clear,Dry,26.0,Male,South,Going Straight Ahead,Speed To Fast For Conditions,No Apparent Influence,No Apparent Influence,20.0,Female,South,Going Straight Ahead,No Improper Action,No Apparent Influence,No Apparent Influence,33.39976,-111.9397,2019-04-18,00:56:00
33945,3525001,2019,McClintock Dr,Libra Dr,-32.0,Intersection Related 206,0.0,0.0,No Injury,Rear End,Daylight,Clear,Dry,71.0,Male,South,Going Straight Ahead,Speed To Fast For Conditions,No Apparent Influence,No Apparent Influence,30.0,Male,South,Stopped In Trafficway,No Improper Action,No Apparent Influence,No Apparent Influence,33.36551,-111.91127,2019-04-18,01:15:00
33949,3508664,2019,Priest Dr,17th St,-45.0,Intersection Related 206,0.0,0.0,No Injury,Rear End,Dark Lighted,Clear,Dry,21.0,Male,North,Slowing In Trafficway,Speed To Fast For Conditions,No Apparent Influence,No Apparent Influence,56.0,Male,North,Stopped In Trafficway,No Improper Action,No Apparent Influence,No Apparent Influence,33.40966,-111.96079,2019-04-18,11:47:00
33950,3508562,2019,Baseline Rd,Pointe Pkwy,190.0,Unknown,0.0,0.0,No Injury,Rear End,Daylight,Clear,Dry,29.0,Female,East,Going Straight Ahead,Followed Too Closely,No Apparent Influence,No Apparent Influence,38.0,Male,East,Stopped In Trafficway,No Improper Action,No Apparent Influence,No Apparent Influence,33.37823,-111.97137,2019-04-18,13:49:00
33952,3509292,2019,Priest Dr,Darrow Dr,-200.0,Intersection Related 206,1.0,0.0,Possible Injury,Sideswipe Same Direction,Daylight,Clear,Dry,55.0,Female,North,Changing Lanes,Unsafe Lane Change,No Apparent Influence,No Apparent Influence,32.0,Female,North,Going Straight Ahead,No Improper Action,No Apparent Influence,No Apparent Influence,33.38023,-111.96198,2019-04-18,14:58:00
33953,3508569,2019,Priest Dr,Warner Rd,0.0,Intersection 4 Way 202,1.0,0.0,Suspected Minor Injury,Left Turn,Daylight,Clear,Dry,73.0,Male,South,Making Left Turn,Failed To Yield Right Of Way,No Apparent Influence,No Apparent Influence,54.0,Male,North,Going Straight Ahead,No Improper Action,No Apparent Influence,No Apparent Influence,33.33453,-111.96312,2019-04-18,16:52:00
33954,3508604,2019,University Dr,Price Rd,0.0,Unknown,2.0,0.0,Suspected Minor Injury,Left Turn,Daylight,Clear,Dry,37.0,Male,West,Making Left Turn,Made Improper Turn,No Apparent Influence,No Apparent Influence,55.0,Female,East,Going Straight Ahead,No Improper Action,No Apparent Influence,No Apparent Influence,33.42202,-111.89031,2019-04-18,19:21:00
33956,3508599,2019,Mill Ave,10th St,-115.0,Intersection Related 206,0.0,0.0,No Injury,Sideswipe Same Direction,Daylight,Clear,Dry,73.0,Male,North,Changing Lanes,Unsafe Lane Change,No Apparent Influence,No Apparent Influence,20.0,Male,North,Going Straight Ahead,No Improper Action,No Apparent Influence,No Apparent Influence,33.41875,-111.93996,2019-04-18,21:43:00
33958,3508592,2019,University Dr,Dorsey Ln,85.0,Intersection Related 206,2.0,0.0,Suspected Minor Injury,Rear End,Daylight,Clear,Dry,22.0,Female,West,Going Straight Ahead,Followed Too Closely,No Apparent Influence,No Apparent Influence,20.0,Female,West,Stopped In Trafficway,No Improper Action,No Apparent Influence,No Apparent Influence,33.42202,-111.91741,2019-04-18,22:10:00
33961,3508633,2019,McClintock Dr,12th St,0.0,Intersection T Inter 203,1.0,0.0,Possible Injury,Left Turn,Daylight,Clear,Dry,22.0,Male,North,Making Left Turn,Failed To Yield Right Of Way,No Apparent Influence,No Apparent Influence,52.0,Male,South,Going Straight Ahead,No Improper Action,No Apparent Influence,No Apparent Influence,33.41615,-111.90912,2019-04-19,01:08:00
33962,3508588,2019,Rural Rd,Minton Dr,0.0,Intersection 4 Way 202,0.0,0.0,No Injury,Left Turn,Daylight,Clear,Dry,37.0,Female,North,Making Left Turn,Failed To Yield Right Of Way,No Apparent Influence,No Apparent Influence,42.0,Female,South,Going Straight Ahead,No Improper Action,No Apparent Influence,No Apparent Influence,33.37989,-111.92842,2019-04-19,01:21:00
33964,3514382,2019,Rural Rd,6th St,0.0,Intersection 201,1.0,0.0,Suspected Serious Injury,Left Turn,Dark Lighted,Clear,Dry,25.0,Male,North,Making U Turn,Other,No Apparent Influence,No Apparent Influence,38.0,Male,South,Going Straight Ahead,No Improper Action,Alcohol,No Apparent Influence,33.4245,-111.9263,2019-04-19,04:57:00
33966,3514565,2019,Broadway Rd,Beck Ave,70.0,Not Junction Related,0.0,0.0,No Injury,Rear End,Dark Lighted,Clear,Dry,49.0,Male,East,Going Straight Ahead,Speed To Fast For Conditions,No Apparent Influence,No Apparent Influence,35.0,Male,East,Making Right Turn,No Improper Action,No Apparent Influence,No Apparent Influence,33.40741,-111.95504,2019-04-19,11:02:00
33967,3508636,2019,Baseline Rd,Calle Los Cerros,213.0,Not Junction Related,0.0,0.0,No Injury,Sideswipe Same Direction,Daylight,Clear,Dry,19.0,Male,East,Changing Lanes,Unsafe Lane Change,No Apparent Influence,No Apparent Influence,33.0,Male,East,Going Straight Ahead,No Improper Action,No Apparent Influence,No Apparent Influence,33.37821,-111.97339,2019-04-19,14:04:00
33969,3509284,2019,Broadway Rd,Terrace Rd,0.0,Intersection 4 Way 202,0.0,0.0,No Injury,Left Turn,Daylight,Clear,Dry,36.0,Female,East,Making Left Turn,Failed To Yield Right Of Way,No Apparent Influence,No Apparent Influence,32.0,Male,West,Going Straight Ahead,No Improper Action,No Apparent Influence,No Apparent Influence,33.40751,-111.92261,2019-04-19,15:49:00
33971,3514431,2019,Broadway Rd,Kachina Dr,-190.0,Not Junction Related,0.0,0.0,No Injury,Rear End,Daylight,Clear,Dry,45.0,Male,West,Changing Lanes,Followed Too Closely,No Apparent Influence,No Apparent Influence,30.0,Male,West,Making Right Turn,No Improper Action,No Apparent Influence,No Apparent Influence,33.4075,-111.90734,2019-04-19,19:34:00
33972,3508638,2019,Broadway Rd,Priest Dr,-160.0,Intersection Related 206,1.0,0.0,Suspected Minor Injury,Rear End,Daylight,Clear,Dry,17.0,Male,East,Going Straight Ahead,Followed Too Closely,No Apparent Influence,No Apparent Influence,51.0,Male,East,Stopped In Trafficway,No Improper Action,No Apparent Influence,No Apparent Influence,33.40742,-111.9613,2019-04-19,20:38:00
33973,3514429,2019,Rural Rd,Terrace Rd,25.0,Intersection Related 206,0.0,0.0,No Injury,Rear End,Daylight,Clear,Dry,27.0,Male,North,Going Straight Ahead,Followed Too Closely,No Apparent Influence,No Apparent Influence,36.0,Male,North,Stopped In Trafficway,No Improper Action,No Apparent Influence,No Apparent Influence,33.42034,-111.9263,2019-04-19,20:40:00
33977,3508654,2019,Southern Ave,Hardy Dr,0.0,Intersection 4 Way 202,2.0,0.0,Suspected Minor Injury,Left Turn,Daylight,Clear,Dry,21.0,Male,West,Making Left Turn,Failed To Yield Right Of Way,No Apparent Influence,No Apparent Influence,22.0,Male,East,Going Straight Ahead,No Improper Action,No Apparent Influence,No Apparent Influence,33.39286,-111.95198,2019-04-19,23:44:00
33981,3514520,2019,Scottsdale Rd,McKellips Rd,-75.0,Intersection Related 206,0.0,0.0,No Injury,Sideswipe Same Direction,Daylight,Clear,Dry,32.0,Male,North,Going Straight Ahead,Failed To Keep In Proper Lane,Alcohol,Drugs,40.0,Male,North,Stopped In Trafficway,No Improper Action,No Apparent Influence,No Apparent Influence,33.45103,-111.92647,2019-04-20,15:57:00
33982,3509032,2019,Broadway Rd,College Ave,20.0,Intersection Related 206,0.0,0.0,No Injury,Rear End,Daylight,Clear,Dry,43.0,Male,Unknown,Going Straight Ahead,Speed To Fast For Conditions,No Apparent Influence,No Apparent Influence,21.0,Male,Unknown,Slowing In Trafficway,No Improper Action,No Apparent Influence,No Apparent Influence,33.40744,-111.93484,2019-04-20,16:22:00
33983,3514374,2019,Elliot Rd,River Pkwy,0.0,Intersection T Inter 203,1.0,0.0,Possible Injury,Rear End,Daylight,Clear,Dry,38.0,Female,West,Going Straight Ahead,Speed To Fast For Conditions,No Apparent Influence,No Apparent Influence,28.0,Female,West,Stopped In Trafficway,No Improper Action,No Apparent Influence,No Apparent Influence,33.34928,-111.89791,2019-04-20,16:51:00
33985,3509288,2019,Rural Rd,Spence Ave,-100.0,Not Junction Related,0.0,0.0,No Injury,Rear End,Daylight,Clear,Dry,35.0,Female,South,Going Straight Ahead,Followed Too Closely,No Apparent Influence,No Apparent Influence,22.0,Female,South,Stopped In Trafficway,No Improper Action,No Apparent Influence,No Apparent Influence,33.4126,-111.92629,2019-04-20,19:49:00
33987,3509287,2019,Apache Blvd,College Ave,0.0,Intersection 4 Way 202,0.0,0.0,No Injury,Left Turn,Daylight,Clear,Dry,19.0,Male,West,Making Left Turn,Failed To Yield Right Of Way,No Apparent Influence,No Apparent Influence,21.0,Female,East,Going Straight Ahead,No Improper Action,No Apparent Influence,No Apparent Influence,33.41468,-111.93496,2019-04-20,20:24:00
33989,3508655,2019,Baseline Rd,Arizona Mills S,48.0,Not Junction Related,0.0,0.0,No Injury,Angle - Other Than Left Turn 2,Daylight,Clear,Dry,21.0,Male,East,Changing Lanes,Unsafe Lane Change,No Apparent Influence,No Apparent Influence,28.0,Male,East,Going Straight Ahead,No Improper Action,No Apparent Influence,No Apparent Influence,33.37827,-111.9653,2019-04-20,21:11:00
33990,3508555,2019,Southern Ave,Albert Ave,26.0,Not Junction Related,0.0,0.0,No Injury,Rear End,Daylight,Clear,Dry,27.0,Male,East,Going Straight Ahead,Speed To Fast For Conditions,No Apparent Influence,No Apparent Influence,54.0,Female,East,Slowing In Trafficway,No Improper Action,No Apparent Influence,No Apparent Influence,33.39287,-111.96264,2019-04-20,21:26:00
33991,3509285,2019,Baseline Rd,Calle Los Cerros,-175.0,Not Junction Related,2.0,0.0,Possible Injury,Rear End,Daylight,Clear,Dry,35.0,Female,West,Going Straight Ahead,Followed Too Closely,No Apparent Influence,No Apparent Influence,44.0,Female,West,Stopped In Trafficway,No Improper Action,No Apparent Influence,No Apparent Influence,33.37821,-111.97466,2019-04-20,22:34:00
33992,3508566,2019,Baseline Rd,I-10 Exit 155 G-Ramp,0.0,Intersection 4 Way 202,1.0,0.0,Possible Injury,Left Turn,Daylight,Clear,Dry,32.0,Male,East,Going Straight Ahead,Disregarded Traffic Signal,Alcohol,No Apparent Influence,24.0,Male,East,Making Left Turn,No Improper Action,No Apparent Influence,No Apparent Influence,33.37827,-111.96863,2019-04-20,23:46:00
33993,3516871,2019,Rio Salado Pkwy,Price Rd,0.0,Not Junction Related,0.0,0.0,No Injury,Angle - Other Than Left Turn 2,Daylight,Clear,Dry,57.0,Male,North,Going Straight Ahead,Ran Stop Sign,No Apparent Influence,No Apparent Influence,50.0,Male,West,Going Straight Ahead,No Improper Action,No Apparent Influence,No Apparent Influence,33.42931,-111.89026,2019-04-21,00:58:00
33994,3514375,2019,Warner Rd,Priest Dr,-20.0,Intersection Related 206,0.0,0.0,No Injury,Rear End,Daylight,Clear,Dry,21.0,Male,East,Going Straight Ahead,Speed To Fast For Conditions,No Apparent Influence,No Apparent Influence,50.0,Male,East,Stopped In Trafficway,No Improper Action,No Apparent Influence,No Apparent Influence,33.33452,-111.96318,2019-04-21,01:26:00
33996,3508666,2019,Scottsdale Rd,Weber Dr,-54.0,Not Junction Related,1.0,0.0,Possible Injury,Angle - Other Than Left Turn 2,Dark Lighted,Clear,Dry,23.0,Male,Northwest,Making Left Turn,Made Improper Turn,No Apparent Influence,No Apparent Influence,38.0,Male,South,Going Straight Ahead,No Improper Action,No Apparent Influence,No Apparent Influence,33.44384,-111.92644,2019-04-21,06:30:00
33997,3514404,2019,Mill Ave,Broadway Rd,-20.0,Not Junction Related,0.0,0.0,No Injury,Rear End,Daylight,Clear,Dry,18.0,Male,North,Going Straight Ahead,Speed To Fast For Conditions,No Apparent Influence,No Apparent Influence,21.0,Female,North,Stopped In Trafficway,No Improper Action,No Apparent Influence,No Apparent Influence,33.40734,-111.93982,2019-04-21,14:57:00
33998,3514574,2019,Elliot Rd,River Pkwy,50.0,Intersection Related 206,1.0,0.0,Suspected Minor Injury,Rear End,Daylight,Clear,Dry,21.0,Male,West,Going Straight Ahead,Speed To Fast For Conditions,No Apparent Influence,No Apparent Influence,30.0,Female,West,Stopped In Trafficway,No Improper Action,No Apparent Influence,No Apparent Influence,33.34928,-111.89774,2019-04-21,20:44:00