,Incident ID,Year,Street Name,Cross Street,Distance,Junction Relation,Total Injuries,Total Fatalities,Injury Severity,Collision Manner,Light Condition,Weather,Surface Condition,Age Driver 1,Gender Driver 1,Travel Direction One,Unit Action One,Violation1_Drv1,Alcohol Use Driver 1,Drug Use Driver 1,Age Driver 2,Gender Driver 2,Travel Direction Two,Unit Action Two,Violation 1 Driver 2,Alcohol Use Driver 2,Drug Use Driver 2,Latitude,Longitude,Date,Time
34000,3508603,2019,Broadway Rd,College Ave,45.0,Intersection Related 206,0.0,0.0,No Injury,Rear End,Daylight,Clear,Dry,28.0,Female,West,Going Straight Ahead,Followed Too Closely,No Apparent Influence,No Apparent Influence,45.0,Male,West,Slowing In Trafficway,No Improper Action,No Apparent Influence,No Apparent Influence,33.40744,-111.93476,2019-04-22,15:53:00
34004,3508602,2019,21st St,Priest Dr,50.0,Intersection Related 206,1.0,0.0,Possible Injury,Rear End,Daylight,Clear,Dry,23.0,Female,West,Going Straight Ahead,Followed Too Closely,No Apparent Influence,No Apparent Influence,58.0,Male,West,Stopped In Trafficway,No Improper Action,No Apparent Influence,No Apparent Influence,33.40623,-111.9606,2019-04-22,20:20:00
34005,3508593,2019,Baseline Rd,I-10 Exit 155 A1-Ramp,70.0,Intersection Related 206,0.0,0.0,No Injury,Rear End,Daylight,Clear,Dry,40.0,Female,West,Going Straight Ahead,Followed Too Closely,No Apparent Influence,No Apparent Influence,26.0,Male,West,Stopped In Trafficway,No Improper Action,No Apparent Influence,No Apparent Influence,33.37828,-111.9684,2019-04-22,21:15:00
34006,3514516,2019,Elliot Rd,Hardy Dr,-0.19,Intersection T Inter 203,0.0,0.0,No Injury,Left Turn,Daylight,Clear,Dry,18.0,Female,East,Making Left Turn,Failed To Yield Right Of Way,No Apparent Influence,No Apparent Influence,18.0,Male,West,Going Straight Ahead,No Improper Action,No Apparent Influence,No Apparent Influence,33.34914,-111.95777,2019-04-22,22:55:00
34008,3514483,2019,Rural Rd,Broadway Rd,200.0,Not Junction Related,0.0,0.0,No Injury,Rear End,Daylight,Clear,Dry,50.0,Male,North,Going Straight Ahead,Speed To Fast For Conditions,No Apparent Influence,No Apparent Influence,25.0,Male,North,Slowing In Trafficway,No Improper Action,No Apparent Influence,No Apparent Influence,33.40805,-111.92628,2019-04-22,23:30:00
34013,3514400,2019,Rural Rd,Apache Blvd,-30.0,Intersection Related 206,0.0,0.0,No Injury,Rear End,Dusk,Clear,Dry,19.0,Female,North,Going Straight Ahead,Followed Too Closely,No Apparent Influence,No Apparent Influence,54.0,Male,North,Stopped In Trafficway,No Improper Action,No Apparent Influence,No Apparent Influence,33.41468,-111.92629,2019-04-23,01:32:00
34014,3514499,2019,Broadway Rd,Roosevelt St,60.0,Intersection Related 206,1.0,0.0,Suspected Minor Injury,Rear End,Dark Lighted,Clear,Dry,22.0,Male,West,Going Straight Ahead,Speed To Fast For Conditions,No Apparent Influence,No Apparent Influence,30.0,Female,West,Stopped In Trafficway,No Improper Action,No Apparent Influence,No Apparent Influence,33.40738,-111.94766,2019-04-23,08:47:00
34016,3508637,2019,Apache Blvd,McAllister Ave,-80.0,Not Junction Related,0.0,0.0,No Injury,Rear End,Daylight,Cloudy,Dry,19.0,Female,West,Going Straight Ahead,Followed Too Closely,No Apparent Influence,No Apparent Influence,22.0,Female,West,Stopped In Trafficway,No Improper Action,No Apparent Influence,No Apparent Influence,33.41472,-111.93093,2019-04-23,15:42:00
34020,3508610,2019,Priest Dr,Washington St,152.0,Intersection Related 206,1.0,0.0,Possible Injury,Rear End,Unknown 51,Unknown,Dry,34.0,Male,South,Going Straight Ahead,Followed Too Closely,No Apparent Influence,No Apparent Influence,53.0,Female,South,Stopped In Trafficway,No Improper Action,No Apparent Influence,No Apparent Influence,33.44287,-111.95621,2019-04-23,22:29:00
34021,3516872,2019,Southern Ave,Mill Ave,-190.0,Intersection Related 206,0.0,0.0,No Injury,Sideswipe Same Direction,Daylight,Cloudy,Dry,50.0,Female,East,Stopped In Trafficway,Failed To Keep In Proper Lane,No Apparent Influence,No Apparent Influence,23.0,Male,East,Going Straight Ahead,No Improper Action,No Apparent Influence,No Apparent Influence,33.39286,-111.94023,2019-04-23,22:36:00
34022,3514481,2019,Mill Ave,Pebble Beach Dr,96.0,Not Junction Related,2.0,0.0,Possible Injury,Left Turn,Daylight,Cloudy,Dry,30.0,Female,North,Making Left Turn,Failed To Keep In Proper Lane,No Apparent Influence,No Apparent Influence,28.0,Male,South,Going Straight Ahead,No Improper Action,No Apparent Influence,No Apparent Influence,33.39096,-111.93956,2019-04-23,22:51:00
34024,3514454,2019,Broadmor Dr,Terrace Rd,191.0,Not Junction Related,1.0,0.0,Possible Injury,Other,Daylight,Clear,Dry,26.0,Female,South,Backing,Other,No Apparent Influence,No Apparent Influence,30.0,Female,West,Going Straight Ahead,No Improper Action,No Apparent Influence,No Apparent Influence,33.40362,-111.92093,2019-04-23,23:06:00
34025,3509041,2019,Rural Rd,Minton Dr,0.0,Intersection 4 Way 202,0.0,0.0,No Injury,Left Turn,Daylight,Cloudy,Dry,22.0,Male,South,Making Left Turn,Failed To Yield Right Of Way,No Apparent Influence,No Apparent Influence,26.0,Male,North,Going Straight Ahead,No Improper Action,No Apparent Influence,No Apparent Influence,33.37989,-111.92842,2019-04-23,23:23:00
34026,3509031,2019,McClintock Dr,E Tempe Marketplace,-212.0,Intersection Related 206,1.0,0.0,Suspected Minor Injury,Rear End,Daylight,Clear,Dry,39.0,Female,North,Going Straight Ahead,Followed Too Closely,No Apparent Influence,No Apparent Influence,42.0,Female,North,Stopped In Trafficway,No Improper Action,No Apparent Influence,No Apparent Influence,33.4315,-111.90923,2019-04-23,23:40:00
34029,3509029,2019,Baseline Rd,Hardy Dr,-100.0,Intersection Related 206,0.0,0.0,No Injury,Rear End,Daylight,Cloudy,Dry,17.0,Male,East,Going Straight Ahead,Followed Too Closely,No Apparent Influence,No Apparent Influence,30.0,Male,East,Stopped In Trafficway,No Improper Action,No Apparent Influence,No Apparent Influence,33.37822,-111.95284,2019-04-24,00:28:00
34030,3514507,2019,Scottsdale Rd,McKellips Rd,75.0,Intersection Related 206,0.0,0.0,No Injury,Rear End,Daylight,Cloudy,Dry,35.0,Male,South,Going Straight Ahead,Speed To Fast For Conditions,No Apparent Influence,No Apparent Influence,28.0,Male,South,Stopped In Trafficway,No Improper Action,No Apparent Influence,No Apparent Influence,33.45145,-111.92647,2019-04-24,01:14:00
34031,3514394,2019,Scottsdale Rd,Papago Dr,-150.0,Driveway Or Alley,0.0,0.0,No Injury,Rear End,Daylight,Clear,Dry,23.0,Female,South,Going Straight Ahead,Unknown,No Apparent Influence,No Apparent Influence,33.0,Female,South,Stopped In Trafficway,No Improper Action,No Apparent Influence,No Apparent Influence,33.45301,-111.92645,2019-04-24,01:29:00
34032,3509025,2019,McClintock Dr,Apache Blvd,55.0,Not Junction Related,0.0,0.0,No Injury,Rear End,Dark Lighted,Clear,Dry,20.0,Male,South,Going Straight Ahead,Speed To Fast For Conditions,No Apparent Influence,No Apparent Influence,61.0,Female,South,Stopped In Trafficway,No Improper Action,No Apparent Influence,No Apparent Influence,33.41491,-111.90913,2019-04-24,02:23:00
34034,3514395,2019,University Dr,Rural Rd,0.0,Intersection 4 Way 202,0.0,0.0,No Injury,Left Turn,Dark Lighted,Clear,Dry,24.0,Male,West,Making Left Turn,Failed To Yield Right Of Way,No Apparent Influence,No Apparent Influence,28.0,Male,East,Going Straight Ahead,No Improper Action,No Apparent Influence,No Apparent Influence,33.42203,-111.92631,2019-04-24,02:38:00
34035,3514392,2019,Terrace Rd,Rural Rd,17.0,Intersection Related 206,0.0,0.0,No Injury,Unknown,Dawn,Clear,Dry,27.0,Male,West,Making Right Turn,Made Improper Turn,No Apparent Influence,No Apparent Influence,41.0,Male,West,Making Right Turn,No Improper Action,No Apparent Influence,No Apparent Influence,33.42024,-111.92626,2019-04-24,12:01:00
34036,3509035,2019,Mill Ave,Southern Ave,-68.0,Intersection Related 206,0.0,0.0,No Injury,Sideswipe Same Direction,Daylight,Clear,Dry,30.0,Male,North,Going Straight Ahead,Failed To Keep In Proper Lane,No Apparent Influence,No Apparent Influence,60.0,Female,North,Stopped In Trafficway,No Improper Action,No Apparent Influence,No Apparent Influence,33.39268,-111.9396,2019-04-24,16:31:00
34038,3514566,2019,Apache Blvd,McAllister Ave,-140.0,Intersection Related 206,0.0,0.0,No Injury,Rear End,Daylight,Clear,Dry,17.0,Male,East,Going Straight Ahead,Followed Too Closely,No Apparent Influence,No Apparent Influence,16.0,Female,East,Stopped In Trafficway,No Improper Action,No Apparent Influence,No Apparent Influence,33.41472,-111.93113,2019-04-24,21:07:00
34040,3514358,2019,Baseline Rd,Terry Ln,55.0,Intersection Related 206,0.0,0.0,No Injury,Left Turn,Daylight,Clear,Dry,23.0,Female,West,Making Left Turn,Other,No Apparent Influence,No Apparent Influence,70.0,Female,East,Going Straight Ahead,No Improper Action,No Apparent Influence,No Apparent Influence,33.37823,-111.95522,2019-04-24,21:50:00
34044,3509034,2019,McClintock Dr,Guadalupe Rd,0.0,Intersection 4 Way 202,1.0,0.0,Suspected Minor Injury,Left Turn,Daylight,Clear,Dry,64.0,Male,North,Making Left Turn,Failed To Yield Right Of Way,No Apparent Influence,No Apparent Influence,21.0,Female,South,Going Straight Ahead,No Improper Action,No Apparent Influence,No Apparent Influence,33.36376,-111.91126,2019-04-25,01:27:00
34047,3514500,2019,Broadway Rd,Price Rd,200.0,Intersection Related 206,0.0,0.0,No Injury,Rear End,Unknown 51,Unknown,Dry,18.0,Male,West,Going Straight Ahead,Speed To Fast For Conditions,No Apparent Influence,No Apparent Influence,71.0,Male,West,Stopped In Trafficway,No Improper Action,No Apparent Influence,No Apparent Influence,33.40749,-111.88968,2019-04-25,13:38:00
34048,3525020,2019,Elliot Rd,Price Rd,0.0,Intersection Related 206,0.0,0.0,No Injury,Sideswipe Same Direction,Daylight,Clear,Dry,64.0,Male,West,Making Left Turn,Made Improper Turn,No Apparent Influence,No Apparent Influence,25.0,Female,West,Going Straight Ahead,No Improper Action,No Apparent Influence,No Apparent Influence,33.34934,-111.89437,2019-04-25,14:32:00
34049,3514570,2019,Baseline Rd,Kyrene Rd,0.0,Intersection T Inter 203,0.0,0.0,No Injury,Angle - Other Than Left Turn 2,Daylight,Clear,Dry,30.0,Male,East,Going Straight Ahead,Disregarded Traffic Signal,No Apparent Influence,No Apparent Influence,27.0,Male,South,Going Straight Ahead,No Improper Action,No Apparent Influence,No Apparent Influence,33.3782,-111.94599,2019-04-25,14:50:00
34052,3514526,2019,Broadway Rd,Price Rd,114.0,Intersection Related 206,0.0,0.0,No Injury,Rear End,Daylight,Clear,Dry,57.0,Male,West,Going Straight Ahead,Followed Too Closely,No Apparent Influence,No Apparent Influence,59.0,Male,West,Stopped In Trafficway,No Improper Action,No Apparent Influence,No Apparent Influence,33.40749,-111.88996,2019-04-25,21:09:00
34055,3514525,2019,Hardy Dr,Geneva Dr,0.0,Intersection 4 Way 202,0.0,0.0,No Injury,Angle - Other Than Left Turn 2,Daylight,Clear,Dry,28.0,Male,West,Going Straight Ahead,Failed To Yield Right Of Way,No Apparent Influence,No Apparent Influence,30.0,Male,South,Going Straight Ahead,No Improper Action,No Apparent Influence,No Apparent Influence,33.39493,-111.9521,2019-04-25,22:24:00
34056,3516961,2019,Baseline Rd,Jentilly Ln,-217.0,Intersection Related 206,0.0,0.0,No Injury,Angle - Other Than Left Turn 2,Daylight,Clear,Dry,24.0,Female,North,Making Right Turn,Made Improper Turn,No Apparent Influence,No Apparent Influence,36.0,Male,West,Going Straight Ahead,No Improper Action,No Apparent Influence,No Apparent Influence,33.37825,-111.92732,2019-04-25,22:33:00
34057,3516876,2019,Southern Ave,Fair Ln,0.0,Intersection T Inter 203,1.0,0.0,Suspected Serious Injury,Left Turn,Daylight,Clear,Dry,19.0,Female,East,Making Left Turn,Failed To Yield Right Of Way,No Apparent Influence,No Apparent Influence,31.0,Male,West,Going Straight Ahead,No Improper Action,No Apparent Influence,No Apparent Influence,33.39278,-111.97601,2019-04-25,22:42:00
34058,3514527,2019,Roosevelt St,Fairmont Dr,-56.0,Intersection Related 206,0.0,0.0,No Injury,Rear End,Daylight,Clear,Dry,39.0,Male,South,Going Straight Ahead,Followed Too Closely,No Apparent Influence,No Apparent Influence,33.0,Male,South,Stopped In Trafficway,No Improper Action,No Apparent Influence,No Apparent Influence,33.39632,-111.94783,2019-04-25,23:04:00
34059,3514457,2019,Priest Dr,SR-202 Exit 5 A-Ramp,0.0,Intersection 4 Way 202,0.0,0.0,No Injury,Angle - Other Than Left Turn 2,Daylight,Clear,Dry,37.0,Male,North,Going Straight Ahead,Disregarded Traffic Signal,No Apparent Influence,No Apparent Influence,30.0,Male,South,Making Left Turn,No Improper Action,No Apparent Influence,No Apparent Influence,33.43715,-111.96094,2019-04-25,23:06:00
34061,3514485,2019,Mill Ave,Alameda Dr,30.0,Intersection Related 206,0.0,0.0,No Injury,Rear End,Daylight,Clear,Dry,44.0,Male,South,Going Straight Ahead,Followed Too Closely,No Apparent Influence,No Apparent Influence,29.0,Female,South,Stopped In Trafficway,No Improper Action,No Apparent Influence,No Apparent Influence,33.4002,-111.93971,2019-04-25,23:32:00
34062,3514553,2019,Rural Rd,Terrace Rd,-190.0,Intersection Related 206,2.0,0.0,Possible Injury,Rear End,Daylight,Clear,Dry,20.0,Male,North,Going Straight Ahead,Followed Too Closely,No Apparent Influence,No Apparent Influence,19.0,Male,North,Stopped In Trafficway,No Improper Action,No Apparent Influence,No Apparent Influence,33.41975,-111.9263,2019-04-25,23:47:00
34063,3514445,2019,Broadway Rd,River Dr,0.0,Intersection 4 Way 202,2.0,0.0,Possible Injury,Angle - Other Than Left Turn 2,Daylight,Clear,Dry,20.0,Female,West,Making U Turn,Failed To Yield Right Of Way,No Apparent Influence,No Apparent Influence,32.0,Female,East,Going Straight Ahead,No Improper Action,No Apparent Influence,No Apparent Influence,33.4075,-111.89775,2019-04-26,00:06:00
34065,3514522,2019,48th St,Southern Ave,0.0,Intersection 4 Way 202,2.0,0.0,Suspected Minor Injury,Left Turn,Daylight,Clear,Dry,21.0,Male,North,Making Left Turn,Failed To Yield Right Of Way,No Apparent Influence,No Apparent Influence,25.0,Female,South,Going Straight Ahead,No Improper Action,No Apparent Influence,No Apparent Influence,33.39277,-111.97834,2019-04-26,00:26:00
34067,3525149,2019,Price Rd,Rio Salado Pkwy,-20.0,Intersection Related 206,0.0,0.0,No Injury,Rear End,Daylight,Clear,Dry,26.0,Male,North,Making Left Turn,Speed To Fast For Conditions,No Apparent Influence,No Apparent Influence,60.0,Female,North,Stopped In Trafficway,No Improper Action,No Apparent Influence,No Apparent Influence,33.42926,-111.89026,2019-04-26,00:43:00
34069,3514376,2019,Elliot Rd,Kyrene Rd,-100.0,Intersection Related 206,0.0,0.0,No Injury,Sideswipe Same Direction,Dusk,Clear,Dry,21.0,Female,East,Going Straight Ahead,Speed To Fast For Conditions,No Apparent Influence,No Apparent Influence,48.0,Female,East,Going Straight Ahead,No Improper Action,No Apparent Influence,No Apparent Influence,33.3492,-111.94606,2019-04-26,02:23:00
34070,3514357,2019,McAllister Ave,Lemon St,0.0,Intersection T Inter 203,0.0,0.0,No Injury,Left Turn,Dark Lighted,Clear,Dry,53.0,Female,South,Making Left Turn,Failed To Yield Right Of Way,No Apparent Influence,No Apparent Influence,54.0,Male,North,Making Right Turn,No Improper Action,No Apparent Influence,No Apparent Influence,33.4167,-111.92934,2019-04-26,02:34:00
34071,3525246,2019,McKellips Rd,Scottsdale Rd,30.0,Intersection Related Non Interchange,0.0,0.0,No Injury,Rear End,Daylight,Clear,Dry,41.0,Male,West,Going Straight Ahead,Speed To Fast For Conditions,No Apparent Influence,No Apparent Influence,36.0,Male,West,Stopped In Trafficway,No Improper Action,No Apparent Influence,No Apparent Influence,33.45124,-111.92637,2019-04-26,14:45:00
34074,3514446,2019,Hardy Dr,Broadway Rd,201.0,Not Junction Related,0.0,0.0,No Injury,Sideswipe Same Direction,Daylight,Clear,Dry,33.0,Female,North,Changing Lanes,Unsafe Lane Change,No Apparent Influence,No Apparent Influence,47.0,Male,North,Going Straight Ahead,No Improper Action,No Apparent Influence,No Apparent Influence,33.40795,-111.95217,2019-04-26,16:01:00
34075,3514447,2019,Broadway Rd,I-10 Exit 153 G-Ramp,0.0,Intersection 4 Way 202,0.0,0.0,No Injury,Left Turn,Daylight,Clear,Dry,58.0,Male,South,Making Left Turn,Unknown,No Apparent Influence,No Apparent Influence,21.0,Male,West,Going Straight Ahead,Unknown,No Apparent Influence,No Apparent Influence,33.40845,-111.9736,2019-04-26,17:11:00
34079,3516675,2019,Rural Rd,Apache Blvd,84.0,Intersection Related 206,0.0,0.0,No Injury,Rear End,Daylight,Clear,Dry,67.0,Male,South,Going Straight Ahead,Followed Too Closely,No Apparent Influence,No Apparent Influence,27.0,Female,South,Slowing In Trafficway,No Improper Action,No Apparent Influence,No Apparent Influence,33.41499,-111.92629,2019-04-26,20:41:00
34083,3514561,2019,Baseline Rd,Priest Dr,-20.0,Intersection Related 206,0.0,0.0,No Injury,Rear End,Daylight,Clear,Dry,25.0,Female,West,Going Straight Ahead,Ran Stop Sign,No Apparent Influence,No Apparent Influence,24.0,Male,West,Going Straight Ahead,No Improper Action,No Apparent Influence,No Apparent Influence,33.37824,-111.96324,2019-04-27,16:04:00
34084,3514407,2019,Apache Blvd,Forest Service 01 Tempe Ave,0.0,Intersection 4 Way 202,0.0,0.0,No Injury,Left Turn,Daylight,Clear,Dry,27.0,Male,North,Making Left Turn,Failed To Yield Right Of Way,No Apparent Influence,No Apparent Influence,51.0,Male,West,Going Straight Ahead,No Improper Action,No Apparent Influence,No Apparent Influence,33.41468,-111.9366,2019-04-27,17:37:00
34086,3514406,2019,Baseline Rd,Calle Los Cerros,-20.0,Intersection T Inter 203,0.0,0.0,No Injury,Sideswipe Same Direction,Daylight,Clear,Dry,60.0,Female,West,Going Straight Ahead,No Improper Action,No Apparent Influence,No Apparent Influence,53.0,Female,West,Going Straight Ahead,No Improper Action,No Apparent Influence,No Apparent Influence,33.37821,-111.97415,2019-04-27,19:06:00
34088,3514388,2019,Rio Salado Pkwy,Price Rd,-45.0,Not Junction Related,0.0,0.0,No Injury,Rear End,Daylight,Clear,Dry,18.0,Female,West,Going Straight Ahead,Speed To Fast For Conditions,No Apparent Influence,No Apparent Influence,17.0,Female,West,Going Straight Ahead,No Improper Action,No Apparent Influence,No Apparent Influence,33.42932,-111.89041,2019-04-28,00:07:00
34089,3514405,2019,Priest Dr,Grove Pkwy,-180.0,Intersection Related 206,0.0,0.0,No Injury,Sideswipe Same Direction,Daylight,Clear,Dry,23.0,Female,South,Changing Lanes,Unsafe Lane Change,No Apparent Influence,No Apparent Influence,28.0,Female,South,Going Straight Ahead,No Improper Action,No Apparent Influence,No Apparent Influence,33.35108,-111.96281,2019-04-28,00:14:00
34091,3519683,2019,McClintock Dr,SR-202 Exit 8 J-Ramp,0.0,Intersection T Inter 203,0.0,0.0,No Injury,Angle - Other Than Left Turn 2,Daylight,Clear,Dry,30.0,Female,Southwest,Making Left Turn,Failed To Yield Right Of Way,No Apparent Influence,No Apparent Influence,32.0,Male,South,Going Straight Ahead,No Improper Action,No Apparent Influence,No Apparent Influence,33.43662,-111.90962,2019-04-28,00:42:00
34092,3537142,2019,Elliot Rd,McClintock Dr,60.0,Intersection Related Non Interchange,0.0,0.0,No Injury,Rear End,Dusk,Clear,Dry,38.0,Male,West,Going Straight Ahead,Speed To Fast For Conditions,No Apparent Influence,No Apparent Influence,29.0,Female,West,Stopped In Trafficway,Unknown,No Apparent Influence,No Apparent Influence,33.34913,-111.91099,2019-04-28,01:00:00
34093,3525025,2019,University Dr,Veterans Way,20.0,Intersection Related 206,0.0,0.0,No Injury,Rear End,Dark Lighted,Clear,Dry,24.0,Male,West,Going Straight Ahead,No Improper Action,No Apparent Influence,No Apparent Influence,19.0,Female,West,Going Straight Ahead,No Improper Action,No Apparent Influence,No Apparent Influence,33.42202,-111.92887,2019-04-28,05:26:00
34094,3565203,2019,Elliot Rd,Lakeshore Dr,-15.0,Intersection Related 206,0.0,0.0,No Injury,Left Turn,Dark Lighted,Clear,Dry,18.0,Male,Southwest,Making Left Turn,Disregarded Traffic Signal,No Apparent Influence,No Apparent Influence,22.0,Male,West,Going Straight Ahead,No Improper Action,No Apparent Influence,No Apparent Influence,33.34915,-111.91989,2019-04-28,07:04:00
34099,3514548,2019,Priest Dr,Warner Rd,0.0,Intersection 4 Way 202,1.0,0.0,Suspected Minor Injury,Left Turn,Daylight,Clear,Dry,71.0,Male,South,Making Left Turn,Failed To Yield Right Of Way,No Apparent Influence,No Apparent Influence,26.0,Female,North,Going Straight Ahead,No Improper Action,No Apparent Influence,No Apparent Influence,33.33453,-111.96312,2019-04-28,22:23:00
34100,3514529,2019,University Dr,Rockford Dr,-21.0,Intersection T Inter 203,2.0,0.0,Suspected Minor Injury,Left Turn,Daylight,Clear,Dry,21.0,Male,North,Making Left Turn,Failed To Yield Right Of Way,No Apparent Influence,No Apparent Influence,47.0,Female,East,Going Straight Ahead,No Improper Action,No Apparent Influence,No Apparent Influence,33.4221,-111.89814,2019-04-28,22:59:00
34101,3516842,2019,Mill Ave,Southern Ave,-76.0,Intersection Related 206,0.0,0.0,No Injury,Rear End,Daylight,Clear,Dry,43.0,Male,North,Going Straight Ahead,Speed To Fast For Conditions,No Apparent Influence,No Apparent Influence,49.0,Female,North,Stopped In Trafficway,No Improper Action,No Apparent Influence,No Apparent Influence,33.39265,-111.9396,2019-04-29,01:01:00
34103,3514533,2019,Rural Rd,Warner Rd,0.0,Intersection 4 Way 202,1.0,0.0,Suspected Minor Injury,Angle - Other Than Left Turn 2,Dark Lighted,Clear,Dry,53.0,Female,East,Going Straight Ahead,Disregarded Traffic Signal,No Apparent Influence,No Apparent Influence,24.0,Male,North,Going Straight Ahead,No Improper Action,No Apparent Influence,No Apparent Influence,33.33466,-111.92841,2019-04-29,03:41:00
34104,3518861,2019,Apache Blvd,Mill Ave,0.0,Intersection T Inter 203,2.0,0.0,Suspected Minor Injury,Angle - Other Than Left Turn 2,Dark Lighted,Clear,Dry,24.0,Female,East,Going Straight Ahead,Disregarded Traffic Signal,No Apparent Influence,No Apparent Influence,58.0,Male,South,Going Straight Ahead,No Improper Action,No Apparent Influence,No Apparent Influence,33.41602,-111.93953,2019-04-29,06:40:00
34105,3514544,2019,Broadway Rd,Cutler Dr,0.0,Intersection Related 206,0.0,0.0,No Injury,Angle - Other Than Left Turn 2,Daylight,Clear,Dry,58.0,Male,South,Making Right Turn,Failed To Yield Right Of Way,No Apparent Influence,No Apparent Influence,57.0,Female,West,Stopped In Trafficway,No Improper Action,No Apparent Influence,No Apparent Influence,33.40741,-111.95837,2019-04-29,14:24:00
34106,3516867,2019,Southern Ave,Price Rd,0.0,Intersection 201,0.0,0.0,No Injury,Rear End,Daylight,Clear,Dry,54.0,Female,North,Making Right Turn,Followed Too Closely,No Apparent Influence,No Apparent Influence,22.0,Female,North,Making Right Turn,No Improper Action,No Apparent Influence,No Apparent Influence,33.39295,-111.89045,2019-04-29,14:32:00
34107,3514435,2019,Broadway Rd,Jentilly Ln,0.0,Intersection T Inter 203,0.0,0.0,No Injury,U Turn,Daylight,Cloudy,Dry,46.0,Female,East,Making U Turn,Made Improper Turn,No Apparent Influence,No Apparent Influence,48.0,Male,West,Going Straight Ahead,No Improper Action,No Apparent Influence,No Apparent Influence,33.4075,-111.92372,2019-04-29,15:11:00
34108,3514545,2019,Broadway Rd,Mill Ave,-15.0,Intersection 4 Way 202,0.0,0.0,No Injury,Angle - Other Than Left Turn 2,Daylight,Clear,Dry,38.0,Male,East,Making Right Turn,Speed To Fast For Conditions,No Apparent Influence,No Apparent Influence,59.0,Male,East,Going Straight Ahead,No Improper Action,No Apparent Influence,No Apparent Influence,33.4074,-111.93988,2019-04-29,15:15:00
34109,3514556,2019,Elliot Rd,Priest Dr,0.0,Intersection 201,0.0,0.0,No Injury,Rear End,Daylight,Clear,Dry,32.0,Female,East,Going Straight Ahead,Followed Too Closely,No Apparent Influence,No Apparent Influence,60.0,Male,East,Stopped In Trafficway,No Improper Action,No Apparent Influence,No Apparent Influence,33.3491,-111.96313,2019-04-29,15:23:00
34110,3514434,2019,McClintock Dr,Rio Salado Pkwy,0.0,Intersection 201,0.0,0.0,No Injury,Angle - Other Than Left Turn 2,Daylight,Cloudy,Dry,34.0,Male,South,Making Right Turn,Made Improper Turn,No Apparent Influence,No Apparent Influence,57.0,Female,South,Going Straight Ahead,No Improper Action,No Apparent Influence,No Apparent Influence,33.42926,-111.90907,2019-04-29,18:10:00
34112,3514542,2019,University Dr,Farmer Ave,-51.0,Intersection Related 206,0.0,0.0,No Injury,Rear End,Daylight,Rain,Dry,40.0,Male,East,Going Straight Ahead,Followed Too Closely,No Apparent Influence,No Apparent Influence,28.0,Female,East,Stopped In Trafficway,No Improper Action,No Apparent Influence,No Apparent Influence,33.42189,-111.94444,2019-04-29,19:50:00
34113,3514438,2019,Priest Dr,Lisa Ln,0.0,Intersection T Inter 203,0.0,0.0,No Injury,Left Turn,Daylight,Cloudy,Dry,69.0,Male,North,Making Left Turn,Failed To Yield Right Of Way,No Apparent Influence,No Apparent Influence,35.0,Female,South,Going Straight Ahead,No Improper Action,No Apparent Influence,No Apparent Influence,33.32592,-111.9631,2019-04-29,20:24:00
34114,3514506,2019,McClintock Dr,Rio Salado Pkwy,21.0,Intersection Related 206,0.0,0.0,No Injury,Rear End,Daylight,Cloudy,Dry,35.0,Male,North,Going Straight Ahead,Speed To Fast For Conditions,No Apparent Influence,No Apparent Influence,53.0,Male,North,Stopped In Trafficway,No Improper Action,No Apparent Influence,No Apparent Influence,33.42932,-111.90907,2019-04-29,21:33:00
34117,3531187,2019,Rural Rd,US-60 Exit 174 G-Ramp,-30.0,Intersection Related Non Interchange,0.0,0.0,No Injury,Rear End,Dark Lighted,Clear,Dry,61.0,Male,North,Going Straight Ahead,Speed To Fast For Conditions,Alcohol,No Apparent Influence,21.0,Male,North,Going Straight Ahead,No Improper Action,No Apparent Influence,No Apparent Influence,33.38494,-111.92649,2019-04-30,05:57:00
34119,3514409,2019,Rural Rd,Guadalupe Rd,0.0,Intersection 201,1.0,0.0,Possible Injury,Angle - Other Than Left Turn 2,Daylight,Clear,Dry,21.0,Female,East,Going Straight Ahead,Disregarded Traffic Signal,No Apparent Influence,No Apparent Influence,42.0,Female,South,Going Straight Ahead,No Improper Action,No Apparent Influence,No Apparent Influence,33.36375,-111.92861,2019-04-30,16:07:00
34120,3514437,2019,Hazelton Ln,Vaughn St,31.0,Intersection Related 206,0.0,0.0,No Injury,Left Turn,Daylight,Clear,Dry,82.0,Male,East,Making Left Turn,Made Improper Turn,No Apparent Influence,No Apparent Influence,83.0,Male,South,Stopped In Trafficway,No Improper Action,No Apparent Influence,No Apparent Influence,33.36205,-111.90665,2019-04-30,16:13:00
34124,3514411,2019,Price Rd,Guadalupe Rd,0.0,Entrance Exit Ramp 205,1.0,0.0,Suspected Serious Injury,Angle - Other Than Left Turn 2,Unknown 51,Unknown,Dry,47.0,Female,North,Making Left Turn,Made Improper Turn,No Apparent Influence,No Apparent Influence,54.0,Male,South,Going Straight Ahead,No Improper Action,No Apparent Influence,No Apparent Influence,33.36389,-111.89467,2019-04-30,18:56:00