,Incident ID,Year,Street Name,Cross Street,Distance,Junction Relation,Total Injuries,Total Fatalities,Injury Severity,Collision Manner,Light Condition,Weather,Surface Condition,Age Driver 1,Gender Driver 1,Travel Direction One,Unit Action One,Violation1_Drv1,Alcohol Use Driver 1,Drug Use Driver 1,Age Driver 2,Gender Driver 2,Travel Direction Two,Unit Action Two,Violation 1 Driver 2,Alcohol Use Driver 2,Drug Use Driver 2,Latitude,Longitude,Date,Time
34498,3525083,2019,Scottsdale Rd,McKellips Rd,0.0,Intersection 4 Way 202,1.0,0.0,Suspected Minor Injury,Angle - Other Than Left Turn 2,Daylight,Clear,Dry,63.0,Male,North,Going Straight Ahead,Disregarded Traffic Signal,No Apparent Influence,No Apparent Influence,66.0,Female,West,Going Straight Ahead,No Improper Action,No Apparent Influence,No Apparent Influence,33.45124,-111.92647,2019-05-29,21:11:00
34506,3528297,2019,Warner Rd,McClintock Dr,88.0,Intersection Related 206,0.0,0.0,No Injury,Rear End,Daylight,Clear,Dry,33.0,Male,West,Going Straight Ahead,Speed To Fast For Conditions,No Apparent Influence,No Apparent Influence,62.0,Male,West,Stopped In Trafficway,No Improper Action,No Apparent Influence,No Apparent Influence,33.33464,-111.91089,2019-05-30,13:02:00
34507,3528272,2019,Avenida Del Yaqui,Bell De Mar Dr,50.0,Intersection Related Non Interchange,0.0,0.0,No Injury,Rear End,Daylight,Unknown,Dry,23.0,Male,South,Going Straight Ahead,Speed To Fast For Conditions,No Apparent Influence,No Apparent Influence,21.0,Male,South,Stopped In Trafficway,No Improper Action,No Apparent Influence,No Apparent Influence,33.35819,-111.96317,2019-05-30,13:04:00
34508,3525335,2019,Apache Blvd,Rural Rd,105.0,Intersection Related 206,0.0,0.0,No Injury,Other,Daylight,Clear,Dry,44.0,Female,West,Backing,Other,No Apparent Influence,No Apparent Influence,20.0,Male,West,Stopped In Trafficway,No Improper Action,No Apparent Influence,No Apparent Influence,33.41476,-111.92595,2019-05-30,15:40:00
34509,3525068,2019,Rural Rd,Southern Ave,-80.0,Intersection Related 206,0.0,0.0,No Injury,Rear End,Daylight,Clear,Dry,24.0,Male,North,Going Straight Ahead,Speed To Fast For Conditions,No Apparent Influence,No Apparent Influence,72.0,Female,North,Stopped In Trafficway,No Improper Action,No Apparent Influence,No Apparent Influence,33.39274,-111.92633,2019-05-30,20:07:00
34513,3525993,2019,6th St,Forest Service 01 Tempe Ave,-215.0,Not Junction Related,0.0,0.0,No Injury,Other,Daylight,Clear,Dry,40.0,Male,South,Backing,Other,No Apparent Influence,No Apparent Influence,57.0,Female,West,Going Straight Ahead,No Improper Action,No Apparent Influence,No Apparent Influence,33.42435,-111.93737,2019-05-30,23:40:00
34514,3528295,2019,Rural Rd,Cornell Dr,50.0,Unknown,1.0,0.0,Possible Injury,Rear End,Daylight,Clear,Dry,31.0,Male,South,Going Straight Ahead,Speed To Fast For Conditions,No Apparent Influence,No Apparent Influence,55.0,Male,South,Slowing In Trafficway,No Improper Action,No Apparent Influence,No Apparent Influence,33.37225,-111.92866,2019-05-30,23:44:00
34515,3524996,2019,Broadway Rd,52nd St,-81.0,Intersection Related 206,1.0,0.0,Suspected Minor Injury,Rear End,Daylight,Clear,Dry,35.0,Male,East,Going Straight Ahead,Followed Too Closely,No Apparent Influence,No Apparent Influence,54.0,Female,East,Stopped In Trafficway,No Improper Action,No Apparent Influence,No Apparent Influence,33.4093,-111.96979,2019-05-31,00:10:00
34516,3528175,2019,Apache Blvd,Smith Rd,0.0,Intersection T Inter 203,2.0,0.0,Suspected Minor Injury,Angle - Other Than Left Turn 2,Daylight,Clear,Dry,21.0,Male,South,Making Right Turn,Failed To Yield Right Of Way,No Apparent Influence,No Apparent Influence,66.0,Male,West,Going Straight Ahead,No Improper Action,No Apparent Influence,No Apparent Influence,33.41477,-111.9005,2019-05-31,00:27:00
34520,3528152,2019,University Dr,SR-143 Exit 1 T-Ramp,0.0,Entrance Exit Ramp 205,0.0,0.0,No Injury,Sideswipe Same Direction,Daylight,Clear,Dry,27.0,Female,East,Making Right Turn,Failed To Yield Right Of Way,No Apparent Influence,No Apparent Influence,37.0,Male,East,Going Straight Ahead,No Improper Action,No Apparent Influence,No Apparent Influence,33.42189,-111.97767,2019-05-31,13:35:00
34522,3524999,2019,Southern Ave,48th St,88.0,Intersection Related 206,0.0,0.0,No Injury,Rear End,Daylight,Clear,Dry,26.0,Female,West,Going Straight Ahead,Followed Too Closely,No Apparent Influence,No Apparent Influence,48.0,Female,West,Stopped In Trafficway,No Improper Action,No Apparent Influence,No Apparent Influence,33.39277,-111.97805,2019-05-31,18:06:00
34523,3528145,2019,Priest Dr,SR-202 Exit 5 A-Ramp,0.0,Entrance Exit Ramp 205,0.0,0.0,No Injury,Angle - Other Than Left Turn 2,Daylight,Clear,Dry,24.0,Female,East,Making Right Turn,Made Improper Turn,No Apparent Influence,No Apparent Influence,23.0,Male,South,Going Straight Ahead,No Improper Action,No Apparent Influence,No Apparent Influence,33.43715,-111.96094,2019-05-31,19:17:00
34527,3525012,2019,Price Rd,Broadway Rd,0.0,Intersection 4 Way 202,0.0,0.0,No Injury,Left Turn,Daylight,Clear,Dry,41.0,Male,South,Making Left Turn,Unknown,No Apparent Influence,No Apparent Influence,37.0,Female,South,Making Left Turn,Unknown,No Apparent Influence,No Apparent Influence,33.4075,-111.892,2019-05-31,20:32:00
34529,3528176,2019,Baseline Rd,McClintock Dr,122.0,Intersection 4 Way 202,2.0,0.0,Suspected Minor Injury,Rear End,Daylight,Clear,Dry,42.0,Female,West,Going Straight Ahead,Followed Too Closely,No Apparent Influence,No Apparent Influence,60.0,Female,West,Stopped In Trafficway,No Improper Action,No Apparent Influence,No Apparent Influence,33.37843,-111.90886,2019-05-31,22:51:00
34532,3528148,2019,Roosevelt St,17th Pl,0.0,Intersection T Inter 203,0.0,0.0,No Injury,Left Turn,Daylight,Clear,Dry,20.0,Male,East,Making Left Turn,Failed To Yield Right Of Way,No Apparent Influence,No Apparent Influence,21.0,Male,North,Going Straight Ahead,No Improper Action,No Apparent Influence,No Apparent Influence,33.41056,-111.94786,2019-06-01,01:10:00
34533,3528149,2019,Mill Ave,US-60 Exit 173 A-Ramp,-120.0,Intersection Related 206,0.0,0.0,No Injury,Rear End,Daylight,Clear,Dry,31.0,Female,North,Going Straight Ahead,Speed To Fast For Conditions,No Apparent Influence,No Apparent Influence,23.0,Female,North,Stopped In Trafficway,No Improper Action,No Apparent Influence,No Apparent Influence,33.38479,-111.93949,2019-06-01,01:15:00
34536,3528150,2019,Guadalupe Rd,McClintock Dr,75.0,Intersection Related 206,0.0,0.0,No Injury,Rear End,Daylight,Clear,Dry,25.0,Male,West,Going Straight Ahead,Speed To Fast For Conditions,No Apparent Influence,No Apparent Influence,33.0,Female,West,Stopped In Trafficway,No Improper Action,No Apparent Influence,No Apparent Influence,33.36376,-111.91101,2019-06-01,19:56:00
34537,3528177,2019,Priest Dr,University Dr,0.0,Intersection 4 Way 202,0.0,0.0,No Injury,Left Turn,Daylight,Clear,Dry,27.0,Female,East,Going Straight Ahead,Disregarded Traffic Signal,No Apparent Influence,No Apparent Influence,16.0,Female,West,Making Left Turn,No Improper Action,No Apparent Influence,No Apparent Influence,33.42194,-111.96092,2019-06-02,01:38:00
34538,3533337,2019,Broadway Rd,Dorsey Ln,0.0,Intersection Related 206,0.0,0.0,No Injury,Angle - Other Than Left Turn 2,Dark Lighted,Clear,Dry,19.0,Male,Southeast,Making Right Turn,Failed To Yield Right Of Way,No Apparent Influence,No Apparent Influence,38.0,Male,East,Going Straight Ahead,No Improper Action,No Apparent Influence,No Apparent Influence,33.40751,-111.9177,2019-06-02,04:56:00
34539,3535781,2019,Priest Dr,University Dr,-30.0,Intersection 201,0.0,0.0,No Injury,Left Turn,Dark Lighted,Clear,Dry,30.0,Female,North,Going Straight Ahead,Other,No Apparent Influence,No Apparent Influence,25.0,Female,South,Making Left Turn,No Improper Action,No Apparent Influence,No Apparent Influence,33.42186,-111.96092,2019-06-02,07:48:00
34542,3533286,2019,University Dr,SR-143 Exit 1 A-Ramp,0.0,Intersection 4 Way 202,2.0,0.0,Possible Injury,Left Turn,Daylight,Clear,Dry,38.0,Female,East,Going Straight Ahead,Disregarded Traffic Signal,No Apparent Influence,No Apparent Influence,36.0,Female,North,Going Straight Ahead,Unknown,No Apparent Influence,No Apparent Influence,33.42189,-111.97817,2019-06-02,17:56:00
34543,3528284,2019,Baseline Rd,Pointe Pkwy,175.0,Intersection Related 206,0.0,0.0,No Injury,Rear End,Daylight,Clear,Dry,42.0,Female,East,Going Straight Ahead,Followed Too Closely,No Apparent Influence,No Apparent Influence,63.0,Female,East,Going Straight Ahead,No Improper Action,No Apparent Influence,No Apparent Influence,33.37822,-111.97142,2019-06-02,18:55:00
34544,3535764,2019,Priest Dr,Elliot Rd,175.0,Driveway Or Alley,0.0,0.0,No Injury,Rear End,Daylight,Clear,Dry,20.0,Male,North,Unknown,Followed Too Closely,No Apparent Influence,No Apparent Influence,56.0,Female,North,Unknown,No Improper Action,No Apparent Influence,No Apparent Influence,33.34958,-111.96314,2019-06-02,20:53:00
34546,3525010,2019,Broadway Rd,McClintock Dr,-150.0,Not Junction Related,0.0,0.0,No Injury,Left Turn,Daylight,Clear,Dry,26.0,Female,South,Making Left Turn,Failed To Yield Right Of Way,No Apparent Influence,No Apparent Influence,21.0,Male,East,Going Straight Ahead,No Improper Action,No Apparent Influence,No Apparent Influence,33.4075,-111.90962,2019-06-03,01:37:00
34548,3525019,2019,Southern Ave,Rural Rd,100.0,Not Junction Related,0.0,0.0,No Injury,Left Turn,Dark Lighted,Clear,Dry,63.0,Male,East,Going Straight Ahead,Unknown,No Apparent Influence,No Apparent Influence,50.0,Male,East,Going Straight Ahead,Unknown,No Apparent Influence,No Apparent Influence,33.39296,-111.926,2019-06-03,03:32:00
34549,3525023,2019,Bell De Mar Dr,Kenneth Pl,-90.0,Not Junction Related,0.0,0.0,No Injury,Angle - Other Than Left Turn 2,Dark Lighted,Clear,Dry,31.0,Female,East,Unknown,Failed To Keep In Proper Lane,No Apparent Influence,No Apparent Influence,24.0,Male,East,Properly Parked,No Improper Action,No Apparent Influence,No Apparent Influence,33.35902,-111.9211,2019-06-03,07:20:00
34551,3528153,2019,Baseline Rd,Beck Ave,0.0,Not Junction Related,0.0,0.0,No Injury,Angle - Other Than Left Turn 2,Daylight,Clear,Dry,42.0,Male,North,Making Left Turn,Failed To Yield Right Of Way,No Apparent Influence,No Apparent Influence,39.0,Male,East,Going Straight Ahead,No Improper Action,No Apparent Influence,No Apparent Influence,33.37824,-111.95975,2019-06-03,20:54:00
34557,3528274,2019,McClintock Dr,Elliot Rd,0.0,Intersection 4 Way 202,1.0,0.0,Suspected Minor Injury,Left Turn,Dusk,Clear,Dry,70.0,Male,East,Going Straight Ahead,Made Improper Turn,No Apparent Influence,No Apparent Influence,74.0,Female,North,Going Straight Ahead,No Improper Action,No Apparent Influence,No Apparent Influence,33.34913,-111.91119,2019-06-04,02:03:00
34559,3565204,2019,Lakeshore Dr,Sandpiper Dr,0.0,Intersection T Inter 203,0.0,0.0,No Injury,Left Turn,Dark Lighted,Clear,Dry,29.0,Female,Southwest,Making Left Turn,Failed To Yield Right Of Way,No Apparent Influence,No Apparent Influence,59.0,Male,South,Going Straight Ahead,No Improper Action,No Apparent Influence,No Apparent Influence,33.37343,-111.91985,2019-06-04,04:48:00
34560,3528227,2019,Mill Ave,US-60 Exit 173 A-Ramp,0.0,Entrance Exit Ramp 205,0.0,0.0,No Injury,Sideswipe Same Direction,Daylight,Clear,Dry,31.0,Male,East,Going Straight Ahead,Failed To Keep In Proper Lane,No Apparent Influence,No Apparent Influence,22.0,Female,East,Making Left Turn,No Improper Action,No Apparent Influence,No Apparent Influence,33.38511,-111.93947,2019-06-04,14:36:00
34561,3533334,2019,5th St,Ash Ave,-59.0,Intersection 201,0.0,0.0,No Injury,Other,Daylight,Clear,Dry,40.0,Male,East,Backing,Other,No Apparent Influence,No Apparent Influence,29.0,Female,East,Stopped In Trafficway,No Improper Action,No Apparent Influence,No Apparent Influence,33.42549,-111.94356,2019-06-04,15:00:00
34562,3528139,2019,Mill Ave,Broadmor Dr,-101.0,Intersection Related 206,0.0,0.0,No Injury,Sideswipe Same Direction,Daylight,Clear,Dry,59.0,Female,North,Changing Lanes,Unsafe Lane Change,No Apparent Influence,No Apparent Influence,69.0,Female,North,Going Straight Ahead,No Improper Action,No Apparent Influence,No Apparent Influence,33.40232,-111.93974,2019-06-04,16:00:00
34564,3528226,2019,Mill Ave,13th St,0.0,Intersection 4 Way 202,0.0,0.0,No Injury,Left Turn,Daylight,Clear,Dry,35.0,Female,South,Going Straight Ahead,Disregarded Traffic Signal,No Apparent Influence,No Apparent Influence,22.0,Male,West,Going Straight Ahead,No Improper Action,No Apparent Influence,No Apparent Influence,33.41475,-111.93991,2019-06-04,18:29:00
34565,3528304,2019,McClintock Dr,E Tempe Marketplace,-127.0,Not Junction Related,1.0,0.0,Suspected Minor Injury,Rear End,Daylight,Clear,Dry,19.0,Male,North,Going Straight Ahead,Followed Too Closely,No Apparent Influence,No Apparent Influence,66.0,Male,North,Stopped In Trafficway,No Improper Action,No Apparent Influence,No Apparent Influence,33.43174,-111.90925,2019-06-04,19:21:00
34566,3528262,2019,University Dr,Ash Ave,147.0,Intersection Related 206,1.0,0.0,Suspected Minor Injury,Rear End,Daylight,Clear,Dry,51.0,Male,West,Going Straight Ahead,Followed Too Closely,No Apparent Influence,No Apparent Influence,29.0,Female,West,Going Straight Ahead,No Improper Action,No Apparent Influence,No Apparent Influence,33.42193,-111.94192,2019-06-04,19:56:00
34569,3528275,2019,McClintock Dr,Carson Dr,161.0,Driveway Or Alley,0.0,0.0,No Injury,Left Turn,Daylight,Clear,Dry,72.0,Male,South,Making Left Turn,Failed To Yield Right Of Way,No Apparent Influence,No Apparent Influence,51.0,Female,North,Changing Lanes,No Improper Action,No Apparent Influence,No Apparent Influence,33.38432,-111.90921,2019-06-04,22:30:00
34570,3528286,2019,Southern Ave,Mill Ave,190.0,Not Junction Related,1.0,0.0,Possible Injury,Rear End,Daylight,Clear,Dry,40.0,Male,East,Going Straight Ahead,Followed Too Closely,No Apparent Influence,No Apparent Influence,33.0,Male,East,Stopped In Trafficway,No Improper Action,No Apparent Influence,No Apparent Influence,33.39287,-111.93898,2019-06-04,22:48:00
34571,3528273,2019,Rural Rd,Spence Ave,211.0,Intersection Related 206,1.0,0.0,Suspected Minor Injury,Rear End,Daylight,Clear,Dry,41.0,Female,South,Going Straight Ahead,Followed Too Closely,No Apparent Influence,No Apparent Influence,66.0,Female,South,Stopped In Trafficway,No Improper Action,No Apparent Influence,No Apparent Influence,33.41344,-111.92629,2019-06-04,23:28:00
34572,3528326,2019,Broadway Rd,Cottonwood Dr,31.0,Intersection Related 206,1.0,0.0,Possible Injury,Rear End,Daylight,Clear,Dry,20.0,Male,West,Going Straight Ahead,Followed Too Closely,No Apparent Influence,No Apparent Influence,57.0,Male,West,Stopped In Trafficway,No Improper Action,No Apparent Influence,No Apparent Influence,33.4075,-111.88928,2019-06-05,00:04:00
34573,3528189,2019,McClintock Dr,Apache Blvd,-23.0,Intersection 4 Way 202,0.0,0.0,No Injury,Angle - Other Than Left Turn 2,Daylight,Clear,Dry,16.0,Male,North,Going Straight Ahead,Disregarded Traffic Signal,No Apparent Influence,No Apparent Influence,26.0,Male,East,Making Left Turn,No Improper Action,No Apparent Influence,No Apparent Influence,33.4147,-111.90913,2019-06-05,07:45:00
34574,3528328,2019,Baseline Rd,Wendler Dr,0.0,Intersection T Inter 203,2.0,0.0,Suspected Minor Injury,Left Turn,Daylight,Clear,Dry,30.0,Male,West,Going Straight Ahead,Disregarded Traffic Signal,No Apparent Influence,No Apparent Influence,56.0,Male,South,Making Left Turn,No Improper Action,No Apparent Influence,No Apparent Influence,33.37826,-111.96979,2019-06-05,15:35:00
34575,3528255,2019,Scottsdale Rd,SR-202 Exit 7 T-Ramp,23.0,Intersection Related 206,1.0,0.0,Possible Injury,Angle - Other Than Left Turn 2,Daylight,Clear,Dry,28.0,Male,Southeast,Making Right Turn,Failed To Yield Right Of Way,No Apparent Influence,No Apparent Influence,53.0,Female,South,Going Straight Ahead,No Improper Action,No Apparent Influence,No Apparent Influence,33.43551,-111.92626,2019-06-05,15:40:00
34578,3528223,2019,Priest Dr,Broadway Rd,137.0,Intersection Related 206,1.0,0.0,Possible Injury,Rear End,Daylight,Clear,Dry,49.0,Male,South,Going Straight Ahead,Followed Too Closely,No Apparent Influence,No Apparent Influence,67.0,Female,South,Stopped In Trafficway,No Improper Action,No Apparent Influence,No Apparent Influence,33.4078,-111.96079,2019-06-05,17:19:00
34580,3528141,2019,48th St,Broadway Rd,0.0,Intersection 4 Way 202,0.0,0.0,No Injury,Left Turn,Daylight,Clear,Dry,23.0,Female,South,Making Left Turn,Failed To Yield Right Of Way,No Apparent Influence,No Apparent Influence,53.0,Female,North,Going Straight Ahead,No Improper Action,No Apparent Influence,No Apparent Influence,33.40733,-111.97829,2019-06-05,22:19:00
34582,3528221,2019,Priest Dr,Auto Dr,0.0,Intersection 4 Way 202,2.0,0.0,Suspected Minor Injury,Angle - Other Than Left Turn 2,Daylight,Clear,Dry,44.0,Male,West,Going Straight Ahead,Unknown,No Apparent Influence,No Apparent Influence,65.0,Male,South,Going Straight Ahead,Unknown,No Apparent Influence,No Apparent Influence,33.34548,-111.96315,2019-06-05,23:12:00
34583,3533335,2019,Baseline Rd,McClintock Dr,-108.0,Not Junction Related,0.0,0.0,No Injury,Sideswipe Same Direction,Dark Lighted,Clear,Dry,41.0,Female,East,Going Straight Ahead,Failed To Keep In Proper Lane,No Apparent Influence,No Apparent Influence,18.0,Male,East,Going Straight Ahead,No Improper Action,No Apparent Influence,No Apparent Influence,33.37842,-111.90962,2019-06-06,07:09:00
34587,3528228,2019,Broadway Rd,Terrace Rd,175.0,Intersection Related 206,1.0,0.0,Possible Injury,Rear End,Daylight,Clear,Dry,19.0,Female,West,Going Straight Ahead,Followed Too Closely,No Apparent Influence,No Apparent Influence,32.0,Male,West,Stopped In Trafficway,No Improper Action,No Apparent Influence,No Apparent Influence,33.40751,-111.92204,2019-06-06,15:13:00
34588,3528159,2019,McClintock Dr,La Jolla Dr,0.0,Intersection T Inter 203,0.0,0.0,No Injury,Left Turn,Daylight,Clear,Dry,28.0,Male,South,Making Left Turn,Failed To Yield Right Of Way,No Apparent Influence,No Apparent Influence,32.0,Female,North,Going Straight Ahead,No Improper Action,No Apparent Influence,No Apparent Influence,33.38965,-111.90917,2019-06-06,17:51:00
34589,3528229,2019,Rural Rd,Spence Ave,160.0,Not Junction Related,1.0,0.0,Possible Injury,Rear End,Daylight,Clear,Dry,45.0,Female,North,Going Straight Ahead,Followed Too Closely,No Apparent Influence,No Apparent Influence,21.0,Male,North,Stopped In Trafficway,No Improper Action,No Apparent Influence,No Apparent Influence,33.4133,-111.92629,2019-06-06,20:38:00
34592,3528327,2019,48th St,Broadway Rd,140.0,Intersection Related 206,0.0,0.0,No Injury,Sideswipe Same Direction,Daylight,Clear,Dry,36.0,Female,South,Changing Lanes,Unsafe Lane Change,No Apparent Influence,No Apparent Influence,27.0,Male,South,Going Straight Ahead,No Improper Action,No Apparent Influence,No Apparent Influence,33.40771,-111.97826,2019-06-06,22:09:00
34593,3528183,2019,Baseline Rd,Calle Los Cerros,-70.0,Intersection Related 206,1.0,0.0,Suspected Minor Injury,Rear End,Daylight,Clear,Dry,59.0,Male,East,Going Straight Ahead,Followed Too Closely,No Apparent Influence,No Apparent Influence,55.0,Male,East,Stopped In Trafficway,No Improper Action,No Apparent Influence,No Apparent Influence,33.37821,-111.97432,2019-06-06,22:17:00
34595,3528319,2019,McClintock Dr,Southern Ave,165.0,Intersection Related 206,0.0,0.0,No Injury,Sideswipe Same Direction,Daylight,Clear,Dry,72.0,Female,South,Making Left Turn,Made Improper Turn,No Apparent Influence,No Apparent Influence,23.0,Female,South,Going Straight Ahead,No Improper Action,No Apparent Influence,No Apparent Influence,33.39345,-111.90913,2019-06-07,00:26:00
34596,3528218,2019,University Dr,Hohokam Dr,100.0,Not Junction Related,1.0,0.0,Suspected Minor Injury,Rear End,Daylight,Clear,Dry,43.0,Male,East,Going Straight Ahead,Exceeded Lawful Speed,No Apparent Influence,No Apparent Influence,52.0,Female,East,Going Straight Ahead,No Improper Action,No Apparent Influence,No Apparent Influence,33.42193,-111.97149,2019-06-07,01:03:00
34597,3528192,2019,Rural Rd,Minton Dr,0.0,Intersection 4 Way 202,1.0,0.0,Possible Injury,Angle - Other Than Left Turn 2,Dark Lighted,Clear,Dry,21.0,Male,South,Going Straight Ahead,Disregarded Traffic Signal,No Apparent Influence,No Apparent Influence,36.0,Female,East,Going Straight Ahead,No Improper Action,No Apparent Influence,No Apparent Influence,33.37989,-111.92842,2019-06-07,04:38:00
34598,3528230,2019,Broadway Rd,Priest Dr,0.0,Intersection 4 Way 202,2.0,0.0,Possible Injury,Angle - Other Than Left Turn 2,Daylight,Clear,Dry,33.0,Female,West,Going Straight Ahead,Unknown,No Apparent Influence,No Apparent Influence,49.0,Male,South,Going Straight Ahead,Unknown,No Apparent Influence,No Apparent Influence,33.40742,-111.96078,2019-06-07,16:39:00
34599,3528158,2019,Broadway Rd,48th St,0.0,Intersection 4 Way 202,0.0,0.0,No Injury,Rear End,Unknown 51,Unknown,Dry,37.0,Female,East,Going Straight Ahead,Unknown,No Apparent Influence,No Apparent Influence,34.0,Male,East,Making Right Turn,Unknown,No Apparent Influence,No Apparent Influence,33.40733,-111.97829,2019-06-07,18:24:00
34600,3544435,2019,Carver Rd,Kyrene Rd,-65.0,Not Junction Related,0.0,0.0,No Injury,Rear End,Daylight,Clear,Dry,34.0,Male,East,Backing,Other,No Apparent Influence,No Apparent Influence,51.0,Male,East,Stopped In Trafficway,No Improper Action,No Apparent Influence,No Apparent Influence,33.3419,-111.94595,2019-06-07,18:33:00
34601,3531240,2019,University Dr,McAllister Ave,105.0,Intersection Related 206,1.0,0.0,Suspected Minor Injury,Rear End,Daylight,Clear,Dry,28.0,Male,West,Going Straight Ahead,Speed To Fast For Conditions,No Apparent Influence,No Apparent Influence,29.0,Male,West,Stopped In Trafficway,No Improper Action,No Apparent Influence,No Apparent Influence,33.42202,-111.9286,2019-06-07,18:38:00
34602,3528220,2019,Broadway Rd,River Dr,-80.0,Intersection Related 206,0.0,0.0,No Injury,Rear End,Daylight,Clear,Dry,23.0,Male,East,Going Straight Ahead,Followed Too Closely,No Apparent Influence,No Apparent Influence,32.0,Female,East,Slowing In Trafficway,No Improper Action,No Apparent Influence,No Apparent Influence,33.4075,-111.89801,2019-06-07,19:09:00
34604,3528317,2019,Roosevelt St,Alameda Dr,0.0,Intersection 4 Way 202,0.0,0.0,No Injury,Sideswipe Same Direction,Daylight,Clear,Dry,36.0,Male,North,Changing Lanes,Unsafe Lane Change,No Apparent Influence,No Apparent Influence,57.0,Male,North,Slowing In Trafficway,No Improper Action,No Apparent Influence,No Apparent Influence,33.40011,-111.94783,2019-06-07,20:27:00
34605,3528338,2019,Broadway Rd,Mill Ave,0.0,Intersection 4 Way 202,1.0,0.0,Suspected Minor Injury,Left Turn,Daylight,Clear,Dry,34.0,Male,West,Making Left Turn,Failed To Yield Right Of Way,No Apparent Influence,No Apparent Influence,60.0,Male,East,Going Straight Ahead,No Improper Action,No Apparent Influence,No Apparent Influence,33.4074,-111.93983,2019-06-07,22:08:00
34606,3531193,2019,McClintock Dr,Don Carlos Ave,0.0,Intersection 4 Way 202,0.0,0.0,No Injury,Left Turn,Daylight,Clear,Dry,30.0,Male,West,Making Left Turn,Failed To Yield Right Of Way,No Apparent Influence,No Apparent Influence,74.0,Male,South,Going Straight Ahead,No Improper Action,No Apparent Influence,No Apparent Influence,33.41748,-111.90911,2019-06-07,23:57:00
34607,3528322,2019,Lemon St,Rural Rd,0.0,Intersection 4 Way 202,0.0,0.0,No Injury,Angle - Other Than Left Turn 2,Daylight,Clear,Dry,51.0,Male,South,Going Straight Ahead,Disregarded Traffic Signal,No Apparent Influence,No Apparent Influence,30.0,Male,West,Going Straight Ahead,No Improper Action,No Apparent Influence,No Apparent Influence,33.41684,-111.9263,2019-06-07,23:59:00
34608,3528323,2019,University Dr,Ash Ave,0.0,Intersection 4 Way 202,1.0,0.0,Suspected Minor Injury,Angle - Other Than Left Turn 2,Daylight,Clear,Dry,58.0,Male,West,Going Straight Ahead,Disregarded Traffic Signal,No Apparent Influence,No Apparent Influence,21.0,Male,South,Making Left Turn,No Improper Action,No Apparent Influence,No Apparent Influence,33.42193,-111.9424,2019-06-08,00:06:00
34609,3528214,2019,Rural Rd,Broadway Rd,225.0,Not Junction Related,0.0,0.0,No Injury,Angle - Other Than Left Turn 2,Daylight,Clear,Dry,20.0,Female,South,Changing Lanes,Unsafe Lane Change,No Apparent Influence,No Apparent Influence,24.0,Male,South,Going Straight Ahead,No Improper Action,No Apparent Influence,No Apparent Influence,33.40812,-111.92628,2019-06-08,00:52:00
34612,3521922,2019,Mill Ave,US-60 Exit 173 G-Ramp,100.0,Intersection Related 206,1.0,0.0,Possible Injury,Rear End,Dark Lighted,Clear,Dry,45.0,Male,South,Going Straight Ahead,Speed To Fast For Conditions,Alcohol,No Apparent Influence,31.0,Female,South,Stopped In Trafficway,No Improper Action,No Apparent Influence,No Apparent Influence,33.38538,-111.93947,2019-06-08,04:57:00
34615,3531213,2019,Scottsdale Rd,Fillmore St,196.0,Not Junction Related,1.0,0.0,Possible Injury,U Turn,Daylight,Clear,Dry,29.0,Female,North,Making U Turn,Other,No Apparent Influence,No Apparent Influence,21.0,Male,North,Going Straight Ahead,No Improper Action,No Apparent Influence,No Apparent Influence,33.45411,-111.92643,2019-06-08,16:06:00
34616,3528157,2019,Broadway Rd,Hardy Dr,0.0,Intersection 4 Way 202,0.0,0.0,No Injury,Angle - Other Than Left Turn 2,Daylight,Clear,Dry,15.0,Male,South,Going Straight Ahead,Speed To Fast For Conditions,No Apparent Influence,No Apparent Influence,41.0,Female,West,Stopped In Trafficway,No Improper Action,No Apparent Influence,No Apparent Influence,33.40739,-111.95217,2019-06-08,16:54:00
34618,3528193,2019,Baseline Rd,Priest Dr,-24.0,Intersection Related 206,0.0,0.0,No Injury,Rear End,Daylight,Clear,Dry,28.0,Male,East,Going Straight Ahead,Followed Too Closely,No Apparent Influence,No Apparent Influence,30.0,Male,East,Stopped In Trafficway,No Improper Action,No Apparent Influence,No Apparent Influence,33.37824,-111.96325,2019-06-08,22:07:00
34619,3549716,2019,University Dr,Roosevelt St,-200.0,Intersection Related 206,0.0,0.0,No Injury,Angle - Other Than Left Turn 2,Daylight,Clear,Dry,20.0,Male,South,Going Straight Ahead,Failed To Yield Right Of Way,No Apparent Influence,No Apparent Influence,25.0,Female,West,Going Straight Ahead,No Improper Action,No Apparent Influence,No Apparent Influence,33.4219,-111.94795,2019-06-08,23:00:00
34620,3533366,2019,Broadway Rd,Rural Rd,10.0,Intersection Related Non Interchange,0.0,0.0,No Injury,Rear End,Dark Lighted,Clear,Dry,20.0,Female,West,Going Straight Ahead,Speed To Fast For Conditions,No Apparent Influence,No Apparent Influence,24.0,Female,West,Stopped In Trafficway,No Improper Action,No Apparent Influence,No Apparent Influence,33.4075,-111.92625,2019-06-09,06:15:00
34621,3531209,2019,Arizona Mills S,Baseline Rd,152.0,Intersection Related 206,0.0,0.0,No Injury,Rear End,Daylight,Clear,Dry,19.0,Female,North,Going Straight Ahead,Followed Too Closely,No Apparent Influence,No Apparent Influence,55.0,Male,North,Stopped In Trafficway,No Improper Action,No Apparent Influence,No Apparent Influence,33.37869,-111.96546,2019-06-09,18:52:00