,Incident ID,Year,Street Name,Cross Street,Distance,Junction Relation,Total Injuries,Total Fatalities,Injury Severity,Collision Manner,Light Condition,Weather,Surface Condition,Age Driver 1,Gender Driver 1,Travel Direction One,Unit Action One,Violation1_Drv1,Alcohol Use Driver 1,Drug Use Driver 1,Age Driver 2,Gender Driver 2,Travel Direction Two,Unit Action Two,Violation 1 Driver 2,Alcohol Use Driver 2,Drug Use Driver 2,Latitude,Longitude,Date,Time
34754,3533330,2019,Curry Rd,Mary St,0.0,Intersection T Inter 203,0.0,0.0,No Injury,Left Turn,Daylight,Clear,Dry,52.0,Male,West,Making Left Turn,Other,No Apparent Influence,No Apparent Influence,58.0,Male,North,Stopped In Trafficway,No Improper Action,No Apparent Influence,No Apparent Influence,33.44041,-111.92372,2019-06-19,22:36:00
34759,3533331,2019,Rio Salado Pkwy,Packard Dr,-100.0,Intersection Related 206,1.0,0.0,Possible Injury,Rear End,Daylight,Clear,Dry,31.0,Male,East,Going Straight Ahead,Speed To Fast For Conditions,No Apparent Influence,No Apparent Influence,60.0,Female,East,Stopped In Trafficway,No Improper Action,No Apparent Influence,No Apparent Influence,33.42873,-111.92962,2019-06-19,23:24:00
34761,3535730,2019,Rural Rd,Rio Salado Pkwy,-92.0,Intersection Related 206,0.0,0.0,No Injury,Rear End,Daylight,Clear,Dry,53.0,Female,North,Going Straight Ahead,Followed Too Closely,No Apparent Influence,No Apparent Influence,19.0,Male,North,Stopped In Trafficway,No Improper Action,No Apparent Influence,No Apparent Influence,33.4286,-111.92629,2019-06-20,01:01:00
34764,3533328,2019,Priest Dr,Fairmont Dr,-105.0,Intersection 4 Way 202,0.0,0.0,No Injury,Rear End,Daylight,Clear,Dry,40.0,Male,North,Going Straight Ahead,Followed Too Closely,No Apparent Influence,No Apparent Influence,30.0,Female,North,Stopped In Trafficway,No Improper Action,No Apparent Influence,No Apparent Influence,33.39621,-111.96079,2019-06-20,15:28:00
34765,3533378,2019,Baseline Rd,I-10 Exit 155 A1-Ramp,-150.0,Not Junction Related,0.0,0.0,No Injury,Rear End,Daylight,Clear,Dry,24.0,Female,West,Going Straight Ahead,Unknown,No Apparent Influence,No Apparent Influence,61.0,Male,West,Slowing In Trafficway,Unknown,No Apparent Influence,No Apparent Influence,33.37827,-111.96912,2019-06-20,16:08:00
34767,3533379,2019,Country Club Way,Baseline Rd,174.0,Driveway Or Alley,1.0,0.0,Possible Injury,Angle - Other Than Left Turn 2,Daylight,Clear,Dry,44.0,Female,East,Making Right Turn,Failed To Yield Right Of Way,No Apparent Influence,No Apparent Influence,68.0,Male,South,Going Straight Ahead,No Improper Action,No Apparent Influence,No Apparent Influence,33.37893,-111.90064,2019-06-20,16:51:00
34768,3533381,2019,Baseline Rd,I-10 Exit 155 G-Ramp,-175.0,Intersection Related 206,0.0,0.0,No Injury,Rear End,Daylight,Clear,Dry,33.0,Male,East,Going Straight Ahead,Followed Too Closely,No Apparent Influence,No Apparent Influence,27.0,Male,East,Stopped In Trafficway,No Improper Action,No Apparent Influence,No Apparent Influence,33.37827,-111.96921,2019-06-20,18:38:00
34771,3545287,2019,48th St,Broadway Rd,0.0,Intersection 4 Way 202,0.0,0.0,No Injury,Head On,Daylight,Clear,Dry,52.0,Female,South,Going Straight Ahead,Failed To Yield Right Of Way,No Apparent Influence,No Apparent Influence,43.0,Male,Southeast,Making Right Turn,No Improper Action,No Apparent Influence,No Apparent Influence,33.40733,-111.97829,2019-06-20,22:54:00
34773,3533412,2019,Rural Rd,6th St,149.0,Not Junction Related,0.0,0.0,No Injury,Rear End,Daylight,Clear,Dry,42.0,Male,North,Going Straight Ahead,Followed Too Closely,No Apparent Influence,No Apparent Influence,69.0,Male,North,Stopped In Trafficway,No Improper Action,No Apparent Influence,No Apparent Influence,33.42491,-111.9263,2019-06-20,23:47:00
34774,3533394,2019,Kyrene Rd,Elliot Rd,0.0,Intersection 4 Way 202,1.0,0.0,Possible Injury,Left Turn,Daylight,Clear,Dry,43.0,Male,South,Going Straight Ahead,Disregarded Traffic Signal,Alcohol,Drugs,29.0,Female,North,Making Left Turn,No Improper Action,No Apparent Influence,No Apparent Influence,33.3492,-111.94573,2019-06-21,00:17:00
34775,3531225,2019,Rio Salado Pkwy,River Dr,200.0,Not Junction Related,1.0,0.0,Possible Injury,Rear End,Daylight,Clear,Dry,53.0,Male,West,Going Straight Ahead,Followed Too Closely,No Apparent Influence,No Apparent Influence,34.0,Female,West,Stopped In Trafficway,No Improper Action,No Apparent Influence,No Apparent Influence,33.42936,-111.89468,2019-06-21,00:18:00
34780,3533373,2019,Price Rd,University Dr,0.0,Intersection Related 206,0.0,0.0,No Injury,Rear End,Daylight,Clear,Dry,19.0,Female,North,Going Straight Ahead,Speed To Fast For Conditions,No Apparent Influence,No Apparent Influence,46.0,Female,North,Stopped In Trafficway,No Improper Action,No Apparent Influence,No Apparent Influence,33.42202,-111.89031,2019-06-21,02:11:00
34782,3533303,2019,Priest Dr,10th Pl,0.0,Intersection Related 206,1.0,0.0,Possible Injury,Rear End,Daylight,Clear,Dry,52.0,Female,South,Going Straight Ahead,Followed Too Closely,No Apparent Influence,No Apparent Influence,20.0,Female,South,Stopped In Trafficway,No Improper Action,No Apparent Influence,No Apparent Influence,33.41762,-111.96085,2019-06-21,13:59:00
34783,3533375,2019,University Dr,Price Rd,133.0,Intersection Related 206,0.0,0.0,No Injury,Rear End,Daylight,Clear,Dry,25.0,Male,West,Going Straight Ahead,Followed Too Closely,No Apparent Influence,No Apparent Influence,41.0,Female,West,Stopped In Trafficway,No Improper Action,No Apparent Influence,No Apparent Influence,33.42202,-111.88987,2019-06-21,17:27:00
34784,3533352,2019,Curry Rd,Mill Ave,113.0,Intersection Related 206,1.0,0.0,Suspected Minor Injury,Rear End,Daylight,Clear,Dry,69.0,Male,West,Going Straight Ahead,Followed Too Closely,No Apparent Influence,No Apparent Influence,29.0,Female,West,Stopped In Trafficway,No Improper Action,No Apparent Influence,No Apparent Influence,33.43776,-111.94296,2019-06-21,18:24:00
34785,3533345,2019,Baseline Rd,Pointe Pkwy,-140.0,Intersection Related 206,1.0,0.0,Suspected Minor Injury,Rear End,Daylight,Clear,Dry,37.0,Female,East,Going Straight Ahead,Followed Too Closely,No Apparent Influence,No Apparent Influence,38.0,Female,East,Stopped In Trafficway,No Improper Action,No Apparent Influence,No Apparent Influence,33.37821,-111.97245,2019-06-21,19:25:00
34786,3533417,2019,Broadway Rd,Mill Ave,-43.0,Intersection Related 206,0.0,0.0,No Injury,Rear End,Daylight,Clear,Dry,39.0,Male,East,Going Straight Ahead,Speed To Fast For Conditions,No Apparent Influence,No Apparent Influence,39.0,Male,East,Stopped In Trafficway,No Improper Action,No Apparent Influence,No Apparent Influence,33.4074,-111.93997,2019-06-21,22:49:00
34790,3533368,2019,Rio Salado Pkwy,Price Rd,-80.0,Intersection Related 206,2.0,0.0,Possible Injury,Rear End,Daylight,Clear,Dry,24.0,Female,East,Going Straight Ahead,Speed To Fast For Conditions,No Apparent Influence,No Apparent Influence,20.0,Male,East,Stopped In Trafficway,No Improper Action,No Apparent Influence,No Apparent Influence,33.42937,-111.89209,2019-06-21,23:10:00
34792,3533294,2019,Apache Blvd,Price Rd,0.0,Intersection 4 Way 202,2.0,0.0,Possible Injury,Left Turn,Daylight,Clear,Dry,22.0,Female,East,Going Straight Ahead,Disregarded Traffic Signal,No Apparent Influence,No Apparent Influence,25.0,Female,West,Making Left Turn,No Improper Action,No Apparent Influence,No Apparent Influence,33.4148,-111.89195,2019-06-22,03:21:00
34793,3563587,2019,University Dr,Dorsey Ln,200.0,Driveway Or Alley,0.0,0.0,No Injury,Left Turn,Dark Lighted,Clear,Dry,33.0,Male,West,Making Left Turn,Other,No Apparent Influence,No Apparent Influence,27.0,Male,East,Going Straight Ahead,No Improper Action,No Apparent Influence,No Apparent Influence,33.42202,-111.91703,2019-06-22,08:29:00
34799,3531221,2019,Baseline Rd,I-10 Exit 155 J1-Ramp,0.0,Intersection 4 Way 202,0.0,0.0,No Injury,Left Turn,Daylight,Clear,Dry,18.0,Female,North,Going Straight Ahead,Failed To Yield Right Of Way,No Apparent Influence,No Apparent Influence,25.0,Male,West,Making Left Turn,No Improper Action,No Apparent Influence,No Apparent Influence,33.3783,-111.96738,2019-06-22,17:13:00
34800,3533341,2019,Priest Dr,University Dr,30.0,Not Junction Related,0.0,0.0,No Injury,Angle - Other Than Left Turn 2,Daylight,Clear,Dry,75.0,Male,South,Changing Lanes,Unsafe Lane Change,No Apparent Influence,No Apparent Influence,24.0,Male,South,Going Straight Ahead,No Improper Action,No Apparent Influence,No Apparent Influence,33.42202,-111.96093,2019-06-22,17:39:00
34802,3535791,2019,Grove Pkwy,Priest Dr,0.0,Not Junction Related,0.0,0.0,No Injury,Sideswipe Same Direction,Daylight,Clear,Dry,18.0,Female,South,Changing Lanes,Unsafe Lane Change,No Apparent Influence,No Apparent Influence,44.0,Male,South,Going Straight Ahead,No Improper Action,No Apparent Influence,No Apparent Influence,33.35148,-111.96246,2019-06-23,00:13:00
34803,3535776,2019,Warner Rd,Rural Rd,-15.0,Intersection Related 206,0.0,0.0,No Injury,Rear End,Dark Lighted,Clear,Dry,18.0,Female,East,Going Straight Ahead,Speed To Fast For Conditions,No Apparent Influence,No Apparent Influence,58.0,Male,East,Slowing In Trafficway,No Improper Action,No Apparent Influence,No Apparent Influence,33.33466,-111.92846,2019-06-23,05:34:00
34805,3533283,2019,McClintock Dr,Del Rio Dr,15.0,Intersection T Inter 203,0.0,0.0,No Injury,Rear End,Daylight,Clear,Dry,75.0,Female,South,Going Straight Ahead,Followed Too Closely,No Apparent Influence,No Apparent Influence,44.0,Female,South,Stopped In Trafficway,No Improper Action,No Apparent Influence,No Apparent Influence,33.39664,-111.90914,2019-06-23,21:08:00
34808,3533399,2019,Baseline Rd,I-10 Exit 155 A1-Ramp,0.0,Intersection 4 Way 202,1.0,0.0,Possible Injury,Left Turn,Daylight,Clear,Dry,20.0,Female,West,Going Straight Ahead,Disregarded Traffic Signal,No Apparent Influence,No Apparent Influence,21.0,Female,North,Making Left Turn,No Improper Action,No Apparent Influence,No Apparent Influence,33.37827,-111.96863,2019-06-24,18:01:00
34809,3531189,2019,Southern Ave,Mill Ave,112.0,Intersection Related 206,1.0,0.0,Possible Injury,Rear End,Daylight,Clear,Unknown,36.0,Female,West,Going Straight Ahead,Followed Too Closely,No Apparent Influence,No Apparent Influence,50.0,Female,West,Stopped In Trafficway,No Improper Action,No Apparent Influence,No Apparent Influence,33.39287,-111.93924,2019-06-24,18:16:00
34810,3557119,2019,Rural Rd,Guadalupe Rd,0.0,Intersection 4 Way 202,1.0,0.0,Possible Injury,Left Turn,Daylight,Clear,Dry,31.0,Female,North,Making Left Turn,Made Improper Turn,No Apparent Influence,No Apparent Influence,49.0,Female,South,Going Straight Ahead,No Improper Action,No Apparent Influence,No Apparent Influence,33.36375,-111.92861,2019-06-24,19:21:00
34812,3533372,2019,Elliot Rd,Price Rd,-75.0,Intersection Related 206,1.0,0.0,Possible Injury,Rear End,Daylight,Clear,Dry,23.0,Male,East,Going Straight Ahead,Speed To Fast For Conditions,No Apparent Influence,No Apparent Influence,30.0,Female,East,Stopped In Trafficway,No Improper Action,No Apparent Influence,No Apparent Influence,33.34934,-111.89461,2019-06-24,21:35:00
34813,3545383,2019,University Dr,McClintock Dr,0.0,Intersection 4 Way 202,0.0,0.0,No Injury,Angle - Other Than Left Turn 2,Dark Lighted,Clear,Dry,30.0,Female,West,Making Right Turn,Other,No Apparent Influence,No Apparent Influence,19.0,Female,West,Going Straight Ahead,No Improper Action,No Apparent Influence,No Apparent Influence,33.42198,-111.90909,2019-06-25,05:51:00
34815,3544439,2019,University Dr,52nd St,0.0,Intersection 4 Way 202,0.0,0.0,No Injury,Left Turn,Daylight,Clear,Dry,23.0,Male,East,Going Straight Ahead,Disregarded Traffic Signal,No Apparent Influence,No Apparent Influence,23.0,Male,West,Making Left Turn,No Improper Action,No Apparent Influence,No Apparent Influence,33.42194,-111.96957,2019-06-25,15:52:00
34816,3537723,2019,Hardy Dr,Baseline Rd,-100.0,Intersection Related 206,0.0,0.0,No Injury,Left Turn,Daylight,Clear,Dry,30.0,Female,East,Making Left Turn,Failed To Yield Right Of Way,No Apparent Influence,No Apparent Influence,34.0,Male,North,Going Straight Ahead,No Improper Action,No Apparent Influence,No Apparent Influence,33.37794,-111.95251,2019-06-25,16:34:00
34817,3537720,2019,Kyrene Rd,Elliot Rd,200.0,Not Junction Related,0.0,0.0,No Injury,Rear End,Daylight,Clear,Dry,24.0,Female,South,Going Straight Ahead,Speed To Fast For Conditions,No Apparent Influence,No Apparent Influence,68.0,Female,South,Going Straight Ahead,No Improper Action,No Apparent Influence,No Apparent Influence,33.34975,-111.94574,2019-06-25,17:48:00
34821,3533301,2019,Hardy Dr,5th St,0.0,Intersection 4 Way 202,2.0,0.0,Suspected Minor Injury,Angle - Other Than Left Turn 2,Daylight,Clear,Dry,19.0,Female,South,Going Straight Ahead,Ran Stop Sign,No Apparent Influence,No Apparent Influence,31.0,Female,East,Going Straight Ahead,No Improper Action,No Apparent Influence,No Apparent Influence,33.42549,-111.95227,2019-06-26,00:15:00
34823,3533362,2019,Rural Rd,Terrace Rd,-130.0,Intersection Related 206,1.0,0.0,Suspected Minor Injury,Rear End,Daylight,Clear,Dry,19.0,Male,North,Going Straight Ahead,Speed To Fast For Conditions,No Apparent Influence,No Apparent Influence,40.0,Female,North,Stopped In Trafficway,No Improper Action,No Apparent Influence,No Apparent Influence,33.41992,-111.9263,2019-06-26,13:23:00
34824,3533350,2019,McClintock Dr,Guadalupe Rd,105.0,Intersection Related 206,0.0,0.0,No Injury,Sideswipe Same Direction,Daylight,Clear,Dry,44.0,Male,South,Changing Lanes,Speed To Fast For Conditions,No Apparent Influence,No Apparent Influence,38.0,Female,South,Stopped In Trafficway,No Improper Action,No Apparent Influence,No Apparent Influence,33.36405,-111.91126,2019-06-26,14:45:00
34825,3533408,2019,University Dr,Price Rd,0.0,Intersection 4 Way 202,1.0,0.0,Possible Injury,Angle - Other Than Left Turn 2,Daylight,Clear,Dry,36.0,Male,East,Going Straight Ahead,Unknown,No Apparent Influence,No Apparent Influence,33.0,Male,South,Going Straight Ahead,No Improper Action,No Apparent Influence,No Apparent Influence,33.42201,-111.89195,2019-06-26,16:09:00
34826,3533353,2019,Scottsdale Rd,Tempe Dr,126.0,Not Junction Related,0.0,0.0,No Injury,Sideswipe Same Direction,Daylight,Clear,Dry,51.0,Male,North,Changing Lanes,Unsafe Lane Change,No Apparent Influence,No Apparent Influence,17.0,Male,North,Going Straight Ahead,No Improper Action,No Apparent Influence,No Apparent Influence,33.44257,-111.9264,2019-06-26,17:55:00
34827,3537728,2019,Broadway Rd,52nd St,32.0,Intersection Related 206,0.0,0.0,No Injury,Rear End,Daylight,Clear,Dry,40.0,Male,West,Slowing In Trafficway,Speed To Fast For Conditions,No Apparent Influence,No Apparent Influence,49.0,Female,West,Stopped In Trafficway,No Improper Action,No Apparent Influence,No Apparent Influence,33.40923,-111.96947,2019-06-26,18:38:00
34828,3533361,2019,Southern Ave,Price Rd,0.0,Intersection 4 Way 202,0.0,0.0,No Injury,Left Turn,Daylight,Clear,Dry,24.0,Female,East,Making Left Turn,Made Improper Turn,No Apparent Influence,No Apparent Influence,47.0,Female,East,Making Left Turn,No Improper Action,No Apparent Influence,No Apparent Influence,33.39295,-111.89045,2019-06-26,19:10:00
34829,3533403,2019,52nd St,Fairmont Dr,0.0,Intersection 4 Way 202,2.0,0.0,Suspected Minor Injury,Angle - Other Than Left Turn 2,Daylight,Clear,Dry,54.0,Male,West,Going Straight Ahead,Failed To Yield Right Of Way,No Apparent Influence,No Apparent Influence,56.0,Female,South,Going Straight Ahead,No Improper Action,No Apparent Influence,No Apparent Influence,33.39644,-111.97067,2019-06-26,23:18:00
34830,3533355,2019,Rural Rd,US-60 Exit 174 G-Ramp,-25.0,Not Junction Related,0.0,0.0,No Injury,Rear End,Daylight,Clear,Dry,37.0,Male,North,Going Straight Ahead,Followed Too Closely,No Apparent Influence,No Apparent Influence,34.0,Male,North,Stopped In Trafficway,No Improper Action,No Apparent Influence,No Apparent Influence,33.38495,-111.92648,2019-06-27,01:33:00
34831,3533339,2019,Warner Rd,Kyrene Rd,0.0,Intersection 4 Way 202,1.0,0.0,Suspected Minor Injury,Angle - Other Than Left Turn 2,Daylight,Clear,Dry,85.0,Female,East,Going Straight Ahead,Disregarded Traffic Signal,No Apparent Influence,No Apparent Influence,65.0,Female,North,Going Straight Ahead,No Improper Action,No Apparent Influence,No Apparent Influence,33.3346,-111.94566,2019-06-27,01:54:00
34832,3533340,2019,Price Rd,Victory Dr,0.0,Intersection 4 Way 202,1.0,0.0,Possible Injury,Angle - Other Than Left Turn 2,Dark Not Lighted,Clear,Dry,16.0,Male,West,Going Straight Ahead,Ran Stop Sign,No Apparent Influence,No Apparent Influence,30.0,Female,South,Going Straight Ahead,No Improper Action,No Apparent Influence,No Apparent Influence,33.41842,-111.89197,2019-06-27,03:54:00
34833,3526354,2019,Rio Salado Pkwy,Price Rd,0.0,Frontage Road Non Interchange,2.0,0.0,Suspected Serious Injury,Left Turn,Daylight,Clear,Dry,42.0,Male,Northeast,Making Left Turn,Unknown,No Apparent Influence,No Apparent Influence,37.0,Female,West,Going Straight Ahead,Unknown,No Apparent Influence,No Apparent Influence,33.42931,-111.89026,2019-06-27,14:12:00
34835,3533302,2019,Guadalupe Rd,Kyrene Rd,90.0,Intersection 4 Way 202,1.0,0.0,Suspected Minor Injury,Rear End,Daylight,Clear,Dry,25.0,Male,West,Going Straight Ahead,Followed Too Closely,No Apparent Influence,No Apparent Influence,45.0,Female,West,Stopped In Trafficway,No Improper Action,No Apparent Influence,No Apparent Influence,33.36366,-111.9456,2019-06-27,16:08:00
34839,3533393,2019,Rio Salado Pkwy,Rockford Dr,-95.0,Intersection Related 206,0.0,0.0,No Injury,Rear End,Daylight,Clear,Dry,45.0,Female,East,Going Straight Ahead,Speed To Fast For Conditions,No Apparent Influence,No Apparent Influence,32.0,Male,East,Stopped In Trafficway,No Improper Action,No Apparent Influence,No Apparent Influence,33.42935,-111.89735,2019-06-27,21:50:00
34842,3533285,2019,Rural Rd,Geneva Dr,0.0,Intersection T Inter 203,2.0,0.0,Suspected Minor Injury,Angle - Other Than Left Turn 2,Daylight,Clear,Dry,24.0,Male,South,Making Left Turn,Failed To Yield Right Of Way,No Apparent Influence,No Apparent Influence,25.0,Female,West,Going Straight Ahead,No Improper Action,No Apparent Influence,No Apparent Influence,33.39499,-111.92633,2019-06-27,23:26:00
34843,3535765,2019,Rural Rd,Geneva Dr,45.0,Not Junction Related,0.0,0.0,No Injury,Sideswipe Opposite Direction,Daylight,Clear,Dry,32.0,Male,South,Other,Other,No Apparent Influence,No Apparent Influence,35.0,Male,South,Other,Other,No Apparent Influence,No Apparent Influence,33.39511,-111.92633,2019-06-27,23:53:00
34844,3533402,2019,River Pkwy,Conference Dr,0.0,Intersection T Inter 203,0.0,0.0,No Injury,Left Turn,Daylight,Clear,Dry,23.0,Male,West,Making Left Turn,Failed To Yield Right Of Way,No Apparent Influence,No Apparent Influence,52.0,Female,South,Stopped In Trafficway,No Improper Action,No Apparent Influence,No Apparent Influence,33.34297,-111.89576,2019-06-28,00:04:00
34846,3535772,2019,Dorsey Ln,8th St,200.0,Intersection Related 206,0.0,0.0,No Injury,Left Turn,Daylight,Clear,Dry,25.0,Male,East,Making Left Turn,Failed To Yield Right Of Way,No Apparent Influence,No Apparent Influence,27.0,Male,North,Making Left Turn,No Improper Action,No Apparent Influence,No Apparent Influence,33.41997,-111.91769,2019-06-28,01:12:00
34847,3533316,2019,Priest Dr,Manhatton Dr,0.0,Intersection T Inter 203,1.0,0.0,Suspected Minor Injury,Angle - Other Than Left Turn 2,Daylight,Clear,Dry,29.0,Female,South,Making Left Turn,Failed To Yield Right Of Way,No Apparent Influence,No Apparent Influence,53.0,Female,North,Going Straight Ahead,No Improper Action,No Apparent Influence,No Apparent Influence,33.38871,-111.96088,2019-06-28,01:57:00
34848,3533346,2019,Southern Ave,Mill Ave,-50.0,Intersection Related 206,0.0,0.0,No Injury,Unknown,Daylight,Clear,Dry,39.0,Female,Unknown,Unknown,Unknown,No Apparent Influence,No Apparent Influence,26.0,Male,Unknown,Unknown,Unknown,No Apparent Influence,No Apparent Influence,33.39286,-111.93977,2019-06-28,16:45:00
34849,3544135,2019,Broadway Rd,Price Rd,0.0,Intersection 4 Way 202,1.0,0.0,Possible Injury,Left Turn,Daylight,Clear,Dry,49.0,Female,North,Going Straight Ahead,Failed To Keep In Proper Lane,No Apparent Influence,No Apparent Influence,20.0,Female,North,Making Left Turn,No Improper Action,No Apparent Influence,No Apparent Influence,33.40748,-111.89033,2019-06-28,17:07:00
34850,3533344,2019,Broadway Rd,River Dr,61.0,Intersection Related 206,1.0,0.0,Suspected Minor Injury,Rear End,Daylight,Clear,Dry,20.0,Male,West,Going Straight Ahead,Followed Too Closely,No Apparent Influence,No Apparent Influence,58.0,Male,West,Stopped In Trafficway,No Improper Action,No Apparent Influence,No Apparent Influence,33.4075,-111.89755,2019-06-28,17:31:00
34851,3544133,2019,Baseline Rd,Calle Los Cerros,0.0,Intersection T Inter 203,1.0,0.0,Possible Injury,Left Turn,Daylight,Clear,Dry,30.0,Male,West,Going Straight Ahead,Disregarded Traffic Signal,No Apparent Influence,No Apparent Influence,51.0,Male,South,Making Left Turn,No Improper Action,No Apparent Influence,No Apparent Influence,33.37821,-111.97409,2019-06-28,19:04:00
34853,3533400,2019,McClintock Dr,Libra Dr,-53.0,Intersection Related 206,1.0,0.0,Suspected Minor Injury,Rear End,Daylight,Clear,Dry,53.0,Male,North,Going Straight Ahead,Followed Too Closely,No Apparent Influence,No Apparent Influence,70.0,Male,North,Slowing In Trafficway,No Improper Action,No Apparent Influence,No Apparent Influence,33.36545,-111.91127,2019-06-28,22:01:00
34854,3533401,2019,McClintock Dr,Libra Dr,-50.0,Intersection Related 206,1.0,0.0,Suspected Minor Injury,Rear End,Daylight,Clear,Dry,38.0,Female,North,Going Straight Ahead,Followed Too Closely,No Apparent Influence,No Apparent Influence,53.0,Male,North,Stopped In Trafficway,No Improper Action,No Apparent Influence,No Apparent Influence,33.36546,-111.91127,2019-06-28,22:01:00
34855,3535766,2019,Elliot Rd,Price Rd,50.0,Intersection Related 206,0.0,0.0,No Injury,Sideswipe Same Direction,Daylight,Clear,Dry,52.0,Female,West,Changing Lanes,Unsafe Lane Change,No Apparent Influence,No Apparent Influence,24.0,Male,West,Going Straight Ahead,No Improper Action,No Apparent Influence,No Apparent Influence,33.34935,-111.8942,2019-06-28,22:12:00
34857,3545321,2019,McClintock Dr,Ellis Dr,0.0,Not Junction Related,2.0,0.0,Possible Injury,Angle - Other Than Left Turn 2,Dark Lighted,Clear,Dry,40.0,Female,Southeast,Making Left Turn,Failed To Yield Right Of Way,No Apparent Influence,No Apparent Influence,37.0,Female,South,Going Straight Ahead,No Improper Action,No Apparent Influence,No Apparent Influence,33.38064,-111.90924,2019-06-29,05:00:00
34858,3549626,2019,University Dr,Roosevelt St,0.0,Intersection 4 Way 202,0.0,0.0,No Injury,Left Turn,Dark Lighted,Clear,Dry,21.0,Female,West,Making Left Turn,Failed To Yield Right Of Way,Alcohol,No Apparent Influence,17.0,Male,East,Going Straight Ahead,No Improper Action,No Apparent Influence,No Apparent Influence,33.4219,-111.94729,2019-06-29,05:54:00
34859,3533305,2019,Elliot Rd,Price Rd,0.0,Intersection Related 206,0.0,0.0,No Injury,Rear End,Daylight,Clear,Dry,56.0,Female,East,Stopped In Trafficway,Speed To Fast For Conditions,No Apparent Influence,No Apparent Influence,77.0,Male,East,Going Straight Ahead,Speed To Fast For Conditions,No Apparent Influence,No Apparent Influence,33.34934,-111.89437,2019-06-29,19:51:00
34860,3533306,2019,Baseline Rd,48th St,200.0,Not Junction Related,0.0,0.0,No Injury,Left Turn,Daylight,Clear,Dry,40.0,Male,Northwest,Making Left Turn,Failed To Yield Right Of Way,Alcohol,No Apparent Influence,27.0,Female,West,Going Straight Ahead,No Improper Action,No Apparent Influence,No Apparent Influence,33.37819,-111.97776,2019-06-29,22:17:00
34861,3533315,2019,McClintock Dr,Libra Dr,-10.0,Intersection Related 206,0.0,0.0,No Injury,Unknown,Daylight,Clear,Unknown,18.0,Female,Unknown,Unknown,Unknown,No Apparent Influence,No Apparent Influence,56.0,Male,255,Unknown,Unknown,No Apparent Influence,No Apparent Influence,33.36557,-111.91127,2019-06-29,23:14:00
34864,3544120,2019,Baseline Rd,I-10 Exit 155 G-Ramp,-30.0,Not Junction Related,0.0,0.0,No Injury,Rear End,Daylight,Clear,Dry,23.0,Female,West,Going Straight Ahead,No Improper Action,No Apparent Influence,No Apparent Influence,48.0,Female,West,Going Straight Ahead,Unknown,No Apparent Influence,No Apparent Influence,33.37827,-111.96873,2019-06-30,17:04:00
34865,3535792,2019,Baseline Rd,Wendler Dr,0.0,Intersection Related 206,0.0,0.0,No Injury,Rear End,Daylight,Clear,Dry,20.0,Female,East,Going Straight Ahead,Speed To Fast For Conditions,No Apparent Influence,No Apparent Influence,20.0,Male,East,Stopped In Trafficway,No Improper Action,No Apparent Influence,No Apparent Influence,33.37826,-111.96979,2019-06-30,23:38:00
34870,3533314,2019,Broadway Rd,Country Club Way,0.0,Intersection T Inter 203,0.0,0.0,No Injury,Left Turn,Daylight,Clear,Dry,22.0,Male,South,Making Left Turn,Failed To Yield Right Of Way,No Apparent Influence,No Apparent Influence,47.0,Male,West,Going Straight Ahead,No Improper Action,No Apparent Influence,No Apparent Influence,33.40749,-111.90052,2019-07-01,13:16:00
34871,3533312,2019,University Dr,Perry Ln,205.0,Driveway Or Alley,1.0,0.0,Suspected Minor Injury,Rear End,Daylight,Clear,Dry,31.0,Male,East,Going Straight Ahead,Followed Too Closely,No Apparent Influence,No Apparent Influence,24.0,Female,East,Slowing In Trafficway,No Improper Action,No Apparent Influence,No Apparent Influence,33.42205,-111.9042,2019-07-01,13:53:00
34872,3535769,2019,Rural Rd,6th St,73.0,Not Junction Related,0.0,0.0,No Injury,Sideswipe Same Direction,Daylight,Clear,Dry,27.0,Female,North,Changing Lanes,Unsafe Lane Change,No Apparent Influence,No Apparent Influence,21.0,Male,North,Going Straight Ahead,No Improper Action,No Apparent Influence,No Apparent Influence,33.4247,-111.9263,2019-07-01,14:03:00
34873,3533396,2019,9th St,Roosevelt St,140.0,Not Junction Related,0.0,0.0,No Injury,Rear End,Daylight,Clear,Dry,35.0,Male,East,Backing,Other,No Apparent Influence,No Apparent Influence,61.0,Female,West,Stopped In Trafficway,No Improper Action,No Apparent Influence,No Apparent Influence,33.42064,-111.94682,2019-07-01,14:33:00
34874,3533313,2019,Rural Rd,Westchester Dr,-55.0,Intersection 4 Way 202,0.0,0.0,No Injury,Rear End,Daylight,Clear,Dry,53.0,Female,North,Going Straight Ahead,Speed To Fast For Conditions,No Apparent Influence,No Apparent Influence,46.0,Female,North,Stopped In Trafficway,No Improper Action,No Apparent Influence,No Apparent Influence,33.36724,-111.92863,2019-07-01,16:03:00
34875,3533308,2019,Mill Ave,Carter Dr,151.0,Driveway Or Alley,0.0,0.0,No Injury,Other,Daylight,Clear,Dry,67.0,Male,East,Backing,Other,No Apparent Influence,No Apparent Influence,58.0,Male,North,Going Straight Ahead,No Improper Action,No Apparent Influence,No Apparent Influence,33.3837,-111.93947,2019-07-01,18:51:00
34876,3544442,2019,Price Rd,University Dr,0.0,Intersection 4 Way 202,0.0,0.0,No Injury,Sideswipe Same Direction,Daylight,Clear,Dry,24.0,Female,North,Making Left Turn,Unsafe Lane Change,No Apparent Influence,No Apparent Influence,34.0,Female,North,Making Left Turn,No Improper Action,No Apparent Influence,No Apparent Influence,33.42202,-111.89031,2019-07-01,19:53:00