,Incident ID,Year,Street Name,Cross Street,Distance,Junction Relation,Total Injuries,Total Fatalities,Injury Severity,Collision Manner,Light Condition,Weather,Surface Condition,Age Driver 1,Gender Driver 1,Travel Direction One,Unit Action One,Violation1_Drv1,Alcohol Use Driver 1,Drug Use Driver 1,Age Driver 2,Gender Driver 2,Travel Direction Two,Unit Action Two,Violation 1 Driver 2,Alcohol Use Driver 2,Drug Use Driver 2,Latitude,Longitude,Date,Time
34877,3533410,2019,Washington St,Priest Dr,-95.0,Intersection 4 Way 202,0.0,0.0,No Injury,Rear End,Daylight,Clear,Dry,50.0,Male,East,Going Straight Ahead,Followed Too Closely,No Apparent Influence,No Apparent Influence,61.0,Female,East,Stopped In Trafficway,No Improper Action,No Apparent Influence,No Apparent Influence,33.44283,-111.9568,2019-07-01,19:54:00
34878,3533411,2019,University Dr,McAllister Ave,0.0,Other,1.0,0.0,Possible Injury,Rear End,Daylight,Clear,Dry,21.0,Male,East,Going Straight Ahead,Followed Too Closely,No Apparent Influence,No Apparent Influence,27.0,Female,East,Stopped In Trafficway,No Improper Action,No Apparent Influence,No Apparent Influence,33.42202,-111.92894,2019-07-01,20:30:00
34880,3544127,2019,McClintock Dr,Larkspur Ln,-30.0,Not Junction Related,0.0,0.0,No Injury,Angle - Other Than Left Turn 2,Daylight,Clear,Dry,48.0,Male,East,Making Left Turn,Failed To Yield Right Of Way,No Apparent Influence,No Apparent Influence,37.0,Male,South,Going Straight Ahead,No Improper Action,No Apparent Influence,No Apparent Influence,33.44979,-111.90933,2019-07-01,21:21:00
34881,3533392,2019,Elliot Rd,Kyrene Rd,0.0,Intersection 4 Way 202,2.0,0.0,Suspected Minor Injury,Left Turn,Daylight,Clear,Dry,76.0,Female,North,Making Left Turn,Failed To Yield Right Of Way,No Apparent Influence,No Apparent Influence,18.0,Female,South,Going Straight Ahead,No Improper Action,No Apparent Influence,No Apparent Influence,33.3492,-111.94573,2019-07-01,22:21:00
34882,3543475,2019,Rio Salado Pkwy,Price Rd,0.0,Intersection 4 Way 202,0.0,0.0,No Injury,Angle - Other Than Left Turn 2,Dark Lighted,Clear,Dry,46.0,Female,North,Going Straight Ahead,Disregarded Traffic Signal,No Apparent Influence,No Apparent Influence,43.0,Male,East,Going Straight Ahead,No Improper Action,No Apparent Influence,No Apparent Influence,33.42931,-111.89026,2019-07-02,02:27:00
34883,3544498,2019,Baseline Rd,Hardy Dr,-50.0,Not Junction Related,0.0,0.0,No Injury,Rear End,Dark Lighted,Clear,Dry,23.0,Female,East,Going Straight Ahead,Speed To Fast For Conditions,No Apparent Influence,No Apparent Influence,20.0,Female,East,Going Straight Ahead,No Improper Action,No Apparent Influence,No Apparent Influence,33.37821,-111.95268,2019-07-02,03:18:00
34884,3533404,2019,Southern Ave,48th St,0.0,Intersection 4 Way 202,1.0,0.0,Suspected Minor Injury,Left Turn,Daylight,Clear,Dry,39.0,Female,East,Going Straight Ahead,Disregarded Traffic Signal,No Apparent Influence,No Apparent Influence,73.0,Female,West,Stopped In Trafficway,No Improper Action,No Apparent Influence,No Apparent Influence,33.39277,-111.97834,2019-07-02,13:57:00
34885,3545342,2019,Broadway Rd,Country Club Way,-55.0,Not Junction Related,0.0,0.0,No Injury,Sideswipe Same Direction,Daylight,Clear,Dry,47.0,Male,West,Unknown,Unknown,No Apparent Influence,No Apparent Influence,31.0,Female,West,Unknown,Unknown,No Apparent Influence,No Apparent Influence,33.40749,-111.9007,2019-07-02,14:28:00
34886,3544140,2019,University Dr,Priest Dr,100.0,Intersection Related 206,0.0,0.0,No Injury,Sideswipe Same Direction,Daylight,Clear,Dry,24.0,Male,West,Changing Lanes,Unsafe Lane Change,No Apparent Influence,No Apparent Influence,28.0,Male,West,Going Straight Ahead,No Improper Action,No Apparent Influence,No Apparent Influence,33.42194,-111.9606,2019-07-02,14:46:00
34889,3533309,2019,Broadway Rd,52nd St,-120.0,Intersection 4 Way 202,0.0,0.0,No Injury,Sideswipe Same Direction,Daylight,Clear,Dry,23.0,Female,West,Changing Lanes,Unsafe Lane Change,No Apparent Influence,No Apparent Influence,31.0,Male,West,Going Straight Ahead,No Improper Action,No Apparent Influence,No Apparent Influence,33.40932,-111.96992,2019-07-02,18:47:00
34890,3544437,2019,Elliot Rd,Priest Dr,-186.0,Not Junction Related,0.0,0.0,No Injury,Sideswipe Same Direction,Daylight,Clear,Dry,65.0,Female,East,Going Straight Ahead,Unsafe Lane Change,No Apparent Influence,No Apparent Influence,19.0,Female,East,Going Straight Ahead,No Improper Action,No Apparent Influence,No Apparent Influence,33.34909,-111.96374,2019-07-02,19:18:00
34891,3545283,2019,McClintock Dr,Southern Ave,-30.0,Intersection Related 206,1.0,0.0,Suspected Minor Injury,Rear End,Daylight,Clear,Dry,51.0,Male,North,Going Straight Ahead,Followed Too Closely,No Apparent Influence,No Apparent Influence,29.0,Female,North,Stopped In Trafficway,No Improper Action,No Apparent Influence,No Apparent Influence,33.39291,-111.90913,2019-07-02,20:37:00
34892,3535777,2019,Mill Ave,Baseline Rd,197.0,Intersection Related 206,1.0,0.0,Suspected Minor Injury,Rear End,Daylight,Clear,Dry,41.0,Male,South,Going Straight Ahead,Followed Too Closely,No Apparent Influence,No Apparent Influence,57.0,Female,South,Stopped In Trafficway,No Improper Action,No Apparent Influence,No Apparent Influence,33.37875,-111.93938,2019-07-02,23:00:00
34894,3535771,2019,Kyrene Rd,Warner Rd,0.0,Intersection 4 Way 202,0.0,0.0,No Injury,Angle - Other Than Left Turn 2,Daylight,Clear,Dry,63.0,Female,North,Going Straight Ahead,Unknown,No Apparent Influence,No Apparent Influence,52.0,Male,West,Making Right Turn,Unknown,No Apparent Influence,No Apparent Influence,33.3346,-111.94566,2019-07-03,00:06:00
34895,3535767,2019,Baseline Rd,Mill Ave,157.0,Intersection Related 206,0.0,0.0,No Injury,Rear End,Daylight,Clear,Dry,46.0,Male,West,Going Straight Ahead,Followed Too Closely,No Apparent Influence,No Apparent Influence,25.0,Male,West,Stopped In Trafficway,No Improper Action,No Apparent Influence,No Apparent Influence,33.37821,-111.93885,2019-07-03,00:58:00
34896,3545268,2019,Arizona Mills S,Baseline Rd,15.0,Intersection Related 206,0.0,0.0,No Injury,Rear End,Daylight,Clear,Dry,31.0,Female,South,Making Right Turn,Followed Too Closely,No Apparent Influence,No Apparent Influence,42.0,Female,South,Stopped In Trafficway,No Improper Action,No Apparent Influence,No Apparent Influence,33.37831,-111.96546,2019-07-03,01:28:00
34899,3545322,2019,Rural Rd,US-60 Exit 174 A-Ramp,50.0,Intersection Related 206,0.0,0.0,No Injury,Rear End,Daylight,Clear,Dry,17.0,Male,South,Going Straight Ahead,Followed Too Closely,No Apparent Influence,No Apparent Influence,23.0,Male,South,Stopped In Trafficway,No Improper Action,No Apparent Influence,No Apparent Influence,33.38516,-111.92648,2019-07-03,18:21:00
34901,3544443,2019,Price Rd,Victory Dr,-44.0,Intersection Related 206,1.0,0.0,Suspected Minor Injury,Rear End,Daylight,Clear,Dry,21.0,Female,North,Going Straight Ahead,Speed To Fast For Conditions,No Apparent Influence,No Apparent Influence,68.0,Male,North,Slowing In Trafficway,No Improper Action,No Apparent Influence,No Apparent Influence,33.41831,-111.89061,2019-07-03,18:55:00
34903,3544430,2019,Concorda Dr,Cottonwood Dr,0.0,Intersection 201,2.0,0.0,Possible Injury,Angle - Other Than Left Turn 2,Daylight,Clear,Unknown,55.0,Female,South,Unknown,Unknown,No Apparent Influence,No Apparent Influence,40.0,Male,West,Unknown,Unknown,No Apparent Influence,No Apparent Influence,33.40369,-111.88966,2019-07-03,21:49:00
34906,3545269,2019,University Dr,Priest Dr,-30.0,Intersection Related 206,1.0,0.0,Suspected Minor Injury,Rear End,Daylight,Clear,Dry,57.0,Female,East,Going Straight Ahead,Followed Too Closely,No Apparent Influence,No Apparent Influence,59.0,Female,East,Stopped In Trafficway,No Improper Action,No Apparent Influence,No Apparent Influence,33.42194,-111.96102,2019-07-04,00:05:00
34911,3556626,2019,Fremont Dr,Kachina Dr,0.0,Intersection 4 Way 202,0.0,0.0,No Injury,Angle - Other Than Left Turn 2,Daylight,Clear,Dry,34.0,Male,West,Making U Turn,Other,No Apparent Influence,No Apparent Influence,71.0,Female,West,Going Straight Ahead,No Improper Action,No Apparent Influence,No Apparent Influence,33.38275,-111.90748,2019-07-04,18:27:00
34913,3544444,2019,Southern Ave,River Dr,0.0,Intersection Related 206,0.0,0.0,No Injury,Sideswipe Opposite Direction,Dark Lighted,Clear,Dry,23.0,Female,West,Making Left Turn,Speed To Fast For Conditions,No Apparent Influence,No Apparent Influence,63.0,Male,East,Going Straight Ahead,No Improper Action,No Apparent Influence,No Apparent Influence,33.39299,-111.89626,2019-07-05,03:17:00
34914,3544125,2019,Curry Rd,Scottsdale Rd,-50.0,Not Junction Related,0.0,0.0,No Injury,Left Turn,Dark Lighted,Clear,Dry,34.0,Female,East,Making U Turn,Made Improper Turn,No Apparent Influence,No Apparent Influence,24.0,Male,West,Going Straight Ahead,No Improper Action,No Apparent Influence,No Apparent Influence,33.44029,-111.9265,2019-07-05,04:18:00
34917,3544126,2019,Farmer Ave,5th St,-30.0,Intersection Related 206,1.0,0.0,Possible Injury,Rear End,Dark Not Lighted,Clear,Dry,25.0,Male,North,Going Straight Ahead,Speed To Fast For Conditions,No Apparent Influence,No Apparent Influence,43.0,Female,North,Making Right Turn,No Improper Action,No Apparent Influence,No Apparent Influence,33.42539,-111.94429,2019-07-05,06:40:00
34918,3544132,2019,Elliot Rd,McClintock Dr,0.0,Intersection 201,0.0,0.0,No Injury,Head On,Dark Lighted,Clear,Dry,18.0,Male,West,Going Straight Ahead,Unknown,No Apparent Influence,No Apparent Influence,19.0,Male,East,Making Right Turn,Unknown,No Apparent Influence,No Apparent Influence,33.34913,-111.91119,2019-07-05,09:04:00
34919,3535774,2019,Elliot Rd,Harl Ave,0.0,Intersection 4 Way 202,0.0,0.0,No Injury,Angle - Other Than Left Turn 2,Daylight,Clear,Dry,54.0,Male,East,Going Straight Ahead,Disregarded Traffic Signal,No Apparent Influence,No Apparent Influence,36.0,Male,South,Going Straight Ahead,No Improper Action,No Apparent Influence,No Apparent Influence,33.34908,-111.96593,2019-07-05,17:31:00
34920,3544432,2019,Ash Ave,University Dr,0.0,Intersection 4 Way 202,0.0,0.0,No Injury,Other,Daylight,Clear,Dry,55.0,Male,North,Making Right Turn,Failed To Yield Right Of Way,No Apparent Influence,No Apparent Influence,53.0,Male,East,Going Straight Ahead,No Improper Action,No Apparent Influence,No Apparent Influence,33.42193,-111.9424,2019-07-05,17:37:00
34924,3544447,2019,Southern Ave,Albert Ave,25.0,Intersection Related 206,0.0,0.0,No Injury,Rear End,Daylight,Clear,Dry,26.0,Male,West,Going Straight Ahead,Followed Too Closely,No Apparent Influence,No Apparent Influence,62.0,Female,West,Slowing In Trafficway,No Improper Action,No Apparent Influence,No Apparent Influence,33.39287,-111.96264,2019-07-05,20:52:00
34925,3545312,2019,Baseline Rd,Kyrene Rd,100.0,Intersection Related 206,2.0,0.0,Possible Injury,Rear End,Daylight,Clear,Dry,20.0,Female,West,Going Straight Ahead,Followed Too Closely,No Apparent Influence,No Apparent Influence,44.0,Female,West,Stopped In Trafficway,No Improper Action,No Apparent Influence,No Apparent Influence,33.3782,-111.94566,2019-07-05,22:50:00
34926,3544445,2019,Priest Dr,SR-202 Exit 5 A-Ramp,0.0,Intersection 4 Way 202,0.0,0.0,No Injury,Left Turn,Daylight,Clear,Dry,21.0,Female,North,Going Straight Ahead,Disregarded Traffic Signal,No Apparent Influence,No Apparent Influence,56.0,Male,South,Making Left Turn,No Improper Action,No Apparent Influence,No Apparent Influence,33.43715,-111.96094,2019-07-05,23:15:00
34930,3549699,2019,Southern Ave,48th St,0.0,Intersection 4 Way 202,1.0,0.0,Possible Injury,Angle - Other Than Left Turn 2,Dark Lighted,Clear,Dry,18.0,Male,South,Making Right Turn,Made Improper Turn,No Apparent Influence,No Apparent Influence,35.0,Female,East,Going Straight Ahead,No Improper Action,No Apparent Influence,No Apparent Influence,33.39277,-111.97834,2019-07-07,05:04:00
34932,3556751,2019,5th St,Priest Dr,0.0,Intersection 4 Way 202,0.0,0.0,No Injury,Left Turn,Dark Lighted,Clear,Dry,16.0,Male,South,Making Left Turn,Failed To Yield Right Of Way,No Apparent Influence,No Apparent Influence,21.0,Female,North,Going Straight Ahead,No Improper Action,No Apparent Influence,No Apparent Influence,33.42562,-111.96097,2019-07-07,06:03:00
34933,3544464,2019,Price Rd,Elliot Rd,0.49,Not Junction Related,0.0,0.0,No Injury,Angle - Other Than Left Turn 2,Daylight,Unknown,Dry,33.0,Female,East,Going Straight Ahead,Failed To Yield Right Of Way,No Apparent Influence,No Apparent Influence,23.0,Male,South,Going Straight Ahead,No Improper Action,No Apparent Influence,No Apparent Influence,33.35643,-111.89491,2019-07-07,19:53:00
34936,3544141,2019,Elliot Rd,I-10 Exit 157 A-Ramp,0.0,Intersection 4 Way 202,1.0,0.0,Suspected Minor Injury,Angle - Other Than Left Turn 2,Daylight,Clear,Dry,37.0,Female,West,Going Straight Ahead,Unknown,No Apparent Influence,No Apparent Influence,49.0,Male,South,Making Left Turn,Unknown,No Apparent Influence,No Apparent Influence,33.34907,-111.97283,2019-07-07,23:07:00
34939,3544137,2019,Broadway Rd,Price Rd,0.0,Intersection 4 Way 202,0.0,0.0,No Injury,Left Turn,Daylight,Clear,Dry,60.0,Male,West,Making Left Turn,Unknown,No Apparent Influence,No Apparent Influence,26.0,Male,West,Making Left Turn,Unknown,No Apparent Influence,No Apparent Influence,33.4075,-111.892,2019-07-08,12:41:00
34940,3532804,2019,Price Rd,Rio Salado Pkwy,0.0,Intersection Non Interchange,0.0,0.0,No Injury,Angle - Other Than Left Turn 2,Daylight,Clear,Dry,65.0,Female,North,Going Straight Ahead,Disregarded Traffic Signal,No Apparent Influence,No Apparent Influence,21.0,Female,West,Going Straight Ahead,No Improper Action,No Apparent Influence,No Apparent Influence,33.42931,-111.89026,2019-07-08,16:36:00
34944,3544491,2019,Baseline Rd,I-10 Exit 155 J1-Ramp,40.0,Intersection Related 206,0.0,0.0,No Injury,Rear End,Daylight,Clear,Dry,56.0,Male,West,Going Straight Ahead,Speed To Fast For Conditions,No Apparent Influence,No Apparent Influence,32.0,Male,West,Stopped In Trafficway,No Improper Action,No Apparent Influence,No Apparent Influence,33.3783,-111.96725,2019-07-08,19:58:00
34946,3544123,2019,13th St,Mill Ave,75.0,Intersection Related 206,0.0,0.0,No Injury,Sideswipe Same Direction,Daylight,Clear,Dry,26.0,Female,West,Changing Lanes,Unsafe Lane Change,No Apparent Influence,No Apparent Influence,22.0,Female,West,Going Straight Ahead,No Improper Action,No Apparent Influence,No Apparent Influence,33.41476,-111.93966,2019-07-08,22:12:00
34948,3544496,2019,Mill Ave,Ellis Dr,-63.0,Not Junction Related,0.0,0.0,No Injury,Rear End,Daylight,Clear,Dry,23.0,Male,South,Going Straight Ahead,Speed To Fast For Conditions,No Apparent Influence,No Apparent Influence,59.0,Female,South,Slowing In Trafficway,No Improper Action,No Apparent Influence,No Apparent Influence,33.38046,-111.9394,2019-07-08,22:58:00
34952,3545559,2019,Priest Dr,University Dr,30.0,Intersection Related 206,0.0,0.0,No Injury,Rear End,Daylight,Clear,Dry,23.0,Male,South,Going Straight Ahead,Speed To Fast For Conditions,No Apparent Influence,No Apparent Influence,21.0,Female,South,Stopped In Trafficway,No Improper Action,No Apparent Influence,No Apparent Influence,33.42202,-111.96093,2019-07-09,00:37:00
34953,3545276,2019,Priest Dr,Rio Salado Pkwy,30.0,Intersection Related 206,1.0,0.0,Possible Injury,Rear End,Dark Lighted,Clear,Dry,20.0,Female,South,Going Straight Ahead,Followed Too Closely,No Apparent Influence,No Apparent Influence,23.0,Female,South,Stopped In Trafficway,No Improper Action,No Apparent Influence,No Apparent Influence,33.42964,-111.96097,2019-07-09,04:51:00
34955,3544122,2019,Southern Ave,McClintock Dr,15.0,Intersection Related 206,0.0,0.0,No Injury,Rear End,Dark Lighted,Clear,Dry,39.0,Male,West,Going Straight Ahead,Speed To Fast For Conditions,Alcohol,No Apparent Influence,27.0,Male,West,Avoiding Vehicle Object Pedestrian,No Improper Action,No Apparent Influence,No Apparent Influence,33.39299,-111.90908,2019-07-09,09:35:00
34957,3544492,2019,Elliot Rd,McClintock Dr,30.0,Intersection Related 206,0.0,0.0,No Injury,Rear End,Daylight,Clear,Dry,47.0,Female,West,Going Straight Ahead,Followed Too Closely,No Apparent Influence,No Apparent Influence,47.0,Male,West,Stopped In Trafficway,No Improper Action,No Apparent Influence,No Apparent Influence,33.34913,-111.91109,2019-07-09,20:28:00
34959,3544702,2019,McClintock Dr,Fremont Dr,0.0,Intersection T Inter 203,0.0,0.0,No Injury,Left Turn,Daylight,Clear,Dry,71.0,Female,West,Making Left Turn,Failed To Yield Right Of Way,No Apparent Influence,No Apparent Influence,23.0,Male,North,Going Straight Ahead,No Improper Action,No Apparent Influence,No Apparent Influence,33.38274,-111.90923,2019-07-09,22:55:00
34963,3545313,2019,McClintock Dr,Baseline Rd,200.0,Driveway Or Alley,1.0,0.0,Suspected Minor Injury,Left Turn,Daylight,Clear,Dry,36.0,Male,North,Making Left Turn,Failed To Yield Right Of Way,No Apparent Influence,No Apparent Influence,44.0,Male,South,Going Straight Ahead,No Improper Action,No Apparent Influence,No Apparent Influence,33.37897,-111.90926,2019-07-10,00:06:00
34965,3544703,2019,Kyrene Rd,Guadalupe Rd,146.0,Intersection Related 206,1.0,0.0,Possible Injury,Rear End,Daylight,Clear,Dry,36.0,Female,South,Going Straight Ahead,Followed Too Closely,No Apparent Influence,No Apparent Influence,29.0,Male,South,Stopped In Trafficway,No Improper Action,No Apparent Influence,No Apparent Influence,33.36406,-111.9459,2019-07-10,00:26:00
34966,3545384,2019,University Dr,Rural Rd,130.0,Intersection Related 206,1.0,0.0,Possible Injury,Sideswipe Same Direction,Daylight,Clear,Dry,27.0,Male,West,Changing Lanes,Unsafe Lane Change,No Apparent Influence,No Apparent Influence,27.0,Female,West,Going Straight Ahead,No Improper Action,No Apparent Influence,No Apparent Influence,33.42203,-111.92589,2019-07-10,01:28:00
34967,3544131,2019,Priest Dr,SR-202 Exit 5 J-Ramp,0.0,Intersection 4 Way 202,2.0,0.0,Suspected Minor Injury,Left Turn,Daylight,Clear,Dry,62.0,Male,South,Going Straight Ahead,Disregarded Traffic Signal,No Apparent Influence,No Apparent Influence,28.0,Male,West,Making Left Turn,No Improper Action,No Apparent Influence,No Apparent Influence,33.4385,-111.96084,2019-07-10,02:07:00
34968,3545289,2019,5th St,Farmer Ave,0.0,Intersection 4 Way 202,0.0,0.0,No Injury,Angle - Other Than Left Turn 2,Dusk,Unknown,Dry,25.0,Male,South,Other,Failed To Yield Right Of Way,No Apparent Influence,No Apparent Influence,20.0,Male,East,Going Straight Ahead,No Improper Action,No Apparent Influence,No Apparent Influence,33.42547,-111.94429,2019-07-10,02:27:00
34969,3563666,2019,Rural Rd,Lemon St,20.0,Intersection Related 206,0.0,0.0,No Injury,Rear End,Dark Lighted,Clear,Dry,24.0,Male,South,Stopped In Trafficway,Other,No Apparent Influence,No Apparent Influence,28.0,Female,South,Going Straight Ahead,No Improper Action,No Apparent Influence,No Apparent Influence,33.41689,-111.9263,2019-07-10,05:42:00
34970,3545284,2019,Rio Salado Pkwy,Priest Dr,108.0,Intersection Related 206,1.0,0.0,Possible Injury,Sideswipe Same Direction,Daylight,Clear,Dry,34.0,Male,East,Changing Lanes,Unsafe Lane Change,No Apparent Influence,No Apparent Influence,31.0,Male,East,Going Straight Ahead,No Improper Action,No Apparent Influence,No Apparent Influence,33.42968,-111.96064,2019-07-10,13:16:00
34971,3545310,2019,Priest Dr,Rio Salado Pkwy,115.0,Intersection 4 Way 202,1.0,0.0,Possible Injury,Sideswipe Same Direction,Daylight,Clear,Dry,34.0,Male,South,Changing Lanes,Unsafe Lane Change,No Apparent Influence,No Apparent Influence,31.0,Male,South,Going Straight Ahead,No Improper Action,No Apparent Influence,No Apparent Influence,33.42988,-111.96097,2019-07-10,13:16:00
34972,3544134,2019,Southern Ave,Rural Rd,0.0,Intersection 4 Way 202,2.0,0.0,Suspected Serious Injury,Left Turn,Daylight,Cloudy,Dry,19.0,Male,East,Making Left Turn,Failed To Yield Right Of Way,No Apparent Influence,No Apparent Influence,65.0,Female,West,Going Straight Ahead,No Improper Action,No Apparent Influence,No Apparent Influence,33.39296,-111.92633,2019-07-10,14:08:00
34973,3545353,2019,Terrace Rd,Rural Rd,-180.0,Intersection Related 206,0.0,0.0,No Injury,Rear End,Daylight,Cloudy,Dry,21.0,Female,West,Going Straight Ahead,Followed Too Closely,No Apparent Influence,No Apparent Influence,21.0,Female,West,Slowing In Trafficway,No Improper Action,No Apparent Influence,No Apparent Influence,33.41991,-111.9259,2019-07-10,15:05:00
34977,3545336,2019,Mill Ave,Ellis Dr,-150.0,Driveway Or Alley,0.0,0.0,No Injury,Rear End,Daylight,Clear,Dry,23.0,Male,South,Going Straight Ahead,Followed Too Closely,No Apparent Influence,No Apparent Influence,16.0,Female,South,Slowing In Trafficway,No Improper Action,No Apparent Influence,No Apparent Influence,33.38022,-111.9394,2019-07-10,20:20:00
34978,3545274,2019,Broadway Rd,Elm St,0.0,Driveway Or Alley,1.0,0.0,Suspected Minor Injury,Rear End,Daylight,Clear,Dry,26.0,Male,South,Making Left Turn,Followed Too Closely,No Apparent Influence,No Apparent Influence,28.0,Female,South,Stopped In Trafficway,No Improper Action,No Apparent Influence,No Apparent Influence,33.40751,-111.91325,2019-07-10,21:18:00
34980,3545278,2019,48th St,Westcourt Way,-77.0,Intersection Related 206,1.0,0.0,Suspected Minor Injury,Rear End,Daylight,Clear,Dry,41.0,Male,North,Going Straight Ahead,Followed Too Closely,No Apparent Influence,No Apparent Influence,50.0,Male,North,Stopped In Trafficway,No Improper Action,No Apparent Influence,No Apparent Influence,33.40332,-111.97831,2019-07-10,23:09:00
34981,3545553,2019,Rural Rd,Elliot Rd,30.0,Intersection Related 206,0.0,0.0,No Injury,Rear End,Daylight,Clear,Dry,28.0,Female,South,Going Straight Ahead,Followed Too Closely,No Apparent Influence,No Apparent Influence,42.0,Male,South,Stopped In Trafficway,No Improper Action,No Apparent Influence,No Apparent Influence,33.34927,-111.92848,2019-07-10,23:47:00
34982,3545281,2019,McClintock Dr,Southern Ave,15.0,Driveway Or Alley,0.0,0.0,No Injury,Left Turn,Daylight,Clear,Dry,78.0,Male,South,Making Left Turn,Made Improper Turn,No Apparent Influence,No Apparent Influence,48.0,Female,South,Stopped In Trafficway,No Improper Action,No Apparent Influence,No Apparent Influence,33.39303,-111.90913,2019-07-11,00:10:00
34983,3545547,2019,Potter Dr,Huntington Dr,0.0,Intersection 4 Way 202,0.0,0.0,No Injury,Angle - Other Than Left Turn 2,Dusk,Clear,Dry,34.0,Female,West,Going Straight Ahead,Failed To Yield Right Of Way,No Apparent Influence,No Apparent Influence,37.0,Female,South,Going Straight Ahead,No Improper Action,No Apparent Influence,No Apparent Influence,33.3942,-111.97233,2019-07-11,01:31:00
34984,3544500,2019,Southern Ave,Hardy Dr,0.0,Intersection 4 Way 202,2.0,0.0,Suspected Minor Injury,Left Turn,Dusk,Clear,Dry,26.0,Male,West,Going Straight Ahead,Disregarded Traffic Signal,Alcohol,No Apparent Influence,70.0,Female,North,Making Left Turn,No Improper Action,No Apparent Influence,No Apparent Influence,33.39286,-111.95198,2019-07-11,02:25:00
34987,3545264,2019,University Dr,McClintock Dr,-189.0,Intersection Related 206,0.0,0.0,No Injury,Sideswipe Same Direction,Daylight,Clear,Dry,18.0,Male,East,Unknown,Unknown,No Apparent Influence,No Apparent Influence,27.0,Male,East,Unknown,Unknown,No Apparent Influence,No Apparent Influence,33.42198,-111.90971,2019-07-11,16:51:00
34989,3545354,2019,Baseline Rd,Arizona Mills S,60.0,Driveway Or Alley,1.0,0.0,Possible Injury,Rear End,Daylight,Cloudy,Dry,59.0,Male,East,Going Straight Ahead,Unknown,No Apparent Influence,No Apparent Influence,32.0,Female,East,Going Straight Ahead,Unknown,No Apparent Influence,No Apparent Influence,33.37827,-111.96526,2019-07-11,17:24:00
34990,3545277,2019,Baseline Rd,Arizona Mills S,0.0,Intersection Related 206,1.0,0.0,Possible Injury,Left Turn,Daylight,Clear,Dry,49.0,Male,West,Going Straight Ahead,Disregarded Traffic Signal,No Apparent Influence,No Apparent Influence,75.0,Female,Northeast,Making Left Turn,No Improper Action,No Apparent Influence,No Apparent Influence,33.37827,-111.96546,2019-07-11,19:03:00
34991,3545302,2019,McClintock Dr,Elliot Rd,30.0,Intersection Related 206,0.0,0.0,No Injury,Other,Daylight,Cloudy,Dry,46.0,Male,North,Backing,Other,No Apparent Influence,No Apparent Influence,32.0,Male,South,Stopped In Trafficway,No Improper Action,No Apparent Influence,No Apparent Influence,33.34921,-111.91119,2019-07-11,19:14:00
34992,3545315,2019,Rural Rd,US-60 Exit 174 A-Ramp,-52.0,Intersection Related 206,0.0,0.0,No Injury,Sideswipe Same Direction,Daylight,Clear,Dry,44.0,Female,North,Changing Lanes,Unsafe Lane Change,No Apparent Influence,No Apparent Influence,51.0,Male,North,Going Straight Ahead,No Improper Action,No Apparent Influence,No Apparent Influence,33.38488,-111.92649,2019-07-11,20:00:00
34993,3545295,2019,Southern Ave,Butte Ave,-150.0,Not Junction Related,0.0,0.0,No Injury,Rear End,Daylight,Clear,Dry,22.0,Male,East,Going Straight Ahead,Speed To Fast For Conditions,No Apparent Influence,No Apparent Influence,20.0,Male,East,Slowing In Trafficway,No Improper Action,No Apparent Influence,No Apparent Influence,33.39299,-111.9119,2019-07-11,21:27:00
34994,3545292,2019,Broadway Rd,La Rosa Dr,-170.0,Not Junction Related,2.0,0.0,Possible Injury,Rear End,Daylight,Clear,Dry,29.0,Male,East,Going Straight Ahead,Speed To Fast For Conditions,No Apparent Influence,No Apparent Influence,34.0,Male,East,Stopped In Trafficway,No Improper Action,No Apparent Influence,No Apparent Influence,33.40748,-111.92957,2019-07-11,23:22:00
34995,3545291,2019,Broadway Rd,La Rosa Dr,-30.0,Intersection Related 206,0.0,0.0,No Injury,Rear End,Daylight,Clear,Dry,22.0,Male,East,Going Straight Ahead,Speed To Fast For Conditions,No Apparent Influence,No Apparent Influence,27.0,Female,East,Stopped In Trafficway,No Improper Action,No Apparent Influence,No Apparent Influence,33.40749,-111.92911,2019-07-11,23:35:00
34997,3545348,2019,Scottsdale Rd,McKellips Rd,-120.0,Not Junction Related,0.0,0.0,No Injury,Sideswipe Same Direction,Dusk,Clear,Dry,27.0,Male,South,Going Straight Ahead,Other,No Apparent Influence,No Apparent Influence,38.0,Male,South,Going Straight Ahead,No Improper Action,No Apparent Influence,No Apparent Influence,33.45091,-111.92647,2019-07-12,01:49:00
34998,3549715,2019,5th St,Ash Ave,0.0,Intersection 4 Way 202,0.0,0.0,No Injury,Left Turn,Dark Lighted,Clear,Dry,20.0,Male,Northeast,Making Left Turn,Failed To Yield Right Of Way,No Apparent Influence,No Apparent Influence,50.0,Male,West,Going Straight Ahead,No Improper Action,No Apparent Influence,No Apparent Influence,33.42549,-111.94337,2019-07-12,03:25:00
35000,3543477,2019,McClintock Dr,Rio Salado Pkwy,-59.0,Intersection Related 206,0.0,0.0,No Injury,Rear End,Daylight,Clear,Dry,74.0,Female,North,Going Straight Ahead,Speed To Fast For Conditions,No Apparent Influence,No Apparent Influence,37.0,Male,North,Stopped In Trafficway,No Improper Action,No Apparent Influence,No Apparent Influence,33.4291,-111.90907,2019-07-12,15:20:00
35001,3545257,2019,Scottsdale Rd,Fillmore St,0.0,Intersection 4 Way 202,0.0,0.0,No Injury,Left Turn,Daylight,Clear,Dry,26.0,Female,South,Making Left Turn,Failed To Yield Right Of Way,No Apparent Influence,No Apparent Influence,47.0,Female,North,Going Straight Ahead,No Improper Action,No Apparent Influence,No Apparent Influence,33.45358,-111.92643,2019-07-12,16:57:00