,Incident ID,Year,Street Name,Cross Street,Distance,Junction Relation,Total Injuries,Total Fatalities,Injury Severity,Collision Manner,Light Condition,Weather,Surface Condition,Age Driver 1,Gender Driver 1,Travel Direction One,Unit Action One,Violation1_Drv1,Alcohol Use Driver 1,Drug Use Driver 1,Age Driver 2,Gender Driver 2,Travel Direction Two,Unit Action Two,Violation 1 Driver 2,Alcohol Use Driver 2,Drug Use Driver 2,Latitude,Longitude,Date,Time
35004,3545272,2019,Priest Dr,Knox Rd,99.0,Not Junction Related,2.0,0.0,Suspected Minor Injury,Sideswipe Same Direction,Daylight,Clear,Dry,62.0,Male,North,Unknown,Unknown,No Apparent Influence,No Apparent Influence,82.0,Male,North,Unknown,Unknown,No Apparent Influence,No Apparent Influence,33.32752,-111.96312,2019-07-12,23:32:00
35005,3567278,2019,Rockford Dr,Rio Salado Pkwy,0.0,Intersection Interchange,0.0,0.0,No Injury,Sideswipe Same Direction,Daylight,Clear,Dry,45.0,Male,South,Changing Lanes,Unsafe Lane Change,No Apparent Influence,No Apparent Influence,22.0,Female,South,Going Straight Ahead,Unknown,No Apparent Influence,No Apparent Influence,33.42936,-111.89704,2019-07-12,23:37:00
35006,3543478,2019,Rural Rd,Lakeshore Dr,0.0,Intersection 4 Way 202,0.0,0.0,No Injury,Left Turn,Daylight,Cloudy,Dry,35.0,Female,North,Going Straight Ahead,Disregarded Traffic Signal,No Apparent Influence,No Apparent Influence,31.0,Female,South,Making Left Turn,No Improper Action,No Apparent Influence,No Apparent Influence,33.38228,-111.92683,2019-07-13,00:24:00
35009,3544488,2019,Baseline Rd,Mill Ave,-200.0,Intersection Related 206,0.0,0.0,No Injury,Rear End,Dark Lighted,Clear,Dry,23.0,Male,East,Going Straight Ahead,Followed Too Closely,No Apparent Influence,No Apparent Influence,26.0,Male,East,Making Left Turn,No Improper Action,No Apparent Influence,No Apparent Influence,33.37822,-111.94002,2019-07-13,03:44:00
35010,3544489,2019,Mill Ave,6th St,10.0,Not Junction Related,0.0,0.0,No Injury,Sideswipe Same Direction,Dark Lighted,Clear,Dry,22.0,Male,South,Overtaking Passing,Aggressive Driving,No Apparent Influence,No Apparent Influence,21.0,Male,South,Going Straight Ahead,No Improper Action,No Apparent Influence,No Apparent Influence,33.42437,-111.94002,2019-07-13,06:08:00
35012,3545309,2019,Baseline Rd,Lakeshore Dr,50.0,Intersection Related 206,0.0,0.0,No Injury,Angle - Other Than Left Turn 2,Daylight,Clear,Dry,82.0,Male,West,Making Right Turn,Disregarded Traffic Signal,No Apparent Influence,No Apparent Influence,33.0,Male,West,Going Straight Ahead,No Improper Action,No Apparent Influence,No Apparent Influence,33.37832,-111.92034,2019-07-13,14:23:00
35013,3545516,2019,Elliot Rd,Rita Ln,0.0,Intersection Related 206,0.0,0.0,No Injury,Left Turn,Daylight,Clear,Dry,57.0,Male,North,Making Left Turn,Failed To Yield Right Of Way,No Apparent Influence,No Apparent Influence,68.0,Female,West,Going Straight Ahead,No Improper Action,No Apparent Influence,No Apparent Influence,33.34917,-111.92436,2019-07-13,21:10:00
35017,3545279,2019,Elliot Rd,Harl Ave,-150.0,Intersection Related 206,1.0,0.0,Suspected Minor Injury,Rear End,Daylight,Clear,Dry,22.0,Male,East,Going Straight Ahead,Speed To Fast For Conditions,No Apparent Influence,No Apparent Influence,30.0,Male,East,Stopped In Trafficway,No Improper Action,No Apparent Influence,No Apparent Influence,33.34908,-111.96642,2019-07-14,01:06:00
35018,3549693,2019,Southern Ave,Mill Ave,31.0,Unknown,0.0,0.0,No Injury,Rear End,Dark Lighted,Clear,Dry,22.0,Male,West,Backing,Other,No Apparent Influence,No Apparent Influence,25.0,Female,West,Going Straight Ahead,No Improper Action,No Apparent Influence,No Apparent Influence,33.39286,-111.9395,2019-07-14,06:31:00
35019,3544136,2019,Warner Rd,Emerald Dr,0.0,Intersection 4 Way 202,1.0,0.0,Suspected Minor Injury,Left Turn,Daylight,Clear,Dry,43.0,Female,East,Making Left Turn,Failed To Yield Right Of Way,No Apparent Influence,No Apparent Influence,66.0,Male,West,Going Straight Ahead,No Improper Action,No Apparent Influence,No Apparent Influence,33.3345,-111.96667,2019-07-14,19:36:00
35021,3545515,2019,Baseline Rd,I-10 Exit 155 G-Ramp,-86.0,Intersection Related 206,0.0,0.0,No Injury,Sideswipe Same Direction,Daylight,Clear,Dry,21.0,Male,West,Changing Lanes,Unsafe Lane Change,No Apparent Influence,No Apparent Influence,33.0,Male,West,Going Straight Ahead,No Improper Action,No Apparent Influence,No Apparent Influence,33.37827,-111.96891,2019-07-15,01:36:00
35022,3555411,2019,Broadway Rd,I-10 Exit 153 G-Ramp,0.0,Intersection 201,0.0,0.0,No Injury,Left Turn,Dark Lighted,Clear,Dry,25.0,Female,West,Making Left Turn,Unknown,No Apparent Influence,No Apparent Influence,20.0,Male,East,Going Straight Ahead,Unknown,No Apparent Influence,No Apparent Influence,33.40845,-111.9736,2019-07-15,04:20:00
35024,3545286,2019,Scottsdale Rd,SR-202 Exit 7 A-Ramp,0.0,Intersection 201,1.0,0.0,Possible Injury,Sideswipe Same Direction,Dawn,Clear,Dry,49.0,Male,South,Making U Turn,Other,No Apparent Influence,No Apparent Influence,22.0,Male,South,Making Left Turn,No Improper Action,No Apparent Influence,No Apparent Influence,33.43611,-111.92627,2019-07-15,12:55:00
35027,3545335,2019,Price Rd,Elliot Rd,0.0,Intersection 4 Way 202,2.0,0.0,Suspected Minor Injury,Angle - Other Than Left Turn 2,Daylight,Clear,Dry,45.0,Female,West,Going Straight Ahead,Disregarded Traffic Signal,No Apparent Influence,No Apparent Influence,28.0,Male,South,Going Straight Ahead,No Improper Action,No Apparent Influence,No Apparent Influence,33.34934,-111.89437,2019-07-15,17:54:00
35029,3545323,2019,Elliot Rd,Willow Dr,0.0,Intersection 4 Way 202,0.0,0.0,No Injury,Rear End,Daylight,Clear,Dry,28.0,Male,East,Going Straight Ahead,Followed Too Closely,No Apparent Influence,No Apparent Influence,31.0,Female,East,Stopped In Trafficway,No Improper Action,No Apparent Influence,No Apparent Influence,33.34913,-111.91485,2019-07-15,19:37:00
35030,3545340,2019,Price Rd,Broadway Rd,140.0,Intersection Related 206,0.0,0.0,No Injury,Rear End,Daylight,Clear,Dry,36.0,Female,South,Going Straight Ahead,Speed To Fast For Conditions,No Apparent Influence,No Apparent Influence,57.0,Male,South,Stopped In Trafficway,No Improper Action,No Apparent Influence,No Apparent Influence,33.40788,-111.892,2019-07-15,20:10:00
35031,3545294,2019,University Dr,Smith Rd,0.0,Intersection 201,0.0,0.0,No Injury,Angle - Other Than Left Turn 2,Daylight,Clear,Dry,23.0,Male,East,Going Straight Ahead,Disregarded Traffic Signal,No Apparent Influence,No Apparent Influence,41.0,Female,South,Going Straight Ahead,No Improper Action,No Apparent Influence,No Apparent Influence,33.42211,-111.9005,2019-07-15,21:11:00
35032,3543479,2019,Priest Dr,Alameda Dr,0.0,Intersection 201,0.0,0.0,No Injury,Left Turn,Daylight,Clear,Dry,32.0,Male,South,Making Left Turn,Failed To Yield Right Of Way,No Apparent Influence,No Apparent Influence,44.0,Male,North,Going Straight Ahead,No Improper Action,No Apparent Influence,No Apparent Influence,33.40014,-111.96077,2019-07-15,21:30:00
35034,3545306,2019,University Dr,Rural Rd,0.0,Intersection 4 Way 202,0.0,0.0,No Injury,Angle - Other Than Left Turn 2,Daylight,Clear,Dry,19.0,Male,East,Going Straight Ahead,Disregarded Traffic Signal,No Apparent Influence,No Apparent Influence,49.0,Male,South,Going Straight Ahead,No Improper Action,No Apparent Influence,No Apparent Influence,33.42203,-111.92631,2019-07-15,23:17:00
35035,3545318,2019,Broadway Rd,I-10 Cardinal Frontage,0.0,Intersection 4 Way 202,0.0,0.0,No Injury,Left Turn,Daylight,Clear,Dry,55.0,Female,West,Making Left Turn,Failed To Yield Right Of Way,No Apparent Influence,No Apparent Influence,23.0,Female,East,Going Straight Ahead,No Improper Action,No Apparent Influence,No Apparent Influence,33.40845,-111.9736,2019-07-15,23:26:00
35038,3545305,2019,Price Rd,Southern Ave,0.0,Intersection 4 Way 202,0.0,0.0,No Injury,Angle - Other Than Left Turn 2,Daylight,Clear,Dry,23.0,Male,South,Making Left Turn,No Improper Action,No Apparent Influence,No Apparent Influence,58.0,Female,South,Going Straight Ahead,No Improper Action,No Apparent Influence,No Apparent Influence,33.39296,-111.89203,2019-07-16,00:29:00
35039,3545317,2019,Broadway Rd,McClintock Dr,-115.0,Intersection Related 206,1.0,0.0,Possible Injury,Rear End,Daylight,Clear,Dry,18.0,Female,East,Going Straight Ahead,Speed To Fast For Conditions,No Apparent Influence,No Apparent Influence,56.0,Female,East,Stopped In Trafficway,No Improper Action,No Apparent Influence,No Apparent Influence,33.4075,-111.9095,2019-07-16,00:33:00
35040,3552089,2019,McKellips Rd,Hayden Rd,-50.0,Intersection Related Non Interchange,0.0,0.0,No Injury,Rear End,Daylight,Clear,Dry,58.0,Female,East,Going Straight Ahead,Followed Too Closely,No Apparent Influence,No Apparent Influence,57.0,Female,East,Slowing In Trafficway,No Improper Action,No Apparent Influence,No Apparent Influence,33.45126,-111.90946,2019-07-16,00:50:00
35043,3545349,2019,Southern Ave,Roosevelt St,0.0,Intersection 4 Way 202,2.0,0.0,Suspected Minor Injury,Left Turn,Daylight,Clear,Dry,22.0,Female,East,Making Left Turn,Failed To Yield Right Of Way,No Apparent Influence,No Apparent Influence,48.0,Male,West,Going Straight Ahead,No Improper Action,No Apparent Influence,No Apparent Influence,33.39285,-111.94783,2019-07-16,14:40:00
35044,3545549,2019,Rural Rd,Broadway Rd,200.0,Not Junction Related,0.0,0.0,No Injury,Rear End,Daylight,Clear,Dry,17.0,Male,North,Going Straight Ahead,Speed To Fast For Conditions,No Apparent Influence,No Apparent Influence,36.0,Female,North,Stopped In Trafficway,No Improper Action,No Apparent Influence,No Apparent Influence,33.40805,-111.92628,2019-07-16,14:54:00
35045,3545267,2019,Broadway Rd,Cutler Dr,-200.0,Driveway Or Alley,0.0,0.0,No Injury,Angle - Other Than Left Turn 2,Daylight,Clear,Dry,20.0,Female,South,Making Left Turn,Failed To Yield Right Of Way,No Apparent Influence,No Apparent Influence,32.0,Female,West,Going Straight Ahead,No Improper Action,No Apparent Influence,No Apparent Influence,33.40742,-111.95903,2019-07-16,16:00:00
35048,3549632,2019,Rio Salado Pkwy,Siesta Ln,0.0,Intersection T Inter 203,0.0,0.0,No Injury,Sideswipe Same Direction,Daylight,Clear,Dry,29.0,Female,East,Changing Lanes,Unsafe Lane Change,No Apparent Influence,No Apparent Influence,53.0,Male,East,Going Straight Ahead,No Improper Action,No Apparent Influence,No Apparent Influence,33.42937,-111.89362,2019-07-16,22:23:00
35049,3545339,2019,Priest Dr,Geneva Dr,0.0,Intersection T Inter 203,0.0,0.0,No Injury,Angle - Other Than Left Turn 2,Daylight,Clear,Dry,81.0,Female,North,Making Left Turn,Failed To Yield Right Of Way,No Apparent Influence,No Apparent Influence,47.0,Male,South,Going Straight Ahead,No Improper Action,No Apparent Influence,No Apparent Influence,33.39502,-111.96077,2019-07-16,22:57:00
35050,3545337,2019,McClintock Dr,12th St,0.0,Intersection T Inter 203,1.0,0.0,Possible Injury,Left Turn,Daylight,Clear,Dry,30.0,Female,North,Making Left Turn,Failed To Yield Right Of Way,No Apparent Influence,No Apparent Influence,33.0,Male,South,Going Straight Ahead,No Improper Action,No Apparent Influence,No Apparent Influence,33.41615,-111.90912,2019-07-16,23:22:00
35052,3545343,2019,Broadway Rd,Dorsey Ln,0.0,Intersection 4 Way 202,1.0,0.0,Possible Injury,Left Turn,Daylight,Clear,Dry,34.0,Female,West,Making Left Turn,Failed To Yield Right Of Way,No Apparent Influence,No Apparent Influence,46.0,Male,East,Going Straight Ahead,No Improper Action,No Apparent Influence,No Apparent Influence,33.40751,-111.9177,2019-07-17,00:17:00
35054,3547163,2019,Rural Rd,Guadalupe Rd,220.0,Driveway Or Alley,1.0,0.0,Suspected Minor Injury,Angle - Other Than Left Turn 2,Dark Lighted,Clear,Dry,25.0,Female,West,Unknown,Failed To Yield Right Of Way,Alcohol,No Apparent Influence,17.0,Female,North,Going Straight Ahead,No Improper Action,No Apparent Influence,No Apparent Influence,33.36436,-111.92861,2019-07-17,04:16:00
35055,3543480,2019,Southern Ave,Butte Ave,100.0,Not Junction Related,0.0,0.0,No Injury,U Turn,Dusk,Clear,Dry,65.0,Female,East,Making U Turn,Other,No Apparent Influence,No Apparent Influence,17.0,Female,East,Going Straight Ahead,No Improper Action,No Apparent Influence,No Apparent Influence,33.39299,-111.91108,2019-07-17,04:59:00
35057,3545546,2019,Baseline Rd,Calle Los Cerros,120.0,Intersection Related 206,1.0,0.0,Possible Injury,Rear End,Daylight,Clear,Dry,24.0,Male,East,Going Straight Ahead,Followed Too Closely,No Apparent Influence,No Apparent Influence,27.0,Male,East,Slowing In Trafficway,No Improper Action,No Apparent Influence,No Apparent Influence,33.37821,-111.9737,2019-07-17,17:07:00
35058,3545307,2019,Guadalupe Rd,McClintock Dr,30.0,Intersection Related 206,0.0,0.0,No Injury,Rear End,Daylight,Clear,Dry,60.0,Male,West,Going Straight Ahead,Followed Too Closely,No Apparent Influence,No Apparent Influence,55.0,Male,West,Stopped In Trafficway,No Improper Action,No Apparent Influence,No Apparent Influence,33.36376,-111.91116,2019-07-17,17:08:00
35060,3545345,2019,University Dr,Priest Dr,30.0,Intersection Related 206,0.0,0.0,No Injury,Rear End,Daylight,Clear,Dry,35.0,Male,West,Going Straight Ahead,Followed Too Closely,No Apparent Influence,No Apparent Influence,27.0,Female,West,Stopped In Trafficway,No Improper Action,No Apparent Influence,No Apparent Influence,33.42194,-111.96083,2019-07-17,21:23:00
35061,3545347,2019,Price Rd,University Dr,166.0,Intersection Related 206,0.0,0.0,No Injury,Rear End,Daylight,Clear,Dry,30.0,Male,South,Going Straight Ahead,Followed Too Closely,No Apparent Influence,No Apparent Influence,49.0,Female,South,Stopped In Trafficway,No Improper Action,No Apparent Influence,No Apparent Influence,33.42247,-111.89195,2019-07-17,21:44:00
35062,3564755,2019,Broadway Rd,Elm St,-200.0,Intersection Related 206,0.0,0.0,No Injury,Sideswipe Same Direction,Daylight,Clear,Dry,42.0,Male,East,Changing Lanes,Unsafe Lane Change,No Apparent Influence,No Apparent Influence,23.0,Female,East,Going Straight Ahead,No Improper Action,No Apparent Influence,No Apparent Influence,33.4075,-111.9139,2019-07-17,21:53:00
35064,3545388,2019,Warner Rd,Lakeshore Dr,0.0,Intersection 4 Way 202,2.0,0.0,Suspected Minor Injury,Rear End,Daylight,Clear,Dry,30.0,Male,East,Going Straight Ahead,Followed Too Closely,No Apparent Influence,No Apparent Influence,44.0,Female,East,Making Right Turn,No Improper Action,No Apparent Influence,No Apparent Influence,33.3347,-111.91926,2019-07-17,23:46:00
35068,3549669,2019,Baseline Rd,Mill Ave,0.0,Intersection 4 Way 202,0.0,0.0,No Injury,Left Turn,Dark Lighted,Clear,Wet,29.0,Female,South,Making Left Turn,Failed To Yield Right Of Way,No Apparent Influence,No Apparent Influence,54.0,Male,North,Going Straight Ahead,No Improper Action,No Apparent Influence,No Apparent Influence,33.37821,-111.93937,2019-07-18,07:05:00
35071,3545288,2019,Kyrene Rd,Elliot Rd,0.0,Intersection 4 Way 202,2.0,0.0,Suspected Minor Injury,Left Turn,Daylight,Clear,Dry,63.0,Male,North,Making Left Turn,Failed To Yield Right Of Way,No Apparent Influence,No Apparent Influence,42.0,Female,South,Going Straight Ahead,No Improper Action,No Apparent Influence,No Apparent Influence,33.3492,-111.94573,2019-07-18,14:01:00
35072,3545545,2019,Price Rd,Broadway Rd,0.0,Intersection 4 Way 202,0.0,0.0,No Injury,Left Turn,Daylight,Clear,Dry,63.0,Male,North,Going Straight Ahead,Failed To Keep In Proper Lane,No Apparent Influence,No Apparent Influence,44.0,Female,North,Making Left Turn,No Improper Action,No Apparent Influence,No Apparent Influence,33.40748,-111.89033,2019-07-18,15:14:00
35074,3549635,2019,University Dr,McAllister Ave,155.0,Not Junction Related,0.0,0.0,No Injury,Rear End,Daylight,Clear,Dry,57.0,Female,East,Going Straight Ahead,Speed To Fast For Conditions,Alcohol,No Apparent Influence,23.0,Female,East,Stopped In Trafficway,No Improper Action,No Apparent Influence,No Apparent Influence,33.42201,-111.92843,2019-07-18,20:12:00
35075,3545518,2019,Warner Rd,Dromedary Dr,0.0,Intersection 4 Way 202,0.0,0.0,No Injury,Left Turn,Daylight,Clear,Dry,23.0,Female,North,Making Left Turn,Failed To Yield Right Of Way,No Apparent Influence,No Apparent Influence,56.0,Female,East,Going Straight Ahead,No Improper Action,No Apparent Influence,No Apparent Influence,33.33462,-111.94328,2019-07-18,20:33:00
35078,3545346,2019,Priest Dr,SR-202 Exit 5 A-Ramp,0.0,Intersection 4 Way 202,0.0,0.0,No Injury,Sideswipe Same Direction,Daylight,Clear,Dry,64.0,Female,East,Going Straight Ahead,Other,No Apparent Influence,No Apparent Influence,54.0,Male,East,Making Right Turn,No Improper Action,No Apparent Influence,No Apparent Influence,33.43715,-111.96094,2019-07-18,23:29:00
35079,3545308,2019,Rural Rd,Guadalupe Rd,-200.0,Intersection Related 206,1.0,0.0,Possible Injury,Angle - Other Than Left Turn 2,Daylight,Clear,Dry,27.0,Female,Southwest,Other,Failed To Yield Right Of Way,No Apparent Influence,No Apparent Influence,34.0,Male,North,Going Straight Ahead,No Improper Action,No Apparent Influence,No Apparent Influence,33.3632,-111.9286,2019-07-18,23:45:00
35080,3545517,2019,Baseline Rd,Wendler Dr,0.0,Intersection T Inter 203,0.0,0.0,No Injury,Left Turn,Daylight,Clear,Dry,19.0,Male,West,Going Straight Ahead,Unknown,No Apparent Influence,No Apparent Influence,23.0,Male,South,Making Left Turn,Unknown,No Apparent Influence,No Apparent Influence,33.37826,-111.96979,2019-07-18,23:50:00
35083,3549691,2019,Price Rd,University Dr,-40.0,Intersection Related 206,0.0,0.0,No Injury,Rear End,Daylight,Clear,Dry,38.0,Male,North,Going Straight Ahead,Speed To Fast For Conditions,No Apparent Influence,No Apparent Influence,28.0,Female,North,Stopped In Trafficway,No Improper Action,No Apparent Influence,No Apparent Influence,33.42191,-111.89031,2019-07-19,00:55:00
35084,3545556,2019,Broadway Rd,I-10 Exit 153 G-Ramp,0.0,Intersection 4 Way 202,0.0,0.0,No Injury,Left Turn,Dark Lighted,Clear,Dry,31.0,Female,West,Making Left Turn,Failed To Yield Right Of Way,No Apparent Influence,No Apparent Influence,22.0,Female,East,Going Straight Ahead,No Improper Action,No Apparent Influence,No Apparent Influence,33.40845,-111.9736,2019-07-19,03:23:00
35085,3547196,2019,Price Rd,University Dr,0.0,Intersection 4 Way 202,0.0,0.0,No Injury,Angle - Other Than Left Turn 2,Dark Lighted,Clear,Dry,22.0,Male,East,Going Straight Ahead,Disregarded Traffic Signal,No Apparent Influence,No Apparent Influence,25.0,Male,South,Going Straight Ahead,No Improper Action,No Apparent Influence,No Apparent Influence,33.42201,-111.89195,2019-07-19,04:40:00
35086,3547165,2019,Broadway Rd,52nd St,100.0,Intersection Related 206,0.0,0.0,No Injury,Rear End,Daylight,Clear,Dry,25.0,Female,West,Going Straight Ahead,Followed Too Closely,No Apparent Influence,No Apparent Influence,31.0,Female,West,Stopped In Trafficway,No Improper Action,No Apparent Influence,No Apparent Influence,33.40917,-111.96926,2019-07-19,14:38:00
35088,3585002,2019,University Dr,Dorsey Ln,30.0,Intersection Related 206,0.0,0.0,No Injury,Rear End,Daylight,Clear,Dry,20.0,Male,West,Going Straight Ahead,Speed To Fast For Conditions,No Apparent Influence,No Apparent Influence,32.0,Female,West,Stopped In Trafficway,No Improper Action,No Apparent Influence,No Apparent Influence,33.42202,-111.91759,2019-07-19,15:40:00
35090,3547616,2019,Southern Ave,Rural Rd,-200.0,Not Junction Related,0.0,0.0,No Injury,Rear End,Daylight,Clear,Dry,30.0,Male,East,Avoiding Vehicle Object Pedestrian,No Improper Action,No Apparent Influence,No Apparent Influence,78.0,Female,East,Stopped In Trafficway,No Improper Action,No Apparent Influence,No Apparent Influence,33.39296,-111.92698,2019-07-19,17:01:00
35091,3545563,2019,University Dr,Hohokam Dr,0.0,Intersection T Inter 203,1.0,0.0,Possible Injury,Angle - Other Than Left Turn 2,Daylight,Clear,Dry,58.0,Male,North,Making Left Turn,Failed To Yield Right Of Way,No Apparent Influence,No Apparent Influence,37.0,Female,West,Stopped In Trafficway,No Improper Action,No Apparent Influence,No Apparent Influence,33.42193,-111.9718,2019-07-19,19:13:00
35096,3545350,2019,McClintock Dr,Southern Ave,-140.0,Not Junction Related,0.0,0.0,No Injury,Sideswipe Same Direction,Daylight,Clear,Dry,33.0,Male,South,Overtaking Passing,Followed Too Closely,No Apparent Influence,No Apparent Influence,43.0,Male,South,Slowing In Trafficway,No Improper Action,No Apparent Influence,No Apparent Influence,33.39261,-111.90913,2019-07-19,22:32:00
35098,3547094,2019,University Dr,Forest Service 01 Tempe Ave,0.0,Intersection 201,0.0,0.0,No Injury,Left Turn,Daylight,Clear,Dry,23.0,Female,West,Going Straight Ahead,Disregarded Traffic Signal,No Apparent Influence,No Apparent Influence,28.0,Male,East,Making Left Turn,Failed To Yield Right Of Way,No Apparent Influence,No Apparent Influence,33.42195,-111.93666,2019-07-20,01:01:00
35099,3545564,2019,Rio Salado Pkwy,Mill Ave,170.0,Not Junction Related,0.0,0.0,No Injury,Sideswipe Same Direction,Daylight,Cloudy,Dry,18.0,Female,West,Going Straight Ahead,Unsafe Lane Change,No Apparent Influence,No Apparent Influence,36.0,Female,West,Going Straight Ahead,No Improper Action,No Apparent Influence,No Apparent Influence,33.42968,-111.9395,2019-07-20,01:05:00
35103,3545386,2019,Southern Ave,Priest Dr,32.0,Intersection Related 206,0.0,0.0,No Injury,Rear End,Dark Lighted,Clear,Dry,35.0,Female,East,Going Straight Ahead,Followed Too Closely,No Apparent Influence,No Apparent Influence,24.0,Male,East,Stopped In Trafficway,No Improper Action,No Apparent Influence,No Apparent Influence,33.39288,-111.96067,2019-07-20,03:47:00
35105,3549660,2019,Elliot Rd,I-10 Exit 157 A-Ramp,0.0,Intersection 4 Way 202,0.0,0.0,No Injury,Angle - Other Than Left Turn 2,Daylight,Clear,Dry,67.0,Female,South,Going Straight Ahead,Failed To Keep In Proper Lane,No Apparent Influence,No Apparent Influence,24.0,Female,South,Making Left Turn,No Improper Action,No Apparent Influence,No Apparent Influence,33.34907,-111.97283,2019-07-20,13:56:00
35108,3547198,2019,Scottsdale Rd,Rio Salado Pkwy,0.0,Intersection 4 Way 202,0.0,0.0,No Injury,Left Turn,Dark Lighted,Clear,Dry,20.0,Male,North,Making Left Turn,Failed To Yield Right Of Way,No Apparent Influence,No Apparent Influence,24.0,Female,South,Going Straight Ahead,No Improper Action,No Apparent Influence,No Apparent Influence,33.42885,-111.92629,2019-07-21,03:33:00
35109,3576064,2019,Rural Rd,Lemon St,200.0,Crossover Related,0.0,0.0,No Injury,Rear End,Dark Lighted,Clear,Dry,22.0,Male,South,Going Straight Ahead,Speed To Fast For Conditions,No Apparent Influence,No Apparent Influence,22.0,Female,South,Going Straight Ahead,No Improper Action,No Apparent Influence,No Apparent Influence,33.41738,-111.9263,2019-07-21,06:57:00
35111,3543484,2019,Rural Rd,Watson Dr,25.0,Intersection Related 206,0.0,0.0,No Injury,Rear End,Daylight,Clear,Dry,25.0,Male,South,Slowing In Trafficway,Speed To Fast For Conditions,No Apparent Influence,No Apparent Influence,30.0,Male,South,Going Straight Ahead,No Improper Action,No Apparent Influence,No Apparent Influence,33.36981,-111.92865,2019-07-21,18:16:00
35113,3549710,2019,McClintock Dr,SR-202 Exit 8 J-Ramp,0.0,Entrance Exit Ramp 205,0.0,0.0,No Injury,Rear End,Daylight,Clear,Dry,57.0,Female,West,Going Straight Ahead,Speed To Fast For Conditions,No Apparent Influence,No Apparent Influence,22.0,Female,West,Stopped In Trafficway,No Improper Action,No Apparent Influence,No Apparent Influence,33.43662,-111.90962,2019-07-21,23:42:00
35116,3543487,2019,Broadway Rd,Priest Dr,30.0,Intersection Related 206,1.0,0.0,Possible Injury,Rear End,Daylight,Cloudy,Dry,24.0,Female,West,Going Straight Ahead,Speed To Fast For Conditions,No Apparent Influence,No Apparent Influence,60.0,Male,West,Going Straight Ahead,No Improper Action,No Apparent Influence,No Apparent Influence,33.40742,-111.96068,2019-07-22,19:26:00
35117,3545551,2019,Priest Dr,Elliot Rd,-100.0,Intersection Related Non Interchange,0.0,0.0,No Injury,Rear End,Daylight,Clear,Dry,32.0,Male,North,Going Straight Ahead,Speed To Fast For Conditions,No Apparent Influence,No Apparent Influence,19.0,Female,North,Stopped In Trafficway,No Improper Action,No Apparent Influence,No Apparent Influence,33.34883,-111.96313,2019-07-22,19:47:00
35118,3549696,2019,Priest Dr,Warner Rd,200.0,Intersection Related 206,0.0,0.0,No Injury,Rear End,Daylight,Clear,Dry,22.0,Male,South,Going Straight Ahead,Speed To Fast For Conditions,No Apparent Influence,No Apparent Influence,29.0,Male,South,Stopped In Trafficway,No Improper Action,No Apparent Influence,No Apparent Influence,33.33507,-111.96312,2019-07-22,20:07:00
35119,3543495,2019,Elliot Rd,Kachina Dr,40.0,Intersection Related 206,0.0,0.0,No Injury,Sideswipe Same Direction,Daylight,Cloudy,Dry,19.0,Female,West,Changing Lanes,Unsafe Lane Change,No Apparent Influence,No Apparent Influence,63.0,Female,West,Going Straight Ahead,No Improper Action,No Apparent Influence,No Apparent Influence,33.34914,-111.9089,2019-07-22,21:09:00
35121,3549676,2019,Elliot Rd,Harl Ave,-50.0,Intersection Related 206,0.0,0.0,No Injury,Rear End,Daylight,Clear,Dry,20.0,Male,East,Slowing In Trafficway,Speed To Fast For Conditions,No Apparent Influence,No Apparent Influence,23.0,Female,East,Stopped In Trafficway,No Improper Action,No Apparent Influence,No Apparent Influence,33.34908,-111.96609,2019-07-22,21:48:00
35122,3543498,2019,Baseline Rd,Rural Rd,-30.0,Intersection Related 206,0.0,0.0,No Injury,Rear End,Daylight,Clear,Dry,58.0,Male,East,Going Straight Ahead,Speed To Fast For Conditions,No Apparent Influence,No Apparent Influence,67.0,Female,East,Stopped In Trafficway,No Improper Action,No Apparent Influence,No Apparent Influence,33.37825,-111.92879,2019-07-22,23:29:00
35123,3564694,2019,Guadalupe Rd,McClintock Dr,0.0,Intersection 4 Way 202,0.0,0.0,No Injury,Left Turn,Dark Lighted,Clear,Dry,19.0,Female,North,Making Right Turn,Failed To Yield Right Of Way,No Apparent Influence,No Apparent Influence,20.0,Male,West,Going Straight Ahead,No Improper Action,No Apparent Influence,No Apparent Influence,33.36376,-111.91126,2019-07-23,05:41:00
35124,3545520,2019,Rural Rd,US-60 Exit 174 A-Ramp,0.0,Intersection 4 Way 202,1.0,0.0,Possible Injury,Left Turn,Dark Lighted,Clear,Dry,50.0,Male,East,Unknown,Unknown,No Apparent Influence,No Apparent Influence,26.0,Male,South,Unknown,Unknown,No Apparent Influence,No Apparent Influence,33.38502,-111.92648,2019-07-23,11:37:00
35126,3545555,2019,Scottsdale Rd,Playa Del Norte Dr,0.0,Intersection T Inter 203,0.0,0.0,No Injury,Left Turn,Daylight,Clear,Dry,61.0,Male,North,Going Straight Ahead,Disregarded Traffic Signal,No Apparent Influence,No Apparent Influence,20.0,Female,West,Making Left Turn,No Improper Action,No Apparent Influence,No Apparent Influence,33.43403,-111.92626,2019-07-23,18:43:00
35127,3545561,2019,Huntington Dr,Holbrook Ln,-60.0,Driveway Or Alley,0.0,0.0,No Injury,Angle - Other Than Left Turn 2,Daylight,Clear,Dry,79.0,Female,North,Backing,Failed To Yield Right Of Way,No Apparent Influence,No Apparent Influence,45.0,Male,East,Going Straight Ahead,No Improper Action,No Apparent Influence,No Apparent Influence,33.39387,-111.90399,2019-07-23,19:36:00