,Incident ID,Year,Street Name,Cross Street,Distance,Junction Relation,Total Injuries,Total Fatalities,Injury Severity,Collision Manner,Light Condition,Weather,Surface Condition,Age Driver 1,Gender Driver 1,Travel Direction One,Unit Action One,Violation1_Drv1,Alcohol Use Driver 1,Drug Use Driver 1,Age Driver 2,Gender Driver 2,Travel Direction Two,Unit Action Two,Violation 1 Driver 2,Alcohol Use Driver 2,Drug Use Driver 2,Latitude,Longitude,Date,Time
35128,3549683,2019,Lakeshore Dr,Carson Dr,-30.0,Intersection Related 206,0.0,0.0,No Injury,Sideswipe Same Direction,Daylight,Clear,Dry,21.0,Female,Northwest,Stopped In Trafficway,Unknown,No Apparent Influence,No Apparent Influence,52.0,Male,Northwest,Going Straight Ahead,Made Improper Turn,No Apparent Influence,No Apparent Influence,33.38175,-111.92523,2019-07-23,19:46:00
35131,3543489,2019,Baseline Rd,Dorsey Ln,0.0,Intersection T Inter 203,1.0,0.0,Possible Injury,Left Turn,Daylight,Clear,Dry,36.0,Male,East,Making Left Turn,Failed To Yield Right Of Way,No Apparent Influence,No Apparent Influence,36.0,Male,West,Going Straight Ahead,No Improper Action,No Apparent Influence,No Apparent Influence,33.37835,-111.91747,2019-07-23,23:03:00
35133,3549624,2019,Guadalupe Rd,Shannon Cir,-30.0,Intersection Related 206,0.0,0.0,No Injury,Rear End,Daylight,Clear,Dry,18.0,Female,East,Going Straight Ahead,Speed To Fast For Conditions,No Apparent Influence,No Apparent Influence,36.0,Male,East,Stopped In Trafficway,No Improper Action,No Apparent Influence,No Apparent Influence,33.36383,-111.8967,2019-07-24,00:13:00
35134,3545519,2019,Warner Rd,Jewell St,0.0,Intersection T Inter 203,1.0,0.0,Possible Injury,Left Turn,Daylight,Clear,Dry,27.0,Female,North,Making Left Turn,Made Improper Turn,No Apparent Influence,No Apparent Influence,22.0,Female,West,Going Straight Ahead,No Improper Action,No Apparent Influence,No Apparent Influence,33.33453,-111.9683,2019-07-24,00:22:00
35138,3545552,2019,Priest Dr,Warner Rd,-30.0,Intersection Related 206,0.0,0.0,No Injury,Sideswipe Same Direction,Daylight,Cloudy,Dry,47.0,Male,North,Going Straight Ahead,Followed Too Closely,No Apparent Influence,No Apparent Influence,56.0,Male,North,Stopped In Trafficway,No Improper Action,No Apparent Influence,No Apparent Influence,33.33444,-111.96312,2019-07-24,15:06:00
35139,3547185,2019,Hardy Dr,Minton Dr,0.0,Intersection 4 Way 202,0.0,0.0,No Injury,Angle - Other Than Left Turn 2,Daylight,Clear,Dry,82.0,Male,East,Going Straight Ahead,Failed To Yield Right Of Way,No Apparent Influence,No Apparent Influence,27.0,Female,South,Going Straight Ahead,No Improper Action,No Apparent Influence,No Apparent Influence,33.38098,-111.95244,2019-07-24,16:17:00
35140,3547266,2019,Guadalupe Rd,Juniper St,35.0,Intersection Related 206,0.0,0.0,No Injury,Rear End,Daylight,Clear,Dry,22.0,Male,West,Going Straight Ahead,Followed Too Closely,No Apparent Influence,No Apparent Influence,38.0,Male,West,Slowing In Trafficway,No Improper Action,No Apparent Influence,No Apparent Influence,33.36377,-111.91487,2019-07-24,19:02:00
35143,3543502,2019,Priest Dr,University Dr,-114.0,Intersection Related 206,0.0,0.0,No Injury,Rear End,Daylight,Clear,Dry,35.0,Male,North,Going Straight Ahead,Followed Too Closely,No Apparent Influence,No Apparent Influence,31.0,Male,North,Going Straight Ahead,No Improper Action,No Apparent Influence,No Apparent Influence,33.42163,-111.9609,2019-07-24,20:55:00
35146,3543501,2019,1st St,Wilson St,0.0,Intersection T Inter 203,0.0,0.0,No Injury,Sideswipe Same Direction,Daylight,Clear,Dry,29.0,Male,East,Overtaking Passing,Other,No Apparent Influence,No Apparent Influence,22.0,Female,East,Making Left Turn,No Improper Action,No Apparent Influence,No Apparent Influence,33.42914,-111.94579,2019-07-24,23:47:00
35147,3536555,2019,Curry Rd,Scovel St,10.0,Not Junction Related,0.0,0.0,No Injury,Rear End,Daylight,Clear,Dry,38.0,Male,East,Going Straight Ahead,Speed To Fast For Conditions,No Apparent Influence,No Apparent Influence,23.0,Female,East,Going Straight Ahead,No Improper Action,No Apparent Influence,No Apparent Influence,33.44042,-111.92003,2019-07-25,00:51:00
35148,3543504,2019,Baseline Rd,Mill Ave,-50.0,Intersection Related 206,0.0,0.0,No Injury,Rear End,Dark Lighted,Cloudy,Dry,52.0,Female,East,Going Straight Ahead,Speed To Fast For Conditions,No Apparent Influence,No Apparent Influence,45.0,Male,East,Going Straight Ahead,No Improper Action,No Apparent Influence,No Apparent Influence,33.37822,-111.93953,2019-07-25,03:29:00
35149,3564746,2019,Southern Ave,McAllister Ave,-30.0,Intersection Related 206,1.0,0.0,Possible Injury,Rear End,Dark Lighted,Clear,Dry,23.0,Male,East,Going Straight Ahead,Speed To Fast For Conditions,No Apparent Influence,No Apparent Influence,49.0,Female,East,Other,No Improper Action,No Apparent Influence,No Apparent Influence,33.39293,-111.93072,2019-07-25,04:07:00
35150,3549677,2019,Priest Dr,Auto Dr,0.11,Not Junction Related,0.0,0.0,No Injury,Left Turn,Dark Lighted,Clear,Dry,32.0,Male,West,Making Left Turn,Failed To Yield Right Of Way,No Apparent Influence,No Apparent Influence,37.0,Male,North,Going Straight Ahead,No Improper Action,No Apparent Influence,No Apparent Influence,33.34708,-111.96315,2019-07-25,04:13:00
35153,3549637,2019,University Dr,Hardy Dr,0.0,Intersection 4 Way 202,1.0,0.0,Possible Injury,Left Turn,Daylight,Clear,Dry,44.0,Male,East,Making Left Turn,Failed To Yield Right Of Way,No Apparent Influence,No Apparent Influence,26.0,Male,West,Going Straight Ahead,No Improper Action,No Apparent Influence,No Apparent Influence,33.42191,-111.95222,2019-07-25,19:07:00
35154,3547090,2019,Southern Ave,McAllister Ave,0.0,Intersection 4 Way 202,1.0,0.0,Possible Injury,Angle - Other Than Left Turn 2,Daylight,Clear,Dry,69.0,Male,North,Going Straight Ahead,Failed To Yield Right Of Way,No Apparent Influence,No Apparent Influence,58.0,Female,West,Going Straight Ahead,No Improper Action,No Apparent Influence,No Apparent Influence,33.39293,-111.93062,2019-07-25,19:13:00
35157,3549630,2019,Elliot Rd,Priest Dr,52.0,Not Junction Related,0.0,0.0,No Injury,Rear End,Daylight,Cloudy,Dry,36.0,Male,East,Going Straight Ahead,Other,No Apparent Influence,No Apparent Influence,26.0,Female,East,Stopped In Trafficway,No Improper Action,No Apparent Influence,No Apparent Influence,33.34911,-111.96296,2019-07-25,22:03:00
35158,3549639,2019,Alexander Blvd,Mill Ave,33.0,Intersection Related 206,0.0,0.0,No Injury,Left Turn,Daylight,Clear,Dry,73.0,Female,South,Making Left Turn,Made Improper Turn,No Apparent Influence,No Apparent Influence,72.0,Male,West,Stopped In Trafficway,No Improper Action,No Apparent Influence,No Apparent Influence,33.32395,-111.93669,2019-07-26,00:48:00
35159,3547238,2019,McClintock Dr,US-60 Exit 175 A-Ramp,-130.0,Intersection Related 206,0.0,0.0,No Injury,Sideswipe Same Direction,Daylight,Clear,Dry,31.0,Male,North,Going Straight Ahead,Unknown,No Apparent Influence,No Apparent Influence,35.0,Male,North,Going Straight Ahead,Unknown,No Apparent Influence,No Apparent Influence,33.38479,-111.9092,2019-07-26,00:56:00
35160,3549623,2019,Broadway Rd,I-10 Exit 153 G-Ramp,120.0,Intersection Related 206,2.0,0.0,Possible Injury,Rear End,Dark Lighted,Clear,Dry,37.0,Female,West,Going Straight Ahead,Speed To Fast For Conditions,No Apparent Influence,No Apparent Influence,42.0,Male,West,Slowing In Trafficway,No Improper Action,No Apparent Influence,No Apparent Influence,33.40859,-111.97324,2019-07-26,02:53:00
35161,3555418,2019,Priest Dr,SR-202 Exit 5 J-Ramp,0.0,Intersection 201,0.0,0.0,No Injury,Sideswipe Same Direction,Dark Lighted,Clear,Dry,24.0,Female,East,Making Right Turn,Disregarded Traffic Signal,No Apparent Influence,No Apparent Influence,26.0,Female,South,Going Straight Ahead,No Improper Action,No Apparent Influence,No Apparent Influence,33.4385,-111.96084,2019-07-26,04:09:00
35164,3543505,2019,Broadway Rd,Roosevelt St,50.0,Driveway Or Alley,0.0,0.0,No Injury,Sideswipe Opposite Direction,Daylight,Clear,Dry,20.0,Male,South,Making Left Turn,Failed To Yield Right Of Way,No Apparent Influence,No Apparent Influence,74.0,Male,South,Going Straight Ahead,No Improper Action,No Apparent Influence,No Apparent Influence,33.40738,-111.94769,2019-07-26,14:44:00
35165,3549709,2019,Broadway Rd,Rural Rd,0.0,Intersection 4 Way 202,0.0,0.0,No Injury,Left Turn,Daylight,Clear,Dry,74.0,Male,East,Making Left Turn,Failed To Yield Right Of Way,No Apparent Influence,No Apparent Influence,30.0,Male,West,Going Straight Ahead,No Improper Action,No Apparent Influence,No Apparent Influence,33.4075,-111.92628,2019-07-26,15:18:00
35166,3547081,2019,Scottsdale Rd,SR-202 Exit 7 P-Ramp,-60.0,Intersection Related 206,1.0,0.0,Possible Injury,Rear End,Daylight,Clear,Dry,38.0,Female,Southeast,Making Right Turn,Followed Too Closely,No Apparent Influence,No Apparent Influence,36.0,Male,South,Stopped In Trafficway,No Improper Action,No Apparent Influence,No Apparent Influence,33.43528,-111.92626,2019-07-26,16:34:00
35167,3549644,2019,Southern Ave,Mill Ave,-125.0,Intersection Related 206,0.0,0.0,No Injury,Sideswipe Same Direction,Daylight,Clear,Dry,50.0,Male,East,Avoiding Vehicle Object Pedestrian,Failed To Keep In Proper Lane,No Apparent Influence,No Apparent Influence,34.0,Female,East,Stopped In Trafficway,No Improper Action,No Apparent Influence,No Apparent Influence,33.39286,-111.94001,2019-07-26,16:45:00
35168,3543500,2019,Rio Salado Pkwy,Smith Rd,0.0,Intersection 4 Way 202,0.0,0.0,No Injury,Angle - Other Than Left Turn 2,Daylight,Clear,Dry,27.0,Male,West,Going Straight Ahead,Disregarded Traffic Signal,No Apparent Influence,No Apparent Influence,46.0,Female,North,Going Straight Ahead,No Improper Action,No Apparent Influence,No Apparent Influence,33.42928,-111.90046,2019-07-26,17:57:00
35169,3547095,2019,Scottsdale Rd,Playa Del Norte Dr,74.0,Intersection Related 206,2.0,0.0,Suspected Serious Injury,Rear End,Daylight,Clear,Dry,20.0,Male,North,Unknown,Followed Too Closely,No Apparent Influence,No Apparent Influence,20.0,Female,North,Stopped In Trafficway,No Improper Action,No Apparent Influence,No Apparent Influence,33.43424,-111.92626,2019-07-26,18:45:00
35171,3545525,2019,5th St,Farmer Ave,0.0,Intersection Non Interchange,0.0,0.0,No Injury,Angle - Other Than Left Turn 2,Daylight,Clear,Dry,28.0,Male,North,Going Straight Ahead,Failed To Yield Right Of Way,No Apparent Influence,No Apparent Influence,81.0,Male,East,Going Straight Ahead,No Improper Action,No Apparent Influence,No Apparent Influence,33.42547,-111.94429,2019-07-26,19:27:00
35172,3549680,2019,Rural Rd,Carmen St,0.0,Intersection T Inter 203,0.0,0.0,No Injury,Angle - Other Than Left Turn 2,Daylight,Clear,Dry,22.0,Male,East,Making Left Turn,Failed To Yield Right Of Way,No Apparent Influence,No Apparent Influence,25.0,Female,South,Going Straight Ahead,No Improper Action,No Apparent Influence,No Apparent Influence,33.36009,-111.92858,2019-07-26,22:15:00
35174,3549619,2019,Rio Salado Pkwy,Rockford Dr,62.0,Intersection Related 206,0.0,0.0,No Injury,Rear End,Daylight,Clear,Dry,47.0,Female,East,Going Straight Ahead,Followed Too Closely,No Apparent Influence,No Apparent Influence,57.0,Male,East,Stopped In Trafficway,No Improper Action,No Apparent Influence,No Apparent Influence,33.42936,-111.89684,2019-07-26,23:12:00
35175,3549642,2019,Broadway Rd,Hardy Dr,40.0,Unknown,0.0,0.0,No Injury,Rear End,Daylight,Clear,Dry,38.0,Female,West,Unknown,Unknown,No Apparent Influence,No Apparent Influence,52.0,Male,West,Unknown,Unknown,No Apparent Influence,No Apparent Influence,33.40739,-111.95203,2019-07-26,23:56:00
35176,3549641,2019,McClintock Dr,8th St,0.0,Intersection T Inter 203,1.0,0.0,Possible Injury,Left Turn,Daylight,Clear,Dry,26.0,Male,North,Making Left Turn,Failed To Yield Right Of Way,No Apparent Influence,No Apparent Influence,23.0,Female,South,Going Straight Ahead,No Improper Action,No Apparent Influence,No Apparent Influence,33.41952,-111.9091,2019-07-27,00:15:00
35177,3545527,2019,Broadway Rd,Terrace Rd,130.0,Intersection Related 206,0.0,0.0,No Injury,Sideswipe Same Direction,Daylight,Clear,Dry,19.0,Female,South,Making Right Turn,Failed To Yield Right Of Way,No Apparent Influence,No Apparent Influence,42.0,Female,West,Going Straight Ahead,No Improper Action,No Apparent Influence,No Apparent Influence,33.40751,-111.92219,2019-07-27,01:59:00
35179,3549679,2019,Elliot Rd,Kyrene Rd,0.0,Intersection 4 Way 202,0.0,0.0,No Injury,Left Turn,Daylight,Clear,Dry,17.0,Male,West,Making Left Turn,Failed To Yield Right Of Way,No Apparent Influence,No Apparent Influence,36.0,Male,East,Going Straight Ahead,No Improper Action,No Apparent Influence,No Apparent Influence,33.3492,-111.94573,2019-07-27,02:20:00
35182,3543497,2019,Priest Dr,US-60 Exit 172 C2-Ramp,0.0,Intersection 201,0.0,0.0,No Injury,Sideswipe Same Direction,Daylight,Clear,Dry,63.0,Male,East,Going Straight Ahead,Speed To Fast For Conditions,No Apparent Influence,No Apparent Influence,30.0,Male,East,Stopped In Trafficway,No Improper Action,No Apparent Influence,No Apparent Influence,33.38805,-111.96092,2019-07-27,15:46:00
35184,3547083,2019,Mill Ave,US-60 Exit 173 A-Ramp,-115.0,Intersection Related 206,0.0,0.0,No Injury,Rear End,Daylight,Clear,Dry,43.0,Male,North,Going Straight Ahead,Disregarded Traffic Signal,No Apparent Influence,No Apparent Influence,23.0,Female,North,Stopped In Trafficway,No Improper Action,No Apparent Influence,No Apparent Influence,33.3848,-111.93949,2019-07-27,19:05:00
35185,3543506,2019,Southern Ave,Price Rd,0.0,Not Junction Related,1.0,0.0,Suspected Minor Injury,Left Turn,Daylight,Clear,Dry,22.0,Male,West,Going Straight Ahead,Disregarded Traffic Signal,No Apparent Influence,No Apparent Influence,25.0,Male,East,Making Left Turn,No Improper Action,No Apparent Influence,No Apparent Influence,33.39295,-111.89045,2019-07-27,20:41:00
35186,3556620,2019,Priest Dr,SR-202 Exit 5 J-Ramp,-65.0,Intersection Related 206,0.0,0.0,No Injury,Rear End,Daylight,Clear,Dry,52.0,Male,North,Going Straight Ahead,Followed Too Closely,No Apparent Influence,No Apparent Influence,30.0,Female,North,Stopped In Trafficway,No Improper Action,No Apparent Influence,No Apparent Influence,33.43832,-111.96085,2019-07-27,22:25:00
35187,3549678,2019,Baseline Rd,Terry Ln,-60.0,Intersection Related 206,0.0,0.0,No Injury,Sideswipe Same Direction,Daylight,Clear,Dry,52.0,Male,East,Unknown,Unsafe Lane Change,No Apparent Influence,No Apparent Influence,25.0,Female,East,Unknown,No Improper Action,No Apparent Influence,No Apparent Influence,33.37823,-111.9556,2019-07-27,23:40:00
35188,3549673,2019,Rural Rd,Elliot Rd,30.0,Intersection Related 206,1.0,0.0,Suspected Serious Injury,Rear End,Daylight,Clear,Dry,74.0,Female,South,Going Straight Ahead,Speed To Fast For Conditions,No Apparent Influence,No Apparent Influence,39.0,Female,South,Stopped In Trafficway,No Improper Action,No Apparent Influence,No Apparent Influence,33.34927,-111.92848,2019-07-28,00:51:00
35189,3549672,2019,McClintock Dr,Broadway Rd,40.0,Intersection Related 206,0.0,0.0,No Injury,Rear End,Dark Lighted,Clear,Dry,52.0,Male,North,Going Straight Ahead,Speed To Fast For Conditions,No Apparent Influence,No Apparent Influence,27.0,Female,North,Going Straight Ahead,No Improper Action,No Apparent Influence,No Apparent Influence,33.40761,-111.90912,2019-07-28,02:38:00
35190,3549698,2019,Baseline Rd,Priest Dr,-23.0,Not Junction Related,0.0,0.0,No Injury,Sideswipe Same Direction,Dark Lighted,Clear,Dry,61.0,Female,East,Changing Lanes,Unsafe Lane Change,No Apparent Influence,No Apparent Influence,48.0,Male,East,Going Straight Ahead,No Improper Action,No Apparent Influence,No Apparent Influence,33.37824,-111.96325,2019-07-28,03:09:00
35191,3557170,2019,McClintock Dr,Bell De Mar Dr,0.0,Intersection 201,1.0,0.0,Suspected Minor Injury,Head On,Dark Lighted,Clear,Dry,30.0,Male,South,Going Straight Ahead,No Improper Action,No Apparent Influence,No Apparent Influence,53.0,Male,North,Going Straight Ahead,No Improper Action,No Apparent Influence,No Apparent Influence,33.35971,-111.91123,2019-07-28,03:12:00
35192,3541728,2019,Baseline Rd,Wendler Dr,131.0,Entrance Exit Ramp 205,1.0,0.0,Possible Injury,Rear End,Dark Lighted,Clear,Dry,26.0,Male,East,Going Straight Ahead,Speed To Fast For Conditions,No Apparent Influence,No Apparent Influence,52.0,Male,East,Stopped In Trafficway,No Improper Action,No Apparent Influence,No Apparent Influence,33.37826,-111.96936,2019-07-28,06:26:00
35194,3557166,2019,1st St,Beck Ave,-200.0,Not Junction Related,0.0,0.0,No Injury,Other,Daylight,Clear,Dry,39.0,Male,North,Making Right Turn,Made Improper Turn,No Apparent Influence,No Apparent Influence,22.0,Male,Southwest,Making Right Turn,No Improper Action,No Apparent Influence,No Apparent Influence,33.42908,-111.95738,2019-07-28,06:29:00
35196,3543496,2019,Madison Dr,5th Pl,0.0,Intersection T Inter 203,0.0,0.0,No Injury,Angle - Other Than Left Turn 2,Daylight,Clear,Dry,54.0,Female,South,Making Left Turn,Made Improper Turn,No Apparent Influence,No Apparent Influence,45.0,Male,West,Stopped In Trafficway,No Improper Action,No Apparent Influence,No Apparent Influence,33.42508,-111.97336,2019-07-28,14:58:00
35198,3556614,2019,University Dr,McClintock Dr,95.0,Intersection Related 206,0.0,0.0,No Injury,Sideswipe Same Direction,Daylight,Clear,Dry,33.0,Female,West,Going Straight Ahead,Unknown,No Apparent Influence,No Apparent Influence,33.0,Male,West,Going Straight Ahead,Unknown,No Apparent Influence,No Apparent Influence,33.42199,-111.90878,2019-07-28,22:00:00
35200,3571001,2019,Rio Salado Pkwy,1st St,0.0,Intersection T Inter 203,1.0,0.0,Suspected Serious Injury,Angle - Other Than Left Turn 2,Dark Lighted,Clear,Dry,36.0,Female,North,Making Left Turn,Ran Stop Sign,No Apparent Influence,No Apparent Influence,64.0,Male,East,Going Straight Ahead,No Improper Action,No Apparent Influence,No Apparent Influence,33.43018,-111.95949,2019-07-29,05:02:00
35201,3557165,2019,Lemon St,Rural Rd,30.0,Intersection Related 206,0.0,0.0,No Injury,Other,Dark Lighted,Clear,Dry,20.0,Male,West,Backing,Speed To Fast For Conditions,No Apparent Influence,No Apparent Influence,24.0,Female,West,Making Left Turn,No Improper Action,No Apparent Influence,No Apparent Influence,33.41683,-111.9262,2019-07-29,08:05:00
35203,3547251,2019,Baseline Rd,Price Rd,-50.0,Intersection Related 206,0.0,0.0,No Injury,Rear End,Daylight,Clear,Dry,22.0,Female,East,Making Right Turn,Speed To Fast For Conditions,No Apparent Influence,No Apparent Influence,24.0,Female,East,Stopped In Trafficway,No Improper Action,No Apparent Influence,No Apparent Influence,33.37846,-111.89378,2019-07-29,16:52:00
35204,3549685,2019,Kyrene Rd,Cornell Dr,0.0,Intersection T Inter 203,0.0,0.0,No Injury,Rear End,Daylight,Clear,Dry,29.0,Male,South,Unknown,Unknown,No Apparent Influence,No Apparent Influence,37.0,Male,South,Unknown,Unknown,No Apparent Influence,No Apparent Influence,33.37174,-111.94595,2019-07-29,17:01:00
35206,3547250,2019,Rural Rd,Terrace Rd,0.0,Intersection 4 Way 202,0.0,0.0,No Injury,Angle - Other Than Left Turn 2,Daylight,Clear,Dry,59.0,Male,North,Going Straight Ahead,Disregarded Traffic Signal,No Apparent Influence,No Apparent Influence,34.0,Male,West,Making Left Turn,No Improper Action,No Apparent Influence,No Apparent Influence,33.42028,-111.9263,2019-07-29,20:06:00
35208,3549682,2019,McClintock Dr,Concorda Dr,-35.0,Intersection Related 206,0.0,0.0,No Injury,Rear End,Daylight,Clear,Dry,59.0,Male,North,Going Straight Ahead,Speed To Fast For Conditions,No Apparent Influence,No Apparent Influence,34.0,Male,North,Slowing In Trafficway,No Improper Action,No Apparent Influence,No Apparent Influence,33.4029,-111.90913,2019-07-29,21:48:00
35212,3547180,2019,Rural Rd,Oxford Dr,-50.0,Intersection Related 206,0.0,0.0,No Injury,Rear End,Daylight,Clear,Dry,18.0,Male,North,Unknown,Unknown,No Apparent Influence,No Apparent Influence,24.0,Female,North,Unknown,Unknown,No Apparent Influence,No Apparent Influence,33.37503,-111.92867,2019-07-30,14:51:00
35213,3567273,2019,Priest Dr,Greentree Dr,0.0,Intersection Non Interchange,0.0,0.0,No Injury,Angle - Other Than Left Turn 2,Daylight,Clear,Dry,58.0,Male,West,Going Straight Ahead,Failed To Yield Right Of Way,No Apparent Influence,No Apparent Influence,38.0,Male,North,Going Straight Ahead,No Improper Action,No Apparent Influence,No Apparent Influence,33.33171,-111.96311,2019-07-30,15:02:00
35215,3547210,2019,Apache Blvd,Rural Rd,-60.0,Intersection Related 206,0.0,0.0,No Injury,Rear End,Daylight,Clear,Dry,22.0,Female,East,Going Straight Ahead,Speed To Fast For Conditions,No Apparent Influence,No Apparent Influence,38.0,Female,East,Stopped In Trafficway,No Improper Action,No Apparent Influence,No Apparent Influence,33.41476,-111.92649,2019-07-30,18:29:00
35216,3549704,2019,University Dr,Price Rd,-45.0,Intersection Related 206,1.0,0.0,Suspected Serious Injury,Rear End,Daylight,Clear,Dry,72.0,Male,West,Going Straight Ahead,Followed Too Closely,No Apparent Influence,No Apparent Influence,53.0,Male,West,Going Straight Ahead,No Improper Action,No Apparent Influence,No Apparent Influence,33.42201,-111.8921,2019-07-30,19:46:00
35217,3547269,2019,Southern Ave,Hardy Dr,0.0,Intersection 4 Way 202,1.0,0.0,Possible Injury,Angle - Other Than Left Turn 2,Daylight,Clear,Dry,71.0,Female,West,Making Right Turn,Failed To Yield Right Of Way,No Apparent Influence,No Apparent Influence,45.0,Female,North,Going Straight Ahead,No Improper Action,No Apparent Influence,No Apparent Influence,33.39286,-111.95198,2019-07-30,21:53:00
35218,3547161,2019,Rio Salado Pkwy,McClintock Dr,70.0,Intersection Related 206,1.0,0.0,Suspected Minor Injury,Rear End,Daylight,Clear,Dry,18.0,Female,West,Going Straight Ahead,Speed To Fast For Conditions,No Apparent Influence,No Apparent Influence,31.0,Male,West,Stopped In Trafficway,No Improper Action,No Apparent Influence,No Apparent Influence,33.42929,-111.90884,2019-07-30,22:02:00
35219,3547182,2019,Southern Ave,McClintock Dr,200.0,Not Junction Related,0.0,0.0,No Injury,Sideswipe Same Direction,Daylight,Clear,Dry,54.0,Female,East,Changing Lanes,Unsafe Lane Change,No Apparent Influence,No Apparent Influence,55.0,Male,East,Going Straight Ahead,No Improper Action,No Apparent Influence,No Apparent Influence,33.39299,-111.90847,2019-07-30,22:14:00
35220,3547264,2019,Rural Rd,Knox Rd,0.0,Intersection 4 Way 202,0.0,0.0,No Injury,Left Turn,Daylight,Rain,Wet,57.0,Male,South,Making Left Turn,Failed To Yield Right Of Way,No Apparent Influence,No Apparent Influence,64.0,Male,North,Going Straight Ahead,No Improper Action,No Apparent Influence,No Apparent Influence,33.32736,-111.9283,2019-07-31,00:01:00
35221,3549645,2019,Rural Rd,Watson Dr,184.0,Not Junction Related,0.0,0.0,No Injury,Rear End,Daylight,Clear,Wet,24.0,Male,South,Going Straight Ahead,Followed Too Closely,No Apparent Influence,No Apparent Influence,29.0,Female,South,Stopped In Trafficway,No Improper Action,No Apparent Influence,No Apparent Influence,33.36995,-111.92865,2019-07-31,00:46:00
35222,3546272,2019,Baseline Rd,I-10 Exit 155 J1-Ramp,0.0,Entrance Exit Ramp 205,1.0,0.0,Possible Injury,Left Turn,Dusk,Rain,Wet,20.0,Male,North,Making Left Turn,Speed To Fast For Conditions,No Apparent Influence,No Apparent Influence,35.0,Male,North,Making Left Turn,No Improper Action,No Apparent Influence,No Apparent Influence,33.3783,-111.96738,2019-07-31,01:27:00
35226,3549668,2019,Price Rd,Elliot Rd,0.0,Intersection 4 Way 202,2.0,0.0,Suspected Minor Injury,Angle - Other Than Left Turn 2,Daylight,Cloudy,Dry,69.0,Female,West,Going Straight Ahead,Disregarded Traffic Signal,No Apparent Influence,No Apparent Influence,49.0,Female,South,Going Straight Ahead,No Improper Action,No Apparent Influence,No Apparent Influence,33.34934,-111.89437,2019-07-31,17:52:00
35227,3547143,2019,Harl Ave,Todd Dr,0.0,Intersection 4 Way 202,1.0,0.0,Possible Injury,Angle - Other Than Left Turn 2,Daylight,Cloudy,Dry,22.0,Female,East,Going Straight Ahead,Failed To Yield Right Of Way,No Apparent Influence,No Apparent Influence,28.0,Male,North,Going Straight Ahead,No Improper Action,No Apparent Influence,No Apparent Influence,33.35272,-111.9665,2019-07-31,18:23:00
35228,3547260,2019,McClintock Dr,University Dr,142.0,Intersection Related 206,0.0,0.0,No Injury,Rear End,Daylight,Clear,Dry,53.0,Male,South,Going Straight Ahead,Speed To Fast For Conditions,No Apparent Influence,No Apparent Influence,19.0,Male,South,Stopped In Trafficway,No Improper Action,No Apparent Influence,No Apparent Influence,33.42237,-111.90911,2019-07-31,20:22:00
35229,3547146,2019,Warner Rd,McClintock Dr,90.0,Intersection Related 206,0.0,0.0,No Injury,Rear End,Daylight,Clear,Dry,18.0,Male,West,Going Straight Ahead,Speed To Fast For Conditions,No Apparent Influence,No Apparent Influence,37.0,Male,West,Stopped In Trafficway,No Improper Action,No Apparent Influence,No Apparent Influence,33.33464,-111.91088,2019-07-31,20:50:00
35230,3550230,2019,Rural Rd,Southern Ave,180.0,Intersection Related 206,0.0,0.0,No Injury,Sideswipe Same Direction,Daylight,Clear,Dry,27.0,Male,South,Changing Lanes,Unsafe Lane Change,No Apparent Influence,No Apparent Influence,24.0,Female,South,Going Straight Ahead,No Improper Action,No Apparent Influence,No Apparent Influence,33.39346,-111.92633,2019-07-31,21:19:00
35232,3549664,2019,McClintock Dr,Hayden Ln,-155.0,Driveway Or Alley,1.0,0.0,Possible Injury,Angle - Other Than Left Turn 2,Daylight,Cloudy,Dry,23.0,Female,North,Making Left Turn,Failed To Yield Right Of Way,No Apparent Influence,No Apparent Influence,44.0,Male,South,Going Straight Ahead,No Improper Action,No Apparent Influence,No Apparent Influence,33.41856,-111.9091,2019-08-01,00:15:00
35234,3557121,2019,48th St,I-10 Cardinal Frontage,0.0,Intersection 4 Way 202,1.0,0.0,Suspected Minor Injury,Angle - Other Than Left Turn 2,Dark Lighted,Clear,Dry,27.0,Male,South,Going Straight Ahead,Disregarded Traffic Signal,No Apparent Influence,No Apparent Influence,58.0,Female,East,Going Straight Ahead,No Improper Action,No Apparent Influence,No Apparent Influence,33.40932,-111.97822,2019-08-01,04:48:00
35236,3549667,2019,Southern Ave,Country Club Way,0.0,Intersection 4 Way 202,0.0,0.0,No Injury,Left Turn,Daylight,Clear,Dry,16.0,Male,West,Going Straight Ahead,Disregarded Traffic Signal,No Apparent Influence,No Apparent Influence,72.0,Male,South,Making Left Turn,No Improper Action,No Apparent Influence,No Apparent Influence,33.39298,-111.90056,2019-08-01,17:23:00
35237,3550142,2019,McClintock Dr,Palmcroft Dr,73.0,Not Junction Related,0.0,0.0,No Injury,Angle - Other Than Left Turn 2,Daylight,Cloudy,Dry,27.0,Female,Southeast,Making Right Turn,Other,No Apparent Influence,No Apparent Influence,73.0,Male,South,Going Straight Ahead,No Improper Action,No Apparent Influence,No Apparent Influence,33.40439,-111.90913,2019-08-01,18:19:00
35238,3547190,2019,Warner Rd,River Pkwy,-86.0,Intersection Related 206,0.0,0.0,No Injury,Rear End,Daylight,Clear,Dry,27.0,Female,East,Going Straight Ahead,Followed Too Closely,No Apparent Influence,No Apparent Influence,65.0,Female,East,Stopped In Trafficway,No Improper Action,No Apparent Influence,No Apparent Influence,33.33477,-111.89795,2019-08-01,22:17:00