,Incident ID,Year,Street Name,Cross Street,Distance,Junction Relation,Total Injuries,Total Fatalities,Injury Severity,Collision Manner,Light Condition,Weather,Surface Condition,Age Driver 1,Gender Driver 1,Travel Direction One,Unit Action One,Violation1_Drv1,Alcohol Use Driver 1,Drug Use Driver 1,Age Driver 2,Gender Driver 2,Travel Direction Two,Unit Action Two,Violation 1 Driver 2,Alcohol Use Driver 2,Drug Use Driver 2,Latitude,Longitude,Date,Time
35239,3547248,2019,McClintock Dr,Apache Blvd,40.0,Intersection Related 206,0.0,0.0,No Injury,Rear End,Daylight,Clear,Dry,16.0,Female,South,Going Straight Ahead,Speed To Fast For Conditions,No Apparent Influence,No Apparent Influence,33.0,Female,South,Stopped In Trafficway,No Improper Action,No Apparent Influence,No Apparent Influence,33.41487,-111.90913,2019-08-01,22:35:00
35241,3547613,2019,Guadalupe Rd,River Dr,0.0,Intersection 4 Way 202,1.0,0.0,Suspected Serious Injury,Rear End,Daylight,Clear,Dry,49.0,Male,East,Going Straight Ahead,Followed Too Closely,No Apparent Influence,No Apparent Influence,66.0,Female,East,Stopped In Trafficway,No Improper Action,No Apparent Influence,No Apparent Influence,33.36382,-111.8976,2019-08-02,00:01:00
35243,3547160,2019,Baseline Rd,Pointe Pkwy,60.0,Intersection Related 206,0.0,0.0,No Injury,Rear End,Daylight,Clear,Dry,36.0,Female,West,Going Straight Ahead,Speed To Fast For Conditions,No Apparent Influence,No Apparent Influence,20.0,Female,West,Stopped In Trafficway,No Improper Action,No Apparent Influence,No Apparent Influence,33.37822,-111.9718,2019-08-02,00:30:00
35245,3547181,2019,Baseline Rd,Jentilly Ln,0.0,Intersection T Inter 203,0.0,0.0,No Injury,Angle - Other Than Left Turn 2,Dark Lighted,Clear,Dry,34.0,Male,South,Making Left Turn,Failed To Yield Right Of Way,No Apparent Influence,No Apparent Influence,24.0,Male,West,Slowing In Trafficway,No Improper Action,No Apparent Influence,No Apparent Influence,33.37825,-111.92661,2019-08-02,03:00:00
35246,3550227,2019,Baseline Rd,Jentilly Ln,200.0,Not Junction Related,0.0,0.0,No Injury,Left Turn,Dark Lighted,Clear,Dry,51.0,Male,East,Making Left Turn,Failed To Yield Right Of Way,Alcohol,No Apparent Influence,37.0,Male,West,Going Straight Ahead,No Improper Action,No Apparent Influence,No Apparent Influence,33.37826,-111.92595,2019-08-02,03:38:00
35247,3547197,2019,Priest Dr,SR-202 Exit 5 A-Ramp,0.0,Intersection 201,1.0,0.0,Possible Injury,Angle - Other Than Left Turn 2,Dark Lighted,Clear,Dry,56.0,Male,West,Making Left Turn,Disregarded Traffic Signal,No Apparent Influence,No Apparent Influence,27.0,Female,North,Going Straight Ahead,No Improper Action,No Apparent Influence,No Apparent Influence,33.43715,-111.96094,2019-08-02,10:30:00
35248,3547189,2019,Broadway Rd,55th St,0.0,Intersection 4 Way 202,0.0,0.0,No Injury,Left Turn,Daylight,Clear,Dry,19.0,Female,Southwest,Making Left Turn,Failed To Yield Right Of Way,No Apparent Influence,No Apparent Influence,27.0,Male,East,Going Straight Ahead,No Improper Action,No Apparent Influence,No Apparent Influence,33.40758,-111.96582,2019-08-02,14:19:00
35250,3547159,2019,University Dr,Smith Rd,100.0,Not Junction Related,0.0,0.0,No Injury,Sideswipe Same Direction,Daylight,Clear,Dry,22.0,Male,West,Avoiding Vehicle Object Pedestrian,Unsafe Lane Change,No Apparent Influence,No Apparent Influence,45.0,Male,West,Going Straight Ahead,No Improper Action,No Apparent Influence,No Apparent Influence,33.42211,-111.90019,2019-08-02,14:59:00
35251,3547614,2019,Priest Dr,Rio Salado Pkwy,60.0,Intersection Related 206,0.0,0.0,No Injury,Rear End,Daylight,Clear,Dry,58.0,Male,South,Going Straight Ahead,Followed Too Closely,No Apparent Influence,No Apparent Influence,30.0,Female,South,Stopped In Trafficway,No Improper Action,No Apparent Influence,No Apparent Influence,33.42973,-111.96097,2019-08-02,15:49:00
35253,3549652,2019,University Dr,Price Rd,-50.0,Intersection Related 206,0.0,0.0,No Injury,Sideswipe Same Direction,Daylight,Cloudy,Dry,49.0,Female,East,Changing Lanes,Unsafe Lane Change,No Apparent Influence,No Apparent Influence,23.0,Male,East,Stopped In Trafficway,No Improper Action,No Apparent Influence,No Apparent Influence,33.42201,-111.89212,2019-08-02,18:47:00
35255,3547188,2019,Priest Dr,Auto Dr,0.0,Intersection 4 Way 202,1.0,0.0,Possible Injury,Rear End,Daylight,Clear,Dry,21.0,Male,North,Going Straight Ahead,Followed Too Closely,No Apparent Influence,No Apparent Influence,63.0,Male,North,Stopped In Trafficway,No Improper Action,No Apparent Influence,No Apparent Influence,33.34548,-111.96315,2019-08-02,20:10:00
35256,3547091,2019,El Parque Dr,Sierra Vista Dr,-80.0,Intersection Related 206,0.0,0.0,No Injury,Rear End,Daylight,Clear,Dry,18.0,Female,East,Backing,Other,No Apparent Influence,No Apparent Influence,75.0,Male,West,Slowing In Trafficway,No Improper Action,No Apparent Influence,No Apparent Influence,33.40662,-111.93133,2019-08-02,20:56:00
35258,3547235,2019,Rural Rd,Elliot Rd,0.0,Intersection 4 Way 202,2.0,0.0,Possible Injury,Left Turn,Daylight,Clear,Dry,16.0,Female,Southeast,Making Left Turn,Disregarded Traffic Signal,No Apparent Influence,No Apparent Influence,45.0,Male,North,Going Straight Ahead,No Improper Action,No Apparent Influence,No Apparent Influence,33.34919,-111.92848,2019-08-02,23:09:00
35260,3550147,2019,Southern Ave,Clementine Dr,40.0,Intersection 201,2.0,0.0,Suspected Minor Injury,Rear End,Daylight,Clear,Dry,30.0,Male,East,Going Straight Ahead,Followed Too Closely,No Apparent Influence,No Apparent Influence,40.0,Female,East,Stopped In Trafficway,No Improper Action,No Apparent Influence,No Apparent Influence,33.39286,-111.96345,2019-08-02,23:48:00
35262,3547237,2019,Baseline Rd,I-10 Exit 155 G-Ramp,0.0,Intersection Related 206,0.0,0.0,No Injury,Angle - Other Than Left Turn 2,Daylight,Clear,Dry,31.0,Female,South,Making Right Turn,Failed To Yield Right Of Way,No Apparent Influence,No Apparent Influence,49.0,Male,West,Going Straight Ahead,No Improper Action,No Apparent Influence,No Apparent Influence,33.37827,-111.96863,2019-08-03,01:35:00
35263,3549713,2019,Baseline Rd,Rural Rd,80.0,Intersection Related 206,0.0,0.0,No Injury,Left Turn,Dark Lighted,Clear,Dry,36.0,Male,Southeast,Making Left Turn,Speed To Fast For Conditions,No Apparent Influence,No Apparent Influence,25.0,Male,West,Going Straight Ahead,No Improper Action,No Apparent Influence,No Apparent Influence,33.37825,-111.92843,2019-08-03,04:07:00
35264,3550191,2019,University Dr,McClintock Dr,0.0,Intersection 201,0.0,0.0,No Injury,Left Turn,Daylight,Clear,Dry,24.0,Male,West,Going Straight Ahead,Speed To Fast For Conditions,Alcohol,No Apparent Influence,36.0,Male,South,Making Left Turn,No Improper Action,No Apparent Influence,No Apparent Influence,33.42198,-111.90909,2019-08-03,17:14:00
35267,3549671,2019,McKellips Rd,Scottsdale Rd,0.0,Intersection 4 Way 202,0.0,0.0,No Injury,Left Turn,Daylight,Clear,Dry,26.0,Male,North,Going Straight Ahead,Disregarded Traffic Signal,No Apparent Influence,No Apparent Influence,27.0,Male,Southeast,Making Left Turn,No Improper Action,No Apparent Influence,No Apparent Influence,33.45124,-111.92647,2019-08-03,21:24:00
35273,3550192,2019,Scottsdale Rd,Curry Rd,0.0,Intersection 4 Way 202,1.0,0.0,Suspected Minor Injury,Angle - Other Than Left Turn 2,Daylight,Clear,Dry,35.0,Male,West,Going Straight Ahead,Disregarded Traffic Signal,No Apparent Influence,No Apparent Influence,66.0,Female,South,Going Straight Ahead,No Improper Action,No Apparent Influence,No Apparent Influence,33.44029,-111.92634,2019-08-04,20:43:00
35274,3547087,2019,University Dr,Price Rd,0.0,Intersection 4 Way 202,1.0,0.0,Suspected Minor Injury,Angle - Other Than Left Turn 2,Dark Lighted,Clear,Dry,23.0,Male,East,Going Straight Ahead,Followed Too Closely,Alcohol,No Apparent Influence,28.0,Male,South,Going Straight Ahead,No Improper Action,No Apparent Influence,No Apparent Influence,33.42201,-111.89195,2019-08-05,04:00:00
35275,3555415,2019,University Dr,Forest Service 01 Tempe Ave,30.0,Intersection Related 206,0.0,0.0,No Injury,Rear End,Dark Lighted,Clear,Dry,24.0,Male,West,Going Straight Ahead,Speed To Fast For Conditions,No Apparent Influence,No Apparent Influence,18.0,Male,West,Stopped In Trafficway,No Improper Action,No Apparent Influence,No Apparent Influence,33.42195,-111.93656,2019-08-05,04:16:00
35276,3555416,2019,Rural Rd,Broadway Rd,50.0,Intersection Related 206,0.0,0.0,No Injury,Sideswipe Same Direction,Dark Lighted,Clear,Dry,23.0,Male,South,Changing Lanes,Unsafe Lane Change,No Apparent Influence,No Apparent Influence,22.0,Male,South,Going Straight Ahead,No Improper Action,No Apparent Influence,No Apparent Influence,33.40764,-111.92628,2019-08-05,06:20:00
35278,3547179,2019,Mill Ave,Palmcroft Dr,-126.0,Not Junction Related,0.0,0.0,No Injury,Rear End,Daylight,Clear,Dry,47.0,Male,North,Going Straight Ahead,Speed To Fast For Conditions,No Apparent Influence,No Apparent Influence,43.0,Male,North,Going Straight Ahead,No Improper Action,No Apparent Influence,No Apparent Influence,33.40486,-111.93978,2019-08-05,15:11:00
35280,3551726,2019,McClintock Dr,La Jolla Dr,-69.0,Intersection Related 206,2.0,0.0,Suspected Serious Injury,Left Turn,Daylight,Clear,Dry,44.0,Male,South,Making Left Turn,Failed To Yield Right Of Way,No Apparent Influence,No Apparent Influence,30.0,Female,North,Avoiding Vehicle Object Pedestrian,Speed To Fast For Conditions,No Apparent Influence,No Apparent Influence,33.38946,-111.90917,2019-08-05,19:10:00
35284,3547093,2019,Southern Ave,College Ave,0.0,Intersection 4 Way 202,0.0,0.0,No Injury,Angle - Other Than Left Turn 2,Daylight,Cloudy,Dry,28.0,Male,West,Going Straight Ahead,Disregarded Traffic Signal,No Apparent Influence,No Apparent Influence,22.0,Male,North,Going Straight Ahead,No Improper Action,No Apparent Influence,No Apparent Influence,33.39291,-111.93492,2019-08-06,01:03:00
35285,3547092,2019,Kyrene Rd,Guadalupe Rd,-100.0,Intersection Related 206,0.0,0.0,No Injury,Angle - Other Than Left Turn 2,Daylight,Cloudy,Dry,63.0,Female,West,Other,Failed To Yield Right Of Way,No Apparent Influence,No Apparent Influence,61.0,Female,North,Going Straight Ahead,No Improper Action,No Apparent Influence,No Apparent Influence,33.36338,-111.94589,2019-08-06,13:48:00
35286,3547205,2019,McClintock Dr,Caroline Ln,0.0,Intersection T Inter 203,0.0,0.0,No Injury,Left Turn,Unknown 51,Unknown,Dry,76.0,Male,West,Making Left Turn,Failed To Yield Right Of Way,No Apparent Influence,No Apparent Influence,23.0,Female,North,Going Straight Ahead,No Improper Action,No Apparent Influence,No Apparent Influence,33.32958,-111.91116,2019-08-06,15:11:00
35287,3547247,2019,University Dr,River Dr,85.0,Not Junction Related,0.0,0.0,No Injury,Rear End,Daylight,Cloudy,Dry,57.0,Male,West,Slowing In Trafficway,Speed To Fast For Conditions,No Apparent Influence,No Apparent Influence,72.0,Male,West,Going Straight Ahead,No Improper Action,No Apparent Influence,No Apparent Influence,33.42209,-111.89592,2019-08-06,19:59:00
35288,3550151,2019,Price Rd,Rio Salado Pkwy,-149.0,Intersection Related 206,0.0,0.0,No Injury,Sideswipe Same Direction,Daylight,Clear,Dry,18.0,Female,North,Changing Lanes,Unsafe Lane Change,No Apparent Influence,No Apparent Influence,40.0,Female,North,Going Straight Ahead,No Improper Action,No Apparent Influence,No Apparent Influence,33.42891,-111.89026,2019-08-06,20:34:00
35290,3547088,2019,Priest Dr,Southern Ave,0.0,Intersection 4 Way 202,0.0,0.0,No Injury,Left Turn,Daylight,Clear,Dry,23.0,Male,North,Making Left Turn,Failed To Keep In Proper Lane,No Apparent Influence,No Apparent Influence,31.0,Male,North,Making Left Turn,No Improper Action,No Apparent Influence,No Apparent Influence,33.39288,-111.96077,2019-08-06,21:39:00
35293,3550130,2019,McClintock Dr,Bell De Mar Dr,55.0,Intersection 201,0.0,0.0,No Injury,Sideswipe Same Direction,Daylight,Clear,Dry,56.0,Female,North,Changing Lanes,Unsafe Lane Change,No Apparent Influence,No Apparent Influence,33.0,Female,North,Going Straight Ahead,No Improper Action,No Apparent Influence,No Apparent Influence,33.35986,-111.91123,2019-08-06,23:16:00
35294,3550181,2019,Broadway Rd,I-10 Exit 153 G-Ramp,0.0,Intersection 4 Way 202,2.0,0.0,Suspected Minor Injury,Left Turn,Daylight,Clear,Dry,48.0,Female,West,Making Left Turn,Failed To Yield Right Of Way,No Apparent Influence,No Apparent Influence,51.0,Male,East,Going Straight Ahead,No Improper Action,No Apparent Influence,No Apparent Influence,33.40845,-111.9736,2019-08-06,23:19:00
35297,3547232,2019,McClintock Dr,Broadway Rd,-150.0,Intersection Related 206,0.0,0.0,No Injury,Rear End,Daylight,Clear,Dry,23.0,Female,North,Going Straight Ahead,Followed Too Closely,No Apparent Influence,No Apparent Influence,62.0,Female,North,Stopped In Trafficway,No Improper Action,No Apparent Influence,No Apparent Influence,33.40709,-111.90913,2019-08-07,00:12:00
35301,3547246,2019,Baseline Rd,Kyrene Rd,40.0,Intersection Related 206,0.0,0.0,No Injury,Sideswipe Same Direction,Daylight,Clear,Dry,24.0,Male,East,Going Straight Ahead,Unsafe Lane Change,No Apparent Influence,No Apparent Influence,28.0,Female,East,Going Straight Ahead,No Improper Action,No Apparent Influence,No Apparent Influence,33.3782,-111.94586,2019-08-07,14:29:00
35302,3550157,2019,McClintock Dr,Rio Salado Pkwy,100.0,Not Junction Related,1.0,0.0,Possible Injury,Rear End,Dark Lighted,Clear,Dry,27.0,Male,North,Going Straight Ahead,Speed To Fast For Conditions,No Apparent Influence,No Apparent Influence,45.0,Female,North,Stopped In Trafficway,No Improper Action,No Apparent Influence,No Apparent Influence,33.42954,-111.90908,2019-08-07,14:29:00
35305,3557171,2019,McClintock Dr,University Dr,-124.0,Not Junction Related,0.0,0.0,No Injury,Sideswipe Same Direction,Daylight,Clear,Dry,22.0,Male,South,Changing Lanes,Unsafe Lane Change,No Apparent Influence,No Apparent Influence,32.0,Female,South,Going Straight Ahead,No Improper Action,No Apparent Influence,No Apparent Influence,33.42164,-111.90909,2019-08-07,16:28:00
35306,3557172,2019,Don Carlos Ave,McClintock Dr,192.0,Not Junction Related,0.0,0.0,No Injury,Angle - Other Than Left Turn 2,Daylight,Clear,Dry,22.0,Male,East,Going Straight Ahead,Drove Left Of Center Line,No Apparent Influence,No Apparent Influence,32.0,Female,East,Making U Turn,No Improper Action,No Apparent Influence,No Apparent Influence,33.41748,-111.90848,2019-08-07,16:30:00
35308,3547231,2019,48th St,University Dr,30.0,Intersection Related 206,0.0,0.0,No Injury,Rear End,Daylight,Clear,Dry,19.0,Male,South,Going Straight Ahead,Followed Too Closely,No Apparent Influence,No Apparent Influence,47.0,Female,South,Stopped In Trafficway,No Improper Action,No Apparent Influence,No Apparent Influence,33.42199,-111.97625,2019-08-07,21:08:00
35309,3547224,2019,Rio Salado Pkwy,Smith Rd,0.0,Intersection 4 Way 202,1.0,0.0,Possible Injury,Angle - Other Than Left Turn 2,Daylight,Clear,Dry,26.0,Male,West,Going Straight Ahead,Disregarded Traffic Signal,No Apparent Influence,No Apparent Influence,25.0,Male,North,Going Straight Ahead,No Improper Action,No Apparent Influence,No Apparent Influence,33.42928,-111.90046,2019-08-07,21:20:00
35311,3547218,2019,Priest Dr,Fiesta Dr,0.0,Intersection T Inter 203,0.0,0.0,No Injury,Left Turn,Daylight,Cloudy,Dry,24.0,Male,North,Making Left Turn,Failed To Yield Right Of Way,No Apparent Influence,No Apparent Influence,30.0,Male,South,Going Straight Ahead,No Improper Action,No Apparent Influence,No Apparent Influence,33.40557,-111.96077,2019-08-07,23:32:00
35312,3555368,2019,Rio Salado Pkwy,Perry Ln,0.0,Intersection 4 Way 202,1.0,0.0,Suspected Minor Injury,Angle - Other Than Left Turn 2,Dark Lighted,Clear,Dry,27.0,Female,North,Making Left Turn,Failed To Yield Right Of Way,No Apparent Influence,No Apparent Influence,26.0,Male,West,Going Straight Ahead,No Improper Action,No Apparent Influence,No Apparent Influence,33.42924,-111.90477,2019-08-08,03:01:00
35314,3550251,2019,Kyrene Rd,Guadalupe Rd,0.0,Intersection 201,0.0,0.0,No Injury,Left Turn,Dark Lighted,Clear,Dry,20.0,Male,East,Making Left Turn,Failed To Yield Right Of Way,No Apparent Influence,No Apparent Influence,39.0,Female,North,Going Straight Ahead,No Improper Action,No Apparent Influence,No Apparent Influence,33.36366,-111.94589,2019-08-08,06:46:00
35315,3547202,2019,Oxford Dr,Del Sur Dr,0.0,Intersection 4 Way 202,0.0,0.0,No Injury,Left Turn,Daylight,Clear,Dry,30.0,Female,North,Making Left Turn,Failed To Yield Right Of Way,No Apparent Influence,No Apparent Influence,31.0,Female,East,Going Straight Ahead,No Improper Action,No Apparent Influence,No Apparent Influence,33.37447,-111.90245,2019-08-08,14:50:00
35316,3547273,2019,University Dr,Dorsey Ln,-40.0,Intersection 4 Way 202,0.0,0.0,No Injury,Rear End,Daylight,Clear,Dry,21.0,Female,West,Going Straight Ahead,Followed Too Closely,No Apparent Influence,No Apparent Influence,43.0,Male,West,Stopped In Trafficway,No Improper Action,No Apparent Influence,No Apparent Influence,33.42202,-111.91782,2019-08-08,14:59:00
35318,3547243,2019,Priest Dr,5th St,0.0,Intersection 4 Way 202,2.0,0.0,Suspected Minor Injury,Left Turn,Daylight,Clear,Dry,19.0,Male,South,Making Left Turn,Failed To Keep In Proper Lane,No Apparent Influence,No Apparent Influence,46.0,Male,North,Going Straight Ahead,No Improper Action,No Apparent Influence,No Apparent Influence,33.42562,-111.96097,2019-08-08,17:08:00
35320,3547239,2019,Rio Salado Pkwy,Priest Dr,15.0,Intersection Related 206,0.0,0.0,No Injury,Rear End,Daylight,Clear,Dry,19.0,Male,West,Going Straight Ahead,Followed Too Closely,No Apparent Influence,No Apparent Influence,46.0,Female,West,Stopped In Trafficway,No Improper Action,No Apparent Influence,No Apparent Influence,33.42958,-111.96092,2019-08-08,18:16:00
35321,3553303,2019,Hayden Rd,McKellips Rd,0.0,Intersection Non Interchange,0.0,0.0,No Injury,Angle - Other Than Left Turn 2,Daylight,Clear,Dry,78.0,Female,South,Going Straight Ahead,Disregarded Traffic Signal,No Apparent Influence,No Apparent Influence,24.0,Male,East,Going Straight Ahead,No Improper Action,No Apparent Influence,No Apparent Influence,33.45126,-111.9093,2019-08-08,20:08:00
35325,3550245,2019,Broadway Rd,La Rosa Dr,107.0,Intersection 201,0.0,0.0,No Injury,Rear End,Daylight,Clear,Dry,19.0,Female,East,Going Straight Ahead,Followed Too Closely,No Apparent Influence,No Apparent Influence,56.0,Female,East,Stopped In Trafficway,No Improper Action,No Apparent Influence,No Apparent Influence,33.40749,-111.92866,2019-08-08,22:54:00
35326,3550183,2019,Priest Dr,Grove Pkwy,-47.0,Intersection 201,0.0,0.0,No Injury,Rear End,Daylight,Clear,Dry,24.0,Female,Southwest,Making Right Turn,Followed Too Closely,No Apparent Influence,No Apparent Influence,23.0,Male,Southwest,Making Right Turn,No Improper Action,No Apparent Influence,No Apparent Influence,33.35157,-111.96257,2019-08-09,00:08:00
35327,3547223,2019,13th St,Farmer Ave,0.0,Intersection 4 Way 202,0.0,0.0,No Injury,Left Turn,Daylight,Clear,Dry,22.0,Female,West,Going Straight Ahead,Other,No Apparent Influence,No Apparent Influence,30.0,Female,South,Making Left Turn,No Improper Action,No Apparent Influence,No Apparent Influence,33.41463,-111.94424,2019-08-09,00:25:00
35328,3547255,2019,Price Rd,Orange St,0.0,Intersection 201,2.0,0.0,Suspected Minor Injury,Angle - Other Than Left Turn 2,Dusk,Clear,Dry,19.0,Male,West,Going Straight Ahead,Failed To Yield Right Of Way,No Apparent Influence,No Apparent Influence,19.0,Male,South,Going Straight Ahead,No Improper Action,No Apparent Influence,No Apparent Influence,33.41842,-111.89197,2019-08-09,01:45:00
35329,3547201,2019,Kyrene Rd,Guadalupe Rd,-156.0,Intersection Related 206,1.0,0.0,Possible Injury,Rear End,Daylight,Cloudy,Dry,41.0,Male,North,Going Straight Ahead,Followed Too Closely,No Apparent Influence,No Apparent Influence,57.0,Female,North,Slowing In Trafficway,No Improper Action,No Apparent Influence,No Apparent Influence,33.36323,-111.94589,2019-08-09,14:39:00
35330,3547221,2019,56th St,Baseline Rd,-165.0,Intersection Related 206,0.0,0.0,No Injury,Sideswipe Same Direction,Daylight,Clear,Dry,59.0,Female,North,Changing Lanes,Unsafe Lane Change,No Apparent Influence,No Apparent Influence,51.0,Female,North,Going Straight Ahead,No Improper Action,No Apparent Influence,No Apparent Influence,33.37779,-111.96317,2019-08-09,14:41:00
35333,3550153,2019,Scottsdale Rd,SR-202 Exit 7 P-Ramp,0.0,Entrance Exit Ramp 205,0.0,0.0,No Injury,Rear End,Daylight,Unknown,Dry,62.0,Male,East,Going Straight Ahead,Followed Too Closely,No Apparent Influence,No Apparent Influence,35.0,Female,East,Stopped In Trafficway,No Improper Action,No Apparent Influence,No Apparent Influence,33.43544,-111.92626,2019-08-09,20:41:00
35334,3550125,2019,College Ave,Guadalupe Rd,75.0,Intersection Related 206,0.0,0.0,No Injury,Rear End,Daylight,Clear,Dry,22.0,Male,South,Going Straight Ahead,Speed To Fast For Conditions,No Apparent Influence,No Apparent Influence,27.0,Male,South,Stopped In Trafficway,No Improper Action,No Apparent Influence,No Apparent Influence,33.36394,-111.93338,2019-08-09,21:00:00
35339,3550128,2019,Warner Rd,I-10 Exit 158 G-Ramp,154.0,Intersection Related 206,2.0,0.0,Suspected Minor Injury,Rear End,Daylight,Clear,Dry,50.0,Female,East,Going Straight Ahead,Followed Too Closely,No Apparent Influence,No Apparent Influence,38.0,Female,East,Stopped In Trafficway,No Improper Action,No Apparent Influence,No Apparent Influence,33.33436,-111.97244,2019-08-09,23:29:00
35340,3547219,2019,Guadalupe Rd,McClintock Dr,200.0,Intersection Related 206,0.0,0.0,No Injury,Rear End,Daylight,Clear,Dry,47.0,Male,West,Going Straight Ahead,Speed To Fast For Conditions,No Apparent Influence,No Apparent Influence,41.0,Female,West,Stopped In Trafficway,No Improper Action,No Apparent Influence,No Apparent Influence,33.36376,-111.9106,2019-08-10,00:02:00
35343,3547236,2019,McClintock Dr,University Dr,75.0,Intersection Related 206,0.0,0.0,No Injury,Angle - Other Than Left Turn 2,Daylight,Clear,Dry,64.0,Female,South,Changing Lanes,Unsafe Lane Change,No Apparent Influence,No Apparent Influence,22.0,Female,South,Going Straight Ahead,No Improper Action,No Apparent Influence,No Apparent Influence,33.42219,-111.9091,2019-08-10,00:48:00
35344,3547220,2019,48th St,La Salle St,0.0,Intersection T Inter 203,0.0,0.0,No Injury,Angle - Other Than Left Turn 2,Dusk,Clear,Dry,28.0,Female,East,Unknown,Unknown,No Apparent Influence,No Apparent Influence,22.0,Male,North,Unknown,Unknown,No Apparent Influence,No Apparent Influence,33.39798,-111.97832,2019-08-10,02:25:00
35345,3550234,2019,Scottsdale Rd,Tempe Dr,-25.0,Not Junction Related,0.0,0.0,No Injury,Sideswipe Same Direction,Dark Lighted,Clear,Dry,37.0,Male,North,Changing Lanes,Unsafe Lane Change,No Apparent Influence,No Apparent Influence,19.0,Female,North,Going Straight Ahead,No Improper Action,No Apparent Influence,No Apparent Influence,33.44216,-111.92639,2019-08-10,05:07:00
35346,3555475,2019,Rural Rd,Warner Rd,0.0,Intersection 4 Way 202,0.0,0.0,No Injury,Left Turn,Dark Lighted,Clear,Dry,55.0,Male,North,Making Left Turn,Failed To Yield Right Of Way,Alcohol,No Apparent Influence,18.0,Female,South,Going Straight Ahead,No Improper Action,No Apparent Influence,No Apparent Influence,33.33466,-111.92841,2019-08-10,05:23:00
35349,3550198,2019,Southern Ave,McClintock Dr,-200.0,Intersection 4 Way 202,0.0,0.0,No Injury,Sideswipe Same Direction,Daylight,Clear,Dry,45.0,Female,West,Going Straight Ahead,Unknown,No Apparent Influence,No Apparent Influence,27.0,Female,West,Going Straight Ahead,Unknown,No Apparent Influence,No Apparent Influence,33.39299,-111.90978,2019-08-10,17:14:00
35350,3551723,2019,Elliot Rd,Harl Ave,0.0,Intersection 4 Way 202,0.0,0.0,No Injury,Left Turn,Daylight,Clear,Dry,29.0,Female,West,Making Left Turn,Made Improper Turn,No Apparent Influence,No Apparent Influence,32.0,Male,East,Going Straight Ahead,No Improper Action,No Apparent Influence,No Apparent Influence,33.34908,-111.96593,2019-08-10,17:45:00
35351,3550172,2019,Baseline Rd,Kyrene Rd,0.0,Not Junction Related,0.0,0.0,No Injury,Left Turn,Daylight,Clear,Dry,30.0,Female,East,Making Left Turn,Failed To Yield Right Of Way,No Apparent Influence,No Apparent Influence,46.0,Female,West,Going Straight Ahead,No Improper Action,No Apparent Influence,No Apparent Influence,33.37822,-111.94389,2019-08-10,18:16:00
35352,3547212,2019,McClintock Dr,Elliot Rd,30.0,Intersection Related 206,0.0,0.0,No Injury,Rear End,Daylight,Clear,Dry,35.0,Male,South,Going Straight Ahead,Speed To Fast For Conditions,No Apparent Influence,No Apparent Influence,61.0,Male,South,Stopped In Trafficway,No Improper Action,No Apparent Influence,No Apparent Influence,33.34921,-111.91119,2019-08-10,19:22:00
35353,3557118,2019,Palm Dr,Erie Dr,-20.0,Not Junction Related,0.0,0.0,No Injury,Other,Daylight,Clear,Dry,69.0,Female,South,Backing,Other,No Apparent Influence,No Apparent Influence,40.0,Female,South,Going Straight Ahead,No Improper Action,No Apparent Influence,No Apparent Influence,33.39634,-111.92736,2019-08-10,19:51:00
35356,3557187,2019,McKellips Rd,Hayden Rd,-96.0,Not Junction Related,1.0,0.0,Possible Injury,Angle - Other Than Left Turn 2,Daylight,Clear,Dry,66.0,Female,Southwest,Making Right Turn,Failed To Yield Right Of Way,No Apparent Influence,No Apparent Influence,55.0,Male,West,Going Straight Ahead,No Improper Action,No Apparent Influence,No Apparent Influence,33.45127,-111.90961,2019-08-10,22:47:00
35357,3550169,2019,Rio Salado Pkwy,Rockford Dr,50.0,Intersection Related 206,0.0,0.0,No Injury,Rear End,Daylight,Clear,Dry,27.0,Male,West,Slowing In Trafficway,Speed To Fast For Conditions,No Apparent Influence,No Apparent Influence,24.0,Female,West,Stopped In Trafficway,No Improper Action,No Apparent Influence,No Apparent Influence,33.42936,-111.89688,2019-08-11,00:41:00
35358,3557117,2019,Mill Ave,Ellis Dr,-70.0,Not Junction Related,2.0,0.0,Suspected Minor Injury,Rear End,Dark Lighted,Clear,Dry,30.0,Female,South,Going Straight Ahead,Speed To Fast For Conditions,No Apparent Influence,No Apparent Influence,39.0,Female,South,Stopped In Trafficway,No Improper Action,No Apparent Influence,No Apparent Influence,33.38044,-111.9394,2019-08-11,03:41:00
35359,3555371,2019,Elliot Rd,Price Rd,0.0,Intersection 201,0.0,0.0,No Injury,Rear End,Daylight,Clear,Dry,20.0,Male,West,Making Left Turn,Followed Too Closely,No Apparent Influence,No Apparent Influence,68.0,Male,West,Making Left Turn,No Improper Action,No Apparent Influence,No Apparent Influence,33.34934,-111.89437,2019-08-11,17:26:00
35360,3550134,2019,Laguna Dr,Elm St,-80.0,Not Junction Related,0.0,0.0,No Injury,Rear End,Unknown 51,Unknown,Dry,50.0,Female,South,Backing,Failed To Yield Right Of Way,No Apparent Influence,No Apparent Influence,55.0,Male,West,Going Straight Ahead,No Improper Action,No Apparent Influence,No Apparent Influence,33.3905,-111.9139,2019-08-11,18:31:00
35361,3555432,2019,McClintock Dr,Del Rio Dr,-35.0,Intersection Related 206,0.0,0.0,No Injury,Rear End,Daylight,Clear,Dry,28.0,Male,North,Going Straight Ahead,Speed To Fast For Conditions,No Apparent Influence,No Apparent Influence,61.0,Male,North,Stopped In Trafficway,No Improper Action,No Apparent Influence,No Apparent Influence,33.3965,-111.90913,2019-08-11,23:19:00