,Incident ID,Year,Street Name,Cross Street,Distance,Junction Relation,Total Injuries,Total Fatalities,Injury Severity,Collision Manner,Light Condition,Weather,Surface Condition,Age Driver 1,Gender Driver 1,Travel Direction One,Unit Action One,Violation1_Drv1,Alcohol Use Driver 1,Drug Use Driver 1,Age Driver 2,Gender Driver 2,Travel Direction Two,Unit Action Two,Violation 1 Driver 2,Alcohol Use Driver 2,Drug Use Driver 2,Latitude,Longitude,Date,Time
35474,3556645,2019,Rural Rd,Knox Rd,200.0,Not Junction Related,0.0,0.0,No Injury,Sideswipe Same Direction,Daylight,Clear,Dry,52.0,Male,South,Changing Lanes,Unsafe Lane Change,No Apparent Influence,No Apparent Influence,17.0,Female,South,Going Straight Ahead,No Improper Action,No Apparent Influence,No Apparent Influence,33.3279,-111.92831,2019-08-19,21:59:00
35476,3556628,2019,Southern Ave,Roosevelt St,25.0,Intersection Related 206,0.0,0.0,No Injury,Angle - Other Than Left Turn 2,Daylight,Clear,Dry,37.0,Female,Northeast,Making Right Turn,Made Improper Turn,No Apparent Influence,No Apparent Influence,18.0,Male,East,Going Straight Ahead,No Improper Action,No Apparent Influence,No Apparent Influence,33.39285,-111.94775,2019-08-19,22:54:00
35477,3555379,2019,University Dr,Rockford Dr,60.0,Intersection Related 206,0.0,0.0,No Injury,Rear End,Daylight,Clear,Dry,21.0,Female,West,Going Straight Ahead,Followed Too Closely,No Apparent Influence,No Apparent Influence,20.0,Male,West,Slowing In Trafficway,No Improper Action,No Apparent Influence,No Apparent Influence,33.4221,-111.89787,2019-08-19,23:41:00
35478,3555484,2019,Scottsdale Rd,McKellips Rd,-15.0,Intersection Related 206,1.0,0.0,Possible Injury,U Turn,Daylight,Clear,Dry,17.0,Male,West,Making U Turn,Made Improper Turn,No Apparent Influence,No Apparent Influence,51.0,Female,North,Making Left Turn,No Improper Action,No Apparent Influence,No Apparent Influence,33.4512,-111.92647,2019-08-20,00:20:00
35479,3564745,2019,Warner Rd,Beck Ave,-25.0,Intersection Related 206,1.0,0.0,Possible Injury,Rear End,Daylight,Clear,Dry,30.0,Female,East,Going Straight Ahead,Speed To Fast For Conditions,No Apparent Influence,No Apparent Influence,56.0,Female,East,Going Straight Ahead,No Improper Action,No Apparent Influence,No Apparent Influence,33.33455,-111.95871,2019-08-20,01:06:00
35480,3607988,2019,Baseline Rd,I-10 Exit 155 J1-Ramp,0.0,Intersection 201,0.0,0.0,No Injury,Left Turn,Daylight,Clear,Dry,20.0,Female,West,Going Straight Ahead,Disregarded Traffic Signal,No Apparent Influence,No Apparent Influence,56.0,Male,Northwest,Making Left Turn,No Improper Action,No Apparent Influence,No Apparent Influence,33.3783,-111.96738,2019-08-20,01:19:00
35481,3557123,2019,48th St,Southern Ave,0.0,Intersection 201,0.0,0.0,No Injury,Head On,Daylight,Clear,Dry,68.0,Male,North,Going Straight Ahead,Unknown,No Apparent Influence,No Apparent Influence,53.0,Male,South,Making Left Turn,Unknown,No Apparent Influence,No Apparent Influence,33.39277,-111.97834,2019-08-20,01:41:00
35486,3556691,2019,Broadway Rd,Mill Ave,80.0,Intersection Related 206,0.0,0.0,No Injury,Sideswipe Same Direction,Daylight,Clear,Dry,23.0,Female,West,Changing Lanes,Unsafe Lane Change,No Apparent Influence,No Apparent Influence,59.0,Male,West,Going Straight Ahead,No Improper Action,No Apparent Influence,No Apparent Influence,33.40741,-111.93957,2019-08-20,18:48:00
35488,3556630,2019,Apache Blvd,McClintock Dr,0.0,Intersection 4 Way 202,2.0,0.0,Suspected Minor Injury,Left Turn,Daylight,Clear,Dry,74.0,Male,West,Going Straight Ahead,Disregarded Traffic Signal,No Apparent Influence,No Apparent Influence,20.0,Female,East,Making Left Turn,No Improper Action,No Apparent Influence,No Apparent Influence,33.41476,-111.90913,2019-08-20,19:49:00
35489,3555460,2019,Elliot Rd,McClintock Dr,0.0,Intersection 4 Way 202,0.0,0.0,No Injury,Left Turn,Daylight,Clear,Dry,43.0,Male,East,Making Left Turn,Failed To Yield Right Of Way,No Apparent Influence,No Apparent Influence,57.0,Female,West,Going Straight Ahead,No Improper Action,No Apparent Influence,No Apparent Influence,33.34913,-111.91119,2019-08-20,19:53:00
35490,3556660,2019,University Dr,College Ave,25.0,Intersection Related 206,1.0,0.0,Possible Injury,Rear End,Daylight,Clear,Dry,23.0,Female,West,Going Straight Ahead,Followed Too Closely,No Apparent Influence,No Apparent Influence,64.0,Female,West,Stopped In Trafficway,No Improper Action,No Apparent Influence,No Apparent Influence,33.42196,-111.93488,2019-08-20,20:18:00
35492,3556686,2019,Mill Ave,US-60 Exit 173 G-Ramp,80.0,Intersection Related 206,0.0,0.0,No Injury,Sideswipe Same Direction,Daylight,Clear,Dry,54.0,Male,South,Going Straight Ahead,Unsafe Lane Change,No Apparent Influence,No Apparent Influence,64.0,Male,South,Going Straight Ahead,No Improper Action,No Apparent Influence,No Apparent Influence,33.38533,-111.93947,2019-08-20,22:17:00
35497,3556629,2019,Apache Blvd,Terrace Rd,139.0,Intersection Related 206,0.0,0.0,No Injury,Other,Daylight,Clear,Dry,42.0,Male,West,Backing,Other,No Apparent Influence,No Apparent Influence,55.0,Male,West,Stopped In Trafficway,No Improper Action,No Apparent Influence,No Apparent Influence,33.41477,-111.91998,2019-08-21,00:14:00
35500,3556692,2019,Hardy Dr,Southern Ave,220.0,Driveway Or Alley,0.0,0.0,No Injury,Angle - Other Than Left Turn 2,Daylight,Clear,Dry,43.0,Male,South,Making Right Turn,Other,No Apparent Influence,No Apparent Influence,37.0,Male,South,Going Straight Ahead,No Improper Action,No Apparent Influence,No Apparent Influence,33.39346,-111.95198,2019-08-21,14:17:00
35501,3556625,2019,University Dr,River Dr,0.0,Intersection T Inter 203,1.0,0.0,Possible Injury,Left Turn,Daylight,Clear,Dry,41.0,Male,North,Making Left Turn,Failed To Yield Right Of Way,No Apparent Influence,No Apparent Influence,27.0,Female,East,Going Straight Ahead,No Improper Action,No Apparent Influence,No Apparent Influence,33.42209,-111.89619,2019-08-21,14:36:00
35504,3556652,2019,Baseline Rd,Terry Ln,50.0,Driveway Or Alley,0.0,0.0,No Injury,Left Turn,Daylight,Clear,Dry,25.0,Female,North,Making Left Turn,Failed To Yield Right Of Way,No Apparent Influence,No Apparent Influence,63.0,Female,East,Going Straight Ahead,No Improper Action,No Apparent Influence,No Apparent Influence,33.37823,-111.95524,2019-08-21,15:03:00
35505,3546835,2019,Elliot Rd,I-10 Exit 157 A-Ramp,-20.0,Intersection 201,2.0,0.0,Possible Injury,Left Turn,Daylight,Clear,Dry,51.0,Male,East,Going Straight Ahead,Disregarded Traffic Signal,No Apparent Influence,No Apparent Influence,52.0,Female,West,Making Left Turn,No Improper Action,No Apparent Influence,No Apparent Influence,33.34907,-111.9729,2019-08-21,15:09:00
35506,3555407,2019,Elliot Rd,Kyrene Rd,150.0,Not Junction Related,0.0,0.0,No Injury,Rear End,Daylight,Clear,Dry,49.0,Male,West,Going Straight Ahead,Unknown,No Apparent Influence,No Apparent Influence,25.0,Female,West,Unknown,Unknown,No Apparent Influence,No Apparent Influence,33.3492,-111.94524,2019-08-21,15:29:00
35509,3556682,2019,Baseline Rd,Ash Ave,-40.0,Not Junction Related,2.0,0.0,Suspected Minor Injury,Rear End,Daylight,Clear,Dry,29.0,Female,East,Going Straight Ahead,Followed Too Closely,No Apparent Influence,No Apparent Influence,30.0,Male,East,Slowing In Trafficway,No Improper Action,No Apparent Influence,No Apparent Influence,33.37822,-111.94166,2019-08-21,19:00:00
35511,3556674,2019,Southern Ave,Rural Rd,-40.0,Intersection Related 206,0.0,0.0,No Injury,Rear End,Daylight,Clear,Dry,28.0,Female,East,Going Straight Ahead,Followed Too Closely,No Apparent Influence,No Apparent Influence,58.0,Female,East,Stopped In Trafficway,No Improper Action,No Apparent Influence,No Apparent Influence,33.39296,-111.92646,2019-08-21,20:31:00
35513,3557046,2019,University Dr,S Athletes Pl,30.0,Not Junction Related,1.0,0.0,Possible Injury,Rear End,Daylight,Clear,Dry,21.0,Female,West,Going Straight Ahead,Followed Too Closely,No Apparent Influence,No Apparent Influence,26.0,Female,West,Stopped In Trafficway,No Improper Action,No Apparent Influence,No Apparent Influence,33.42202,-111.9228,2019-08-21,20:50:00
35516,3556683,2019,Rural Rd,Lemon St,54.0,Intersection Related 206,1.0,0.0,Suspected Minor Injury,Sideswipe Same Direction,Daylight,Clear,Dry,27.0,Male,North,Changing Lanes,Unsafe Lane Change,No Apparent Influence,No Apparent Influence,31.0,Male,North,Going Straight Ahead,No Improper Action,No Apparent Influence,No Apparent Influence,33.41698,-111.9263,2019-08-21,23:48:00
35517,3556632,2019,McClintock Dr,Lemon St,41.0,Driveway Or Alley,0.0,0.0,No Injury,Angle - Other Than Left Turn 2,Daylight,Clear,Dry,27.0,Male,North,Making Left Turn,Failed To Yield Right Of Way,No Apparent Influence,No Apparent Influence,19.0,Male,South,Going Straight Ahead,No Improper Action,No Apparent Influence,No Apparent Influence,33.41696,-111.90911,2019-08-21,23:55:00
35518,3555477,2019,Scottsdale Rd,SR-202 Exit 7 P-Ramp,-150.0,Intersection Related 206,0.0,0.0,No Injury,Angle - Other Than Left Turn 2,Daylight,Clear,Dry,29.0,Female,North,Changing Lanes,Unsafe Lane Change,No Apparent Influence,No Apparent Influence,51.0,Female,North,Going Straight Ahead,No Improper Action,No Apparent Influence,No Apparent Influence,33.43503,-111.92626,2019-08-21,23:58:00
35519,3556684,2019,Rural Rd,Geneva Dr,0.0,Intersection T Inter 203,0.0,0.0,No Injury,Left Turn,Daylight,Clear,Dry,19.0,Female,North,Making Left Turn,Failed To Yield Right Of Way,No Apparent Influence,No Apparent Influence,18.0,Male,South,Going Straight Ahead,No Improper Action,No Apparent Influence,No Apparent Influence,33.39499,-111.92633,2019-08-22,00:05:00
35524,3555478,2019,Broadway Rd,I-10 Exit 153 G-Ramp,0.0,Intersection 201,0.0,0.0,No Injury,Left Turn,Dusk,Clear,Dry,29.0,Male,West,Making Left Turn,No Improper Action,No Apparent Influence,No Apparent Influence,29.0,Male,East,Going Straight Ahead,No Improper Action,No Apparent Influence,No Apparent Influence,33.40845,-111.9736,2019-08-22,01:27:00
35525,3557124,2019,University Dr,Veterans Way,150.0,Intersection Related 206,0.0,0.0,No Injury,Rear End,Daylight,Clear,Dry,19.0,Female,West,Going Straight Ahead,Followed Too Closely,No Apparent Influence,No Apparent Influence,27.0,Female,West,Stopped In Trafficway,No Improper Action,No Apparent Influence,No Apparent Influence,33.42202,-111.92845,2019-08-22,14:57:00
35526,3557125,2019,Dorsey Ln,Orange St,0.0,Intersection 4 Way 202,0.0,0.0,No Injury,Angle - Other Than Left Turn 2,Daylight,Clear,Dry,58.0,Female,Southeast,Making U Turn,Made Improper Turn,No Apparent Influence,No Apparent Influence,24.0,Male,South,Going Straight Ahead,No Improper Action,No Apparent Influence,No Apparent Influence,33.41839,-111.91773,2019-08-22,15:21:00
35527,3556636,2019,Harl Ave,Todd Dr,-55.0,Not Junction Related,0.0,0.0,No Injury,Left Turn,Daylight,Clear,Dry,23.0,Male,North,Making Left Turn,Failed To Yield Right Of Way,No Apparent Influence,No Apparent Influence,37.0,Male,South,Going Straight Ahead,No Improper Action,No Apparent Influence,No Apparent Influence,33.35257,-111.9665,2019-08-22,15:23:00
35531,3563468,2019,Mill Ave,Broadway Rd,-85.0,Intersection Related 206,1.0,0.0,Possible Injury,Rear End,Daylight,Clear,Dry,38.0,Female,North,Going Straight Ahead,Followed Too Closely,Alcohol,No Apparent Influence,63.0,Male,North,Stopped In Trafficway,No Improper Action,No Apparent Influence,No Apparent Influence,33.40716,-111.93982,2019-08-22,17:07:00
35532,3563462,2019,17th Pl,Beck Ave,100.0,Not Junction Related,1.0,0.0,Possible Injury,Sideswipe Same Direction,Daylight,Clear,Unknown,38.0,Female,West,Overtaking Passing,Other,Alcohol,No Apparent Influence,63.0,Male,West,Stopped In Trafficway,No Improper Action,No Apparent Influence,No Apparent Influence,33.40997,-111.95548,2019-08-22,17:08:00
35533,3563534,2019,Rural Rd,Vista Del Cerro Dr,120.0,Intersection Related 206,1.0,0.0,Possible Injury,Rear End,Daylight,Clear,Dry,19.0,Male,North,Going Straight Ahead,Followed Too Closely,No Apparent Influence,No Apparent Influence,20.0,Female,North,Stopped In Trafficway,No Improper Action,No Apparent Influence,No Apparent Influence,33.41079,-111.92628,2019-08-22,17:09:00
35535,3556755,2019,Rural Rd,University Dr,0.0,Intersection 4 Way 202,0.0,0.0,No Injury,Sideswipe Same Direction,Daylight,Clear,Dry,41.0,Male,Northwest,Making Left Turn,Unsafe Lane Change,No Apparent Influence,No Apparent Influence,25.0,Female,Northwest,Making Left Turn,No Improper Action,No Apparent Influence,No Apparent Influence,33.42203,-111.92631,2019-08-22,19:02:00
35536,3556685,2019,Broadway Rd,Holbrook Ln,30.0,Intersection T Inter 203,0.0,0.0,No Injury,Left Turn,Daylight,Clear,Dry,29.0,Male,South,Making Left Turn,Failed To Yield Right Of Way,No Apparent Influence,No Apparent Influence,73.0,Male,East,Going Straight Ahead,No Improper Action,No Apparent Influence,No Apparent Influence,33.4075,-111.90242,2019-08-22,19:55:00
35537,3556651,2019,Cutler Dr,Broadway Rd,0.0,Intersection 4 Way 202,0.0,0.0,No Injury,Left Turn,Daylight,Clear,Dry,44.0,Female,South,Making Left Turn,Failed To Yield Right Of Way,No Apparent Influence,No Apparent Influence,69.0,Male,North,Going Straight Ahead,No Improper Action,No Apparent Influence,No Apparent Influence,33.40741,-111.95837,2019-08-22,20:29:00
35539,3556677,2019,University Dr,48th St,0.0,Intersection 4 Way 202,0.0,0.0,No Injury,Angle - Other Than Left Turn 2,Daylight,Clear,Dry,25.0,Male,South,Making Right Turn,Failed To Yield Right Of Way,No Apparent Influence,No Apparent Influence,67.0,Male,West,Changing Lanes,No Improper Action,No Apparent Influence,No Apparent Influence,33.4219,-111.97625,2019-08-22,21:16:00
35540,3556650,2019,Apache Blvd,Elm St,0.0,Intersection 4 Way 202,0.0,0.0,No Injury,Left Turn,Daylight,Clear,Dry,49.0,Female,East,Going Straight Ahead,Disregarded Traffic Signal,No Apparent Influence,No Apparent Influence,50.0,Male,West,Making Left Turn,No Improper Action,No Apparent Influence,No Apparent Influence,33.41476,-111.91246,2019-08-22,21:44:00
35546,3565177,2019,Priest Dr,US-60 Exit 172 G-Ramp,-50.0,Intersection Related 206,0.0,0.0,No Injury,Rear End,Daylight,Clear,Dry,46.0,Male,North,Going Straight Ahead,Followed Too Closely,No Apparent Influence,No Apparent Influence,41.0,Female,North,Stopped In Trafficway,No Improper Action,No Apparent Influence,No Apparent Influence,33.38663,-111.96093,2019-08-23,00:24:00
35547,3556602,2019,Rural Rd,Minton Dr,0.0,Intersection 4 Way 202,0.0,0.0,No Injury,Left Turn,Daylight,Clear,Dry,87.0,Female,North,Making Left Turn,Failed To Yield Right Of Way,No Apparent Influence,No Apparent Influence,49.0,Female,South,Going Straight Ahead,No Improper Action,No Apparent Influence,No Apparent Influence,33.37989,-111.92842,2019-08-23,00:45:00
35550,3556757,2019,Baseline Rd,Priest Dr,0.0,Intersection Related 206,0.0,0.0,No Injury,Left Turn,Daylight,Clear,Dry,52.0,Male,North,Making Left Turn,Made Improper Turn,No Apparent Influence,No Apparent Influence,49.0,Male,North,Making Left Turn,No Improper Action,No Apparent Influence,No Apparent Influence,33.37824,-111.96318,2019-08-23,03:00:00
35551,3557036,2019,Warner Rd,Rural Rd,0.0,Intersection 4 Way 202,0.0,0.0,No Injury,Rear End,Dark Lighted,Clear,Dry,62.0,Male,West,Going Straight Ahead,Followed Too Closely,No Apparent Influence,No Apparent Influence,51.0,Male,West,Going Straight Ahead,No Improper Action,No Apparent Influence,No Apparent Influence,33.33466,-111.92841,2019-08-23,10:56:00
35552,3565094,2019,Baseline Rd,I-10 Exit 155 J1-Ramp,0.0,Intersection 201,0.0,0.0,No Injury,Left Turn,Dawn,Clear,Dry,41.0,Male,East,Making Left Turn,Disregarded Traffic Signal,No Apparent Influence,No Apparent Influence,26.0,Male,West,Going Straight Ahead,No Improper Action,No Apparent Influence,No Apparent Influence,33.3783,-111.96738,2019-08-23,12:04:00
35553,3555469,2019,University Dr,SR-143 Exit 1 J-Ramp,0.0,Intersection 201,0.0,0.0,No Injury,Sideswipe Same Direction,Daylight,Clear,Dry,46.0,Male,West,Going Straight Ahead,Unsafe Lane Change,No Apparent Influence,No Apparent Influence,32.0,Male,West,Going Straight Ahead,No Improper Action,No Apparent Influence,No Apparent Influence,33.42189,-111.97817,2019-08-23,12:56:00
35554,3555472,2019,Grove Pkwy,Kyrene Rd,-0.15,Not Junction Related,0.0,0.0,No Injury,Left Turn,Daylight,Clear,Dry,34.0,Female,Southeast,Making Left Turn,Unsafe Lane Change,No Apparent Influence,No Apparent Influence,24.0,Female,East,Going Straight Ahead,No Improper Action,No Apparent Influence,No Apparent Influence,33.35482,-111.94843,2019-08-23,13:30:00
35555,3556654,2019,Baseline Rd,Wendler Dr,0.0,Intersection T Inter 203,0.0,0.0,No Injury,Left Turn,Daylight,Clear,Dry,30.0,Female,East,Making Left Turn,Failed To Yield Right Of Way,No Apparent Influence,No Apparent Influence,38.0,Male,West,Going Straight Ahead,No Improper Action,No Apparent Influence,No Apparent Influence,33.37826,-111.96979,2019-08-23,14:10:00
35557,3565207,2019,Rio Salado Pkwy,Mill Ave,0.19,Not Junction Related,1.0,0.0,Possible Injury,Rear End,Daylight,Clear,Dry,31.0,Male,West,Going Straight Ahead,Followed Too Closely,No Apparent Influence,No Apparent Influence,22.0,Male,West,Stopped In Trafficway,No Improper Action,No Apparent Influence,No Apparent Influence,33.43059,-111.93703,2019-08-23,15:47:00
35558,3556679,2019,Southern Ave,Oak St,0.0,Driveway Or Alley,2.0,0.0,Suspected Minor Injury,Left Turn,Daylight,Clear,Dry,92.0,Female,East,Making Left Turn,Failed To Yield Right Of Way,No Apparent Influence,No Apparent Influence,20.0,Female,West,Going Straight Ahead,No Improper Action,No Apparent Influence,No Apparent Influence,33.39299,-111.91558,2019-08-23,18:44:00
35559,3564718,2019,University Dr,Priest Dr,0.0,Intersection 4 Way 202,0.0,0.0,No Injury,Left Turn,Daylight,Clear,Dry,28.0,Female,East,Making Left Turn,Unknown,No Apparent Influence,No Apparent Influence,48.0,Male,West,Going Straight Ahead,Unknown,No Apparent Influence,No Apparent Influence,33.42194,-111.96092,2019-08-23,20:42:00
35560,3565219,2019,Rural Rd,Lakeshore Dr,0.0,Intersection 4 Way 202,0.0,0.0,No Injury,Left Turn,Daylight,Clear,Dry,19.0,Male,North,Going Straight Ahead,Disregarded Traffic Signal,No Apparent Influence,No Apparent Influence,42.0,Female,East,Making Left Turn,No Improper Action,No Apparent Influence,No Apparent Influence,33.38228,-111.92683,2019-08-23,21:02:00
35561,3555427,2019,Rural Rd,Libra Dr,-85.0,Intersection Related 206,1.0,0.0,Suspected Minor Injury,Rear End,Daylight,Clear,Dry,53.0,Female,North,Going Straight Ahead,Followed Too Closely,No Apparent Influence,No Apparent Influence,58.0,Male,North,Stopped In Trafficway,No Improper Action,No Apparent Influence,No Apparent Influence,33.36534,-111.92862,2019-08-23,21:06:00
35564,3563533,2019,Broadway Rd,Priest Dr,0.0,Intersection 4 Way 202,1.0,0.0,Suspected Minor Injury,Angle - Other Than Left Turn 2,Daylight,Clear,Dry,55.0,Male,East,Going Straight Ahead,Failed To Yield Right Of Way,No Apparent Influence,No Apparent Influence,58.0,Male,North,Making Left Turn,No Improper Action,No Apparent Influence,No Apparent Influence,33.40742,-111.96078,2019-08-23,21:38:00
35566,3555425,2019,Rio Salado Pkwy,Rural Rd,25.0,Intersection Related 206,0.0,0.0,No Injury,Head On,Daylight,Clear,Dry,19.0,Male,East,Making Right Turn,Speed To Fast For Conditions,No Apparent Influence,No Apparent Influence,27.0,Female,West,Stopped In Trafficway,No Improper Action,No Apparent Influence,No Apparent Influence,33.42884,-111.92621,2019-08-23,22:16:00
35570,3563464,2019,Priest Dr,4th St,50.0,Intersection Related 206,1.0,0.0,Suspected Minor Injury,Rear End,Daylight,Clear,Dry,28.0,Male,South,Going Straight Ahead,Followed Too Closely,No Apparent Influence,No Apparent Influence,31.0,Female,South,Stopped In Trafficway,No Improper Action,No Apparent Influence,No Apparent Influence,33.42659,-111.96096,2019-08-24,00:10:00
35571,3555487,2019,Baseline Rd,Hardy Dr,-123.0,Intersection Related 206,0.0,0.0,No Injury,Rear End,Daylight,Clear,Dry,42.0,Female,East,Going Straight Ahead,Followed Too Closely,No Apparent Influence,No Apparent Influence,33.0,Female,East,Stopped In Trafficway,No Improper Action,No Apparent Influence,No Apparent Influence,33.37822,-111.95292,2019-08-24,00:13:00
35572,3563547,2019,Apache Blvd,Terrace Rd,0.0,Not Junction Related,0.0,0.0,No Injury,Rear End,Dark Lighted,Clear,Dry,24.0,Male,West,Going Straight Ahead,Speed To Fast For Conditions,No Apparent Influence,No Apparent Influence,20.0,Male,West,Going Straight Ahead,No Improper Action,No Apparent Influence,No Apparent Influence,33.41477,-111.92043,2019-08-24,03:04:00
35574,3584351,2019,Rural Rd,Southern Ave,60.0,Intersection Related 206,0.0,0.0,No Injury,Angle - Other Than Left Turn 2,Dark Lighted,Clear,Dry,19.0,Female,East,Going Straight Ahead,Failed To Yield Right Of Way,No Apparent Influence,No Apparent Influence,31.0,Male,North,Going Straight Ahead,No Improper Action,No Apparent Influence,No Apparent Influence,33.39313,-111.92633,2019-08-24,06:44:00
35575,3556613,2019,Rural Rd,6th St,-15.0,Intersection Related 206,1.0,0.0,Suspected Minor Injury,Rear End,Dark Lighted,Clear,Dry,21.0,Male,North,Going Straight Ahead,Speed To Fast For Conditions,No Apparent Influence,No Apparent Influence,21.0,Male,North,Making Right Turn,No Improper Action,No Apparent Influence,No Apparent Influence,33.42446,-111.9263,2019-08-24,08:02:00
35579,3565134,2019,Playa Del Norte Dr,Scottsdale Rd,172.0,Not Junction Related,0.0,0.0,No Injury,Other,Daylight,Clear,Dry,27.0,Male,East,Backing,Other,No Apparent Influence,No Apparent Influence,55.0,Female,East,Stopped In Trafficway,No Improper Action,No Apparent Influence,No Apparent Influence,33.43404,-111.9257,2019-08-24,23:52:00
35580,3564737,2019,Broadway Rd,I-10 Exit 153 G-Ramp,0.0,Intersection 4 Way 202,1.0,0.0,Suspected Minor Injury,Left Turn,Daylight,Clear,Dry,26.0,Female,South,Making Left Turn,Unknown,No Apparent Influence,No Apparent Influence,49.0,Female,East,Going Straight Ahead,Unknown,No Apparent Influence,No Apparent Influence,33.40845,-111.9736,2019-08-25,00:21:00
35581,3555474,2019,Rio Salado Pkwy,Rockford Dr,75.0,Intersection Related 206,0.0,0.0,No Injury,Rear End,Dusk,Clear,Dry,66.0,Male,West,Stopped In Trafficway,Followed Too Closely,No Apparent Influence,No Apparent Influence,36.0,Female,West,Going Straight Ahead,No Improper Action,No Apparent Influence,No Apparent Influence,33.42936,-111.89679,2019-08-25,01:26:00
35582,3557120,2019,Price Rd,Broadway Rd,0.0,Intersection 4 Way 202,0.0,0.0,No Injury,Sideswipe Same Direction,Daylight,Clear,Dry,27.0,Female,North,Making Left Turn,Unknown,No Apparent Influence,No Apparent Influence,41.0,Male,North,Making Left Turn,Unknown,No Apparent Influence,No Apparent Influence,33.40748,-111.89033,2019-08-25,16:44:00
35585,3557144,2019,Lakeshore Dr,Rural Rd,25.0,Intersection Related 206,0.0,0.0,No Injury,Rear End,Unknown 51,Unknown,Dry,22.0,Male,West,Going Straight Ahead,Speed To Fast For Conditions,No Apparent Influence,No Apparent Influence,35.0,Male,West,Stopped In Trafficway,No Improper Action,No Apparent Influence,No Apparent Influence,33.38226,-111.92675,2019-08-25,20:02:00
35589,3564738,2019,Rural Rd,Broadway Rd,0.0,Intersection 4 Way 202,0.0,0.0,No Injury,Left Turn,Dusk,Clear,Dry,45.0,Female,East,Making Left Turn,Failed To Yield Right Of Way,No Apparent Influence,No Apparent Influence,22.0,Female,West,Going Straight Ahead,No Improper Action,No Apparent Influence,No Apparent Influence,33.4075,-111.92628,2019-08-26,01:31:00
35590,3564736,2019,Elliot Rd,I-10 Exit 157 J-Ramp,0.0,Intersection 4 Way 202,1.0,0.0,Possible Injury,Rear End,Dark Lighted,Clear,Dry,33.0,Female,West,Going Straight Ahead,Disregarded Traffic Signal,No Apparent Influence,No Apparent Influence,35.0,Male,East,Making Left Turn,No Improper Action,No Apparent Influence,No Apparent Influence,33.3491,-111.97094,2019-08-26,02:56:00
35591,3557042,2019,Scottsdale Rd,Hancock Ave,-150.0,Driveway Or Alley,0.0,0.0,No Injury,Angle - Other Than Left Turn 2,Dark Lighted,Clear,Dry,20.0,Male,North,Making Left Turn,Made Improper Turn,No Apparent Influence,No Apparent Influence,20.0,Female,North,Going Straight Ahead,No Improper Action,No Apparent Influence,No Apparent Influence,33.44624,-111.92645,2019-08-26,04:10:00
35592,3555471,2019,Scottsdale Rd,Playa Del Norte Dr,0.0,Intersection 4 Way 202,0.0,0.0,No Injury,Left Turn,Dark Lighted,Clear,Dry,19.0,Male,South,Making Left Turn,Unknown,No Apparent Influence,No Apparent Influence,43.0,Female,North,Going Straight Ahead,Unknown,No Apparent Influence,No Apparent Influence,33.43403,-111.92626,2019-08-26,04:44:00
35593,3564735,2019,Baseline Rd,I-10 Exit 155 G-Ramp,0.0,Intersection 4 Way 202,1.0,0.0,Possible Injury,Left Turn,Dark Lighted,Clear,Dry,58.0,Male,South,Making Left Turn,Unknown,No Apparent Influence,No Apparent Influence,19.0,Male,East,Going Straight Ahead,Unknown,No Apparent Influence,No Apparent Influence,33.37827,-111.96863,2019-08-26,06:12:00
35594,3564725,2019,Southern Ave,Margo Dr,-45.0,Intersection Related 206,2.0,0.0,Suspected Minor Injury,Rear End,Daylight,Clear,Dry,60.0,Female,West,Going Straight Ahead,Speed To Fast For Conditions,No Apparent Influence,No Apparent Influence,25.0,Female,West,Stopped In Trafficway,No Improper Action,No Apparent Influence,No Apparent Influence,33.39287,-111.95938,2019-08-26,14:32:00
35595,3557040,2019,Grove Pkwy,Kyrene Rd,-0.25,Not Junction Related,0.0,0.0,No Injury,Rear End,Daylight,Clear,Dry,38.0,Male,West,Unknown,Unknown,No Apparent Influence,No Apparent Influence,31.0,Female,West,Unknown,Unknown,No Apparent Influence,No Apparent Influence,33.35482,-111.95016,2019-08-26,14:46:00
35598,3551364,2019,Price Rd,Broadway Rd,0.0,Intersection Related Non Interchange,0.0,0.0,No Injury,Rear End,Daylight,Clear,Dry,25.0,Female,North,Going Straight Ahead,Speed To Fast For Conditions,No Apparent Influence,No Apparent Influence,52.0,Male,North,Going Straight Ahead,No Improper Action,No Apparent Influence,No Apparent Influence,33.40748,-111.89033,2019-08-26,18:11:00
35600,3565199,2019,Mill Ave,US-60 Exit 173 J-Ramp,25.0,Intersection Related 206,0.0,0.0,No Injury,Sideswipe Same Direction,Daylight,Clear,Dry,26.0,Male,South,Changing Lanes,Unsafe Lane Change,No Apparent Influence,No Apparent Influence,29.0,Male,South,Going Straight Ahead,No Improper Action,No Apparent Influence,No Apparent Influence,33.38611,-111.93949,2019-08-26,21:50:00
35601,3557146,2019,48th St,Hidalgo Ave,0.0,Intersection T Inter 203,0.0,0.0,No Injury,Angle - Other Than Left Turn 2,Daylight,Clear,Dry,27.0,Female,Northwest,Making Left Turn,Failed To Yield Right Of Way,No Apparent Influence,No Apparent Influence,35.0,Female,South,Going Straight Ahead,No Improper Action,No Apparent Influence,No Apparent Influence,33.39399,-111.97834,2019-08-26,22:09:00
35602,3565201,2019,Baseline Rd,Mill Ave,15.0,Intersection Related 206,0.0,0.0,No Injury,Rear End,Daylight,Clear,Dry,52.0,Female,West,Going Straight Ahead,Followed Too Closely,No Apparent Influence,No Apparent Influence,19.0,Male,West,Stopped In Trafficway,No Improper Action,No Apparent Influence,No Apparent Influence,33.37821,-111.93932,2019-08-26,22:46:00