,Incident ID,Year,Street Name,Cross Street,Distance,Junction Relation,Total Injuries,Total Fatalities,Injury Severity,Collision Manner,Light Condition,Weather,Surface Condition,Age Driver 1,Gender Driver 1,Travel Direction One,Unit Action One,Violation1_Drv1,Alcohol Use Driver 1,Drug Use Driver 1,Age Driver 2,Gender Driver 2,Travel Direction Two,Unit Action Two,Violation 1 Driver 2,Alcohol Use Driver 2,Drug Use Driver 2,Latitude,Longitude,Date,Time
35604,3563673,2019,University Dr,River Dr,100.0,Intersection Related 206,0.0,0.0,No Injury,Rear End,Daylight,Clear,Dry,58.0,Female,East,Going Straight Ahead,Speed To Fast For Conditions,No Apparent Influence,No Apparent Influence,38.0,Female,East,Stopped In Trafficway,No Improper Action,No Apparent Influence,No Apparent Influence,33.42209,-111.89587,2019-08-27,00:09:00
35606,3557044,2019,University Dr,Ash Ave,170.0,Not Junction Related,0.0,0.0,No Injury,Rear End,Daylight,Clear,Dry,22.0,Female,East,Slowing In Trafficway,Followed Too Closely,No Apparent Influence,No Apparent Influence,23.0,Female,East,Stopped In Trafficway,No Improper Action,No Apparent Influence,No Apparent Influence,33.42193,-111.94184,2019-08-27,00:52:00
35608,3563541,2019,Rural Rd,Terrace Rd,0.0,Not Junction Related,0.0,0.0,No Injury,Sideswipe Same Direction,Dark Lighted,Clear,Dry,56.0,Male,South,Changing Lanes,Unsafe Lane Change,No Apparent Influence,No Apparent Influence,20.0,Female,South,Going Straight Ahead,No Improper Action,No Apparent Influence,No Apparent Influence,33.42028,-111.9263,2019-08-27,03:45:00
35609,3563688,2019,University Dr,Priest Dr,0.0,Not Junction Related,0.0,0.0,No Injury,Rear End,Dark Lighted,Clear,Dry,22.0,Male,East,Going Straight Ahead,Speed To Fast For Conditions,No Apparent Influence,No Apparent Influence,30.0,Female,East,Slowing In Trafficway,No Improper Action,No Apparent Influence,No Apparent Influence,33.42194,-111.96092,2019-08-27,03:57:00
35610,3557043,2019,McClintock Dr,Apache Blvd,25.0,Intersection Related 206,0.0,0.0,No Injury,Rear End,Dark Lighted,Clear,Dry,50.0,Female,South,Going Straight Ahead,Speed To Fast For Conditions,No Apparent Influence,No Apparent Influence,35.0,Female,South,Stopped In Trafficway,No Improper Action,No Apparent Influence,No Apparent Influence,33.41483,-111.90913,2019-08-27,04:02:00
35611,3555466,2019,Rural Rd,Apache Blvd,-50.0,Driveway Or Alley,0.0,0.0,No Injury,Rear End,Dark Lighted,Clear,Dry,22.0,Male,South,Going Straight Ahead,Speed To Fast For Conditions,No Apparent Influence,No Apparent Influence,19.0,Female,South,Slowing In Trafficway,No Improper Action,No Apparent Influence,No Apparent Influence,33.41462,-111.92629,2019-08-27,04:51:00
35613,3565154,2019,Knox Rd,Rita Ln,-200.0,Intersection Related 206,0.0,0.0,No Injury,Sideswipe Same Direction,Daylight,Clear,Dry,42.0,Female,East,Leaving Parking Position,Failed To Yield Right Of Way,No Apparent Influence,No Apparent Influence,16.0,Female,East,Going Straight Ahead,No Improper Action,No Apparent Influence,No Apparent Influence,33.32736,-111.92536,2019-08-27,14:26:00
35614,3556647,2019,Rio Salado Pkwy,McClintock Dr,-0.29,Not Junction Related,1.0,0.0,Suspected Minor Injury,Rear End,Daylight,Clear,Dry,21.0,Female,West,Going Straight Ahead,Followed Too Closely,No Apparent Influence,No Apparent Influence,24.0,Male,West,Stopped In Trafficway,No Improper Action,No Apparent Influence,No Apparent Influence,33.42933,-111.91406,2019-08-27,15:30:00
35615,3564731,2019,Price Rd,Broadway Rd,0.0,Intersection 4 Way 202,0.0,0.0,No Injury,Sideswipe Same Direction,Daylight,Clear,Dry,55.0,Male,South,Making Right Turn,Made Improper Turn,No Apparent Influence,No Apparent Influence,24.0,Female,South,Making Right Turn,No Improper Action,No Apparent Influence,No Apparent Influence,33.4075,-111.892,2019-08-27,15:30:00
35616,3563517,2019,Priest Dr,Fairmont Dr,123.0,Not Junction Related,2.0,0.0,Possible Injury,Rear End,Daylight,Clear,Dry,24.0,Female,North,Going Straight Ahead,Speed To Fast For Conditions,No Apparent Influence,No Apparent Influence,59.0,Female,North,Stopped In Trafficway,No Improper Action,No Apparent Influence,No Apparent Influence,33.39683,-111.9608,2019-08-27,15:33:00
35618,3565202,2019,McClintock Dr,Apache Blvd,-210.0,Intersection Related 206,0.0,0.0,No Injury,Sideswipe Same Direction,Daylight,Clear,Dry,21.0,Male,North,Going Straight Ahead,Failed To Keep In Proper Lane,No Apparent Influence,No Apparent Influence,54.0,Male,North,Stopped In Trafficway,No Improper Action,No Apparent Influence,No Apparent Influence,33.41418,-111.90913,2019-08-27,19:23:00
35619,3564727,2019,Guadalupe Rd,Price Rd,-15.0,Intersection Related 206,1.0,0.0,Possible Injury,Rear End,Daylight,Clear,Dry,61.0,Male,East,Making Right Turn,Followed Too Closely,No Apparent Influence,No Apparent Influence,35.0,Female,East,Stopped In Trafficway,No Improper Action,No Apparent Influence,No Apparent Influence,33.36389,-111.89472,2019-08-27,22:01:00
35620,3563516,2019,Rural Rd,Southern Ave,170.0,Intersection Related 206,0.0,0.0,No Injury,Left Turn,Daylight,Clear,Dry,21.0,Female,East,Making Left Turn,Failed To Yield Right Of Way,No Apparent Influence,No Apparent Influence,24.0,Female,South,Going Straight Ahead,No Improper Action,No Apparent Influence,No Apparent Influence,33.39343,-111.92633,2019-08-27,22:22:00
35621,3557126,2019,Alameda Dr,Industrial Park Ave,0.0,Intersection 201,1.0,0.0,Possible Injury,Angle - Other Than Left Turn 2,Daylight,Clear,Dry,53.0,Male,West,Making U Turn,Unsafe Lane Change,No Apparent Influence,No Apparent Influence,46.0,Female,West,Going Straight Ahead,No Improper Action,No Apparent Influence,No Apparent Influence,33.40013,-111.95525,2019-08-27,23:52:00
35624,3565186,2019,Warner Rd,River Pkwy,-150.0,Not Junction Related,1.0,0.0,Suspected Minor Injury,Left Turn,Daylight,Clear,Dry,28.0,Female,North,Making Left Turn,Failed To Yield Right Of Way,No Apparent Influence,No Apparent Influence,48.0,Female,East,Going Straight Ahead,No Improper Action,No Apparent Influence,No Apparent Influence,33.33477,-111.89816,2019-08-28,00:39:00
35627,3556610,2019,Minton Dr,Hardy Dr,0.0,Intersection 4 Way 202,2.0,0.0,Possible Injury,Angle - Other Than Left Turn 2,Daylight,Clear,Dry,52.0,Female,East,Going Straight Ahead,Ran Stop Sign,No Apparent Influence,No Apparent Influence,62.0,Female,South,Going Straight Ahead,No Improper Action,No Apparent Influence,No Apparent Influence,33.38098,-111.95244,2019-08-28,01:35:00
35631,3556621,2019,Broadway Rd,Jentilly Ln,0.0,Intersection T Inter 203,0.0,0.0,No Injury,Left Turn,Daylight,Clear,Dry,29.0,Male,Northeast,Making Left Turn,Failed To Yield Right Of Way,No Apparent Influence,No Apparent Influence,36.0,Male,West,Going Straight Ahead,No Improper Action,No Apparent Influence,No Apparent Influence,33.4075,-111.92372,2019-08-28,15:26:00
35632,3564753,2019,Hardy Dr,Malibu Dr,20.0,Intersection Related 206,0.0,0.0,No Injury,Sideswipe Same Direction,Daylight,Clear,Dry,49.0,Female,West,Making Right Turn,Failed To Keep In Proper Lane,No Apparent Influence,No Apparent Influence,53.0,Male,North,Stopped In Trafficway,No Improper Action,No Apparent Influence,No Apparent Influence,33.39227,-111.95198,2019-08-28,15:40:00
35634,3556605,2019,Broadway Rd,Terrace Rd,106.0,Intersection Related 206,0.0,0.0,No Injury,Rear End,Daylight,Clear,Dry,18.0,Female,West,Going Straight Ahead,Followed Too Closely,No Apparent Influence,No Apparent Influence,27.0,Male,West,Stopped In Trafficway,No Improper Action,No Apparent Influence,No Apparent Influence,33.40751,-111.92227,2019-08-28,17:24:00
35643,3563500,2019,Scottsdale Rd,Playa Del Norte Dr,170.0,Intersection Related 206,0.0,0.0,No Injury,Rear End,Daylight,Clear,Dry,22.0,Male,North,Going Straight Ahead,Speed To Fast For Conditions,No Apparent Influence,No Apparent Influence,39.0,Male,North,Stopped In Trafficway,No Improper Action,No Apparent Influence,No Apparent Influence,33.4345,-111.92626,2019-08-28,22:06:00
35644,3565188,2019,Rural Rd,Minton Dr,0.0,Intersection 4 Way 202,0.0,0.0,No Injury,Left Turn,Daylight,Clear,Dry,33.0,Female,North,Making Left Turn,Failed To Yield Right Of Way,No Apparent Influence,No Apparent Influence,53.0,Female,South,Going Straight Ahead,No Improper Action,No Apparent Influence,No Apparent Influence,33.37989,-111.92842,2019-08-28,22:25:00
35645,3565209,2019,University Dr,Rockford Dr,-192.0,Not Junction Related,1.0,0.0,Possible Injury,Rear End,Daylight,Clear,Dry,43.0,Female,East,Going Straight Ahead,Followed Too Closely,No Apparent Influence,No Apparent Influence,33.0,Male,East,Going Straight Ahead,No Improper Action,No Apparent Influence,No Apparent Influence,33.4221,-111.8987,2019-08-29,00:33:00
35647,3556601,2019,Rural Rd,Apache Blvd,150.0,Intersection Related 206,2.0,0.0,Possible Injury,Rear End,Daylight,Clear,Dry,18.0,Female,South,Going Straight Ahead,Followed Too Closely,No Apparent Influence,No Apparent Influence,29.0,Male,South,Stopped In Trafficway,Unknown,No Apparent Influence,No Apparent Influence,33.41517,-111.92629,2019-08-29,01:12:00
35648,3556665,2019,Priest Dr,Broadway Rd,-15.0,Intersection 4 Way 202,0.0,0.0,No Injury,Rear End,Dusk,Clear,Dry,56.0,Male,East,Making Right Turn,Followed Too Closely,No Apparent Influence,No Apparent Influence,59.0,Male,East,Making Right Turn,No Improper Action,No Apparent Influence,No Apparent Influence,33.40738,-111.96078,2019-08-29,01:18:00
35650,3563461,2019,Baseline Rd,Kyrene Rd,0.0,Intersection T Inter 203,0.0,0.0,No Injury,Left Turn,Dawn,Clear,Dry,29.0,Female,East,Going Straight Ahead,No Improper Action,No Apparent Influence,No Apparent Influence,34.0,Male,West,Making Left Turn,No Improper Action,No Apparent Influence,No Apparent Influence,33.3782,-111.94599,2019-08-29,12:24:00
35651,3565137,2019,Guadalupe Rd,Rural Rd,0.0,Intersection 4 Way 202,0.0,0.0,No Injury,Left Turn,Daylight,Clear,Dry,27.0,Female,West,Making Left Turn,Failed To Yield Right Of Way,No Apparent Influence,No Apparent Influence,74.0,Female,East,Going Straight Ahead,No Improper Action,No Apparent Influence,No Apparent Influence,33.36375,-111.9286,2019-08-29,13:19:00
35652,3556623,2019,Broadway Rd,Jentilly Ln,0.0,Intersection T Inter 203,2.0,0.0,Suspected Minor Injury,Unknown,Unknown 51,Unknown,Dry,49.0,Male,Northeast,Making Left Turn,Failed To Yield Right Of Way,No Apparent Influence,No Apparent Influence,34.0,Male,West,Going Straight Ahead,No Improper Action,No Apparent Influence,No Apparent Influence,33.4075,-111.92372,2019-08-29,14:51:00
35654,3565189,2019,Warner Rd,Priest Dr,-15.0,Intersection Related 206,1.0,0.0,Possible Injury,Rear End,Daylight,Clear,Dry,31.0,Male,East,Going Straight Ahead,Followed Too Closely,No Apparent Influence,No Apparent Influence,31.0,Female,East,Stopped In Trafficway,No Improper Action,No Apparent Influence,No Apparent Influence,33.33452,-111.96317,2019-08-29,16:54:00
35655,3565196,2019,Southern Ave,Mill Ave,15.0,Intersection Related 206,1.0,0.0,Suspected Minor Injury,Rear End,Daylight,Clear,Dry,62.0,Male,West,Making Right Turn,Followed Too Closely,No Apparent Influence,No Apparent Influence,28.0,Male,West,Stopped In Trafficway,No Improper Action,No Apparent Influence,No Apparent Influence,33.39286,-111.93955,2019-08-29,16:55:00
35659,3557145,2019,Ash Ave,Baseline Rd,100.0,Not Junction Related,0.0,0.0,No Injury,Sideswipe Same Direction,Daylight,Clear,Dry,19.0,Male,North,Leaving Parking Position,Speed To Fast For Conditions,No Apparent Influence,No Apparent Influence,58.0,Male,North,Going Straight Ahead,No Improper Action,No Apparent Influence,No Apparent Influence,33.3785,-111.94153,2019-08-29,21:22:00
35661,3557127,2019,Ash Ave,Baseline Rd,15.0,Intersection Related 206,0.0,0.0,No Injury,Angle - Other Than Left Turn 2,Daylight,Clear,Dry,61.0,Female,South,Making Right Turn,Unsafe Lane Change,No Apparent Influence,No Apparent Influence,27.0,Female,South,Stopped In Trafficway,No Improper Action,No Apparent Influence,No Apparent Influence,33.37826,-111.94153,2019-08-29,21:35:00
35663,3565185,2019,University Dr,McClintock Dr,-135.0,Intersection Related 206,1.0,0.0,Possible Injury,Rear End,Daylight,Clear,Dry,17.0,Female,East,Going Straight Ahead,Followed Too Closely,No Apparent Influence,No Apparent Influence,31.0,Female,East,Stopped In Trafficway,No Improper Action,No Apparent Influence,No Apparent Influence,33.42198,-111.90953,2019-08-29,22:35:00
35664,3564714,2019,Scottsdale Rd,Gilbert Dr,0.0,Intersection T Inter 203,0.0,0.0,No Injury,Left Turn,Daylight,Clear,Dry,21.0,Male,North,Making Left Turn,Failed To Yield Right Of Way,No Apparent Influence,No Apparent Influence,44.0,Male,South,Going Straight Ahead,No Improper Action,No Apparent Influence,No Apparent Influence,33.43756,-111.92628,2019-08-29,22:48:00
35665,3556667,2019,Broadway Rd,48th St,100.0,Intersection Related 206,0.0,0.0,No Injury,Rear End,Daylight,Clear,Dry,24.0,Female,West,Going Straight Ahead,Speed To Fast For Conditions,No Apparent Influence,No Apparent Influence,38.0,Female,West,Going Straight Ahead,No Improper Action,No Apparent Influence,No Apparent Influence,33.40733,-111.97796,2019-08-29,22:52:00
35666,3565206,2019,5th St,Forest Service 01 Tempe Ave,80.0,Not Junction Related,0.0,0.0,No Injury,Rear End,Daylight,Clear,Dry,22.0,Female,West,Slowing In Trafficway,Speed To Fast For Conditions,No Apparent Influence,No Apparent Influence,20.0,Female,West,Slowing In Trafficway,No Improper Action,No Apparent Influence,No Apparent Influence,33.42552,-111.93641,2019-08-29,23:36:00
35667,3556658,2019,University Dr,Mill Ave,0.0,Intersection 4 Way 202,0.0,0.0,No Injury,Left Turn,Daylight,Clear,Dry,75.0,Male,South,Making Left Turn,Failed To Keep In Proper Lane,No Apparent Influence,No Apparent Influence,22.0,Female,South,Making Left Turn,No Improper Action,No Apparent Influence,No Apparent Influence,33.42193,-111.94002,2019-08-29,23:38:00
35670,3565181,2019,McClintock Dr,Rio Salado Pkwy,25.0,Intersection Related 206,1.0,0.0,Suspected Minor Injury,Angle - Other Than Left Turn 2,Daylight,Clear,Dry,51.0,Female,South,Changing Lanes,Unsafe Lane Change,No Apparent Influence,No Apparent Influence,27.0,Male,South,Going Straight Ahead,No Improper Action,No Apparent Influence,No Apparent Influence,33.42933,-111.90907,2019-08-30,00:37:00
35671,3556664,2019,Warner Rd,Jewell St,-200.0,Intersection Related 206,0.0,0.0,No Injury,Rear End,Daylight,Clear,Dry,18.0,Male,East,Changing Lanes,Unsafe Lane Change,No Apparent Influence,No Apparent Influence,22.0,Female,East,Going Straight Ahead,No Improper Action,No Apparent Influence,No Apparent Influence,33.33451,-111.96895,2019-08-30,00:55:00
35672,3556663,2019,Rio Salado Pkwy,N Tempe Marketplace,30.0,Intersection Related 206,2.0,0.0,Suspected Serious Injury,Rear End,Dusk,Clear,Dry,21.0,Male,West,Going Straight Ahead,Followed Too Closely,No Apparent Influence,No Apparent Influence,52.0,Male,West,Stopped In Trafficway,No Improper Action,No Apparent Influence,No Apparent Influence,33.42928,-111.90037,2019-08-30,01:23:00
35673,3556668,2019,McClintock Dr,Southern Ave,0.0,Intersection 4 Way 202,0.0,0.0,No Injury,Angle - Other Than Left Turn 2,Daylight,Clear,Dry,48.0,Male,North,Going Straight Ahead,Disregarded Traffic Signal,No Apparent Influence,No Apparent Influence,48.0,Female,East,Going Straight Ahead,No Improper Action,No Apparent Influence,No Apparent Influence,33.39299,-111.90913,2019-08-30,01:33:00
35676,3563488,2019,Rural Rd,University Dr,130.0,Unknown,0.0,0.0,No Injury,Rear End,Dark Lighted,Clear,Dry,19.0,Female,South,Going Straight Ahead,Followed Too Closely,No Apparent Influence,No Apparent Influence,19.0,Male,South,Going Straight Ahead,No Improper Action,No Apparent Influence,No Apparent Influence,33.42239,-111.92631,2019-08-30,04:58:00
35677,3565100,2019,Rural Rd,US-60 Exit 174 J-Ramp,30.0,Intersection Related 206,0.0,0.0,No Injury,Rear End,Dark Lighted,Clear,Dry,23.0,Male,South,Slowing In Trafficway,Followed Too Closely,No Apparent Influence,No Apparent Influence,25.0,Female,South,Stopped In Trafficway,No Improper Action,No Apparent Influence,No Apparent Influence,33.38626,-111.92647,2019-08-30,05:14:00
35679,3564756,2019,5th St,Forest Service 01 Tempe Ave,0.0,Intersection T Inter 203,0.0,0.0,No Injury,Rear End,Dark Lighted,Clear,Dry,40.0,Male,West,Going Straight Ahead,Followed Too Closely,No Apparent Influence,No Apparent Influence,60.0,Male,West,Stopped In Trafficway,No Improper Action,No Apparent Influence,No Apparent Influence,33.42551,-111.93667,2019-08-30,05:40:00
35680,3556609,2019,McClintock Dr,Broadway Rd,25.0,Intersection Related 206,0.0,0.0,No Injury,Left Turn,Dark Lighted,Clear,Dry,18.0,Female,North,Making Right Turn,Made Improper Turn,No Apparent Influence,No Apparent Influence,40.0,Male,North,Making Left Turn,No Improper Action,No Apparent Influence,No Apparent Influence,33.40757,-111.90912,2019-08-30,06:12:00
35681,3557133,2019,Southern Ave,48th St,30.0,Intersection Related 206,0.0,0.0,No Injury,Rear End,Daylight,Clear,Dry,35.0,Male,East,Changing Lanes,Followed Too Closely,No Apparent Influence,No Apparent Influence,53.0,Female,East,Slowing In Trafficway,No Improper Action,No Apparent Influence,No Apparent Influence,33.39277,-111.97824,2019-08-30,12:48:00
35685,3557132,2019,48th St,Alameda Dr,40.0,Intersection Related 206,0.0,0.0,No Injury,Sideswipe Same Direction,Daylight,Clear,Dry,48.0,Male,South,Going Straight Ahead,Unsafe Lane Change,No Apparent Influence,No Apparent Influence,29.0,Male,South,Going Straight Ahead,No Improper Action,No Apparent Influence,No Apparent Influence,33.40016,-111.97831,2019-08-30,18:44:00
35686,3565180,2019,Rural Rd,Terrace Rd,200.0,Intersection Related 206,2.0,0.0,Possible Injury,Rear End,Daylight,Clear,Dry,27.0,Male,South,Going Straight Ahead,Followed Too Closely,No Apparent Influence,No Apparent Influence,22.0,Female,South,Stopped In Trafficway,No Improper Action,No Apparent Influence,No Apparent Influence,33.42083,-111.9263,2019-08-30,20:41:00
35687,3563532,2019,Rural Rd,Spence Ave,150.0,Intersection Related 206,1.0,0.0,Possible Injury,Rear End,Daylight,Clear,Dry,75.0,Male,South,Going Straight Ahead,Followed Too Closely,No Apparent Influence,No Apparent Influence,66.0,Male,South,Stopped In Trafficway,No Improper Action,No Apparent Influence,No Apparent Influence,33.41327,-111.92629,2019-08-30,20:44:00
35688,3565140,2019,Country Club Way,Baseline Rd,25.0,Intersection Related 206,0.0,0.0,No Injury,Rear End,Daylight,Clear,Dry,39.0,Female,North,Backing,Other,No Apparent Influence,No Apparent Influence,31.0,Male,South,Stopped In Trafficway,No Improper Action,No Apparent Influence,No Apparent Influence,33.37852,-111.90064,2019-08-30,22:08:00
35692,3569384,2019,Rural Rd,Southern Ave,192.0,Not Junction Related,0.0,0.0,No Injury,Angle - Other Than Left Turn 2,Daylight,Clear,Dry,18.0,Male,Northeast,Making Left Turn,Failed To Yield Right Of Way,No Apparent Influence,No Apparent Influence,33.0,Male,North,Going Straight Ahead,No Improper Action,No Apparent Influence,No Apparent Influence,33.39349,-111.92633,2019-08-30,23:15:00
35693,3557143,2019,Warner Rd,Kyrene Rd,-20.0,Intersection Related 206,0.0,0.0,No Injury,Rear End,Daylight,Clear,Dry,59.0,Male,East,Going Straight Ahead,Followed Too Closely,No Apparent Influence,No Apparent Influence,39.0,Female,East,Stopped In Trafficway,No Improper Action,No Apparent Influence,No Apparent Influence,33.3346,-111.94572,2019-08-30,23:18:00
35694,3565153,2019,Rural Rd,Minton Dr,0.0,Intersection 4 Way 202,0.0,0.0,No Injury,Angle - Other Than Left Turn 2,Daylight,Clear,Dry,79.0,Female,South,Making Left Turn,Failed To Yield Right Of Way,No Apparent Influence,No Apparent Influence,17.0,Male,North,Going Straight Ahead,No Improper Action,No Apparent Influence,No Apparent Influence,33.37989,-111.92842,2019-08-30,23:21:00
35696,3557163,2019,McClintock Dr,Warner Rd,0.0,Intersection 4 Way 202,1.0,0.0,Possible Injury,Left Turn,Dusk,Clear,Dry,40.0,Male,North,Making Left Turn,Failed To Yield Right Of Way,No Apparent Influence,No Apparent Influence,42.0,Male,South,Going Straight Ahead,No Improper Action,No Apparent Influence,No Apparent Influence,33.33464,-111.91118,2019-08-31,01:41:00
35698,3557655,2019,Veterans Way,6th St,-0.11,Unknown,0.0,0.0,No Injury,Rear End,Dark Lighted,Clear,Dry,36.0,Male,South,Backing,Unknown,Alcohol,No Apparent Influence,20.0,Male,Unknown,Unknown,Unknown,No Apparent Influence,No Apparent Influence,33.42399,-111.93196,2019-08-31,07:30:00
35702,3563490,2019,Rural Rd,University Dr,-38.0,Intersection 201,0.0,0.0,No Injury,Sideswipe Same Direction,Unknown 51,Unknown,Dry,46.0,Male,South,Making Left Turn,Failed To Keep In Proper Lane,No Apparent Influence,No Apparent Influence,38.0,Female,South,Making Left Turn,No Improper Action,No Apparent Influence,No Apparent Influence,33.42192,-111.92631,2019-08-31,20:52:00
35704,3565093,2019,McClintock Dr,E Tempe Marketplace,-50.0,Intersection Related 206,0.0,0.0,No Injury,Rear End,Daylight,Unknown,Dry,40.0,Male,North,Stopped In Trafficway,No Improper Action,No Apparent Influence,No Apparent Influence,41.0,Male,North,Stopped In Trafficway,No Improper Action,No Apparent Influence,No Apparent Influence,33.43195,-111.90927,2019-08-31,23:13:00
35705,3565083,2019,McClintock Dr,Apache Blvd,-60.0,Intersection Related 206,2.0,0.0,Possible Injury,Rear End,Daylight,Clear,Dry,44.0,Female,North,Slowing In Trafficway,Followed Too Closely,No Apparent Influence,No Apparent Influence,50.0,Male,North,Stopped In Trafficway,No Improper Action,No Apparent Influence,No Apparent Influence,33.4146,-111.90913,2019-09-01,00:23:00
35708,3590945,2019,Warner Rd,Priest Dr,0.0,Intersection 201,1.0,0.0,Suspected Minor Injury,Angle - Other Than Left Turn 2,Daylight,Clear,Dry,21.0,Male,Northwest,Making Left Turn,Made Improper Turn,No Apparent Influence,No Apparent Influence,67.0,Male,East,Going Straight Ahead,No Improper Action,No Apparent Influence,No Apparent Influence,33.33453,-111.96312,2019-09-01,01:07:00
35710,3569807,2019,5th St,Farmer Ave,0.0,Intersection 4 Way 202,0.0,0.0,No Injury,Angle - Other Than Left Turn 2,Dusk,Clear,Dry,42.0,Female,North,Going Straight Ahead,Speed To Fast For Conditions,No Apparent Influence,No Apparent Influence,21.0,Male,East,Going Straight Ahead,No Improper Action,No Apparent Influence,No Apparent Influence,33.42547,-111.94429,2019-09-01,01:34:00
35712,3564692,2019,Guadalupe Rd,River Dr,0.0,Intersection Related 206,0.0,0.0,No Injury,Left Turn,Dark Lighted,Clear,Dry,18.0,Male,South,Making Left Turn,Failed To Yield Right Of Way,No Apparent Influence,No Apparent Influence,70.0,Male,West,Going Straight Ahead,No Improper Action,No Apparent Influence,No Apparent Influence,33.36382,-111.8976,2019-09-01,06:37:00
35713,3569378,2019,Price Rd,Apache Blvd,15.0,Intersection Related 206,0.0,0.0,No Injury,Rear End,Daylight,Clear,Dry,30.0,Female,South,Going Straight Ahead,Followed Too Closely,No Apparent Influence,No Apparent Influence,53.0,Female,South,Stopped In Trafficway,No Improper Action,No Apparent Influence,No Apparent Influence,33.41484,-111.89194,2019-09-01,14:43:00
35714,3565161,2019,University Dr,Veterans Way,-25.0,Intersection Related 206,0.0,0.0,No Injury,Rear End,Daylight,Clear,Dry,35.0,Male,West,Going Straight Ahead,Speed To Fast For Conditions,No Apparent Influence,No Apparent Influence,53.0,Male,West,Stopped In Trafficway,No Improper Action,No Apparent Influence,No Apparent Influence,33.42202,-111.92902,2019-09-01,21:15:00
35716,3563510,2019,52nd St,16th St,0.0,Intersection T Inter 203,0.0,0.0,No Injury,Angle - Other Than Left Turn 2,Daylight,Clear,Dry,16.0,Male,West,Making Left Turn,Failed To Yield Right Of Way,No Apparent Influence,No Apparent Influence,48.0,Female,North,Going Straight Ahead,No Improper Action,No Apparent Influence,No Apparent Influence,33.41155,-111.96953,2019-09-01,21:51:00
35718,3564726,2019,Broadway Rd,Price Rd,-20.0,Intersection Related 206,0.0,0.0,No Injury,Rear End,Dark Lighted,Cloudy,Dry,30.0,Female,East,Slowing In Trafficway,Speed To Fast For Conditions,No Apparent Influence,No Apparent Influence,24.0,Female,East,Stopped In Trafficway,No Improper Action,No Apparent Influence,No Apparent Influence,33.40748,-111.8904,2019-09-02,01:38:00
35719,3564764,2019,Priest Dr,US-60 Exit 172 G-Ramp,35.0,Intersection 4 Way 202,0.0,0.0,No Injury,Other,Dark Lighted,Clear,Dry,17.0,Male,North,Backing,Other,No Apparent Influence,No Apparent Influence,40.0,Male,South,Stopped In Trafficway,No Improper Action,No Apparent Influence,No Apparent Influence,33.38686,-111.96094,2019-09-02,02:01:00
35720,3565080,2019,Baseline Rd,I-10 Exit 155 J1-Ramp,0.0,Intersection 201,2.0,0.0,Possible Injury,Left Turn,Dark Lighted,Clear,Dry,28.0,Male,East,Making Left Turn,Disregarded Traffic Signal,No Apparent Influence,No Apparent Influence,64.0,Female,West,Going Straight Ahead,No Improper Action,No Apparent Influence,No Apparent Influence,33.3783,-111.96738,2019-09-02,02:40:00
35723,3552598,2019,Elliot Rd,I-10 Exit 157 A-Ramp,0.0,Intersection 201,0.0,0.0,No Injury,Sideswipe Same Direction,Daylight,Clear,Dry,77.0,Male,East,Going Straight Ahead,Unsafe Lane Change,No Apparent Influence,No Apparent Influence,25.0,Female,East,Making Left Turn,No Improper Action,No Apparent Influence,No Apparent Influence,33.34907,-111.97283,2019-09-02,21:34:00
35728,3565208,2019,Price Rd,Elliot Rd,174.0,Intersection Related 206,0.0,0.0,No Injury,Rear End,Daylight,Clear,Dry,27.0,Male,South,Slowing In Trafficway,Followed Too Closely,No Apparent Influence,No Apparent Influence,39.0,Female,South,Stopped In Trafficway,No Improper Action,No Apparent Influence,No Apparent Influence,33.34982,-111.89438,2019-09-03,14:07:00
35729,3563691,2019,Scottsdale Rd,Playa Del Norte Dr,0.0,Intersection 4 Way 202,1.0,0.0,Suspected Minor Injury,Left Turn,Daylight,Clear,Dry,27.0,Male,North,Going Straight Ahead,Disregarded Traffic Signal,No Apparent Influence,No Apparent Influence,29.0,Male,North,Making Left Turn,No Improper Action,No Apparent Influence,No Apparent Influence,33.43403,-111.92626,2019-09-03,14:21:00
35732,3565157,2019,Rural Rd,Southern Ave,200.0,Driveway Or Alley,0.0,0.0,No Injury,Angle - Other Than Left Turn 2,Daylight,Clear,Dry,21.0,Female,East,Making Right Turn,Failed To Yield Right Of Way,No Apparent Influence,No Apparent Influence,87.0,Male,South,Going Straight Ahead,No Improper Action,No Apparent Influence,No Apparent Influence,33.39351,-111.92633,2019-09-03,17:00:00
35733,3563535,2019,Rio Salado Pkwy,Price Rd,0.0,Intersection 4 Way 202,1.0,0.0,Possible Injury,Left Turn,Daylight,Clear,Dry,24.0,Female,West,Making Left Turn,Failed To Yield Right Of Way,No Apparent Influence,No Apparent Influence,79.0,Female,East,Going Straight Ahead,No Improper Action,No Apparent Influence,No Apparent Influence,33.42938,-111.89183,2019-09-03,17:25:00
35735,3565142,2019,21st St,Wilson St,-150.0,Driveway Or Alley,0.0,0.0,No Injury,Rear End,Daylight,Clear,Dry,49.0,Male,West,Backing,Other,No Apparent Influence,No Apparent Influence,36.0,Female,West,Stopped In Trafficway,No Improper Action,No Apparent Influence,No Apparent Influence,33.40556,-111.94529,2019-09-03,17:45:00
35736,3563674,2019,Apache Blvd,Price Rd,100.0,Not Junction Related,0.0,0.0,No Injury,Sideswipe Same Direction,Daylight,Clear,Dry,19.0,Male,West,Changing Lanes,Unsafe Lane Change,No Apparent Influence,No Apparent Influence,17.0,Female,West,Going Straight Ahead,No Improper Action,No Apparent Influence,No Apparent Influence,33.4148,-111.89162,2019-09-03,17:48:00