,Incident ID,Year,Street Name,Cross Street,Distance,Junction Relation,Total Injuries,Total Fatalities,Injury Severity,Collision Manner,Light Condition,Weather,Surface Condition,Age Driver 1,Gender Driver 1,Travel Direction One,Unit Action One,Violation1_Drv1,Alcohol Use Driver 1,Drug Use Driver 1,Age Driver 2,Gender Driver 2,Travel Direction Two,Unit Action Two,Violation 1 Driver 2,Alcohol Use Driver 2,Drug Use Driver 2,Latitude,Longitude,Date,Time
35876,3563658,2019,Rural Rd,University Dr,-205.0,Intersection Related 206,1.0,0.0,Possible Injury,Rear End,Daylight,Clear,Dry,33.0,Female,North,Going Straight Ahead,Followed Too Closely,No Apparent Influence,No Apparent Influence,46.0,Male,North,Stopped In Trafficway,No Improper Action,No Apparent Influence,No Apparent Influence,33.42147,-111.92631,2019-09-11,14:26:00
35879,3569213,2019,Warner Rd,Rural Rd,-120.0,Intersection Related 206,0.0,0.0,No Injury,Rear End,Daylight,Cloudy,Dry,43.0,Female,East,Going Straight Ahead,Followed Too Closely,No Apparent Influence,No Apparent Influence,53.0,Female,East,Stopped In Trafficway,No Improper Action,No Apparent Influence,No Apparent Influence,33.33465,-111.92881,2019-09-11,16:29:00
35880,3563543,2019,Priest Dr,Southern Ave,-153.0,Intersection 4 Way 202,0.0,0.0,No Injury,Rear End,Daylight,Clear,Dry,46.0,Female,North,Going Straight Ahead,Followed Too Closely,No Apparent Influence,No Apparent Influence,44.0,Female,North,Stopped In Trafficway,No Improper Action,No Apparent Influence,No Apparent Influence,33.39246,-111.96078,2019-09-11,18:10:00
35881,3563452,2019,Elliot Rd,Price Rd,-65.0,Intersection Related 206,0.0,0.0,No Injury,Rear End,Daylight,Cloudy,Dry,19.0,Male,East,Going Straight Ahead,Followed Too Closely,No Apparent Influence,No Apparent Influence,45.0,Male,East,Stopped In Trafficway,No Improper Action,No Apparent Influence,No Apparent Influence,33.34934,-111.89458,2019-09-11,19:21:00
35884,3563450,2019,Southern Ave,McClintock Dr,-175.0,Intersection Related 206,1.0,0.0,Suspected Minor Injury,Rear End,Daylight,Clear,Dry,30.0,Female,East,Going Straight Ahead,Followed Too Closely,No Apparent Influence,No Apparent Influence,34.0,Female,East,Stopped In Trafficway,No Improper Action,No Apparent Influence,No Apparent Influence,33.39299,-111.9097,2019-09-11,23:03:00
35886,3563549,2019,College Ave,Weber Dr,0.0,Intersection T Inter 203,0.0,0.0,No Injury,Left Turn,Dusk,Clear,Dry,24.0,Male,West,Making Left Turn,Failed To Yield Right Of Way,No Apparent Influence,No Apparent Influence,26.0,Female,North,Going Straight Ahead,No Improper Action,No Apparent Influence,No Apparent Influence,33.44241,-111.93148,2019-09-12,00:58:00
35887,3565220,2019,Rural Rd,Southern Ave,0.0,Intersection 4 Way 202,2.0,0.0,Suspected Minor Injury,Left Turn,Daylight,Clear,Dry,22.0,Female,West,Making Left Turn,Failed To Yield Right Of Way,No Apparent Influence,No Apparent Influence,34.0,Male,East,Going Straight Ahead,No Improper Action,No Apparent Influence,No Apparent Influence,33.39296,-111.92633,2019-09-12,01:21:00
35889,3563465,2019,University Dr,Madison Dr,0.0,Intersection T Inter 203,0.0,0.0,No Injury,Left Turn,Dusk,Clear,Dry,83.0,Male,West,Making Left Turn,Failed To Yield Right Of Way,No Apparent Influence,No Apparent Influence,20.0,Female,South,Going Straight Ahead,No Improper Action,No Apparent Influence,No Apparent Influence,33.42192,-111.97333,2019-09-12,02:11:00
35891,3564707,2019,Southern Ave,Potter Dr,0.0,Intersection T Inter 203,2.0,0.0,Suspected Minor Injury,Left Turn,Daylight,Clear,Dry,23.0,Male,West,Going Straight Ahead,Disregarded Traffic Signal,No Apparent Influence,No Apparent Influence,42.0,Female,East,Making Left Turn,No Improper Action,No Apparent Influence,No Apparent Influence,33.3928,-111.97233,2019-09-12,14:05:00
35892,3563663,2019,Broadway Rd,Jentilly Ln,0.0,Intersection T Inter 203,1.0,0.0,Suspected Minor Injury,Left Turn,Daylight,Clear,Dry,42.0,Female,East,Making Left Turn,Failed To Yield Right Of Way,No Apparent Influence,No Apparent Influence,35.0,Male,West,Going Straight Ahead,No Improper Action,No Apparent Influence,No Apparent Influence,33.4075,-111.92372,2019-09-12,14:56:00
35893,3564747,2019,Broadway Rd,Roosevelt St,0.0,Intersection 4 Way 202,2.0,0.0,Suspected Minor Injury,Left Turn,Daylight,Clear,Dry,44.0,Female,West,Making Left Turn,Failed To Keep In Proper Lane,No Apparent Influence,No Apparent Influence,40.0,Male,East,Going Straight Ahead,No Improper Action,No Apparent Influence,No Apparent Influence,33.40738,-111.94785,2019-09-12,14:59:00
35894,3565130,2019,6th St,Rural Rd,-40.0,Intersection Related 206,0.0,0.0,No Injury,Sideswipe Same Direction,Daylight,Clear,Dry,31.0,Male,East,Going Straight Ahead,Passed In No Passing Zone,No Apparent Influence,No Apparent Influence,22.0,Male,East,Going Straight Ahead,No Improper Action,No Apparent Influence,No Apparent Influence,33.4245,-111.92643,2019-09-12,16:08:00
35895,3565073,2019,Elliot Rd,I-10 Exit 157 J-Ramp,40.0,Intersection Related 206,0.0,0.0,No Injury,Sideswipe Same Direction,Daylight,Clear,Dry,22.0,Male,West,Changing Lanes,Unsafe Lane Change,No Apparent Influence,No Apparent Influence,39.0,Male,West,Going Straight Ahead,No Improper Action,No Apparent Influence,No Apparent Influence,33.34909,-111.97081,2019-09-12,16:18:00
35896,3563692,2019,Lemon St,Rural Rd,-60.0,Intersection Related 206,0.0,0.0,No Injury,Angle - Other Than Left Turn 2,Daylight,Clear,Dry,20.0,Male,South,Going Straight Ahead,No Improper Action,No Apparent Influence,No Apparent Influence,22.0,Female,East,Stopped In Trafficway,No Improper Action,No Apparent Influence,No Apparent Influence,33.41683,-111.92649,2019-09-12,17:32:00
35897,3563664,2019,University Dr,McAllister Ave,75.0,Not Junction Related,1.0,0.0,Suspected Minor Injury,Sideswipe Same Direction,Daylight,Clear,Dry,27.0,Male,East,Changing Lanes,Unsafe Lane Change,No Apparent Influence,No Apparent Influence,19.0,Female,East,Going Straight Ahead,No Improper Action,No Apparent Influence,No Apparent Influence,33.42202,-111.92869,2019-09-12,19:47:00
35902,3563453,2019,Broadway Rd,48th St,0.0,Intersection 4 Way 202,0.0,0.0,No Injury,Left Turn,Daylight,Clear,Dry,28.0,Male,South,Making Left Turn,Failed To Keep In Proper Lane,No Apparent Influence,No Apparent Influence,68.0,Female,South,Making Left Turn,No Improper Action,No Apparent Influence,No Apparent Influence,33.40733,-111.97829,2019-09-12,22:33:00
35903,3563689,2019,Baseline Rd,Mill Ave,-100.0,Intersection Related 206,0.0,0.0,No Injury,Rear End,Daylight,Clear,Dry,27.0,Male,East,Going Straight Ahead,Followed Too Closely,No Apparent Influence,No Apparent Influence,25.0,Female,East,Stopped In Trafficway,No Improper Action,No Apparent Influence,No Apparent Influence,33.37822,-111.93969,2019-09-12,22:47:00
35904,3563701,2019,Priest Dr,Todd Dr,59.0,Not Junction Related,0.0,0.0,No Injury,Sideswipe Same Direction,Daylight,Clear,Dry,73.0,Male,North,Changing Lanes,Unsafe Lane Change,No Apparent Influence,No Apparent Influence,33.0,Female,North,Going Straight Ahead,No Improper Action,No Apparent Influence,No Apparent Influence,33.35291,-111.96316,2019-09-12,23:03:00
35905,3563580,2019,College Ave,Weber Dr,0.0,Intersection T Inter 203,1.0,0.0,Suspected Minor Injury,Rear End,Daylight,Clear,Dry,28.0,Male,South,Going Straight Ahead,Speed To Fast For Conditions,No Apparent Influence,No Apparent Influence,23.0,Male,South,Stopped In Trafficway,No Improper Action,No Apparent Influence,No Apparent Influence,33.44241,-111.93148,2019-09-12,23:04:00
35908,3563672,2019,Broadway Rd,55th St,0.0,Intersection 4 Way 202,2.0,0.0,Suspected Minor Injury,Left Turn,Daylight,Clear,Dry,49.0,Male,East,Making Left Turn,Failed To Yield Right Of Way,Alcohol,No Apparent Influence,41.0,Female,West,Going Straight Ahead,No Improper Action,No Apparent Influence,No Apparent Influence,33.40758,-111.96582,2019-09-13,00:42:00
35909,3563550,2019,University Dr,McAllister Ave,-50.0,Intersection Related 206,0.0,0.0,No Injury,Rear End,Daylight,Clear,Dry,20.0,Male,East,Going Straight Ahead,Followed Too Closely,No Apparent Influence,No Apparent Influence,19.0,Female,East,Stopped In Trafficway,No Improper Action,No Apparent Influence,No Apparent Influence,33.42202,-111.9291,2019-09-13,00:50:00
35911,3565215,2019,Baseline Rd,Hardy Dr,0.0,Intersection 4 Way 202,0.0,0.0,No Injury,Left Turn,Unknown 51,Unknown,Dry,45.0,Male,North,Making Left Turn,Failed To Yield Right Of Way,No Apparent Influence,No Apparent Influence,40.0,Male,South,Going Straight Ahead,No Improper Action,No Apparent Influence,No Apparent Influence,33.37821,-111.95251,2019-09-13,05:03:00
35912,3563700,2019,48th St,Broadway Rd,139.0,Entrance Exit Ramp 205,0.0,0.0,No Injury,Sideswipe Same Direction,Daylight,Clear,Dry,49.0,Female,South,Changing Lanes,Unsafe Lane Change,No Apparent Influence,No Apparent Influence,74.0,Female,South,Going Straight Ahead,No Improper Action,No Apparent Influence,No Apparent Influence,33.40771,-111.97826,2019-09-13,17:14:00
35913,3563670,2019,Price Rd,Rio Salado Pkwy,0.0,Intersection 4 Way 202,1.0,0.0,Suspected Minor Injury,Left Turn,Daylight,Clear,Dry,67.0,Male,South,Going Straight Ahead,Other,No Apparent Influence,No Apparent Influence,68.0,Female,South,Making Left Turn,No Improper Action,No Apparent Influence,No Apparent Influence,33.42938,-111.89183,2019-09-13,18:41:00
35914,3564705,2019,Grove Pkwy,Priest Dr,0.0,Intersection T Inter 203,1.0,0.0,Suspected Minor Injury,Angle - Other Than Left Turn 2,Daylight,Clear,Dry,44.0,Male,Northeast,Making Left Turn,Failed To Yield Right Of Way,No Apparent Influence,No Apparent Influence,38.0,Male,Southwest,Going Straight Ahead,No Improper Action,No Apparent Influence,No Apparent Influence,33.35148,-111.96246,2019-09-13,19:00:00
35916,3563699,2019,University Dr,McAllister Ave,97.0,Not Junction Related,0.0,0.0,No Injury,Rear End,Daylight,Clear,Dry,45.0,Female,East,Going Straight Ahead,Followed Too Closely,No Apparent Influence,No Apparent Influence,20.0,Female,East,Stopped In Trafficway,No Improper Action,No Apparent Influence,No Apparent Influence,33.42202,-111.92862,2019-09-13,21:03:00
35917,3569256,2019,Dorsey Ln,Southern Ave,0.0,Intersection 4 Way 202,0.0,0.0,No Injury,Angle - Other Than Left Turn 2,Daylight,Clear,Dry,41.0,Female,North,Going Straight Ahead,Disregarded Traffic Signal,No Apparent Influence,No Apparent Influence,58.0,Male,East,Going Straight Ahead,No Improper Action,No Apparent Influence,No Apparent Influence,33.39296,-111.91775,2019-09-13,22:11:00
35918,3563697,2019,Baseline Rd,I-10 Exit 155 J1-Ramp,0.0,Intersection 4 Way 202,0.0,0.0,No Injury,Left Turn,Daylight,Clear,Dry,49.0,Female,East,Making Left Turn,Unknown,No Apparent Influence,No Apparent Influence,36.0,Male,East,Making Left Turn,Unknown,No Apparent Influence,No Apparent Influence,33.3783,-111.96738,2019-09-13,22:26:00
35919,3569320,2019,Baseline Rd,Arizona Mills S,0.0,Intersection T Inter 203,1.0,0.0,Possible Injury,Left Turn,Daylight,Clear,Dry,35.0,Female,West,Going Straight Ahead,Disregarded Traffic Signal,No Apparent Influence,No Apparent Influence,64.0,Female,East,Making Left Turn,No Improper Action,No Apparent Influence,No Apparent Influence,33.37827,-111.96545,2019-09-13,22:48:00
35922,3563508,2019,University Dr,Dorsey Ln,-90.0,Intersection Related 206,1.0,0.0,Possible Injury,Rear End,Dusk,Clear,Dry,26.0,Female,East,Going Straight Ahead,Followed Too Closely,No Apparent Influence,No Apparent Influence,25.0,Male,East,Stopped In Trafficway,No Improper Action,No Apparent Influence,No Apparent Influence,33.42202,-111.91798,2019-09-14,01:20:00
35923,3563584,2019,Elliot Rd,Priest Dr,0.0,Intersection Related 206,0.0,0.0,No Injury,Rear End,Dark Lighted,Clear,Dry,24.0,Female,East,Going Straight Ahead,Speed To Fast For Conditions,No Apparent Influence,No Apparent Influence,36.0,Male,East,Slowing In Trafficway,No Improper Action,No Apparent Influence,No Apparent Influence,33.3491,-111.96313,2019-09-14,03:16:00
35926,3563707,2019,Baseline Rd,I-10 Exit 155 A1-Ramp,100.0,Intersection Related 206,0.0,0.0,No Injury,Rear End,Dark Lighted,Clear,Dry,30.0,Male,West,Going Straight Ahead,Speed To Fast For Conditions,Alcohol,No Apparent Influence,40.0,Female,West,Stopped In Trafficway,No Improper Action,No Apparent Influence,No Apparent Influence,33.37828,-111.96831,2019-09-14,05:18:00
35929,3563585,2019,Mill Ave,Baseline Rd,140.0,Intersection Related 206,2.0,0.0,Suspected Minor Injury,Left Turn,Daylight,Cloudy,Dry,19.0,Female,East,Making Left Turn,Failed To Yield Right Of Way,No Apparent Influence,No Apparent Influence,54.0,Female,South,Slowing In Trafficway,No Improper Action,No Apparent Influence,No Apparent Influence,33.3786,-111.93937,2019-09-14,18:08:00
35931,3565160,2019,Price Rd,Victory Dr,0.0,Intersection 201,0.0,0.0,No Injury,Angle - Other Than Left Turn 2,Daylight,Cloudy,Dry,51.0,Male,East,Slowing In Trafficway,Failed To Yield Right Of Way,No Apparent Influence,No Apparent Influence,32.0,Male,South,Going Straight Ahead,No Improper Action,No Apparent Influence,No Apparent Influence,33.41842,-111.89197,2019-09-14,23:10:00
35932,3563582,2019,Warner Rd,River Pkwy,20.0,Intersection Related 206,0.0,0.0,No Injury,Rear End,Daylight,Clear,Dry,31.0,Male,East,Stopped In Trafficway,Speed To Fast For Conditions,No Apparent Influence,No Apparent Influence,36.0,Male,East,Going Straight Ahead,No Improper Action,No Apparent Influence,No Apparent Influence,33.33478,-111.89761,2019-09-15,00:32:00
35933,3563433,2019,Rural Rd,Apache Blvd,-150.0,Intersection Related 206,1.0,0.0,Possible Injury,Rear End,Daylight,Cloudy,Dry,27.0,Female,North,Going Straight Ahead,Followed Too Closely,No Apparent Influence,No Apparent Influence,25.0,Male,North,Stopped In Trafficway,No Improper Action,No Apparent Influence,No Apparent Influence,33.41435,-111.92629,2019-09-15,01:44:00
35934,3563509,2019,Broadway Rd,Rural Rd,0.0,Intersection 4 Way 202,1.0,0.0,Possible Injury,Left Turn,Dark Lighted,Clear,Dry,29.0,Female,Southwest,Making Left Turn,Failed To Yield Right Of Way,No Apparent Influence,No Apparent Influence,19.0,Male,East,Going Straight Ahead,No Improper Action,No Apparent Influence,No Apparent Influence,33.4075,-111.92628,2019-09-15,02:23:00
35939,3563693,2019,Scottsdale Rd,Playa Del Norte Dr,-111.0,Not Junction Related,1.0,0.0,Suspected Minor Injury,Rear End,Dark Lighted,Clear,Dry,16.0,Female,North,Going Straight Ahead,Speed To Fast For Conditions,No Apparent Influence,No Apparent Influence,41.0,Female,North,Stopped In Trafficway,No Improper Action,No Apparent Influence,No Apparent Influence,33.43373,-111.92627,2019-09-15,04:41:00
35941,3564703,2019,Rio Salado Pkwy,Price Rd,0.0,Intersection 4 Way 202,0.0,0.0,No Injury,Left Turn,Daylight,Clear,Dry,29.0,Female,West,Making Left Turn,Failed To Yield Right Of Way,No Apparent Influence,No Apparent Influence,23.0,Female,East,Going Straight Ahead,No Improper Action,No Apparent Influence,No Apparent Influence,33.42938,-111.89183,2019-09-15,15:40:00
35943,3563640,2019,Baseline Rd,Arizona Mills S,-50.0,Not Junction Related,0.0,0.0,No Injury,Rear End,Daylight,Clear,Dry,23.0,Male,West,Going Straight Ahead,Speed To Fast For Conditions,No Apparent Influence,No Apparent Influence,62.0,Male,West,Stopped In Trafficway,No Improper Action,No Apparent Influence,No Apparent Influence,33.37827,-111.96562,2019-09-15,21:35:00
35944,3563507,2019,Southern Ave,Potter Dr,0.0,Intersection 4 Way 202,1.0,0.0,Possible Injury,Left Turn,Daylight,Clear,Dry,73.0,Female,West,Making Left Turn,Unknown,No Apparent Influence,No Apparent Influence,27.0,Female,East,Going Straight Ahead,Unknown,No Apparent Influence,No Apparent Influence,33.3928,-111.97233,2019-09-16,01:21:00
35947,3563657,2019,Broadway Rd,Price Rd,48.0,Intersection Related 206,0.0,0.0,No Injury,Angle - Other Than Left Turn 2,Dark Lighted,Clear,Dry,68.0,Male,East,Making Left Turn,Made Improper Turn,No Apparent Influence,No Apparent Influence,27.0,Male,East,Going Straight Ahead,No Improper Action,No Apparent Influence,No Apparent Influence,33.40748,-111.89018,2019-09-16,11:24:00
35948,3565075,2019,Elliot Rd,Rural Rd,0.0,Intersection 4 Way 202,2.0,0.0,Suspected Minor Injury,Left Turn,Daylight,Clear,Dry,41.0,Female,West,Going Straight Ahead,Disregarded Traffic Signal,No Apparent Influence,No Apparent Influence,40.0,Female,South,Making Left Turn,No Improper Action,No Apparent Influence,No Apparent Influence,33.34919,-111.92848,2019-09-16,13:31:00
35952,3563454,2019,Rural Rd,Vaughn St,0.0,Intersection T Inter 203,1.0,0.0,Suspected Minor Injury,Left Turn,Daylight,Clear,Dry,22.0,Male,West,Making Left Turn,Failed To Yield Right Of Way,No Apparent Influence,No Apparent Influence,41.0,Female,North,Going Straight Ahead,Other,No Apparent Influence,No Apparent Influence,33.36138,-111.92859,2019-09-16,14:54:00
35954,3565074,2019,Baseline Rd,Calle Los Cerros,100.0,Intersection Related 206,2.0,0.0,Suspected Minor Injury,Rear End,Daylight,Clear,Dry,25.0,Male,East,Going Straight Ahead,Followed Too Closely,No Apparent Influence,No Apparent Influence,28.0,Male,East,Stopped In Trafficway,No Improper Action,No Apparent Influence,No Apparent Influence,33.37821,-111.97376,2019-09-16,15:49:00
35955,3563455,2019,University Dr,Ash Ave,55.0,Intersection Related 206,2.0,0.0,Possible Injury,Rear End,Daylight,Clear,Dry,24.0,Male,West,Going Straight Ahead,Followed Too Closely,No Apparent Influence,No Apparent Influence,27.0,Female,West,Stopped In Trafficway,No Improper Action,No Apparent Influence,No Apparent Influence,33.42193,-111.94222,2019-09-16,18:34:00
35956,3563432,2019,McClintock Dr,Guadalupe Rd,0.0,Intersection 4 Way 202,0.0,0.0,No Injury,Left Turn,Daylight,Clear,Dry,17.0,Female,North,Making Left Turn,Failed To Yield Right Of Way,No Apparent Influence,No Apparent Influence,48.0,Female,South,Unknown,No Improper Action,No Apparent Influence,No Apparent Influence,33.36376,-111.91126,2019-09-16,19:15:00
35958,3565170,2019,Kyrene Rd,Guadalupe Rd,30.0,Intersection Related 206,0.0,0.0,No Injury,Rear End,Daylight,Cloudy,Dry,33.0,Female,South,Going Straight Ahead,Followed Too Closely,No Apparent Influence,No Apparent Influence,39.0,Female,South,Stopped In Trafficway,No Improper Action,No Apparent Influence,No Apparent Influence,33.36374,-111.94589,2019-09-16,19:55:00
35960,3598070,2019,Kyrene Rd,Bell De Mar Dr,-125.0,Not Junction Related,0.0,0.0,No Injury,Sideswipe Same Direction,Daylight,Cloudy,Dry,35.0,Female,South,Changing Lanes,Unsafe Lane Change,No Apparent Influence,Drugs,31.0,Male,South,Going Straight Ahead,No Improper Action,No Apparent Influence,No Apparent Influence,33.35788,-111.94586,2019-09-16,22:05:00
35961,3573303,2019,Scovel St,Weber Dr,0.0,Intersection Non Interchange,1.0,0.0,Suspected Minor Injury,Angle - Other Than Left Turn 2,Daylight,Clear,Dry,26.0,Male,South,Going Straight Ahead,Ran Stop Sign,No Apparent Influence,No Apparent Influence,29.0,Female,West,Going Straight Ahead,No Improper Action,No Apparent Influence,No Apparent Influence,33.44403,-111.92007,2019-09-16,22:36:00
35963,3563678,2019,Priest Dr,Darrow Dr,0.0,Intersection 4 Way 202,1.0,0.0,Possible Injury,Left Turn,Daylight,Clear,Dry,17.0,Female,North,Going Straight Ahead,Disregarded Traffic Signal,No Apparent Influence,No Apparent Influence,41.0,Male,South,Making Left Turn,No Improper Action,No Apparent Influence,No Apparent Influence,33.38067,-111.96159,2019-09-16,23:08:00
35964,3569393,2019,Mill Ave,Baseline Rd,0.0,Intersection 201,0.0,0.0,No Injury,Rear End,Daylight,Clear,Dry,25.0,Male,South,Going Straight Ahead,Speed To Fast For Conditions,No Apparent Influence,No Apparent Influence,27.0,Female,South,Stopped In Trafficway,No Improper Action,No Apparent Influence,No Apparent Influence,33.37821,-111.93937,2019-09-16,23:11:00
35965,3569319,2019,6th St,Rural Rd,0.0,Intersection T Inter 203,0.0,0.0,No Injury,Left Turn,Daylight,Clear,Dry,19.0,Male,South,Making Left Turn,Failed To Yield Right Of Way,No Apparent Influence,No Apparent Influence,18.0,Female,East,Going Straight Ahead,No Improper Action,No Apparent Influence,No Apparent Influence,33.4245,-111.9263,2019-09-16,23:36:00
35966,3569736,2019,Mill Ave,Baseline Rd,0.0,Intersection 4 Way 202,0.0,0.0,No Injury,Rear End,Daylight,Clear,Dry,68.0,Male,South,Making Left Turn,Followed Too Closely,No Apparent Influence,No Apparent Influence,38.0,Female,South,Making Left Turn,No Improper Action,No Apparent Influence,No Apparent Influence,33.37821,-111.93937,2019-09-17,00:32:00
35967,3563676,2019,Mill Ave,Carter Dr,0.0,Intersection 4 Way 202,0.0,0.0,No Injury,Left Turn,Daylight,Clear,Dry,31.0,Male,East,Making Left Turn,Failed To Yield Right Of Way,No Apparent Influence,No Apparent Influence,34.0,Male,South,Going Straight Ahead,No Improper Action,No Apparent Influence,No Apparent Influence,33.38328,-111.93945,2019-09-17,00:35:00
35968,3575367,2019,University Dr,Hardy Dr,15.0,Intersection Related 206,0.0,0.0,No Injury,Sideswipe Same Direction,Daylight,Clear,Dry,21.0,Male,West,Making Right Turn,Made Improper Turn,No Apparent Influence,No Apparent Influence,21.0,Male,West,Going Straight Ahead,No Improper Action,No Apparent Influence,No Apparent Influence,33.42191,-111.95217,2019-09-17,00:44:00
35971,3572928,2019,Priest Dr,Elliot Rd,30.0,Not Junction Related,0.0,0.0,No Injury,Sideswipe Same Direction,Dark Lighted,Clear,Dry,53.0,Male,North,Going Straight Ahead,Unknown,No Apparent Influence,No Apparent Influence,27.0,Female,North,Going Straight Ahead,Unknown,No Apparent Influence,No Apparent Influence,33.34919,-111.96314,2019-09-17,07:48:00
35973,3571002,2019,Rio Salado Pkwy,McClintock Dr,200.0,Intersection Related 206,0.0,0.0,No Injury,Rear End,Daylight,Clear,Dry,39.0,Female,West,Going Straight Ahead,Followed Too Closely,No Apparent Influence,No Apparent Influence,50.0,Female,West,Stopped In Trafficway,No Improper Action,No Apparent Influence,No Apparent Influence,33.42931,-111.90842,2019-09-17,14:25:00
35974,3569702,2019,Priest Dr,Auto Dr,100.0,Not Junction Related,1.0,0.0,Suspected Minor Injury,Rear End,Daylight,Clear,Dry,49.0,Female,North,Going Straight Ahead,Followed Too Closely,No Apparent Influence,No Apparent Influence,63.0,Male,North,Stopped In Trafficway,No Improper Action,No Apparent Influence,No Apparent Influence,33.34576,-111.96315,2019-09-17,15:13:00
35975,3558594,2019,Elliot Rd,I-10 Exit 157 A-Ramp,25.0,Intersection 201,1.0,0.0,Possible Injury,Rear End,Daylight,Clear,Dry,29.0,Male,West,Going Straight Ahead,Followed Too Closely,No Apparent Influence,No Apparent Influence,41.0,Female,West,Going Straight Ahead,No Improper Action,No Apparent Influence,No Apparent Influence,33.34908,-111.97275,2019-09-17,15:24:00
35976,3563675,2019,University Dr,Myrtle Ave,-75.0,Intersection Related 206,0.0,0.0,No Injury,Rear End,Daylight,Clear,Dry,25.0,Male,East,Going Straight Ahead,Followed Too Closely,No Apparent Influence,No Apparent Influence,20.0,Female,East,Stopped In Trafficway,No Improper Action,No Apparent Influence,No Apparent Influence,33.42195,-111.9384,2019-09-17,17:09:00
35977,3575363,2019,Rural Rd,6th St,-35.0,Intersection Related 206,0.0,0.0,No Injury,Rear End,Daylight,Clear,Dry,21.0,Male,North,Going Straight Ahead,Followed Too Closely,No Apparent Influence,No Apparent Influence,18.0,Male,North,Stopped In Trafficway,No Improper Action,No Apparent Influence,No Apparent Influence,33.4244,-111.9263,2019-09-17,17:11:00
35978,3570997,2019,Broadway Rd,52nd St,0.0,Intersection Related 206,1.0,0.0,Possible Injury,Rear End,Daylight,Clear,Dry,24.0,Male,West,Going Straight Ahead,Followed Too Closely,No Apparent Influence,No Apparent Influence,29.0,Female,West,Stopped In Trafficway,No Improper Action,No Apparent Influence,No Apparent Influence,33.40925,-111.96953,2019-09-17,17:27:00
35984,3570998,2019,Rio Salado Pkwy,1st St,0.19,Not Junction Related,0.0,0.0,No Injury,Rear End,Daylight,Clear,Dry,55.0,Male,Southwest,Making Right Turn,Failed To Yield Right Of Way,No Apparent Influence,No Apparent Influence,20.0,Female,West,Going Straight Ahead,Unknown,No Apparent Influence,No Apparent Influence,33.43077,-111.95638,2019-09-17,23:38:00
35988,3571010,2019,Veterans Way,University Dr,38.0,Intersection Related 206,0.0,0.0,No Injury,Sideswipe Same Direction,Dark Lighted,Clear,Dry,58.0,Male,South,Going Straight Ahead,No Improper Action,No Apparent Influence,No Apparent Influence,22.0,Male,South,Changing Lanes,Unsafe Lane Change,No Apparent Influence,No Apparent Influence,33.42212,-111.92895,2019-09-18,02:51:00
35989,3565172,2019,Baseline Rd,McClintock Dr,-40.0,Not Junction Related,0.0,0.0,No Injury,Angle - Other Than Left Turn 2,Dark Lighted,Clear,Dry,57.0,Male,North,Making Left Turn,Unknown,No Apparent Influence,No Apparent Influence,26.0,Female,South,Making Right Turn,Unknown,No Apparent Influence,No Apparent Influence,33.37842,-111.90939,2019-09-18,02:57:00
35991,3605322,2019,Mill Ave,US-60 Exit 173 A-Ramp,0.0,Intersection 201,0.0,0.0,No Injury,Angle - Other Than Left Turn 2,Dark Lighted,Clear,Dry,48.0,Male,South,Going Straight Ahead,Disregarded Traffic Signal,No Apparent Influence,No Apparent Influence,56.0,Male,East,Making Left Turn,No Improper Action,No Apparent Influence,No Apparent Influence,33.38511,-111.93947,2019-09-18,11:24:00
35995,3569815,2019,Elliot Rd,Kyrene Rd,75.0,Intersection Related 206,0.0,0.0,No Injury,Rear End,Daylight,Clear,Dry,42.0,Male,West,Going Straight Ahead,Speed To Fast For Conditions,No Apparent Influence,No Apparent Influence,27.0,Female,West,Stopped In Trafficway,No Improper Action,No Apparent Influence,No Apparent Influence,33.3492,-111.94549,2019-09-18,14:28:00
35997,3569688,2019,Southern Ave,Mill Ave,100.0,Intersection Related 206,0.0,0.0,No Injury,Rear End,Daylight,Clear,Dry,29.0,Female,West,Going Straight Ahead,Speed To Fast For Conditions,No Apparent Influence,No Apparent Influence,28.0,Male,West,Stopped In Trafficway,No Improper Action,No Apparent Influence,No Apparent Influence,33.39287,-111.93928,2019-09-18,14:58:00
35998,3563449,2019,Mill Ave,Concorda Dr,-77.0,Not Junction Related,1.0,0.0,Suspected Minor Injury,Rear End,Daylight,Clear,Dry,19.0,Female,North,Going Straight Ahead,Followed Too Closely,No Apparent Influence,No Apparent Influence,57.0,Male,North,Slowing In Trafficway,No Improper Action,No Apparent Influence,No Apparent Influence,33.40181,-111.93973,2019-09-18,15:55:00
36000,3563451,2019,Price Rd,University Dr,0.0,Intersection 4 Way 202,0.0,0.0,No Injury,Left Turn,Daylight,Clear,Dry,43.0,Female,South,Going Straight Ahead,Unknown,No Apparent Influence,No Apparent Influence,54.0,Female,South,Making Left Turn,Unknown,No Apparent Influence,No Apparent Influence,33.42201,-111.89195,2019-09-18,18:46:00
36001,3563443,2019,University Dr,Wilson St,85.0,Driveway Or Alley,1.0,0.0,Suspected Minor Injury,Left Turn,Daylight,Clear,Dry,54.0,Male,East,Making Left Turn,Failed To Yield Right Of Way,No Apparent Influence,No Apparent Influence,33.0,Male,West,Going Straight Ahead,Exceeded Lawful Speed,No Apparent Influence,No Apparent Influence,33.4219,-111.9455,2019-09-18,19:53:00
36006,3569371,2019,McClintock Dr,Ranch Rd,-200.0,Not Junction Related,1.0,0.0,Suspected Minor Injury,Left Turn,Daylight,Clear,Dry,75.0,Female,East,Making Left Turn,Failed To Yield Right Of Way,No Apparent Influence,No Apparent Influence,51.0,Female,North,Going Straight Ahead,No Improper Action,No Apparent Influence,No Apparent Influence,33.33207,-111.91116,2019-09-19,00:15:00