,Incident ID,Year,Street Name,Cross Street,Distance,Junction Relation,Total Injuries,Total Fatalities,Injury Severity,Collision Manner,Light Condition,Weather,Surface Condition,Age Driver 1,Gender Driver 1,Travel Direction One,Unit Action One,Violation1_Drv1,Alcohol Use Driver 1,Drug Use Driver 1,Age Driver 2,Gender Driver 2,Travel Direction Two,Unit Action Two,Violation 1 Driver 2,Alcohol Use Driver 2,Drug Use Driver 2,Latitude,Longitude,Date,Time
36127,3571030,2019,Baseline Rd,I-10 Exit 155 A1-Ramp,0.0,Intersection 4 Way 202,0.0,0.0,No Injury,Rear End,Unknown 51,Unknown,Dry,25.0,Male,North,Going Straight Ahead,Followed Too Closely,No Apparent Influence,No Apparent Influence,68.0,Male,North,Stopped In Trafficway,No Improper Action,No Apparent Influence,No Apparent Influence,33.37827,-111.96863,2019-09-25,18:12:00
36128,3569760,2019,College Ave,Valerie Dr,0.0,Intersection T Inter 203,2.0,0.0,Suspected Minor Injury,Left Turn,Daylight,Clear,Dry,21.0,Male,West,Making Left Turn,Failed To Yield Right Of Way,No Apparent Influence,No Apparent Influence,18.0,Female,North,Going Straight Ahead,No Improper Action,No Apparent Influence,No Apparent Influence,33.44517,-111.93326,2019-09-25,20:52:00
36129,3569337,2019,Broadway Rd,Mill Ave,-90.0,Intersection Related 206,0.0,0.0,No Injury,Rear End,Daylight,Cloudy,Dry,20.0,Male,West,Going Straight Ahead,Followed Too Closely,No Apparent Influence,No Apparent Influence,42.0,Male,West,Stopped In Trafficway,No Improper Action,No Apparent Influence,No Apparent Influence,33.40739,-111.94012,2019-09-25,20:56:00
36136,3570985,2019,Price Rd,Elliot Rd,0.26,Not Junction Related,0.0,0.0,No Injury,Sideswipe Same Direction,Daylight,Clear,Dry,61.0,Female,South,Unknown,Unknown,No Apparent Influence,No Apparent Influence,32.0,Male,South,Unknown,Unknown,No Apparent Influence,No Apparent Influence,33.35309,-111.8948,2019-09-26,00:50:00
36137,3569360,2019,McClintock Dr,8th St,0.0,Intersection T Inter 203,1.0,0.0,Suspected Minor Injury,Left Turn,Daylight,Clear,Wet,31.0,Female,North,Making Left Turn,Failed To Yield Right Of Way,No Apparent Influence,No Apparent Influence,24.0,Male,South,Going Straight Ahead,No Improper Action,No Apparent Influence,No Apparent Influence,33.41952,-111.9091,2019-09-26,00:51:00
36141,3569787,2019,Elliot Rd,Kachina Dr,110.0,Driveway Or Alley,0.0,0.0,No Injury,Sideswipe Same Direction,Daylight,Clear,Dry,53.0,Male,West,Changing Lanes,Unsafe Lane Change,No Apparent Influence,No Apparent Influence,53.0,Male,West,Going Straight Ahead,No Improper Action,No Apparent Influence,No Apparent Influence,33.34915,-111.90867,2019-09-26,14:52:00
36142,3569733,2019,Broadway Rd,Sierra Vista Dr,0.0,Intersection T Inter 203,2.0,0.0,Suspected Minor Injury,Rear End,Daylight,Clear,Dry,29.0,Female,West,Going Straight Ahead,Followed Too Closely,No Apparent Influence,No Apparent Influence,26.0,Male,West,Slowing In Trafficway,No Improper Action,No Apparent Influence,No Apparent Influence,33.40747,-111.93112,2019-09-26,15:54:00
36143,3569803,2019,Broadway Rd,Cutler Dr,0.0,Intersection 4 Way 202,1.0,0.0,Suspected Minor Injury,Left Turn,Daylight,Clear,Dry,40.0,Male,East,Going Straight Ahead,Exceeded Lawful Speed,No Apparent Influence,No Apparent Influence,20.0,Female,North,Making Left Turn,Failed To Yield Right Of Way,No Apparent Influence,No Apparent Influence,33.40741,-111.95837,2019-09-26,16:12:00
36147,3569871,2019,Warner Rd,Rural Rd,-30.0,Intersection Related 206,0.0,0.0,No Injury,Rear End,Daylight,Clear,Dry,66.0,Male,East,Changing Lanes,Followed Too Closely,No Apparent Influence,No Apparent Influence,54.0,Female,East,Stopped In Trafficway,No Improper Action,No Apparent Influence,No Apparent Influence,33.33465,-111.92851,2019-09-26,21:22:00
36148,3566573,2019,S Packard Dr,Rio Salado Pkwy,20.0,Intersection Related 206,0.0,0.0,No Injury,Rear End,Daylight,Cloudy,Dry,22.0,Female,North,Backing,Other,No Apparent Influence,No Apparent Influence,21.0,Female,North,Going Straight Ahead,No Improper Action,No Apparent Influence,No Apparent Influence,33.42878,-111.92929,2019-09-26,21:26:00
36150,3569372,2019,Rural Rd,E Terrace Rd,0.0,Intersection T Inter 203,1.0,0.0,Possible Injury,Rear End,Daylight,Rain,Wet,21.0,Male,North,Going Straight Ahead,Speed To Fast For Conditions,No Apparent Influence,No Apparent Influence,21.0,Female,North,Stopped In Trafficway,No Improper Action,No Apparent Influence,No Apparent Influence,33.41914,-111.9263,2019-09-26,23:21:00
36151,3569730,2019,Kyrene Rd,Elliot Rd,25.0,Intersection Related 206,1.0,0.0,Suspected Minor Injury,Angle - Other Than Left Turn 2,Daylight,Rain,Wet,55.0,Male,West,Making Right Turn,Speed To Fast For Conditions,No Apparent Influence,No Apparent Influence,32.0,Male,South,Stopped In Trafficway,No Improper Action,No Apparent Influence,No Apparent Influence,33.34927,-111.94573,2019-09-26,23:40:00
36152,3569769,2019,Rural Rd,Guadalupe Rd,-92.0,Intersection Related 206,0.0,0.0,No Injury,Angle - Other Than Left Turn 2,Daylight,Cloudy,Wet,17.0,Male,West,Making Left Turn,Speed To Fast For Conditions,No Apparent Influence,No Apparent Influence,77.0,Male,North,Stopped In Trafficway,No Improper Action,No Apparent Influence,No Apparent Influence,33.3635,-111.9286,2019-09-26,23:41:00
36153,3569728,2019,Elliot Rd,Juniper St,-60.0,Not Junction Related,2.0,0.0,Suspected Minor Injury,Rear End,Daylight,Clear,Wet,58.0,Female,East,Going Straight Ahead,Followed Too Closely,No Apparent Influence,No Apparent Influence,43.0,Female,East,Stopped In Trafficway,No Improper Action,No Apparent Influence,No Apparent Influence,33.34914,-111.91675,2019-09-26,23:55:00
36155,3569700,2019,Baseline Rd,Hardy Dr,130.0,Intersection Related 206,1.0,0.0,Possible Injury,Rear End,Daylight,Cloudy,Dry,17.0,Female,West,Going Straight Ahead,Followed Too Closely,No Apparent Influence,No Apparent Influence,57.0,Female,West,Stopped In Trafficway,No Improper Action,No Apparent Influence,No Apparent Influence,33.37821,-111.95209,2019-09-27,00:33:00
36159,3569259,2019,Priest Dr,Fairmont Dr,175.0,Intersection Related 206,1.0,0.0,Suspected Minor Injury,Left Turn,Dusk,Cloudy,Dry,20.0,Male,South,Making U Turn,Made Improper Turn,No Apparent Influence,No Apparent Influence,52.0,Male,South,Going Straight Ahead,No Improper Action,No Apparent Influence,No Apparent Influence,33.39697,-111.9608,2019-09-27,01:34:00
36160,3572908,2019,Rural Rd,Lemon St,0.0,Not Junction Related,0.0,0.0,No Injury,Left Turn,Dark Lighted,Clear,Dry,19.0,Female,East,Making Left Turn,Made Improper Turn,No Apparent Influence,No Apparent Influence,20.0,Female,North,Going Straight Ahead,No Improper Action,No Apparent Influence,No Apparent Influence,33.41684,-111.9263,2019-09-27,02:10:00
36162,3585095,2019,McClintock Dr,Rio Salado Pkwy,0.0,Intersection Related 206,2.0,0.0,Possible Injury,Rear End,Dark Lighted,Clear,Dry,38.0,Male,South,Going Straight Ahead,Speed To Fast For Conditions,No Apparent Influence,No Apparent Influence,20.0,Male,South,Stopped In Trafficway,No Improper Action,No Apparent Influence,No Apparent Influence,33.42926,-111.90907,2019-09-27,05:17:00
36164,3569217,2019,College Ave,Weber Dr,0.0,Intersection 4 Way 202,1.0,0.0,Possible Injury,Angle - Other Than Left Turn 2,Dark Lighted,Clear,Dry,57.0,Male,West,Going Straight Ahead,Failed To Yield Right Of Way,No Apparent Influence,No Apparent Influence,51.0,Male,South,Going Straight Ahead,No Improper Action,No Apparent Influence,No Apparent Influence,33.44241,-111.93148,2019-09-27,11:21:00
36166,3572929,2019,Guadalupe Rd,McClintock Dr,40.0,Intersection Related 206,0.0,0.0,No Injury,Rear End,Daylight,Clear,Dry,56.0,Male,East,Backing,Other,No Apparent Influence,No Apparent Influence,47.0,Female,West,Stopped In Trafficway,No Improper Action,No Apparent Influence,No Apparent Influence,33.36376,-111.91113,2019-09-27,16:51:00
36167,3569739,2019,La Rosa Dr,Dunbar Dr,31.0,Intersection Related 206,0.0,0.0,No Injury,Sideswipe Same Direction,Daylight,Cloudy,Dry,22.0,Female,South,Overtaking Passing,Other,No Apparent Influence,No Apparent Influence,34.0,Male,South,Making Right Turn,No Improper Action,No Apparent Influence,No Apparent Influence,33.37937,-111.93116,2019-09-27,16:54:00
36169,3569792,2019,Cornell Dr,La Rosa Dr,-64.0,Intersection Related 206,0.0,0.0,No Injury,U Turn,Daylight,Clear,Dry,18.0,Female,East,Making U Turn,Unsafe Lane Change,No Apparent Influence,No Apparent Influence,49.0,Male,East,Going Straight Ahead,No Improper Action,No Apparent Influence,No Apparent Influence,33.37217,-111.93126,2019-09-27,18:41:00
36171,3572952,2019,Price Rd,Broadway Rd,0.0,Intersection 4 Way 202,0.0,0.0,No Injury,Other,Daylight,Cloudy,Dry,22.0,Male,South,Making Left Turn,Unknown,No Apparent Influence,No Apparent Influence,78.0,Male,South,Making Left Turn,Unknown,No Apparent Influence,No Apparent Influence,33.4075,-111.892,2019-09-27,19:21:00
36173,3569719,2019,Rural Rd,US-60 Exit 174 J-Ramp,190.0,Intersection Related 206,2.0,0.0,Suspected Minor Injury,Rear End,Daylight,Clear,Dry,38.0,Male,South,Going Straight Ahead,Followed Too Closely,No Apparent Influence,No Apparent Influence,19.0,Female,South,Stopped In Trafficway,No Improper Action,No Apparent Influence,No Apparent Influence,33.3867,-111.92646,2019-09-27,19:38:00
36175,3575362,2019,McClintock Dr,Don Carlos Ave,-80.0,Driveway Or Alley,0.0,0.0,No Injury,Angle - Other Than Left Turn 2,Daylight,Cloudy,Dry,86.0,Female,Southeast,Making Right Turn,Failed To Yield Right Of Way,No Apparent Influence,No Apparent Influence,33.0,Male,South,Going Straight Ahead,No Improper Action,No Apparent Influence,No Apparent Influence,33.41726,-111.90911,2019-09-27,22:19:00
36176,3575365,2019,McClintock Dr,Center Ln,0.0,Driveway Or Alley,2.0,0.0,Possible Injury,Left Turn,Daylight,Clear,Dry,20.0,Female,West,Making Left Turn,Failed To Yield Right Of Way,No Apparent Influence,No Apparent Influence,47.0,Male,South,Going Straight Ahead,No Improper Action,No Apparent Influence,No Apparent Influence,33.42087,-111.90911,2019-09-27,23:04:00
36177,3569742,2019,Baseline Rd,Priest Dr,143.0,Intersection Related 206,0.0,0.0,No Injury,Rear End,Daylight,Clear,Dry,49.0,Male,West,Going Straight Ahead,Followed Too Closely,No Apparent Influence,No Apparent Influence,35.0,Female,West,Stopped In Trafficway,No Improper Action,No Apparent Influence,No Apparent Influence,33.37824,-111.96271,2019-09-27,23:46:00
36178,3569673,2019,McClintock Dr,3rd St,0.0,Intersection T Inter 203,0.0,0.0,No Injury,Angle - Other Than Left Turn 2,Daylight,Clear,Dry,19.0,Female,West,Making Left Turn,Failed To Yield Right Of Way,No Apparent Influence,No Apparent Influence,34.0,Male,North,Going Straight Ahead,No Improper Action,No Apparent Influence,No Apparent Influence,33.4274,-111.90906,2019-09-28,00:05:00
36181,3569698,2019,Baseline Rd,Wendler Dr,71.0,Intersection Related 206,0.0,0.0,No Injury,Rear End,Daylight,Clear,Dry,43.0,Male,West,Going Straight Ahead,Followed Too Closely,No Apparent Influence,No Apparent Influence,38.0,Male,West,Stopped In Trafficway,No Improper Action,No Apparent Influence,No Apparent Influence,33.37826,-111.96955,2019-09-28,01:07:00
36182,3569381,2019,Southern Ave,Rural Rd,0.0,Intersection 4 Way 202,0.0,0.0,No Injury,Head On,Dark Lighted,Clear,Dry,61.0,Female,West,Going Straight Ahead,Disregarded Traffic Signal,No Apparent Influence,No Apparent Influence,29.0,Male,South,Going Straight Ahead,No Improper Action,No Apparent Influence,No Apparent Influence,33.39296,-111.92633,2019-09-28,03:57:00
36185,3571059,2019,Rural Rd,Spence Ave,-17.0,Intersection Related 206,0.0,0.0,No Injury,Angle - Other Than Left Turn 2,Dark Lighted,Clear,Dry,18.0,Male,North,Making Right Turn,Other,No Apparent Influence,No Apparent Influence,22.0,Female,North,Going Straight Ahead,No Improper Action,No Apparent Influence,No Apparent Influence,33.41283,-111.92629,2019-09-28,07:46:00
36188,3572755,2019,Broadway Rd,Priest Dr,130.0,Not Junction Related,0.0,0.0,No Injury,Sideswipe Same Direction,Daylight,Clear,Dry,65.0,Male,West,Changing Lanes,Unsafe Lane Change,No Apparent Influence,No Apparent Influence,35.0,Female,West,Going Straight Ahead,No Improper Action,No Apparent Influence,No Apparent Influence,33.40742,-111.96035,2019-09-28,21:22:00
36190,3569339,2019,Southern Ave,Rural Rd,-100.0,Not Junction Related,1.0,0.0,Possible Injury,Rear End,Unknown 51,Unknown,Dry,32.0,Female,West,Slowing In Trafficway,Speed To Fast For Conditions,No Apparent Influence,No Apparent Influence,37.0,Male,West,Slowing In Trafficway,No Improper Action,No Apparent Influence,No Apparent Influence,33.39296,-111.92665,2019-09-28,21:51:00
36192,3571024,2019,Baseline Rd,McClintock Dr,120.0,Not Junction Related,0.0,0.0,No Injury,Rear End,Dark Lighted,Clear,Dry,16.0,Male,East,Going Straight Ahead,Speed To Fast For Conditions,No Apparent Influence,No Apparent Influence,40.0,Male,East,Slowing In Trafficway,No Improper Action,No Apparent Influence,No Apparent Influence,33.37843,-111.90887,2019-09-29,03:05:00
36194,3571120,2019,University Dr,Mill Ave,0.0,Intersection 4 Way 202,0.0,0.0,No Injury,Left Turn,Dark Lighted,Clear,Dry,22.0,Male,East,Making Left Turn,Failed To Yield Right Of Way,No Apparent Influence,No Apparent Influence,22.0,Female,West,Going Straight Ahead,No Improper Action,No Apparent Influence,No Apparent Influence,33.42193,-111.94002,2019-09-29,04:54:00
36195,3575368,2019,Harl Ave,Elliot Rd,25.0,Intersection Related 206,0.0,0.0,No Injury,Sideswipe Same Direction,Daylight,Clear,Dry,50.0,Female,West,Going Straight Ahead,No Improper Action,No Apparent Influence,No Apparent Influence,48.0,Male,South,Stopped In Trafficway,No Improper Action,No Apparent Influence,No Apparent Influence,33.34915,-111.96593,2019-09-29,12:47:00
36199,3571032,2019,University Dr,Rural Rd,0.0,Intersection 4 Way 202,0.0,0.0,No Injury,Left Turn,Dark Lighted,Clear,Dry,21.0,Male,Southwest,Making Left Turn,Failed To Yield Right Of Way,No Apparent Influence,No Apparent Influence,21.0,Female,East,Going Straight Ahead,No Improper Action,No Apparent Influence,No Apparent Influence,33.42203,-111.92631,2019-09-30,01:27:00
36200,3593508,2019,Southern Ave,Price Rd,0.0,Intersection 4 Way 202,2.0,0.0,Suspected Serious Injury,Angle - Other Than Left Turn 2,Dark Lighted,Clear,Dry,17.0,Male,West,Going Straight Ahead,Aggressive Driving,No Apparent Influence,No Apparent Influence,21.0,Female,South,Going Straight Ahead,No Improper Action,No Apparent Influence,No Apparent Influence,33.39296,-111.89203,2019-09-30,01:32:00
36201,3569366,2019,Rural Rd,University Dr,-27.0,Intersection Related 206,0.0,0.0,No Injury,Rear End,Dark Lighted,Clear,Dry,24.0,Female,North,Going Straight Ahead,Speed To Fast For Conditions,No Apparent Influence,No Apparent Influence,27.0,Female,North,Stopped In Trafficway,No Improper Action,No Apparent Influence,No Apparent Influence,33.42195,-111.92631,2019-09-30,05:02:00
36202,3569697,2019,Southern Ave,Los Feliz Dr,0.0,Intersection 4 Way 202,2.0,0.0,Suspected Minor Injury,Left Turn,Daylight,Clear,Dry,16.0,Female,West,Making Left Turn,Failed To Yield Right Of Way,No Apparent Influence,No Apparent Influence,61.0,Female,East,Going Straight Ahead,No Improper Action,No Apparent Influence,No Apparent Influence,33.39297,-111.90485,2019-09-30,14:02:00
36203,3572763,2019,Broadway Rd,I-10 Exit 153 J2-Ramp,0.0,Intersection Related 206,0.0,0.0,No Injury,Sideswipe Same Direction,Daylight,Clear,Dry,60.0,Female,West,Unknown,Unknown,No Apparent Influence,No Apparent Influence,45.0,Male,West,Unknown,Unknown,No Apparent Influence,No Apparent Influence,33.40934,-111.97085,2019-09-30,14:31:00
36204,3574643,2019,Mill Ave,10th St,0.0,Intersection 4 Way 202,0.0,0.0,No Injury,Angle - Other Than Left Turn 2,Daylight,Clear,Dry,27.0,Male,North,Making Right Turn,Made Improper Turn,No Apparent Influence,No Apparent Influence,64.0,Male,North,Going Straight Ahead,No Improper Action,No Apparent Influence,No Apparent Influence,33.41906,-111.93997,2019-09-30,15:16:00
36206,3569724,2019,McClintock Dr,Rio Salado Pkwy,0.0,Intersection 4 Way 202,1.0,0.0,Suspected Minor Injury,Angle - Other Than Left Turn 2,Daylight,Clear,Dry,37.0,Female,South,Going Straight Ahead,Disregarded Traffic Signal,No Apparent Influence,No Apparent Influence,40.0,Male,East,Going Straight Ahead,No Improper Action,No Apparent Influence,No Apparent Influence,33.42926,-111.90907,2019-09-30,16:15:00
36208,3569779,2019,Carson Dr,Dorsey Ln,-32.0,Intersection T Inter 203,0.0,0.0,No Injury,Sideswipe Same Direction,Daylight,Clear,Dry,56.0,Male,West,Making Left Turn,Made Improper Turn,No Apparent Influence,No Apparent Influence,56.0,Female,West,Overtaking Passing,Drove Left Of Center Line,No Apparent Influence,No Apparent Influence,33.38346,-111.9175,2019-09-30,17:35:00
36209,3572836,2019,21st St,Roosevelt St,50.0,Intersection Related 206,0.0,0.0,No Injury,Sideswipe Same Direction,Daylight,Clear,Dry,26.0,Female,West,Stopped In Trafficway,Other,No Apparent Influence,No Apparent Influence,57.0,Male,West,Making Right Turn,No Improper Action,No Apparent Influence,No Apparent Influence,33.40557,-111.94768,2019-09-30,18:49:00
36213,3569689,2019,McClintock Dr,Hermosa Dr,0.0,Intersection T Inter 203,1.0,0.0,Suspected Minor Injury,Left Turn,Daylight,Clear,Dry,65.0,Female,North,Making Left Turn,Failed To Yield Right Of Way,No Apparent Influence,No Apparent Influence,21.0,Female,South,Going Straight Ahead,No Improper Action,No Apparent Influence,No Apparent Influence,33.38768,-111.90918,2019-09-30,21:08:00
36215,3569718,2019,Rural Rd,Hermosa Dr,-104.0,Not Junction Related,2.0,0.0,Possible Injury,Rear End,Daylight,Clear,Dry,39.0,Male,South,Going Straight Ahead,Followed Too Closely,No Apparent Influence,No Apparent Influence,16.0,Female,South,Stopped In Trafficway,No Improper Action,No Apparent Influence,No Apparent Influence,33.38748,-111.92645,2019-09-30,22:29:00
36216,3572934,2019,Southern Ave,McAllister Ave,-50.0,Intersection Related 206,0.0,0.0,No Injury,Angle - Other Than Left Turn 2,Daylight,Clear,Dry,42.0,Female,East,Making U Turn,Made Improper Turn,No Apparent Influence,No Apparent Influence,28.0,Female,East,Making Left Turn,No Improper Action,No Apparent Influence,No Apparent Influence,33.39293,-111.93079,2019-09-30,23:01:00
36218,3572939,2019,Rural Rd,Loma Vista Dr,-150.0,Not Junction Related,0.0,0.0,No Injury,Rear End,Daylight,Clear,Dry,22.0,Female,South,Going Straight Ahead,Followed Too Closely,No Apparent Influence,No Apparent Influence,25.0,Female,South,Slowing In Trafficway,No Improper Action,No Apparent Influence,No Apparent Influence,33.40165,-111.92631,2019-10-01,00:04:00
36219,3569675,2019,McClintock Dr,12th St,30.0,Intersection Related 206,0.0,0.0,No Injury,Sideswipe Same Direction,Daylight,Clear,Dry,20.0,Female,South,Overtaking Passing,Speed To Fast For Conditions,No Apparent Influence,No Apparent Influence,23.0,Male,South,Stopped In Trafficway,No Improper Action,No Apparent Influence,No Apparent Influence,33.41623,-111.90912,2019-10-01,00:10:00
36220,3569676,2019,McClintock Dr,12th St,0.0,Intersection T Inter 203,1.0,0.0,Possible Injury,Left Turn,Daylight,Clear,Dry,29.0,Female,North,Making Left Turn,Failed To Yield Right Of Way,No Apparent Influence,No Apparent Influence,56.0,Female,South,Going Straight Ahead,No Improper Action,No Apparent Influence,No Apparent Influence,33.41615,-111.90912,2019-10-01,00:32:00
36223,3573335,2019,McClintock Dr,Harvard Dr,180.0,Not Junction Related,0.0,0.0,No Injury,Left Turn,Daylight,Clear,Dry,37.0,Female,West,Making Left Turn,Failed To Yield Right Of Way,No Apparent Influence,No Apparent Influence,33.0,Female,North,Going Straight Ahead,No Improper Action,No Apparent Influence,No Apparent Influence,33.37701,-111.9094,2019-10-01,14:58:00
36224,3569741,2019,Ash Ave,3rd St,0.0,Intersection T Inter 203,0.0,0.0,No Injury,Rear End,Daylight,Clear,Dry,41.0,Female,North,Going Straight Ahead,Followed Too Closely,No Apparent Influence,No Apparent Influence,34.0,Female,North,Slowing In Trafficway,Other,No Apparent Influence,No Apparent Influence,33.42754,-111.94281,2019-10-01,15:09:00
36225,3572841,2019,University Dr,52nd St,-100.0,Intersection Related 206,0.0,0.0,No Injury,Rear End,Daylight,Clear,Dry,20.0,Female,East,Going Straight Ahead,Followed Too Closely,No Apparent Influence,No Apparent Influence,59.0,Male,East,Stopped In Trafficway,No Improper Action,No Apparent Influence,No Apparent Influence,33.42194,-111.9699,2019-10-01,15:31:00
36228,3572842,2019,Apache Blvd,McClintock Dr,-117.0,Driveway Or Alley,0.0,0.0,No Injury,Rear End,Daylight,Clear,Dry,35.0,Male,West,Going Straight Ahead,Followed Too Closely,No Apparent Influence,No Apparent Influence,28.0,Female,West,Making Right Turn,No Improper Action,No Apparent Influence,No Apparent Influence,33.41476,-111.90952,2019-10-01,19:04:00
36230,3571019,2019,Broadway Rd,I-10 Exit 153 J2-Ramp,0.0,Intersection T Inter 203,0.0,0.0,No Injury,Sideswipe Same Direction,Daylight,Clear,Dry,30.0,Male,West,Changing Lanes,Unsafe Lane Change,No Apparent Influence,No Apparent Influence,57.0,Male,West,Going Straight Ahead,No Improper Action,No Apparent Influence,No Apparent Influence,33.40934,-111.97085,2019-10-01,22:35:00
36232,3569684,2019,Broadway Rd,Price Rd,222.0,Intersection Related 206,0.0,0.0,No Injury,Rear End,Daylight,Clear,Dry,24.0,Male,West,Going Straight Ahead,Followed Too Closely,No Apparent Influence,No Apparent Influence,79.0,Male,West,Stopped In Trafficway,No Improper Action,No Apparent Influence,No Apparent Influence,33.40749,-111.88961,2019-10-02,00:44:00
36234,3575467,2019,Rural Rd,Broadway Rd,0.0,Intersection 4 Way 202,0.0,0.0,No Injury,Left Turn,Dark Lighted,Clear,Dry,70.0,Female,North,Making Left Turn,Failed To Yield Right Of Way,No Apparent Influence,No Apparent Influence,20.0,Female,South,Going Straight Ahead,No Improper Action,No Apparent Influence,No Apparent Influence,33.4075,-111.92628,2019-10-02,03:04:00
36235,3575357,2019,Rockford Dr,Rio Salado Pkwy,30.0,Intersection Related 206,0.0,0.0,No Injury,Rear End,Dark Lighted,Clear,Dry,22.0,Female,South,Making Left Turn,Speed To Fast For Conditions,No Apparent Influence,No Apparent Influence,51.0,Male,South,Stopped In Trafficway,No Improper Action,No Apparent Influence,No Apparent Influence,33.42936,-111.89704,2019-10-02,03:12:00
36240,3569682,2019,Southern Ave,Rural Rd,-90.0,Intersection Related 206,0.0,0.0,No Injury,Rear End,Daylight,Clear,Dry,56.0,Female,East,Going Straight Ahead,Followed Too Closely,No Apparent Influence,No Apparent Influence,72.0,Female,East,Stopped In Trafficway,No Improper Action,No Apparent Influence,No Apparent Influence,33.39296,-111.92662,2019-10-02,16:44:00
36241,3571127,2019,Scottsdale Rd,Playa Del Norte Dr,-82.0,Intersection Related 206,1.0,0.0,Suspected Minor Injury,Rear End,Daylight,Clear,Dry,19.0,Female,North,Going Straight Ahead,Followed Too Closely,No Apparent Influence,No Apparent Influence,62.0,Male,North,Stopped In Trafficway,No Improper Action,No Apparent Influence,No Apparent Influence,33.43381,-111.92626,2019-10-02,16:47:00
36242,3571094,2019,Dorsey Ln,8th St,-196.0,Not Junction Related,0.0,0.0,No Injury,Rear End,Daylight,Clear,Dry,19.0,Male,North,Going Straight Ahead,Followed Too Closely,No Apparent Influence,No Apparent Influence,63.0,Male,North,Stopped In Trafficway,No Improper Action,No Apparent Influence,No Apparent Influence,33.41888,-111.91772,2019-10-02,17:19:00
36244,3571021,2019,Warner Rd,Hardy Dr,0.0,Intersection 4 Way 202,1.0,0.0,Suspected Minor Injury,Left Turn,Daylight,Clear,Dry,32.0,Female,East,Making Left Turn,Failed To Yield Right Of Way,No Apparent Influence,No Apparent Influence,73.0,Male,West,Going Straight Ahead,No Improper Action,No Apparent Influence,No Apparent Influence,33.33457,-111.95434,2019-10-02,17:59:00
36245,3572837,2019,Rural Rd,Lemon St,0.0,Intersection 4 Way 202,0.0,0.0,No Injury,Rear End,Daylight,Clear,Dry,19.0,Female,South,Going Straight Ahead,Followed Too Closely,No Apparent Influence,No Apparent Influence,35.0,Male,South,Stopped In Trafficway,No Improper Action,No Apparent Influence,No Apparent Influence,33.41684,-111.9263,2019-10-02,19:19:00
36247,3589148,2019,Rural Rd,University Dr,-30.0,Intersection Related 206,0.0,0.0,No Injury,Rear End,Daylight,Clear,Dry,23.0,Male,North,Going Straight Ahead,Speed To Fast For Conditions,No Apparent Influence,No Apparent Influence,21.0,Female,North,Going Straight Ahead,No Improper Action,No Apparent Influence,No Apparent Influence,33.42195,-111.92631,2019-10-02,19:46:00
36248,3571130,2019,48th St,Southern Ave,200.0,Not Junction Related,0.0,0.0,No Injury,Sideswipe Same Direction,Daylight,Clear,Dry,50.0,Female,North,Changing Lanes,Unsafe Lane Change,No Apparent Influence,No Apparent Influence,39.0,Female,North,Going Straight Ahead,No Improper Action,No Apparent Influence,No Apparent Influence,33.39332,-111.97834,2019-10-02,20:32:00
36249,3571018,2019,Southern Ave,Hardy Dr,-60.0,Intersection Related 206,0.0,0.0,No Injury,Rear End,Daylight,Clear,Dry,49.0,Male,East,Stopped In Trafficway,Speed To Fast For Conditions,No Apparent Influence,No Apparent Influence,25.0,Male,East,Slowing In Trafficway,No Improper Action,No Apparent Influence,No Apparent Influence,33.39286,-111.95218,2019-10-02,21:41:00
36252,3571027,2019,Scottsdale Rd,Curry Rd,0.0,Intersection 201,2.0,0.0,Possible Injury,Rear End,Daylight,Clear,Dry,28.0,Male,South,Going Straight Ahead,Followed Too Closely,Alcohol,No Apparent Influence,43.0,Female,South,Stopped In Trafficway,No Improper Action,No Apparent Influence,No Apparent Influence,33.44029,-111.92634,2019-10-03,00:45:00
36254,3597641,2019,University Dr,Rural Rd,0.0,Not Junction Related,0.0,0.0,No Injury,Rear End,Unknown 51,Clear,Dry,22.0,Male,East,Changing Lanes,Unsafe Lane Change,No Apparent Influence,No Apparent Influence,75.0,Male,East,Going Straight Ahead,No Improper Action,No Apparent Influence,No Apparent Influence,33.42203,-111.92631,2019-10-03,02:17:00
36255,3573304,2019,Baseline Rd,Mill Ave,0.0,Intersection 4 Way 202,0.0,0.0,No Injury,Angle - Other Than Left Turn 2,Dark Lighted,Clear,Dry,51.0,Male,North,Making Left Turn,Failed To Yield Right Of Way,No Apparent Influence,No Apparent Influence,37.0,Male,South,Going Straight Ahead,No Improper Action,No Apparent Influence,No Apparent Influence,33.37821,-111.93937,2019-10-03,02:41:00
36256,3572835,2019,Priest Dr,Center Pkwy,0.0,Intersection 4 Way 202,1.0,0.0,Suspected Minor Injury,Left Turn,Daylight,Clear,Dry,51.0,Male,North,Making U Turn,Failed To Yield Right Of Way,No Apparent Influence,No Apparent Influence,22.0,Female,South,Going Straight Ahead,No Improper Action,No Apparent Influence,No Apparent Influence,33.44452,-111.95492,2019-10-03,13:01:00
36257,3572838,2019,Southern Ave,Mill Ave,-60.0,Intersection Related 206,0.0,0.0,No Injury,Sideswipe Same Direction,Daylight,Clear,Dry,25.0,Male,East,Making Right Turn,Speed To Fast For Conditions,No Apparent Influence,No Apparent Influence,38.0,Female,East,Stopped In Trafficway,No Improper Action,No Apparent Influence,No Apparent Influence,33.39286,-111.9398,2019-10-03,14:36:00
36258,3572785,2019,Calle Monte Vista Dr,Newberry Ln,0.0,Intersection Other 204,0.0,0.0,No Injury,Other,Daylight,Clear,Dry,21.0,Male,West,Backing,Other,No Apparent Influence,No Apparent Influence,25.0,Male,South,Improperly Parked,No Improper Action,No Apparent Influence,No Apparent Influence,33.33576,-111.92264,2019-10-03,16:05:00