,Incident ID,Year,Street Name,Cross Street,Distance,Junction Relation,Total Injuries,Total Fatalities,Injury Severity,Collision Manner,Light Condition,Weather,Surface Condition,Age Driver 1,Gender Driver 1,Travel Direction One,Unit Action One,Violation1_Drv1,Alcohol Use Driver 1,Drug Use Driver 1,Age Driver 2,Gender Driver 2,Travel Direction Two,Unit Action Two,Violation 1 Driver 2,Alcohol Use Driver 2,Drug Use Driver 2,Latitude,Longitude,Date,Time
36262,3572834,2019,McClintock Dr,Elliot Rd,162.0,Intersection Related 206,0.0,0.0,No Injury,Sideswipe Same Direction,Daylight,Clear,Dry,50.0,Female,South,Changing Lanes,Unsafe Lane Change,No Apparent Influence,No Apparent Influence,36.0,Female,South,Going Straight Ahead,No Improper Action,No Apparent Influence,No Apparent Influence,33.34957,-111.91121,2019-10-03,19:36:00
36265,3575426,2019,Scottsdale Rd,Curry Rd,-150.0,Not Junction Related,0.0,0.0,No Injury,Rear End,Daylight,Clear,Dry,23.0,Male,South,Going Straight Ahead,Followed Too Closely,No Apparent Influence,No Apparent Influence,44.0,Male,South,Slowing In Trafficway,No Improper Action,No Apparent Influence,No Apparent Influence,33.43988,-111.92632,2019-10-03,23:32:00
36266,3572975,2019,Apache Blvd,McAllister Ave,-100.0,Intersection Related 206,0.0,0.0,No Injury,Sideswipe Same Direction,Daylight,Clear,Dry,75.0,Male,West,Changing Lanes,Unsafe Lane Change,No Apparent Influence,No Apparent Influence,21.0,Female,West,Going Straight Ahead,No Improper Action,No Apparent Influence,No Apparent Influence,33.41472,-111.931,2019-10-03,23:35:00
36267,3573336,2019,Elliot Rd,Price Rd,80.0,Intersection Related 206,0.0,0.0,No Injury,Rear End,Daylight,Clear,Dry,38.0,Male,West,Going Straight Ahead,Followed Too Closely,No Apparent Influence,No Apparent Influence,23.0,Female,West,Stopped In Trafficway,No Improper Action,No Apparent Influence,No Apparent Influence,33.34935,-111.89411,2019-10-03,23:46:00
36269,3572947,2019,Elliot Rd,Mill Ave,50.0,Intersection Related 206,0.0,0.0,No Injury,Rear End,Dusk,Clear,Dry,24.0,Female,East,Going Straight Ahead,Speed To Fast For Conditions,No Apparent Influence,No Apparent Influence,31.0,Male,West,Going Straight Ahead,No Improper Action,No Apparent Influence,No Apparent Influence,33.34919,-111.93701,2019-10-04,04:38:00
36270,3584298,2019,McClintock Dr,8th St,0.0,Intersection T Inter 203,2.0,0.0,Suspected Minor Injury,Left Turn,Dark Lighted,Clear,Dry,62.0,Male,East,Making Left Turn,Made Improper Turn,No Apparent Influence,No Apparent Influence,61.0,Male,South,Going Straight Ahead,No Improper Action,No Apparent Influence,No Apparent Influence,33.41952,-111.9091,2019-10-04,05:51:00
36272,3575370,2019,University Dr,Mill Ave,-50.0,Intersection Related 206,0.0,0.0,No Injury,Rear End,Dark Lighted,Clear,Dry,26.0,Male,East,Making Left Turn,No Improper Action,No Apparent Influence,No Apparent Influence,24.0,Male,East,Unknown,Unknown,No Apparent Influence,No Apparent Influence,33.42193,-111.94018,2019-10-04,09:06:00
36276,3575431,2019,Harl Ave,Warner Rd,-175.0,Intersection Related 206,0.0,0.0,No Injury,Sideswipe Same Direction,Daylight,Clear,Dry,54.0,Male,North,Changing Lanes,Unsafe Lane Change,No Apparent Influence,No Apparent Influence,38.0,Male,North,Going Straight Ahead,No Improper Action,No Apparent Influence,No Apparent Influence,33.33402,-111.96666,2019-10-04,19:37:00
36277,3575407,2019,Scottsdale Rd,Hancock Ave,60.0,Not Junction Related,0.0,0.0,No Injury,U Turn,Daylight,Clear,Dry,52.0,Male,South,Making U Turn,Failed To Yield Right Of Way,No Apparent Influence,No Apparent Influence,55.0,Male,North,Going Straight Ahead,No Improper Action,No Apparent Influence,No Apparent Influence,33.44682,-111.92646,2019-10-04,20:35:00
36278,3575389,2019,3rd St,Perry Ln,-30.0,Intersection Related 206,0.0,0.0,No Injury,Other,Daylight,Clear,Dry,32.0,Male,East,Backing,Unknown,No Apparent Influence,No Apparent Influence,26.0,Male,East,Stopped In Trafficway,No Improper Action,No Apparent Influence,No Apparent Influence,33.42743,-111.90483,2019-10-04,20:53:00
36279,3570968,2019,Scottsdale Rd,Lilac Dr,220.0,Not Junction Related,0.0,0.0,No Injury,Sideswipe Same Direction,Daylight,Clear,Dry,48.0,Male,North,Changing Lanes,Unsafe Lane Change,No Apparent Influence,No Apparent Influence,39.0,Male,North,Going Straight Ahead,No Improper Action,No Apparent Influence,No Apparent Influence,33.44936,-111.92647,2019-10-04,20:54:00
36280,3571124,2019,McClintock Dr,Don Carlos Ave,0.0,Intersection 4 Way 202,2.0,0.0,Possible Injury,Left Turn,Daylight,Clear,Dry,20.0,Female,North,Making Left Turn,Failed To Yield Right Of Way,No Apparent Influence,No Apparent Influence,32.0,Male,South,Going Straight Ahead,No Improper Action,No Apparent Influence,No Apparent Influence,33.41748,-111.90911,2019-10-04,21:47:00
36281,3575427,2019,Priest Dr,Grove Pkwy,75.0,Intersection Related 206,0.0,0.0,No Injury,Rear End,Daylight,Clear,Dry,59.0,Female,South,Going Straight Ahead,Followed Too Closely,No Apparent Influence,No Apparent Influence,66.0,Female,South,Stopped In Trafficway,No Improper Action,No Apparent Influence,No Apparent Influence,33.35162,-111.96264,2019-10-04,22:14:00
36284,3575423,2019,University Dr,McClintock Dr,220.0,Not Junction Related,0.0,0.0,No Injury,Sideswipe Same Direction,Dark Lighted,Clear,Dry,39.0,Female,West,Changing Lanes,Unsafe Lane Change,No Apparent Influence,No Apparent Influence,30.0,Male,West,Going Straight Ahead,No Improper Action,No Apparent Influence,No Apparent Influence,33.422,-111.90837,2019-10-05,02:18:00
36287,3572782,2019,Southern Ave,Rural Rd,-80.0,Intersection Related 206,0.0,0.0,No Injury,Rear End,Dark Lighted,Clear,Dry,30.0,Female,East,Going Straight Ahead,Speed To Fast For Conditions,No Apparent Influence,No Apparent Influence,25.0,Male,East,Stopped In Trafficway,No Improper Action,No Apparent Influence,No Apparent Influence,33.39296,-111.92659,2019-10-05,07:25:00
36289,3572927,2019,McClintock Dr,Southern Ave,-30.0,Intersection Related 206,0.0,0.0,No Injury,Sideswipe Same Direction,Dawn,Clear,Dry,31.0,Male,North,Going Straight Ahead,Speed To Fast For Conditions,No Apparent Influence,No Apparent Influence,42.0,Female,North,Going Straight Ahead,No Improper Action,No Apparent Influence,No Apparent Influence,33.39291,-111.90913,2019-10-05,13:04:00
36290,3572994,2019,Mill Ave,10th St,30.0,Intersection Related 206,0.0,0.0,No Injury,Sideswipe Same Direction,Daylight,Clear,Dry,24.0,Female,South,Going Straight Ahead,Speed To Fast For Conditions,No Apparent Influence,No Apparent Influence,46.0,Male,South,Stopped In Trafficway,No Improper Action,No Apparent Influence,No Apparent Influence,33.41915,-111.93997,2019-10-05,15:47:00
36291,3575395,2019,Broadway Rd,52nd St,0.0,Intersection Non Interchange,1.0,0.0,Suspected Minor Injury,Angle - Other Than Left Turn 2,Daylight,Clear,Dry,53.0,Male,West,Going Straight Ahead,Disregarded Traffic Signal,No Apparent Influence,No Apparent Influence,49.0,Female,North,Going Straight Ahead,No Improper Action,No Apparent Influence,No Apparent Influence,33.40925,-111.96953,2019-10-05,16:28:00
36293,3572960,2019,Baseline Rd,I-10 Exit 155 G-Ramp,-200.0,Not Junction Related,0.0,0.0,No Injury,Sideswipe Same Direction,Daylight,Clear,Dry,30.0,Male,East,Changing Lanes,Unsafe Lane Change,No Apparent Influence,No Apparent Influence,31.0,Male,East,Changing Lanes,Unsafe Lane Change,No Apparent Influence,No Apparent Influence,33.37826,-111.96929,2019-10-05,20:21:00
36294,3589143,2019,5th St,Farmer Ave,0.0,Intersection 4 Way 202,0.0,0.0,No Injury,Angle - Other Than Left Turn 2,Daylight,Clear,Dry,22.0,Female,North,Going Straight Ahead,Failed To Yield Right Of Way,No Apparent Influence,No Apparent Influence,66.0,Male,West,Going Straight Ahead,No Improper Action,No Apparent Influence,No Apparent Influence,33.42547,-111.94429,2019-10-05,21:49:00
36296,3589178,2019,McClintock Dr,SR-202 Exit 8 A-Ramp,-25.0,Intersection Related 206,0.0,0.0,No Injury,Sideswipe Same Direction,Daylight,Clear,Dry,78.0,Female,East,Making Right Turn,Made Improper Turn,No Apparent Influence,No Apparent Influence,38.0,Female,East,Making Right Turn,Made Improper Turn,No Apparent Influence,No Apparent Influence,33.43639,-111.90961,2019-10-05,23:23:00
36300,3575371,2019,University Dr,Rural Rd,-100.0,Intersection Related 206,0.0,0.0,No Injury,Rear End,Dark Lighted,Clear,Dry,39.0,Female,East,Going Straight Ahead,Speed To Fast For Conditions,Alcohol,No Apparent Influence,46.0,Male,East,Stopped In Trafficway,No Improper Action,No Apparent Influence,No Apparent Influence,33.42203,-111.92664,2019-10-06,08:48:00
36301,3584827,2019,Mill Ave,6th St,-50.0,Intersection Related 206,0.0,0.0,No Injury,Rear End,Dark Lighted,Clear,Dry,32.0,Female,South,Going Straight Ahead,Speed To Fast For Conditions,Alcohol,No Apparent Influence,32.0,Male,South,Going Straight Ahead,No Improper Action,No Apparent Influence,No Apparent Influence,33.42421,-111.94001,2019-10-06,09:20:00
36303,3572956,2019,Baseline Rd,I-10 Exit 155 A1-Ramp,0.0,Intersection 4 Way 202,0.0,0.0,No Injury,Left Turn,Daylight,Clear,Dry,23.0,Female,East,Going Straight Ahead,Disregarded Traffic Signal,No Apparent Influence,No Apparent Influence,63.0,Male,South,Making Left Turn,No Improper Action,No Apparent Influence,No Apparent Influence,33.37827,-111.96863,2019-10-06,14:49:00
36306,3584304,2019,River Dr,Broadway Rd,-15.0,Intersection 201,0.0,0.0,No Injury,Head On,Dusk,Clear,Dry,30.0,Male,South,Going Straight Ahead,Speed To Fast For Conditions,Alcohol,No Apparent Influence,39.0,Female,North,Properly Parked,No Improper Action,No Apparent Influence,No Apparent Influence,33.40745,-111.89775,2019-10-07,00:38:00
36307,3571122,2019,Rural Rd,Lemon St,100.0,Intersection Related 206,0.0,0.0,No Injury,Sideswipe Same Direction,Dark Lighted,Clear,Dry,18.0,Male,South,Changing Lanes,Unsafe Lane Change,No Apparent Influence,No Apparent Influence,64.0,Male,South,Going Straight Ahead,No Improper Action,No Apparent Influence,No Apparent Influence,33.41711,-111.9263,2019-10-07,02:25:00
36308,3589639,2019,48th St,Southern Ave,-45.0,Not Junction Related,0.0,0.0,No Injury,Rear End,Dark Lighted,Clear,Dry,21.0,Female,North,Going Straight Ahead,Followed Too Closely,No Apparent Influence,No Apparent Influence,33.0,Female,North,Stopped In Trafficway,No Improper Action,No Apparent Influence,No Apparent Influence,33.39264,-111.97834,2019-10-07,03:15:00
36314,3584245,2019,Warner Rd,Priest Dr,0.0,Intersection 4 Way 202,1.0,0.0,Possible Injury,Angle - Other Than Left Turn 2,Daylight,Clear,Dry,24.0,Female,West,Making Right Turn,Disregarded Traffic Signal,No Apparent Influence,No Apparent Influence,52.0,Female,North,Going Straight Ahead,No Improper Action,No Apparent Influence,No Apparent Influence,33.33453,-111.96312,2019-10-07,19:26:00
36315,3572937,2019,5th St,Ash Ave,175.0,Driveway Or Alley,0.0,0.0,No Injury,Angle - Other Than Left Turn 2,Daylight,Clear,Dry,36.0,Male,West,Overtaking Passing,Other,No Apparent Influence,No Apparent Influence,40.0,Male,West,Making Left Turn,No Improper Action,No Apparent Influence,No Apparent Influence,33.42549,-111.9428,2019-10-07,20:23:00
36316,3572932,2019,Rio Salado Pkwy,Smith Rd,0.0,Intersection 4 Way 202,0.0,0.0,No Injury,Left Turn,Daylight,Clear,Dry,38.0,Male,West,Going Straight Ahead,Speed To Fast For Conditions,No Apparent Influence,No Apparent Influence,32.0,Male,Southeast,Making Left Turn,No Improper Action,No Apparent Influence,No Apparent Influence,33.42928,-111.90046,2019-10-07,20:39:00
36318,3572935,2019,College Ave,5th St,-30.0,Intersection Related 206,0.0,0.0,No Injury,Rear End,Daylight,Clear,Dry,21.0,Female,North,Going Straight Ahead,Followed Too Closely,No Apparent Influence,No Apparent Influence,24.0,Female,North,Stopped In Trafficway,No Improper Action,No Apparent Influence,No Apparent Influence,33.42532,-111.93498,2019-10-08,00:04:00
36322,3584901,2019,Baseline Rd,Arizona Mills S,-60.0,Intersection Related 206,1.0,0.0,Possible Injury,Rear End,Dark Lighted,Clear,Dry,30.0,Male,East,Going Straight Ahead,Followed Too Closely,No Apparent Influence,No Apparent Influence,20.0,Female,East,Slowing In Trafficway,No Improper Action,No Apparent Influence,No Apparent Influence,33.37827,-111.96565,2019-10-08,07:15:00
36323,3573329,2019,Elliot Rd,Priest Dr,-108.0,Intersection Related 206,0.0,0.0,No Injury,Rear End,Daylight,Clear,Dry,56.0,Female,East,Changing Lanes,Speed To Fast For Conditions,No Apparent Influence,No Apparent Influence,33.0,Female,East,Stopped In Trafficway,No Improper Action,No Apparent Influence,No Apparent Influence,33.3491,-111.96349,2019-10-08,13:21:00
36324,3567251,2019,University Dr,48th St,0.0,Intersection Interchange,0.0,0.0,No Injury,Left Turn,Daylight,Clear,Dry,41.0,Male,West,Making Left Turn,Disregarded Traffic Signal,No Apparent Influence,No Apparent Influence,54.0,Male,East,Going Straight Ahead,No Improper Action,No Apparent Influence,No Apparent Influence,33.4219,-111.97625,2019-10-08,14:20:00
36325,3573330,2019,Baseline Rd,Darrow Dr,0.0,Intersection 4 Way 202,1.0,0.0,Possible Injury,Left Turn,Daylight,Clear,Dry,59.0,Male,East,Making Left Turn,Failed To Yield Right Of Way,No Apparent Influence,No Apparent Influence,23.0,Female,West,Going Straight Ahead,No Improper Action,No Apparent Influence,No Apparent Influence,33.37824,-111.96113,2019-10-08,14:24:00
36326,3575419,2019,Elliot Rd,Price Rd,0.0,Intersection 4 Way 202,1.0,0.0,Suspected Minor Injury,Angle - Other Than Left Turn 2,Daylight,Clear,Dry,27.0,Female,East,Going Straight Ahead,Disregarded Traffic Signal,No Apparent Influence,No Apparent Influence,22.0,Male,South,Going Straight Ahead,No Improper Action,No Apparent Influence,No Apparent Influence,33.34934,-111.89437,2019-10-08,14:38:00
36328,3575437,2019,Rio Salado Pkwy,Scottsdale Rd,-100.0,Intersection Related 206,0.0,0.0,No Injury,Rear End,Daylight,Clear,Dry,30.0,Male,West,Going Straight Ahead,Speed To Fast For Conditions,No Apparent Influence,No Apparent Influence,28.0,Male,West,Stopped In Trafficway,No Improper Action,No Apparent Influence,No Apparent Influence,33.42886,-111.92662,2019-10-08,15:29:00
36332,3584173,2019,Mill Ave,6th St,0.0,Intersection Related 206,0.0,0.0,No Injury,Rear End,Daylight,Clear,Dry,26.0,Male,South,Slowing In Trafficway,Followed Too Closely,No Apparent Influence,No Apparent Influence,34.0,Female,South,Stopped In Trafficway,No Improper Action,No Apparent Influence,No Apparent Influence,33.42435,-111.94002,2019-10-08,22:22:00
36335,3572940,2019,University Dr,Rural Rd,-60.0,Intersection Related 206,0.0,0.0,No Injury,Rear End,Dark Lighted,Clear,Dry,59.0,Male,East,Going Straight Ahead,Followed Too Closely,No Apparent Influence,No Apparent Influence,25.0,Female,East,Stopped In Trafficway,No Improper Action,No Apparent Influence,No Apparent Influence,33.42203,-111.92651,2019-10-09,01:27:00
36338,3573333,2019,Priest Dr,Manhatton Dr,150.0,Not Junction Related,0.0,0.0,No Injury,Sideswipe Same Direction,Daylight,Clear,Dry,59.0,Female,North,Changing Lanes,Unsafe Lane Change,No Apparent Influence,No Apparent Influence,28.0,Female,North,Changing Lanes,Unsafe Lane Change,No Apparent Influence,No Apparent Influence,33.38912,-111.96086,2019-10-09,14:51:00
36339,3584715,2019,McClintock Dr,Apache Blvd,-100.0,Not Junction Related,0.0,0.0,No Injury,Rear End,Daylight,Clear,Dry,22.0,Female,North,Going Straight Ahead,Speed To Fast For Conditions,No Apparent Influence,No Apparent Influence,34.0,Male,North,Slowing In Trafficway,No Improper Action,No Apparent Influence,No Apparent Influence,33.41449,-111.90913,2019-10-09,15:35:00
36342,3572958,2019,Rural Rd,US-60 Exit 174 J-Ramp,-160.0,Intersection Related 206,1.0,0.0,Suspected Minor Injury,Rear End,Daylight,Clear,Dry,28.0,Male,South,Going Straight Ahead,Followed Too Closely,Alcohol,No Apparent Influence,26.0,Male,South,Stopped In Trafficway,No Improper Action,No Apparent Influence,No Apparent Influence,33.38574,-111.92647,2019-10-09,18:16:00
36344,3584888,2019,Greentree Dr,Priest Dr,15.0,Intersection Related 206,0.0,0.0,No Injury,Sideswipe Same Direction,Daylight,Clear,Dry,61.0,Female,West,Making Right Turn,Made Improper Turn,No Apparent Influence,No Apparent Influence,55.0,Female,West,Stopped In Trafficway,No Improper Action,No Apparent Influence,No Apparent Influence,33.33171,-111.96306,2019-10-09,19:37:00
36345,3584716,2019,Scottsdale Rd,Playa Del Norte Dr,100.0,Intersection Related 206,0.0,0.0,No Injury,Rear End,Daylight,Clear,Dry,25.0,Male,South,Going Straight Ahead,Speed To Fast For Conditions,No Apparent Influence,No Apparent Influence,36.0,Male,South,Stopped In Trafficway,No Improper Action,No Apparent Influence,No Apparent Influence,33.43431,-111.92626,2019-10-09,20:00:00
36346,3575462,2019,Southern Ave,Butte Ave,0.0,Intersection T Inter 203,0.0,0.0,No Injury,Angle - Other Than Left Turn 2,Daylight,Clear,Dry,73.0,Male,South,Going Straight Ahead,Other,No Apparent Influence,No Apparent Influence,40.0,Female,South,Making Left Turn,No Improper Action,No Apparent Influence,No Apparent Influence,33.39299,-111.91141,2019-10-09,20:13:00
36347,3584992,2019,River Pkwy,Elliot Rd,0.0,Intersection 4 Way 202,0.0,0.0,No Injury,Left Turn,Daylight,Clear,Dry,22.0,Male,North,Making Left Turn,Failed To Yield Right Of Way,No Apparent Influence,No Apparent Influence,53.0,Female,South,Going Straight Ahead,No Improper Action,No Apparent Influence,No Apparent Influence,33.34928,-111.89791,2019-10-09,20:15:00
36348,3575418,2019,University Dr,McAllister Ave,-180.0,Intersection Related 206,0.0,0.0,No Injury,Rear End,Daylight,Clear,Dry,26.0,Female,East,Going Straight Ahead,Speed To Fast For Conditions,No Apparent Influence,No Apparent Influence,76.0,Male,East,Going Straight Ahead,No Improper Action,No Apparent Influence,No Apparent Influence,33.42201,-111.92953,2019-10-09,20:28:00
36351,3575411,2019,Terrace Rd,Manhatton Dr,-50.0,Not Junction Related,0.0,0.0,No Injury,Sideswipe Same Direction,Dark Lighted,Clear,Dry,45.0,Male,North,Going Straight Ahead,Unsafe Lane Change,No Apparent Influence,No Apparent Influence,30.0,Male,North,Going Straight Ahead,No Improper Action,No Apparent Influence,No Apparent Influence,33.38795,-111.92227,2019-10-10,01:37:00
36352,3584713,2019,Lakeshore Dr,Southshore Dr,0.0,Intersection 201,0.0,0.0,No Injury,Angle - Other Than Left Turn 2,Dark Lighted,Clear,Dry,51.0,Female,North,Going Straight Ahead,Failed To Yield Right Of Way,No Apparent Influence,No Apparent Influence,40.0,Male,East,Going Straight Ahead,No Improper Action,No Apparent Influence,No Apparent Influence,33.37122,-111.91997,2019-10-10,01:37:00
36353,3574884,2019,McClintock Dr,Southern Ave,0.0,Intersection 201,1.0,0.0,Possible Injury,Rear End,Dark Lighted,Clear,Dry,23.0,Male,South,Going Straight Ahead,Speed To Fast For Conditions,No Apparent Influence,No Apparent Influence,33.0,Male,South,Stopped In Trafficway,No Improper Action,No Apparent Influence,No Apparent Influence,33.39299,-111.90913,2019-10-10,02:49:00
36358,3575883,2019,Mill Ave,11th St,0.0,Intersection T Inter 203,0.0,0.0,No Injury,Angle - Other Than Left Turn 2,Daylight,Clear,Wet,33.0,Female,North,Unknown,Unknown,No Apparent Influence,No Apparent Influence,63.0,Male,North,Unknown,Unknown,No Apparent Influence,No Apparent Influence,33.41764,-111.93994,2019-10-10,15:15:00
36361,3572906,2019,5th St,Mill Ave,0.0,Not Junction Related,0.0,0.0,No Injury,Sideswipe Same Direction,Daylight,Clear,Dry,23.0,Male,West,Making Right Turn,Speed To Fast For Conditions,No Apparent Influence,No Apparent Influence,25.0,Male,West,Making Right Turn,No Improper Action,No Apparent Influence,No Apparent Influence,33.4255,-111.94002,2019-10-10,18:45:00
36363,3572948,2019,McClintock Dr,E Tempe Marketplace,113.0,Intersection Related 206,2.0,0.0,Suspected Minor Injury,Rear End,Daylight,Clear,Dry,37.0,Male,South,Going Straight Ahead,Followed Too Closely,No Apparent Influence,No Apparent Influence,42.0,Male,South,Slowing In Trafficway,No Improper Action,No Apparent Influence,No Apparent Influence,33.43239,-111.90931,2019-10-10,20:58:00
36366,3575417,2019,Baseline Rd,Pointe Pkwy,120.0,Intersection Related 206,0.0,0.0,No Injury,Rear End,Daylight,Clear,Dry,29.0,Male,East,Going Straight Ahead,Followed Too Closely,No Apparent Influence,No Apparent Influence,49.0,Male,East,Stopped In Trafficway,No Improper Action,No Apparent Influence,No Apparent Influence,33.37822,-111.9716,2019-10-10,22:24:00
36371,3584253,2019,Rural Rd,Rio Salado Pkwy,-130.0,Not Junction Related,0.0,0.0,No Injury,Rear End,Dusk,Clear,Dry,18.0,Female,North,Going Straight Ahead,Speed To Fast For Conditions,No Apparent Influence,No Apparent Influence,25.0,Male,North,Stopped In Trafficway,No Improper Action,No Apparent Influence,No Apparent Influence,33.42849,-111.92629,2019-10-11,00:58:00
36372,3584172,2019,Pointe Pkwy,Baseline Rd,0.0,Not Junction Related,0.0,0.0,No Injury,Rear End,Dusk,Clear,Dry,33.0,Female,East,Going Straight Ahead,Followed Too Closely,No Apparent Influence,No Apparent Influence,24.0,Female,East,Stopped In Trafficway,No Improper Action,No Apparent Influence,No Apparent Influence,33.37822,-111.97199,2019-10-11,01:14:00
36373,3575404,2019,Rio Salado Pkwy,Rockford Dr,0.0,Intersection T Inter 203,1.0,0.0,Possible Injury,Left Turn,Dusk,Clear,Dry,21.0,Female,East,Making Left Turn,Failed To Yield Right Of Way,No Apparent Influence,No Apparent Influence,58.0,Female,West,Going Straight Ahead,No Improper Action,No Apparent Influence,No Apparent Influence,33.42936,-111.89704,2019-10-11,01:25:00
36374,3572905,2019,5th St,Mill Ave,230.0,Not Junction Related,1.0,0.0,Suspected Minor Injury,Sideswipe Same Direction,Dark Lighted,Clear,Dry,87.0,Female,West,Going Straight Ahead,Speed To Fast For Conditions,No Apparent Influence,No Apparent Influence,21.0,Male,Unknown,Properly Parked,No Improper Action,No Apparent Influence,No Apparent Influence,33.42551,-111.93927,2019-10-11,01:49:00
36375,3575439,2019,Mill Ave,Alameda Dr,0.0,Intersection 4 Way 202,1.0,0.0,Suspected Minor Injury,Left Turn,Dusk,Clear,Dry,18.0,Female,North,Going Straight Ahead,Disregarded Traffic Signal,No Apparent Influence,No Apparent Influence,23.0,Male,East,Going Straight Ahead,No Improper Action,No Apparent Influence,No Apparent Influence,33.40011,-111.93971,2019-10-11,02:04:00
36377,3584252,2019,Rural Rd,Broadway Rd,0.0,Intersection 4 Way 202,1.0,0.0,Possible Injury,Angle - Other Than Left Turn 2,Dark Lighted,Clear,Dry,67.0,Male,North,Going Straight Ahead,Disregarded Traffic Signal,No Apparent Influence,No Apparent Influence,18.0,Male,East,Going Straight Ahead,No Improper Action,No Apparent Influence,No Apparent Influence,33.4075,-111.92628,2019-10-11,04:35:00
36378,3584163,2019,Cottonwood Dr,Loma Vista Dr,-42.0,Not Junction Related,0.0,0.0,No Injury,Head On,Dark Not Lighted,Clear,Dry,18.0,Male,South,Going Straight Ahead,Speed To Fast For Conditions,No Apparent Influence,No Apparent Influence,18.0,Female,North,Properly Parked,No Improper Action,No Apparent Influence,No Apparent Influence,33.40205,-111.88979,2019-10-11,06:36:00
36379,3584717,2019,McClintock Dr,Elliot Rd,0.0,Intersection 4 Way 202,2.0,0.0,Possible Injury,Left Turn,Daylight,Clear,Dry,31.0,Male,South,Making Left Turn,Failed To Yield Right Of Way,No Apparent Influence,No Apparent Influence,37.0,Male,North,Going Straight Ahead,No Improper Action,No Apparent Influence,No Apparent Influence,33.34913,-111.91119,2019-10-11,14:27:00
36380,3574654,2019,McKellips Rd,Scottsdale Rd,-84.0,Not Junction Related,0.0,0.0,No Injury,Sideswipe Same Direction,Daylight,Clear,Dry,62.0,Female,East,Changing Lanes,Unsafe Lane Change,No Apparent Influence,No Apparent Influence,26.0,Female,East,Slowing In Trafficway,No Improper Action,No Apparent Influence,No Apparent Influence,33.45124,-111.92674,2019-10-11,15:16:00
36381,3575361,2019,University Dr,Hardy Dr,0.0,Intersection 4 Way 202,0.0,0.0,No Injury,Angle - Other Than Left Turn 2,Daylight,Clear,Dry,38.0,Male,North,Going Straight Ahead,Disregarded Traffic Signal,No Apparent Influence,No Apparent Influence,60.0,Male,West,Going Straight Ahead,No Improper Action,No Apparent Influence,No Apparent Influence,33.42191,-111.95222,2019-10-11,16:17:00
36382,3584721,2019,Scottsdale Rd,Rio Salado Pkwy,90.0,Intersection Related 206,0.0,0.0,No Injury,Rear End,Daylight,Clear,Dry,34.0,Female,South,Going Straight Ahead,Speed To Fast For Conditions,No Apparent Influence,No Apparent Influence,18.0,Female,South,Stopped In Trafficway,No Improper Action,No Apparent Influence,No Apparent Influence,33.4291,-111.92629,2019-10-11,17:10:00
36383,3575471,2019,Rural Rd,Apache Blvd,-105.0,Intersection T Inter 203,0.0,0.0,No Injury,Rear End,Daylight,Clear,Dry,35.0,Male,North,Going Straight Ahead,Followed Too Closely,No Apparent Influence,No Apparent Influence,48.0,Female,North,Stopped In Trafficway,No Improper Action,No Apparent Influence,No Apparent Influence,33.41447,-111.92629,2019-10-11,17:30:00
36384,3584402,2019,Priest Dr,Elliot Rd,-150.0,Intersection Related 206,0.0,0.0,No Injury,Sideswipe Same Direction,Daylight,Clear,Dry,39.0,Female,North,Changing Lanes,Speed To Fast For Conditions,No Apparent Influence,No Apparent Influence,43.0,Male,North,Stopped In Trafficway,No Improper Action,No Apparent Influence,No Apparent Influence,33.34869,-111.96313,2019-10-11,18:30:00
36386,3575360,2019,University Dr,Ash Ave,150.0,Not Junction Related,0.0,0.0,No Injury,Rear End,Daylight,Clear,Dry,49.0,Male,West,Stopped In Trafficway,Aggressive Driving,No Apparent Influence,No Apparent Influence,30.0,Male,West,Going Straight Ahead,No Improper Action,No Apparent Influence,No Apparent Influence,33.42193,-111.94191,2019-10-11,18:56:00
36387,3584714,2019,Curry Rd,McClintock Dr,-123.0,Intersection Related 206,0.0,0.0,No Injury,Sideswipe Same Direction,Daylight,Clear,Dry,72.0,Male,East,Changing Lanes,Unsafe Lane Change,No Apparent Influence,No Apparent Influence,19.0,Female,East,Going Straight Ahead,No Improper Action,No Apparent Influence,No Apparent Influence,33.4404,-111.90996,2019-10-11,19:33:00
36388,3575464,2019,Warner Rd,I-10 Exit 158 C-Ramp,-104.0,Intersection Related 206,0.0,0.0,No Injury,Rear End,Daylight,Clear,Dry,23.0,Male,East,Going Straight Ahead,Followed Too Closely,No Apparent Influence,No Apparent Influence,61.0,Male,East,Stopped In Trafficway,No Improper Action,No Apparent Influence,No Apparent Influence,33.33436,-111.97185,2019-10-11,19:55:00
36392,3575460,2019,Broadway Rd,Hardy Dr,-50.0,Intersection 201,0.0,0.0,No Injury,Left Turn,Dawn,Clear,Dry,25.0,Female,East,Making Left Turn,Failed To Yield Right Of Way,No Apparent Influence,No Apparent Influence,26.0,Female,East,Going Straight Ahead,No Improper Action,No Apparent Influence,No Apparent Influence,33.40739,-111.95233,2019-10-12,13:17:00
36393,3575425,2019,Baseline Rd,Terry Ln,-100.0,Driveway Or Alley,1.0,0.0,Possible Injury,Angle - Other Than Left Turn 2,Daylight,Clear,Dry,30.0,Female,North,Making Right Turn,Failed To Yield Right Of Way,No Apparent Influence,No Apparent Influence,24.0,Female,East,Going Straight Ahead,No Improper Action,No Apparent Influence,No Apparent Influence,33.37823,-111.95573,2019-10-12,16:28:00