,Incident ID,Year,Street Name,Cross Street,Distance,Junction Relation,Total Injuries,Total Fatalities,Injury Severity,Collision Manner,Light Condition,Weather,Surface Condition,Age Driver 1,Gender Driver 1,Travel Direction One,Unit Action One,Violation1_Drv1,Alcohol Use Driver 1,Drug Use Driver 1,Age Driver 2,Gender Driver 2,Travel Direction Two,Unit Action Two,Violation 1 Driver 2,Alcohol Use Driver 2,Drug Use Driver 2,Latitude,Longitude,Date,Time
36394,3585148,2019,McClintock Dr,SR-202 Exit 8 J-Ramp,0.0,Intersection Related 206,0.0,0.0,No Injury,Left Turn,Daylight,Clear,Dry,58.0,Male,North,Going Straight Ahead,Disregarded Traffic Signal,No Apparent Influence,No Apparent Influence,19.0,Female,North,Making Left Turn,No Improper Action,No Apparent Influence,No Apparent Influence,33.43662,-111.90962,2019-10-12,17:38:00
36396,3575416,2019,Rural Rd,Rio Salado Pkwy,-30.0,Intersection 201,1.0,0.0,Suspected Minor Injury,Rear End,Daylight,Clear,Dry,28.0,Male,North,Going Straight Ahead,Speed To Fast For Conditions,No Apparent Influence,No Apparent Influence,17.0,Male,North,Stopped In Trafficway,No Improper Action,No Apparent Influence,No Apparent Influence,33.42877,-111.92629,2019-10-12,18:50:00
36397,3584894,2019,McClintock Dr,US-60 Exit 175 A-Ramp,60.0,Intersection Related 206,0.0,0.0,No Injury,Rear End,Daylight,Clear,Dry,28.0,Male,South,Going Straight Ahead,Speed To Fast For Conditions,Alcohol,No Apparent Influence,57.0,Male,South,Stopped In Trafficway,No Improper Action,No Apparent Influence,No Apparent Influence,33.38532,-111.90921,2019-10-13,00:28:00
36398,3584392,2019,Rural Rd,US-60 Exit 174 J-Ramp,40.0,Intersection Related 206,0.0,0.0,No Injury,Rear End,Dusk,Clear,Dry,20.0,Male,South,Going Straight Ahead,Speed To Fast For Conditions,No Apparent Influence,No Apparent Influence,27.0,Female,South,Going Straight Ahead,No Improper Action,No Apparent Influence,No Apparent Influence,33.38629,-111.92647,2019-10-13,01:01:00
36399,3572904,2019,Price Rd,University Dr,0.0,Intersection 4 Way 202,0.0,0.0,No Injury,Rear End,Dark Lighted,Clear,Dry,27.0,Male,South,Going Straight Ahead,Speed To Fast For Conditions,No Apparent Influence,No Apparent Influence,22.0,Female,South,Stopped In Trafficway,No Improper Action,No Apparent Influence,No Apparent Influence,33.42202,-111.89031,2019-10-13,01:21:00
36400,3573300,2019,Mill Ave,University Dr,-50.0,Not Junction Related,0.0,0.0,No Injury,Sideswipe Same Direction,Dark Lighted,Clear,Dry,61.0,Male,South,Changing Lanes,Unknown,No Apparent Influence,No Apparent Influence,31.0,Male,South,Going Straight Ahead,Unknown,No Apparent Influence,No Apparent Influence,33.4218,-111.94001,2019-10-13,02:44:00
36401,3575421,2019,Southern Ave,Priest Dr,30.0,Intersection Related 206,0.0,0.0,No Injury,Rear End,Dark Lighted,Clear,Dry,24.0,Male,West,Going Straight Ahead,Speed To Fast For Conditions,Alcohol,No Apparent Influence,19.0,Female,West,Stopped In Trafficway,No Improper Action,No Apparent Influence,No Apparent Influence,33.39288,-111.96067,2019-10-13,08:23:00
36403,3575468,2019,Mill Ave,Baseline Rd,-100.0,Not Junction Related,0.0,0.0,No Injury,Other,Daylight,Clear,Dry,27.0,Male,North,Backing,Other,No Apparent Influence,No Apparent Influence,26.0,Male,North,Stopped In Trafficway,No Improper Action,No Apparent Influence,No Apparent Influence,33.37794,-111.93937,2019-10-13,19:12:00
36406,3606702,2019,Lemon St,Terrace Rd,115.0,Driveway Or Alley,0.0,0.0,No Injury,Angle - Other Than Left Turn 2,Dark Lighted,Clear,Dry,56.0,Male,Southeast,Making Right Turn,Made Improper Turn,No Apparent Influence,No Apparent Influence,30.0,Male,East,Going Straight Ahead,No Improper Action,No Apparent Influence,No Apparent Influence,33.41675,-111.92204,2019-10-14,01:32:00
36407,3575388,2019,Broadway Rd,Dorsey Ln,150.0,Not Junction Related,0.0,0.0,No Injury,Angle - Other Than Left Turn 2,Dark Lighted,Clear,Dry,29.0,Female,East,Changing Lanes,Unsafe Lane Change,No Apparent Influence,No Apparent Influence,22.0,Female,East,Going Straight Ahead,No Improper Action,No Apparent Influence,No Apparent Influence,33.40751,-111.91721,2019-10-14,02:03:00
36408,3575415,2019,Rural Rd,Southern Ave,200.0,Intersection Related 206,0.0,0.0,No Injury,Rear End,Daylight,Clear,Dry,52.0,Male,South,Going Straight Ahead,Followed Too Closely,No Apparent Influence,No Apparent Influence,59.0,Male,South,Stopped In Trafficway,No Improper Action,No Apparent Influence,No Apparent Influence,33.39351,-111.92633,2019-10-14,17:17:00
36409,3599924,2019,Baseline Rd,Wendler Dr,0.0,Intersection 4 Way 202,1.0,0.0,Suspected Minor Injury,Left Turn,Daylight,Clear,Dry,56.0,Female,East,Going Straight Ahead,Unknown,No Apparent Influence,No Apparent Influence,29.0,Female,South,Making Left Turn,Unknown,No Apparent Influence,No Apparent Influence,33.37826,-111.96979,2019-10-14,18:28:00
36411,3584990,2019,Broadway Rd,Forest Service 01 Tempe Ave,-100.0,Intersection Related 206,0.0,0.0,No Injury,Sideswipe Same Direction,Daylight,Clear,Dry,38.0,Male,East,Changing Lanes,Unsafe Lane Change,No Apparent Influence,No Apparent Influence,40.0,Male,East,Going Straight Ahead,No Improper Action,No Apparent Influence,No Apparent Influence,33.40743,-111.9363,2019-10-14,23:09:00
36413,3575440,2019,Rural Rd,Apache Blvd,-60.0,Intersection Related 206,0.0,0.0,No Injury,Rear End,Dark Lighted,Clear,Dry,24.0,Male,North,Going Straight Ahead,Speed To Fast For Conditions,No Apparent Influence,No Apparent Influence,28.0,Male,North,Stopped In Trafficway,No Improper Action,No Apparent Influence,No Apparent Influence,33.4146,-111.92629,2019-10-15,04:18:00
36416,3584403,2019,Rural Rd,Rio Salado Pkwy,-150.0,Intersection Related 206,0.0,0.0,No Injury,Rear End,Daylight,Clear,Dry,34.0,Female,South,Going Straight Ahead,Followed Too Closely,No Apparent Influence,No Apparent Influence,42.0,Male,South,Stopped In Trafficway,No Improper Action,No Apparent Influence,No Apparent Influence,33.42844,-111.92629,2019-10-15,13:59:00
36417,3584401,2019,Rural Rd,Gail Dr,-200.0,Not Junction Related,0.0,0.0,No Injury,Angle - Other Than Left Turn 2,Daylight,Clear,Dry,17.0,Male,West,Going Straight Ahead,Failed To Yield Right Of Way,No Apparent Influence,No Apparent Influence,58.0,Male,North,Going Straight Ahead,No Improper Action,No Apparent Influence,No Apparent Influence,33.32191,-111.92821,2019-10-15,14:18:00
36420,3584913,2019,Baseline Rd,Darrow Dr,200.0,Not Junction Related,0.0,0.0,No Injury,Rear End,Daylight,Clear,Dry,25.0,Female,West,Going Straight Ahead,Speed To Fast For Conditions,No Apparent Influence,No Apparent Influence,42.0,Male,West,Stopped In Trafficway,No Improper Action,No Apparent Influence,No Apparent Influence,33.37824,-111.96047,2019-10-15,15:31:00
36421,3575352,2019,University Dr,Lindon Ln,63.0,Intersection Related 206,0.0,0.0,No Injury,Rear End,Daylight,Clear,Dry,18.0,Male,West,Going Straight Ahead,Followed Too Closely,No Apparent Influence,No Apparent Influence,30.0,Male,West,Stopped In Trafficway,No Improper Action,No Apparent Influence,No Apparent Influence,33.42194,-111.96503,2019-10-15,15:57:00
36422,3571163,2019,Guadalupe Rd,SR-101 Exit 56 P-Ramp,0.0,Intersection 4 Way 202,0.0,0.0,No Injury,Sideswipe Same Direction,Daylight,Clear,Dry,22.0,Male,West,Making Left Turn,Failed To Keep In Proper Lane,No Apparent Influence,No Apparent Influence,40.0,Male,West,Making Left Turn,No Improper Action,No Apparent Influence,No Apparent Influence,33.36389,-111.89415,2019-10-15,18:16:00
36427,3584399,2019,Priest Dr,W Commerce Dr,-30.0,Intersection Related 206,1.0,0.0,Possible Injury,Rear End,Daylight,Clear,Dry,68.0,Male,North,Going Straight Ahead,Followed Too Closely,No Apparent Influence,No Apparent Influence,51.0,Male,North,Slowing In Trafficway,No Improper Action,No Apparent Influence,No Apparent Influence,33.33676,-111.96313,2019-10-16,00:13:00
36429,3575447,2019,Broadway Rd,College Ave,0.0,Intersection Related 206,1.0,0.0,Suspected Minor Injury,Rear End,Unknown 51,Unknown,Dry,38.0,Male,East,Going Straight Ahead,Followed Too Closely,No Apparent Influence,No Apparent Influence,34.0,Female,East,Stopped In Trafficway,No Improper Action,No Apparent Influence,No Apparent Influence,33.40744,-111.93491,2019-10-16,00:42:00
36430,3584352,2019,Kyrene Rd,Grove Pkwy,100.0,Intersection Related 206,0.0,0.0,No Injury,Rear End,Dusk,Clear,Dry,18.0,Female,South,Going Straight Ahead,Speed To Fast For Conditions,No Apparent Influence,No Apparent Influence,54.0,Female,South,Slowing In Trafficway,No Improper Action,No Apparent Influence,No Apparent Influence,33.3551,-111.94584,2019-10-16,00:55:00
36431,3584889,2019,Curry Rd,Mill Ave,0.0,Intersection 4 Way 202,0.0,0.0,No Injury,Sideswipe Same Direction,Dark Lighted,Clear,Dry,40.0,Female,Southeast,Making Left Turn,Unknown,No Apparent Influence,No Apparent Influence,29.0,Female,Northeast,Making Right Turn,Unknown,No Apparent Influence,No Apparent Influence,33.43763,-111.9433,2019-10-16,01:27:00
36435,3584719,2019,Calle Los Cerros,Baseline Rd,0.0,Intersection T Inter 203,1.0,0.0,Possible Injury,Left Turn,Daylight,Clear,Dry,60.0,Female,South,Making Left Turn,Disregarded Traffic Signal,No Apparent Influence,No Apparent Influence,53.0,Male,West,Going Straight Ahead,No Improper Action,No Apparent Influence,No Apparent Influence,33.37821,-111.97409,2019-10-16,14:34:00
36436,3584997,2019,Kyrene Rd,Guadalupe Rd,40.0,Intersection Related 206,0.0,0.0,No Injury,Rear End,Daylight,Clear,Dry,25.0,Female,South,Going Straight Ahead,Speed To Fast For Conditions,No Apparent Influence,No Apparent Influence,29.0,Female,South,Stopped In Trafficway,No Improper Action,No Apparent Influence,No Apparent Influence,33.36377,-111.94589,2019-10-16,14:57:00
36439,3585077,2019,Priest Dr,Auto Dr,200.0,Not Junction Related,0.0,0.0,No Injury,Angle - Other Than Left Turn 2,Daylight,Clear,Dry,71.0,Female,Southwest,Other,Failed To Yield Right Of Way,No Apparent Influence,No Apparent Influence,43.0,Female,North,Going Straight Ahead,No Improper Action,No Apparent Influence,No Apparent Influence,33.34603,-111.96315,2019-10-16,17:45:00
36440,3584851,2019,48th St,I-10 Cardinal Frontage,0.0,Intersection 4 Way 202,2.0,0.0,Suspected Minor Injury,Angle - Other Than Left Turn 2,Daylight,Clear,Dry,22.0,Female,North,Going Straight Ahead,Disregarded Traffic Signal,No Apparent Influence,No Apparent Influence,21.0,Male,East,Going Straight Ahead,No Improper Action,No Apparent Influence,No Apparent Influence,33.40932,-111.97822,2019-10-16,17:59:00
36443,3584720,2019,Priest Dr,Elliot Rd,-115.0,Intersection Related 206,0.0,0.0,No Injury,Rear End,Daylight,Clear,Dry,50.0,Male,North,Going Straight Ahead,Followed Too Closely,No Apparent Influence,No Apparent Influence,26.0,Female,North,Stopped In Trafficway,No Improper Action,No Apparent Influence,No Apparent Influence,33.34879,-111.96313,2019-10-16,20:15:00
36447,3585027,2019,Broadway Rd,Priest Dr,150.0,Driveway Or Alley,0.0,0.0,No Injury,Left Turn,Daylight,Clear,Dry,30.0,Male,South,Making Left Turn,Failed To Yield Right Of Way,No Apparent Influence,No Apparent Influence,25.0,Female,West,Going Straight Ahead,No Improper Action,No Apparent Influence,No Apparent Influence,33.40742,-111.96029,2019-10-16,22:35:00
36448,3584818,2019,Priest Dr,Southern Ave,-150.0,Intersection Related 206,0.0,0.0,No Injury,Rear End,Daylight,Clear,Dry,18.0,Female,South,Going Straight Ahead,Followed Too Closely,No Apparent Influence,No Apparent Influence,60.0,Male,South,Stopped In Trafficway,No Improper Action,No Apparent Influence,No Apparent Influence,33.39247,-111.96078,2019-10-16,22:48:00
36451,3585018,2019,Elliot Rd,McClintock Dr,15.0,Intersection Related 206,1.0,0.0,Possible Injury,Rear End,Daylight,Clear,Dry,28.0,Female,West,Going Straight Ahead,Followed Too Closely,No Apparent Influence,No Apparent Influence,46.0,Male,West,Slowing In Trafficway,No Improper Action,No Apparent Influence,No Apparent Influence,33.34913,-111.91114,2019-10-16,23:03:00
36453,3575444,2019,Apache Blvd,Dorsey Ln,0.0,Intersection 4 Way 202,1.0,0.0,Suspected Minor Injury,Left Turn,Daylight,Clear,Dry,25.0,Female,East,Making Left Turn,Made Improper Turn,No Apparent Influence,No Apparent Influence,41.0,Male,West,Going Straight Ahead,No Improper Action,No Apparent Influence,No Apparent Influence,33.41476,-111.9177,2019-10-16,23:58:00
36454,3575454,2019,Minton Dr,Hardy Dr,30.0,Intersection Related 206,0.0,0.0,No Injury,Rear End,Dusk,Clear,Dry,26.0,Male,West,Backing,Other,No Apparent Influence,No Apparent Influence,62.0,Female,West,Slowing In Trafficway,No Improper Action,No Apparent Influence,No Apparent Influence,33.38098,-111.95234,2019-10-17,00:53:00
36455,3584996,2019,Broadway Rd,Price Rd,0.0,Intersection 4 Way 202,0.0,0.0,No Injury,Angle - Other Than Left Turn 2,Dark Lighted,Clear,Dry,51.0,Male,West,Making Right Turn,Unsafe Lane Change,Alcohol,No Apparent Influence,64.0,Male,West,Going Straight Ahead,No Improper Action,No Apparent Influence,No Apparent Influence,33.40748,-111.89033,2019-10-17,01:07:00
36456,3584898,2019,McClintock Dr,Don Carlos Ave,0.0,Intersection 4 Way 202,1.0,0.0,Possible Injury,Left Turn,Dark Lighted,Clear,Dry,35.0,Male,North,Making Left Turn,Failed To Yield Right Of Way,No Apparent Influence,No Apparent Influence,42.0,Female,South,Going Straight Ahead,No Improper Action,No Apparent Influence,No Apparent Influence,33.41748,-111.90911,2019-10-17,01:11:00
36457,3575394,2019,Southern Ave,Rural Rd,-200.0,Intersection Related 206,0.0,0.0,No Injury,Rear End,Dark Lighted,Clear,Dry,35.0,Female,East,Going Straight Ahead,Speed To Fast For Conditions,No Apparent Influence,No Apparent Influence,33.0,Female,East,Stopped In Trafficway,No Improper Action,No Apparent Influence,No Apparent Influence,33.39296,-111.92698,2019-10-17,01:34:00
36458,3575451,2019,Warner Rd,Beck Ave,-60.0,Not Junction Related,0.0,0.0,No Injury,Rear End,Dark Lighted,Unknown,Dry,39.0,Female,West,Going Straight Ahead,Followed Too Closely,No Apparent Influence,No Apparent Influence,62.0,Male,West,Slowing In Trafficway,No Improper Action,No Apparent Influence,No Apparent Influence,33.33455,-111.95882,2019-10-17,01:40:00
36461,3584899,2019,Kyrene Rd,Guadalupe Rd,-200.0,Intersection Related 206,1.0,0.0,Possible Injury,Sideswipe Same Direction,Dark Lighted,Clear,Dry,29.0,Male,North,Changing Lanes,Unsafe Lane Change,No Apparent Influence,No Apparent Influence,36.0,Female,North,Going Straight Ahead,No Improper Action,No Apparent Influence,No Apparent Influence,33.36311,-111.94589,2019-10-17,02:50:00
36462,3589152,2019,University Dr,Roosevelt St,-100.0,Intersection Related 206,0.0,0.0,No Injury,Rear End,Dark Lighted,Clear,Dry,52.0,Female,East,Going Straight Ahead,Speed To Fast For Conditions,No Apparent Influence,No Apparent Influence,27.0,Female,East,Stopped In Trafficway,No Improper Action,No Apparent Influence,No Apparent Influence,33.4219,-111.94762,2019-10-17,03:15:00
36463,3575390,2019,Priest Dr,University Dr,-100.0,Intersection Related 206,0.0,0.0,No Injury,Left Turn,Dark Lighted,Clear,Dry,21.0,Male,West,Making Left Turn,Failed To Yield Right Of Way,No Apparent Influence,No Apparent Influence,23.0,Male,South,Going Straight Ahead,No Improper Action,No Apparent Influence,No Apparent Influence,33.42167,-111.96091,2019-10-17,04:02:00
36466,3584302,2019,Hardy Dr,Laguna Dr,-97.0,Not Junction Related,1.0,0.0,Possible Injury,Rear End,Daylight,Clear,Dry,42.0,Male,North,Going Straight Ahead,Speed To Fast For Conditions,No Apparent Influence,No Apparent Influence,35.0,Female,North,Stopped In Trafficway,No Improper Action,No Apparent Influence,No Apparent Influence,33.39074,-111.95221,2019-10-17,13:59:00
36467,3584247,2019,University Dr,Park Ln,0.0,Intersection T Inter 203,1.0,0.0,Suspected Minor Injury,Left Turn,Daylight,Clear,Dry,59.0,Female,North,Making Left Turn,Disregarded Traffic Signal,No Apparent Influence,No Apparent Influence,35.0,Male,East,Going Straight Ahead,No Improper Action,No Apparent Influence,No Apparent Influence,33.42191,-111.97469,2019-10-17,14:02:00
36468,3585078,2019,Broadway Rd,Dorsey Ln,0.0,Intersection 4 Way 202,2.0,0.0,Possible Injury,Left Turn,Daylight,Clear,Dry,29.0,Female,East,Making Left Turn,Failed To Yield Right Of Way,No Apparent Influence,No Apparent Influence,25.0,Female,West,Going Straight Ahead,No Improper Action,No Apparent Influence,No Apparent Influence,33.40751,-111.9177,2019-10-17,14:30:00
36469,3585080,2019,Rural Rd,Broadmor Dr,128.0,Not Junction Related,0.0,0.0,No Injury,Rear End,Daylight,Clear,Dry,37.0,Male,North,Going Straight Ahead,Speed To Fast For Conditions,No Apparent Influence,No Apparent Influence,46.0,Female,North,Slowing In Trafficway,No Improper Action,No Apparent Influence,No Apparent Influence,33.40386,-111.9263,2019-10-17,14:39:00
36472,3585025,2019,Broadway Rd,Price Rd,-25.0,Intersection Related 206,0.0,0.0,No Injury,Angle - Other Than Left Turn 2,Daylight,Clear,Dry,24.0,Male,North,Making Left Turn,Made Improper Turn,No Apparent Influence,No Apparent Influence,30.0,Female,North,Making Left Turn,No Improper Action,No Apparent Influence,No Apparent Influence,33.40748,-111.89042,2019-10-17,16:18:00
36473,3584824,2019,Rural Rd,Apache Blvd,-30.0,Intersection Related 206,0.0,0.0,No Injury,Rear End,Daylight,Clear,Dry,19.0,Female,North,Going Straight Ahead,Speed To Fast For Conditions,No Apparent Influence,No Apparent Influence,24.0,Male,North,Stopped In Trafficway,No Improper Action,No Apparent Influence,No Apparent Influence,33.41468,-111.92629,2019-10-17,16:59:00
36474,3589153,2019,Baseline Rd,Kyrene Rd,15.0,Intersection Related 206,1.0,0.0,Possible Injury,Angle - Other Than Left Turn 2,Daylight,Clear,Dry,27.0,Female,North,Making Right Turn,Failed To Yield Right Of Way,No Apparent Influence,No Apparent Influence,28.0,Male,East,Going Straight Ahead,No Improper Action,No Apparent Influence,No Apparent Influence,33.3782,-111.94594,2019-10-17,19:17:00
36476,3585021,2019,Southern Ave,Priest Dr,-25.0,Intersection Related 206,0.0,0.0,No Injury,Rear End,Daylight,Clear,Dry,29.0,Female,East,Going Straight Ahead,Followed Too Closely,No Apparent Influence,No Apparent Influence,30.0,Female,East,Stopped In Trafficway,No Improper Action,No Apparent Influence,No Apparent Influence,33.39288,-111.96085,2019-10-17,22:27:00
36477,3584971,2019,Priest Dr,13th St,0.0,Intersection T Inter 203,1.0,0.0,Suspected Minor Injury,Left Turn,Daylight,Clear,Dry,26.0,Male,South,Making Left Turn,Failed To Yield Right Of Way,No Apparent Influence,No Apparent Influence,54.0,Female,North,Going Straight Ahead,No Improper Action,No Apparent Influence,No Apparent Influence,33.41469,-111.96082,2019-10-17,22:43:00
36481,3589180,2019,Rural Rd,University Dr,-50.0,Intersection Related 206,0.0,0.0,No Injury,Rear End,Daylight,Clear,Dry,20.0,Male,North,Going Straight Ahead,Followed Too Closely,No Apparent Influence,No Apparent Influence,21.0,Female,North,Going Straight Ahead,No Improper Action,No Apparent Influence,No Apparent Influence,33.42189,-111.92631,2019-10-17,23:42:00
36482,3584313,2019,Rural Rd,Loyola Dr,0.0,Intersection 4 Way 202,0.0,0.0,No Injury,Angle - Other Than Left Turn 2,Daylight,Clear,Dry,72.0,Male,North,Making Left Turn,Failed To Yield Right Of Way,No Apparent Influence,No Apparent Influence,17.0,Female,South,Going Straight Ahead,No Improper Action,No Apparent Influence,No Apparent Influence,33.39697,-111.92632,2019-10-18,00:03:00
36484,3584159,2019,Broadway Rd,Rural Rd,0.0,Intersection 4 Way 202,0.0,0.0,No Injury,Left Turn,Dusk,Clear,Dry,36.0,Male,West,Making Left Turn,Failed To Yield Right Of Way,No Apparent Influence,No Apparent Influence,64.0,Male,East,Going Straight Ahead,No Improper Action,No Apparent Influence,No Apparent Influence,33.4075,-111.92628,2019-10-18,00:24:00
36486,3584993,2019,University Dr,Maple Ave,0.0,Intersection Related 206,0.0,0.0,No Injury,Rear End,Dark Lighted,Clear,Dry,43.0,Male,West,Going Straight Ahead,No Improper Action,No Apparent Influence,No Apparent Influence,19.0,Male,East,Going Straight Ahead,Speed To Fast For Conditions,No Apparent Influence,No Apparent Influence,33.42193,-111.94125,2019-10-18,02:38:00
36487,3575446,2019,Broadway Rd,Rural Rd,0.0,Intersection 4 Way 202,1.0,0.0,Possible Injury,Left Turn,Dark Not Lighted,Clear,Dry,28.0,Male,West,Making Left Turn,Failed To Yield Right Of Way,No Apparent Influence,No Apparent Influence,21.0,Female,East,Going Straight Ahead,No Improper Action,No Apparent Influence,No Apparent Influence,33.4075,-111.92628,2019-10-18,02:56:00
36489,3585079,2019,McClintock Dr,Don Carlos Ave,0.0,Unknown,1.0,0.0,Suspected Minor Injury,Unknown,Dark Lighted,Clear,Unknown,52.0,Male,Unknown,Unknown,Unknown,No Apparent Influence,No Apparent Influence,26.0,Male,Unknown,Unknown,Unknown,No Apparent Influence,No Apparent Influence,33.41748,-111.90911,2019-10-18,05:00:00
36492,3584823,2019,Broadway Rd,Cutler Dr,230.0,Not Junction Related,0.0,0.0,No Injury,Left Turn,Daylight,Clear,Dry,50.0,Female,South,Making Left Turn,Failed To Yield Right Of Way,No Apparent Influence,No Apparent Influence,22.0,Female,West,Going Straight Ahead,No Improper Action,No Apparent Influence,No Apparent Influence,33.40742,-111.95762,2019-10-18,14:38:00
36493,3575459,2019,Hohokam Dr,University Dr,-80.0,Not Junction Related,0.0,0.0,No Injury,Left Turn,Daylight,Clear,Dry,36.0,Male,Southeast,Making Left Turn,Failed To Yield Right Of Way,No Apparent Influence,No Apparent Influence,62.0,Male,South,Going Straight Ahead,Unknown,No Apparent Influence,No Apparent Influence,33.42171,-111.9718,2019-10-18,14:43:00
36494,3575392,2019,Curry Rd,Scottsdale Rd,30.0,Not Junction Related,0.0,0.0,No Injury,Other,Daylight,Clear,Dry,24.0,Female,West,Backing,Other,No Apparent Influence,No Apparent Influence,37.0,Male,West,Stopped In Trafficway,No Improper Action,No Apparent Influence,No Apparent Influence,33.4403,-111.92624,2019-10-18,14:50:00
36497,3584972,2019,Baseline Rd,Wendler Dr,0.0,Intersection T Inter 203,0.0,0.0,No Injury,Left Turn,Daylight,Clear,Dry,35.0,Male,East,Going Straight Ahead,Unknown,No Apparent Influence,No Apparent Influence,54.0,Male,South,Making Left Turn,Unknown,No Apparent Influence,No Apparent Influence,33.37826,-111.96979,2019-10-18,16:40:00
36498,3585155,2019,Priest Dr,US-60 Exit 172 G-Ramp,0.0,Not Junction Related,0.0,0.0,No Injury,Sideswipe Same Direction,Daylight,Clear,Dry,62.0,Female,South,Unknown,Unknown,No Apparent Influence,No Apparent Influence,25.0,Male,South,Unknown,Unknown,No Apparent Influence,No Apparent Influence,33.38677,-111.96094,2019-10-18,16:54:00
36499,3584126,2019,McClintock Dr,12th St,10.0,Unknown,0.0,0.0,No Injury,Sideswipe Same Direction,Dark Lighted,Clear,Dry,29.0,Female,Southeast,Making Right Turn,Speed To Fast For Conditions,No Apparent Influence,No Apparent Influence,41.0,Male,South,Going Straight Ahead,Unknown,No Apparent Influence,No Apparent Influence,33.41618,-111.90912,2019-10-18,17:23:00
36502,3585069,2019,Elliot Rd,River Pkwy,-105.0,Intersection Related 206,0.0,0.0,No Injury,Rear End,Daylight,Clear,Dry,25.0,Female,East,Going Straight Ahead,Followed Too Closely,No Apparent Influence,No Apparent Influence,35.0,Male,East,Stopped In Trafficway,No Improper Action,No Apparent Influence,No Apparent Influence,33.34928,-111.89825,2019-10-18,22:41:00
36503,3598064,2019,Southern Ave,Shafer Dr,150.0,Not Junction Related,0.0,0.0,No Injury,Rear End,Daylight,Clear,Dry,64.0,Male,East,Going Straight Ahead,Speed To Fast For Conditions,No Apparent Influence,No Apparent Influence,40.0,Male,East,Stopped In Trafficway,No Improper Action,No Apparent Influence,No Apparent Influence,33.39286,-111.95638,2019-10-18,23:09:00
36506,3585068,2019,Southern Ave,Kachina Dr,-20.0,Intersection Related 206,0.0,0.0,No Injury,Left Turn,Daylight,Clear,Dry,24.0,Female,South,Making Left Turn,Failed To Yield Right Of Way,No Apparent Influence,No Apparent Influence,82.0,Male,North,Making Left Turn,Speed To Fast For Conditions,No Apparent Influence,No Apparent Influence,33.39298,-111.90654,2019-10-19,00:10:00
36508,3584365,2019,Elliot Rd,River Pkwy,-30.0,Intersection Related 206,0.0,0.0,No Injury,Rear End,Dusk,Clear,Dry,26.0,Female,East,Going Straight Ahead,Speed To Fast For Conditions,No Apparent Influence,No Apparent Influence,19.0,Female,East,Stopped In Trafficway,No Improper Action,No Apparent Influence,No Apparent Influence,33.34928,-111.89801,2019-10-19,00:13:00
36509,3584895,2019,McClintock Dr,Guadalupe Rd,-45.0,Intersection Related 206,0.0,0.0,No Injury,Angle - Other Than Left Turn 2,Dark Lighted,Clear,Dry,16.0,Male,East,Making Left Turn,Made Improper Turn,No Apparent Influence,No Apparent Influence,23.0,Female,South,Going Straight Ahead,No Improper Action,No Apparent Influence,No Apparent Influence,33.36364,-111.91126,2019-10-19,01:49:00
36511,3585147,2019,McClintock Dr,US-60 Exit 175 A-Ramp,0.0,Intersection 4 Way 202,0.0,0.0,No Injury,Left Turn,Dark Lighted,Clear,Dry,39.0,Female,West,Making Left Turn,Disregarded Traffic Signal,No Apparent Influence,No Apparent Influence,38.0,Male,North,Going Straight Ahead,No Improper Action,No Apparent Influence,No Apparent Influence,33.38515,-111.90921,2019-10-19,03:09:00
36512,3593519,2019,McClintock Dr,Baseline Rd,-50.0,Intersection Related 206,1.0,0.0,Possible Injury,Sideswipe Same Direction,Dark Lighted,Clear,Dry,20.0,Male,North,Going Straight Ahead,Disregarded Traffic Signal,Alcohol,No Apparent Influence,18.0,Female,North,Stopped In Trafficway,No Improper Action,No Apparent Influence,No Apparent Influence,33.37829,-111.90926,2019-10-19,04:57:00
36514,3597115,2019,Baseline Rd,Kyrene Rd,0.0,Intersection T Inter 203,0.0,0.0,No Injury,Sideswipe Same Direction,Daylight,Clear,Dry,74.0,Male,Northeast,Making Right Turn,Unknown,No Apparent Influence,No Apparent Influence,62.0,Female,Northeast,Making Right Turn,No Improper Action,No Apparent Influence,No Apparent Influence,33.3782,-111.94599,2019-10-19,16:38:00
36518,3585064,2019,Rural Rd,Terrace Rd,-100.0,Intersection Related 206,2.0,0.0,Possible Injury,Rear End,Daylight,Clear,Dry,18.0,Male,North,Going Straight Ahead,Unknown,No Apparent Influence,No Apparent Influence,57.0,Male,North,Stopped In Trafficway,No Improper Action,No Apparent Influence,No Apparent Influence,33.42,-111.9263,2019-10-19,19:33:00
36519,3584354,2019,Southern Ave,McClintock Dr,20.0,Intersection Related 206,0.0,0.0,No Injury,Rear End,Daylight,Clear,Dry,20.0,Female,West,Going Straight Ahead,Speed To Fast For Conditions,No Apparent Influence,No Apparent Influence,23.0,Male,West,Stopped In Trafficway,No Improper Action,No Apparent Influence,No Apparent Influence,33.39299,-111.90906,2019-10-19,19:55:00
36521,3584897,2019,McClintock Dr,SR-202 Exit 8 A-Ramp,-30.0,Intersection Related 206,2.0,0.0,Possible Injury,Sideswipe Opposite Direction,Daylight,Clear,Dry,34.0,Male,South,Making Right Turn,Speed To Fast For Conditions,Alcohol,No Apparent Influence,41.0,Male,North,Stopped In Trafficway,No Improper Action,No Apparent Influence,No Apparent Influence,33.43637,-111.90961,2019-10-19,21:50:00
36522,3584260,2019,McClintock Dr,University Dr,-10.0,Intersection 201,0.0,0.0,No Injury,Sideswipe Same Direction,Daylight,Clear,Dry,20.0,Male,South,Changing Lanes,Unsafe Lane Change,No Apparent Influence,No Apparent Influence,69.0,Female,South,Going Straight Ahead,No Improper Action,No Apparent Influence,No Apparent Influence,33.42196,-111.90909,2019-10-19,22:54:00