,Incident ID,Year,Street Name,Cross Street,Distance,Junction Relation,Total Injuries,Total Fatalities,Injury Severity,Collision Manner,Light Condition,Weather,Surface Condition,Age Driver 1,Gender Driver 1,Travel Direction One,Unit Action One,Violation1_Drv1,Alcohol Use Driver 1,Drug Use Driver 1,Age Driver 2,Gender Driver 2,Travel Direction Two,Unit Action Two,Violation 1 Driver 2,Alcohol Use Driver 2,Drug Use Driver 2,Latitude,Longitude,Date,Time
36523,3590954,2019,McClintock Dr,University Dr,100.0,Intersection Related 206,0.0,0.0,No Injury,Sideswipe Same Direction,Unknown 51,Unknown,Dry,30.0,Male,South,Changing Lanes,Unsafe Lane Change,No Apparent Influence,No Apparent Influence,20.0,Female,South,Going Straight Ahead,No Improper Action,No Apparent Influence,No Apparent Influence,33.42226,-111.90911,2019-10-20,00:08:00
36524,3585005,2019,Baseline Rd,Darrow Dr,-25.0,Intersection Related 206,0.0,0.0,No Injury,Rear End,Dark Lighted,Clear,Dry,39.0,Male,East,Going Straight Ahead,Speed To Fast For Conditions,No Apparent Influence,No Apparent Influence,27.0,Female,East,Going Straight Ahead,No Improper Action,No Apparent Influence,No Apparent Influence,33.37824,-111.96121,2019-10-20,01:25:00
36525,3584918,2019,Rio Salado Pkwy,Priest Dr,30.0,Intersection Related 206,0.0,0.0,No Injury,Angle - Other Than Left Turn 2,Dark Lighted,Clear,Dry,64.0,Male,West,Making Right Turn,Unsafe Lane Change,No Apparent Influence,No Apparent Influence,26.0,Female,West,Making Right Turn,No Improper Action,No Apparent Influence,No Apparent Influence,33.42959,-111.96088,2019-10-20,02:40:00
36527,3585000,2019,Rio Salado Pkwy,Price Rd,0.0,Intersection 201,2.0,0.0,Possible Injury,Sideswipe Same Direction,Daylight,Clear,Dry,24.0,Male,East,Changing Lanes,Unsafe Lane Change,No Apparent Influence,No Apparent Influence,47.0,Female,East,Going Straight Ahead,No Improper Action,No Apparent Influence,No Apparent Influence,33.42931,-111.89026,2019-10-20,16:42:00
36529,3589105,2019,University Dr,Dorsey Ln,-10.0,Intersection 4 Way 202,0.0,0.0,No Injury,Rear End,Daylight,Clear,Dry,30.0,Female,East,Going Straight Ahead,Speed To Fast For Conditions,No Apparent Influence,No Apparent Influence,18.0,Female,East,Going Straight Ahead,No Improper Action,No Apparent Influence,No Apparent Influence,33.42202,-111.91772,2019-10-20,19:16:00
36532,3585033,2019,University Dr,Evergreen Rd,0.0,Intersection 4 Way 202,2.0,0.0,Suspected Minor Injury,Left Turn,Dark Lighted,Clear,Dry,18.0,Male,North,Making Left Turn,Failed To Yield Right Of Way,No Apparent Influence,No Apparent Influence,42.0,Male,South,Going Straight Ahead,No Improper Action,No Apparent Influence,No Apparent Influence,33.42211,-111.88302,2019-10-21,01:16:00
36534,3584904,2019,College Ave,6th St,0.0,Intersection 4 Way 202,0.0,0.0,No Injury,Angle - Other Than Left Turn 2,Dark Lighted,Clear,Dry,29.0,Female,Southwest,Making Left Turn,Failed To Yield Right Of Way,No Apparent Influence,No Apparent Influence,22.0,Female,Southeast,Making Left Turn,No Improper Action,No Apparent Influence,No Apparent Influence,33.42436,-111.93498,2019-10-21,04:27:00
36535,3589185,2019,University Dr,Mill Ave,-15.0,Intersection Related 206,0.0,0.0,No Injury,Angle - Other Than Left Turn 2,Dark Lighted,Clear,Dry,22.0,Male,Southeast,Making Right Turn,No Improper Action,No Apparent Influence,No Apparent Influence,43.0,Male,Southeast,Making Right Turn,No Improper Action,No Apparent Influence,No Apparent Influence,33.42193,-111.94007,2019-10-21,05:15:00
36536,3584724,2019,Warner Rd,Fairfield Dr,0.0,Intersection T Inter 203,2.0,0.0,Suspected Minor Injury,Left Turn,Daylight,Clear,Dry,27.0,Female,North,Making Left Turn,Failed To Yield Right Of Way,No Apparent Influence,No Apparent Influence,36.0,Female,East,Going Straight Ahead,No Improper Action,No Apparent Influence,No Apparent Influence,33.33474,-111.90109,2019-10-21,13:45:00
36538,3584166,2019,Rural Rd,Vista Del Cerro Dr,-45.0,Intersection Related 206,1.0,0.0,Possible Injury,Rear End,Daylight,Clear,Dry,20.0,Female,North,Going Straight Ahead,Followed Too Closely,No Apparent Influence,No Apparent Influence,48.0,Male,North,Stopped In Trafficway,No Improper Action,No Apparent Influence,No Apparent Influence,33.41,-111.92628,2019-10-21,18:54:00
36539,3584868,2019,Rural Rd,Terrace Rd,0.0,Intersection Related 206,0.0,0.0,No Injury,Rear End,Daylight,Clear,Dry,60.0,Male,North,Going Straight Ahead,Followed Too Closely,No Apparent Influence,No Apparent Influence,18.0,Male,North,Slowing In Trafficway,No Improper Action,No Apparent Influence,No Apparent Influence,33.42028,-111.9263,2019-10-21,21:02:00
36540,3584256,2019,River Pkwy,Elliot Rd,0.0,Intersection Related 206,1.0,0.0,Possible Injury,Sideswipe Same Direction,Daylight,Clear,Dry,29.0,Male,South,Making Right Turn,Made Improper Turn,No Apparent Influence,No Apparent Influence,34.0,Female,South,Making Right Turn,No Improper Action,No Apparent Influence,No Apparent Influence,33.34928,-111.89791,2019-10-21,21:30:00
36541,3584977,2019,Baseline Rd,Lakeshore Dr,0.0,Intersection 4 Way 202,2.0,0.0,Suspected Minor Injury,Angle - Other Than Left Turn 2,Daylight,Clear,Dry,34.0,Male,West,Going Straight Ahead,Disregarded Traffic Signal,No Apparent Influence,No Apparent Influence,29.0,Male,North,Going Straight Ahead,No Improper Action,No Apparent Influence,No Apparent Influence,33.37832,-111.9205,2019-10-21,21:37:00
36542,3584987,2019,University Dr,Veterans Way,100.0,Not Junction Related,1.0,0.0,Possible Injury,Rear End,Daylight,Clear,Dry,57.0,Male,East,Stopped In Trafficway,Speed To Fast For Conditions,No Apparent Influence,No Apparent Influence,21.0,Female,East,Going Straight Ahead,No Improper Action,No Apparent Influence,No Apparent Influence,33.42202,-111.92861,2019-10-21,22:04:00
36543,3584842,2019,Warner Rd,Beck Ave,150.0,Driveway Or Alley,0.0,0.0,No Injury,Sideswipe Same Direction,Daylight,Clear,Dry,52.0,Male,West,Changing Lanes,Unsafe Lane Change,No Apparent Influence,No Apparent Influence,69.0,Male,West,Going Straight Ahead,No Improper Action,No Apparent Influence,No Apparent Influence,33.33455,-111.95813,2019-10-21,23:21:00
36545,3584840,2019,McClintock Dr,Don Carlos Ave,130.0,Intersection Related 206,0.0,0.0,No Injury,Sideswipe Same Direction,Dark Lighted,Clear,Dry,29.0,Female,South,Changing Lanes,Unsafe Lane Change,No Apparent Influence,No Apparent Influence,52.0,Male,South,Going Straight Ahead,No Improper Action,No Apparent Influence,No Apparent Influence,33.41784,-111.90911,2019-10-22,00:23:00
36547,3584985,2019,McClintock Dr,Guadalupe Rd,50.0,Intersection Related 206,0.0,0.0,No Injury,Left Turn,Dark Lighted,Clear,Dry,50.0,Male,East,Making Left Turn,Failed To Yield Right Of Way,No Apparent Influence,No Apparent Influence,26.0,Male,North,Going Straight Ahead,No Improper Action,No Apparent Influence,No Apparent Influence,33.3639,-111.91126,2019-10-22,01:25:00
36549,3590955,2019,Broadway Rd,Terrace Rd,15.0,Intersection Related 206,0.0,0.0,No Injury,Sideswipe Same Direction,Dark Lighted,Clear,Dry,33.0,Female,West,Making Right Turn,Made Improper Turn,No Apparent Influence,No Apparent Influence,38.0,Male,West,Going Straight Ahead,No Improper Action,No Apparent Influence,No Apparent Influence,33.40751,-111.92257,2019-10-22,02:06:00
36550,3585007,2019,Southern Ave,George Dr,0.0,Not Junction Related,0.0,0.0,No Injury,Left Turn,Dark Lighted,Clear,Dry,26.0,Male,North,Making Left Turn,Failed To Yield Right Of Way,No Apparent Influence,No Apparent Influence,19.0,Male,West,Going Straight Ahead,No Improper Action,No Apparent Influence,No Apparent Influence,33.39301,-111.88769,2019-10-22,03:08:00
36552,3584978,2019,Hardy Dr,Guadalupe Rd,30.0,Intersection Related 206,0.0,0.0,No Injury,Other,Daylight,Clear,Dry,46.0,Male,South,Backing,Other,No Apparent Influence,No Apparent Influence,33.0,Male,South,Stopped In Trafficway,No Improper Action,No Apparent Influence,No Apparent Influence,33.36377,-111.95453,2019-10-22,14:11:00
36553,3584164,2019,Geneva Dr,Hardy Dr,31.0,Intersection Related 206,1.0,0.0,Suspected Minor Injury,Sideswipe Same Direction,Daylight,Clear,Dry,58.0,Male,West,Making Right Turn,Made Improper Turn,No Apparent Influence,No Apparent Influence,55.0,Male,West,Stopped In Trafficway,No Improper Action,No Apparent Influence,No Apparent Influence,33.39493,-111.952,2019-10-22,14:48:00
36554,3584348,2019,University Dr,Mill Ave,-40.0,Intersection Related 206,0.0,0.0,No Injury,Rear End,Daylight,Clear,Dry,73.0,Female,East,Going Straight Ahead,Speed To Fast For Conditions,No Apparent Influence,No Apparent Influence,23.0,Male,East,Stopped In Trafficway,No Improper Action,No Apparent Influence,No Apparent Influence,33.42193,-111.94015,2019-10-22,15:39:00
36555,3588615,2019,Broadway Rd,Price Rd,200.0,Intersection Related 206,0.0,0.0,No Injury,Sideswipe Same Direction,Daylight,Clear,Dry,73.0,Female,West,Changing Lanes,Unsafe Lane Change,No Apparent Influence,No Apparent Influence,60.0,Male,West,Going Straight Ahead,No Improper Action,No Apparent Influence,No Apparent Influence,33.40749,-111.88968,2019-10-22,17:32:00
36556,3584994,2019,Del Rio Dr,Kenwood Ln,-50.0,Intersection Related 206,0.0,0.0,No Injury,Left Turn,Daylight,Clear,Dry,71.0,Female,West,Overtaking Passing,Other,No Apparent Influence,No Apparent Influence,71.0,Male,West,Making U Turn,No Improper Action,No Apparent Influence,No Apparent Influence,33.39705,-111.90191,2019-10-22,19:25:00
36557,3588550,2019,Baseline Rd,Beck Ave,0.0,Intersection T Inter 203,1.0,0.0,Suspected Serious Injury,Left Turn,Daylight,Clear,Dry,46.0,Female,North,Making Left Turn,Failed To Yield Right Of Way,No Apparent Influence,No Apparent Influence,61.0,Male,East,Going Straight Ahead,No Improper Action,No Apparent Influence,No Apparent Influence,33.37824,-111.95975,2019-10-22,20:46:00
36558,3584995,2019,48th St,Southern Ave,0.0,Intersection 4 Way 202,2.0,0.0,Suspected Minor Injury,Left Turn,Daylight,Clear,Dry,44.0,Male,North,Making Left Turn,Failed To Yield Right Of Way,No Apparent Influence,No Apparent Influence,61.0,Male,South,Going Straight Ahead,No Improper Action,No Apparent Influence,No Apparent Influence,33.39277,-111.97834,2019-10-22,22:44:00
36559,3589078,2019,Southern Ave,Fair Ln,-120.0,Not Junction Related,0.0,0.0,No Injury,Left Turn,Daylight,Clear,Dry,63.0,Male,East,Making Left Turn,Failed To Yield Right Of Way,No Apparent Influence,No Apparent Influence,18.0,Female,West,Going Straight Ahead,No Improper Action,No Apparent Influence,No Apparent Influence,33.39278,-111.9764,2019-10-22,23:03:00
36562,3585014,2019,Guadalupe Rd,McKemy St,50.0,Intersection Related 206,0.0,0.0,No Injury,Sideswipe Same Direction,Dark Not Lighted,Clear,Dry,56.0,Female,West,Changing Lanes,Unsafe Lane Change,No Apparent Influence,No Apparent Influence,42.0,Female,West,Going Straight Ahead,No Improper Action,No Apparent Influence,No Apparent Influence,33.36368,-111.95059,2019-10-23,01:15:00
36564,3584839,2019,Scottsdale Rd,Curry Rd,150.0,Intersection Related 206,0.0,0.0,No Injury,Sideswipe Same Direction,Dark Lighted,Clear,Dry,57.0,Male,South,Changing Lanes,Unsafe Lane Change,No Apparent Influence,No Apparent Influence,27.0,Female,South,Going Straight Ahead,No Improper Action,No Apparent Influence,No Apparent Influence,33.44071,-111.92634,2019-10-23,01:57:00
36565,3585012,2019,Baseline Rd,Mill Ave,-15.0,Intersection Related 206,0.0,0.0,No Injury,Sideswipe Same Direction,Dark Lighted,Clear,Dry,63.0,Female,East,Making Left Turn,Unknown,No Apparent Influence,No Apparent Influence,34.0,Female,East,Stopped In Trafficway,Unknown,No Apparent Influence,No Apparent Influence,33.37821,-111.93941,2019-10-23,01:59:00
36572,3584975,2019,Kyrene Rd,Carver Rd,-30.0,Intersection Related 206,0.0,0.0,No Injury,Rear End,Daylight,Clear,Dry,43.0,Female,North,Going Straight Ahead,Followed Too Closely,No Apparent Influence,No Apparent Influence,43.0,Female,North,Stopped In Trafficway,No Improper Action,No Apparent Influence,No Apparent Influence,33.34182,-111.94574,2019-10-23,14:31:00
36575,3584165,2019,Southern Ave,Priest Dr,0.0,Intersection 4 Way 202,1.0,0.0,Suspected Minor Injury,Angle - Other Than Left Turn 2,Daylight,Clear,Dry,83.0,Male,North,Going Straight Ahead,Disregarded Traffic Signal,No Apparent Influence,No Apparent Influence,27.0,Male,East,Going Straight Ahead,No Improper Action,No Apparent Influence,No Apparent Influence,33.39288,-111.96077,2019-10-23,20:48:00
36576,3585023,2019,Rural Rd,Alexander Blvd,-80.0,Intersection Related 206,0.0,0.0,No Injury,Rear End,Daylight,Clear,Dry,17.0,Male,South,Going Straight Ahead,Followed Too Closely,No Apparent Influence,No Apparent Influence,16.0,Male,South,Stopped In Trafficway,No Improper Action,No Apparent Influence,No Apparent Influence,33.32353,-111.92823,2019-10-23,20:48:00
36577,3584387,2019,Rural Rd,Geneva Dr,0.0,Intersection 201,1.0,0.0,Suspected Minor Injury,Left Turn,Daylight,Clear,Dry,73.0,Female,North,Making Left Turn,Failed To Yield Right Of Way,No Apparent Influence,No Apparent Influence,26.0,Male,South,Going Straight Ahead,No Improper Action,No Apparent Influence,No Apparent Influence,33.39499,-111.92633,2019-10-23,22:01:00
36579,3585028,2019,Grove Pkwy,Kyrene Rd,-30.0,Intersection Related 206,0.0,0.0,No Injury,Rear End,Daylight,Clear,Dry,64.0,Male,East,Going Straight Ahead,Followed Too Closely,No Apparent Influence,No Apparent Influence,27.0,Female,East,Stopped In Trafficway,No Improper Action,No Apparent Influence,No Apparent Influence,33.35482,-111.94594,2019-10-23,22:34:00
36580,3589073,2019,McClintock Dr,University Dr,92.0,Intersection Related 206,0.0,0.0,No Injury,Rear End,Daylight,Clear,Dry,20.0,Male,South,Going Straight Ahead,Speed To Fast For Conditions,No Apparent Influence,No Apparent Influence,62.0,Female,South,Stopped In Trafficway,No Improper Action,No Apparent Influence,No Apparent Influence,33.42223,-111.90911,2019-10-23,22:50:00
36581,3584360,2019,Southern Ave,Priest Dr,-124.0,Intersection Related 206,0.0,0.0,No Injury,Sideswipe Same Direction,Daylight,Clear,Dry,72.0,Male,East,Changing Lanes,Unsafe Lane Change,No Apparent Influence,No Apparent Influence,30.0,Male,East,Going Straight Ahead,No Improper Action,No Apparent Influence,No Apparent Influence,33.39288,-111.96118,2019-10-23,22:53:00
36583,3585022,2019,Mill Ave,Pebble Beach Dr,100.0,Driveway Or Alley,0.0,0.0,No Injury,Angle - Other Than Left Turn 2,Daylight,Clear,Dry,33.0,Male,East,Making Left Turn,Failed To Yield Right Of Way,No Apparent Influence,No Apparent Influence,24.0,Male,South,Going Straight Ahead,No Improper Action,No Apparent Influence,No Apparent Influence,33.39097,-111.93956,2019-10-23,23:48:00
36584,3584346,2019,Broadway Rd,Price Rd,-100.0,Intersection Related 206,1.0,0.0,Possible Injury,Rear End,Daylight,Clear,Dry,40.0,Male,West,Going Straight Ahead,Followed Too Closely,No Apparent Influence,No Apparent Influence,44.0,Male,West,Stopped In Trafficway,No Improper Action,No Apparent Influence,No Apparent Influence,33.40747,-111.89066,2019-10-23,23:55:00
36586,3584345,2019,McClintock Dr,Don Carlos Ave,0.0,Intersection 4 Way 202,0.0,0.0,No Injury,Left Turn,Daylight,Clear,Dry,26.0,Male,North,Making Left Turn,Failed To Yield Right Of Way,No Apparent Influence,No Apparent Influence,20.0,Male,South,Going Straight Ahead,No Improper Action,No Apparent Influence,No Apparent Influence,33.41748,-111.90911,2019-10-24,00:58:00
36587,3584389,2019,Rural Rd,Minton Dr,0.0,Intersection 4 Way 202,0.0,0.0,No Injury,Left Turn,Daylight,Clear,Dry,42.0,Female,North,Making Left Turn,Failed To Yield Right Of Way,No Apparent Influence,No Apparent Influence,24.0,Male,South,Going Straight Ahead,No Improper Action,No Apparent Influence,No Apparent Influence,33.37989,-111.92842,2019-10-24,01:00:00
36589,3584362,2019,Priest Dr,Warner Rd,30.0,Intersection Related 206,0.0,0.0,No Injury,Sideswipe Same Direction,Dusk,Clear,Dry,37.0,Female,South,Going Straight Ahead,Unsafe Lane Change,No Apparent Influence,No Apparent Influence,19.0,Female,South,Going Straight Ahead,No Improper Action,No Apparent Influence,No Apparent Influence,33.33461,-111.96312,2019-10-24,01:07:00
36593,3588684,2019,Southern Ave,48th St,0.0,Intersection 4 Way 202,1.0,0.0,Suspected Minor Injury,Left Turn,Daylight,Clear,Dry,32.0,Female,East,Making Left Turn,Failed To Yield Right Of Way,No Apparent Influence,No Apparent Influence,21.0,Female,West,Going Straight Ahead,Unknown,No Apparent Influence,No Apparent Influence,33.39277,-111.97834,2019-10-24,14:25:00
36594,3585062,2019,Broadway Rd,Terrace Rd,0.0,Intersection 4 Way 202,1.0,0.0,Suspected Minor Injury,Left Turn,Daylight,Clear,Dry,20.0,Female,West,Going Straight Ahead,Disregarded Traffic Signal,No Apparent Influence,No Apparent Influence,30.0,Male,East,Making Left Turn,No Improper Action,No Apparent Influence,No Apparent Influence,33.40751,-111.92261,2019-10-24,18:03:00
36596,3589100,2019,Warner Rd,Price Rd,-213.0,Not Junction Related,1.0,0.0,Possible Injury,Rear End,Daylight,Clear,Dry,29.0,Male,East,Going Straight Ahead,Followed Too Closely,No Apparent Influence,No Apparent Influence,34.0,Male,East,Stopped In Trafficway,No Improper Action,No Apparent Influence,No Apparent Influence,33.33489,-111.89416,2019-10-24,18:49:00
36597,3584363,2019,Priest Dr,University Dr,0.0,Intersection 4 Way 202,1.0,0.0,Suspected Minor Injury,Left Turn,Daylight,Clear,Dry,35.0,Male,North,Making Left Turn,Disregarded Traffic Signal,No Apparent Influence,No Apparent Influence,26.0,Female,South,Going Straight Ahead,No Improper Action,No Apparent Influence,No Apparent Influence,33.42194,-111.96092,2019-10-24,20:22:00
36598,3585102,2019,52nd St,10th St,0.0,Intersection T Inter 203,1.0,0.0,Suspected Minor Injury,Left Turn,Daylight,Clear,Dry,60.0,Female,West,Making Left Turn,Failed To Keep In Proper Lane,No Apparent Influence,No Apparent Influence,36.0,Male,South,Making Left Turn,No Improper Action,No Apparent Influence,No Apparent Influence,33.41922,-111.96955,2019-10-24,21:39:00
36601,3585019,2019,Scottsdale Rd,Playa Del Norte Dr,-150.0,Not Junction Related,1.0,0.0,Suspected Minor Injury,Rear End,Daylight,Clear,Dry,55.0,Male,South,Going Straight Ahead,Followed Too Closely,No Apparent Influence,No Apparent Influence,21.0,Male,South,Stopped In Trafficway,No Improper Action,No Apparent Influence,No Apparent Influence,33.43362,-111.92627,2019-10-25,00:07:00
36602,3585067,2019,Warner Rd,Dromedary Dr,0.0,Not Junction Related,0.0,0.0,No Injury,Left Turn,Dusk,Clear,Dry,59.0,Female,North,Making Left Turn,Failed To Yield Right Of Way,No Apparent Influence,No Apparent Influence,16.0,Female,East,Going Straight Ahead,No Improper Action,No Apparent Influence,No Apparent Influence,33.33462,-111.94328,2019-10-25,00:38:00
36603,3585017,2019,McClintock Dr,University Dr,0.0,Intersection 4 Way 202,0.0,0.0,No Injury,Sideswipe Same Direction,Dusk,Clear,Dry,31.0,Male,East,Changing Lanes,Unsafe Lane Change,No Apparent Influence,No Apparent Influence,24.0,Female,East,Going Straight Ahead,No Improper Action,No Apparent Influence,No Apparent Influence,33.42198,-111.90909,2019-10-25,01:01:00
36604,3584161,2019,University Dr,Mill Ave,0.0,Intersection Related 206,0.0,0.0,No Injury,Unknown,Dark Lighted,Clear,Dry,44.0,Female,West,Backing,Other,No Apparent Influence,No Apparent Influence,20.0,Male,West,Making Left Turn,No Improper Action,No Apparent Influence,No Apparent Influence,33.42193,-111.94002,2019-10-25,04:59:00
36605,3589167,2019,Broadway Rd,Rural Rd,0.0,Intersection 4 Way 202,1.0,0.0,Possible Injury,Left Turn,Daylight,Clear,Dry,21.0,Male,East,Making Left Turn,Failed To Yield Right Of Way,No Apparent Influence,No Apparent Influence,44.0,Male,West,Going Straight Ahead,No Improper Action,No Apparent Influence,No Apparent Influence,33.4075,-111.92628,2019-10-25,18:47:00
36606,3588681,2019,Baseline Rd,Wendler Dr,0.0,Intersection T Inter 203,0.0,0.0,No Injury,Angle - Other Than Left Turn 2,Daylight,Clear,Dry,18.0,Male,West,Going Straight Ahead,Disregarded Traffic Signal,No Apparent Influence,No Apparent Influence,47.0,Male,South,Making Left Turn,No Improper Action,No Apparent Influence,No Apparent Influence,33.37826,-111.96979,2019-10-25,19:54:00
36608,3584860,2019,University Dr,Roosevelt St,-50.0,Intersection Related 206,2.0,0.0,Possible Injury,Rear End,Daylight,Clear,Dry,30.0,Male,East,Going Straight Ahead,Unknown,No Apparent Influence,No Apparent Influence,54.0,Male,East,Stopped In Trafficway,Unknown,No Apparent Influence,No Apparent Influence,33.4219,-111.94746,2019-10-25,20:19:00
36609,3584976,2019,Hardy Dr,Broadway Rd,-150.0,Driveway Or Alley,1.0,0.0,Possible Injury,Angle - Other Than Left Turn 2,Daylight,Clear,Dry,27.0,Male,West,Making Left Turn,Failed To Yield Right Of Way,No Apparent Influence,No Apparent Influence,56.0,Male,North,Going Straight Ahead,No Improper Action,No Apparent Influence,No Apparent Influence,33.40698,-111.95216,2019-10-25,21:07:00
36610,3588682,2019,Rural Rd,Apache Blvd,0.0,Intersection 4 Way 202,0.0,0.0,No Injury,Rear End,Daylight,Clear,Dry,26.0,Female,South,Going Straight Ahead,Speed To Fast For Conditions,No Apparent Influence,No Apparent Influence,23.0,Male,South,Stopped In Trafficway,No Improper Action,No Apparent Influence,No Apparent Influence,33.41476,-111.92629,2019-10-25,21:37:00
36611,3584379,2019,McClintock Dr,University Dr,200.0,Intersection Related 206,0.0,0.0,No Injury,Sideswipe Same Direction,Daylight,Clear,Dry,26.0,Female,South,Going Straight Ahead,Failed To Keep In Proper Lane,No Apparent Influence,No Apparent Influence,24.0,Female,South,Going Straight Ahead,No Improper Action,No Apparent Influence,No Apparent Influence,33.42253,-111.90911,2019-10-25,22:24:00
36612,3584912,2019,Broadway Rd,Cutler Dr,0.0,Intersection 4 Way 202,0.0,0.0,No Injury,Angle - Other Than Left Turn 2,Daylight,Clear,Dry,20.0,Male,North,Making Left Turn,Failed To Yield Right Of Way,No Apparent Influence,No Apparent Influence,22.0,Male,East,Going Straight Ahead,No Improper Action,No Apparent Influence,No Apparent Influence,33.40741,-111.95837,2019-10-25,22:42:00
36613,3588722,2019,Mill Ave,Pebble Beach Dr,-85.0,Not Junction Related,0.0,0.0,No Injury,Rear End,Daylight,Clear,Dry,18.0,Male,South,Going Straight Ahead,Speed To Fast For Conditions,No Apparent Influence,No Apparent Influence,24.0,Female,South,Stopped In Trafficway,No Improper Action,No Apparent Influence,No Apparent Influence,33.39046,-111.93955,2019-10-25,22:56:00
36614,3584910,2019,Priest Dr,Warner Rd,-100.0,Intersection Related 206,1.0,0.0,Possible Injury,Sideswipe Same Direction,Daylight,Clear,Dry,41.0,Male,North,Changing Lanes,Unsafe Lane Change,No Apparent Influence,No Apparent Influence,58.0,Male,North,Going Straight Ahead,No Improper Action,No Apparent Influence,No Apparent Influence,33.33425,-111.96312,2019-10-25,23:04:00
36615,3584169,2019,Curry Rd,Scottsdale Rd,-157.0,Intersection Related 206,0.0,0.0,No Injury,Sideswipe Same Direction,Daylight,Clear,Dry,73.0,Female,East,Changing Lanes,Unsafe Lane Change,No Apparent Influence,No Apparent Influence,28.0,Female,East,Stopped In Trafficway,No Improper Action,No Apparent Influence,No Apparent Influence,33.44029,-111.92685,2019-10-25,23:37:00
36619,3589172,2019,Priest Dr,SR-202 Exit 5 J-Ramp,100.0,Intersection Related 206,0.0,0.0,No Injury,Sideswipe Same Direction,Dark Lighted,Clear,Dry,33.0,Male,South,Going Straight Ahead,Unknown,No Apparent Influence,No Apparent Influence,28.0,Male,South,Going Straight Ahead,Unknown,No Apparent Influence,No Apparent Influence,33.43877,-111.96079,2019-10-26,01:48:00
36620,3584880,2019,Warner Rd,I-10 Exit 158 J-Ramp,-30.0,Intersection Related 206,0.0,0.0,No Injury,Sideswipe Same Direction,Dark Lighted,Clear,Dry,68.0,Female,East,Going Straight Ahead,Failed To Keep In Proper Lane,No Apparent Influence,No Apparent Influence,32.0,Female,East,Going Straight Ahead,No Improper Action,No Apparent Influence,No Apparent Influence,33.33436,-111.97161,2019-10-26,02:50:00
36621,3585032,2019,Baseline Rd,48th St,150.0,Intersection Related 206,0.0,0.0,No Injury,Rear End,Dark Lighted,Clear,Dry,22.0,Male,West,Going Straight Ahead,Speed To Fast For Conditions,No Apparent Influence,No Apparent Influence,25.0,Male,West,Stopped In Trafficway,No Improper Action,No Apparent Influence,No Apparent Influence,33.37819,-111.97793,2019-10-26,03:06:00
36622,3584358,2019,Farmer Ave,5th St,0.0,Intersection 201,0.0,0.0,No Injury,Sideswipe Same Direction,Dark Lighted,Clear,Dry,26.0,Male,West,Making Right Turn,Made Improper Turn,No Apparent Influence,No Apparent Influence,19.0,Female,West,Making Right Turn,Followed Too Closely,No Apparent Influence,No Apparent Influence,33.42547,-111.94429,2019-10-26,03:35:00
36623,3589118,2019,Rio Salado Pkwy,Perry Ln,0.0,Intersection 4 Way 202,1.0,0.0,Suspected Minor Injury,Left Turn,Dark Lighted,Clear,Dry,55.0,Male,West,Making U Turn,Failed To Yield Right Of Way,Alcohol,No Apparent Influence,52.0,Male,East,Going Straight Ahead,No Improper Action,No Apparent Influence,No Apparent Influence,33.42924,-111.90477,2019-10-26,04:39:00
36625,3589173,2019,Curry Rd,Scottsdale Rd,0.0,Intersection 4 Way 202,0.0,0.0,No Injury,Left Turn,Daylight,Clear,Dry,44.0,Female,Southwest,Making Left Turn,Made Improper Turn,No Apparent Influence,No Apparent Influence,63.0,Male,East,Going Straight Ahead,No Improper Action,No Apparent Influence,No Apparent Influence,33.44029,-111.92634,2019-10-26,13:23:00
36626,3593778,2019,Baseline Rd,Calle Los Cerros,-200.0,Not Junction Related,0.0,0.0,No Injury,Angle - Other Than Left Turn 2,Daylight,Clear,Dry,46.0,Male,South,Making Right Turn,Failed To Yield Right Of Way,No Apparent Influence,No Apparent Influence,45.0,Female,South,Going Straight Ahead,Failed To Keep In Proper Lane,No Apparent Influence,No Apparent Influence,33.37821,-111.97474,2019-10-26,18:06:00
36628,3585063,2019,McClintock Dr,Elliot Rd,100.0,Intersection Related 206,0.0,0.0,No Injury,Angle - Other Than Left Turn 2,Unknown 51,Unknown,Dry,60.0,Male,East,Making Right Turn,Made Improper Turn,No Apparent Influence,No Apparent Influence,31.0,Female,South,Going Straight Ahead,No Improper Action,No Apparent Influence,No Apparent Influence,33.3494,-111.9112,2019-10-26,21:18:00
36629,3584349,2019,McClintock Dr,SR-202 Exit 8 A-Ramp,-200.0,Not Junction Related,0.0,0.0,No Injury,Rear End,Daylight,Clear,Dry,26.0,Male,South,Slowing In Trafficway,Followed Too Closely,No Apparent Influence,No Apparent Influence,59.0,Male,South,Slowing In Trafficway,No Improper Action,No Apparent Influence,No Apparent Influence,33.43591,-111.90959,2019-10-26,22:59:00
36631,3585066,2019,Butte Ave,Laguna Dr,0.0,Intersection Related 206,0.0,0.0,No Injury,Angle - Other Than Left Turn 2,Daylight,Clear,Dry,24.0,Female,West,Going Straight Ahead,Failed To Yield Right Of Way,No Apparent Influence,No Apparent Influence,18.0,Female,North,Going Straight Ahead,No Improper Action,No Apparent Influence,No Apparent Influence,33.39063,-111.91142,2019-10-26,23:17:00