,Incident ID,Year,Street Name,Cross Street,Distance,Junction Relation,Total Injuries,Total Fatalities,Injury Severity,Collision Manner,Light Condition,Weather,Surface Condition,Age Driver 1,Gender Driver 1,Travel Direction One,Unit Action One,Violation1_Drv1,Alcohol Use Driver 1,Drug Use Driver 1,Age Driver 2,Gender Driver 2,Travel Direction Two,Unit Action Two,Violation 1 Driver 2,Alcohol Use Driver 2,Drug Use Driver 2,Latitude,Longitude,Date,Time
36633,3584268,2019,Broadway Rd,River Dr,0.0,Intersection 4 Way 202,2.0,0.0,Suspected Minor Injury,Left Turn,Dark Lighted,Clear,Dry,21.0,Male,Unknown,Making Left Turn,Failed To Yield Right Of Way,No Apparent Influence,No Apparent Influence,21.0,Male,West,Going Straight Ahead,No Improper Action,No Apparent Influence,No Apparent Influence,33.4075,-111.89775,2019-10-27,02:47:00
36635,3584366,2019,Southern Ave,48th St,0.0,Intersection 4 Way 202,1.0,0.0,Possible Injury,Left Turn,Dark Lighted,Clear,Dry,20.0,Male,North,Making Left Turn,Failed To Yield Right Of Way,No Apparent Influence,No Apparent Influence,21.0,Female,South,Going Straight Ahead,No Improper Action,No Apparent Influence,No Apparent Influence,33.39277,-111.97834,2019-10-27,05:48:00
36636,3588680,2019,Scottsdale Rd,Playa Del Norte Dr,30.0,Intersection Related 206,0.0,0.0,No Injury,Rear End,Dark Lighted,Clear,Dry,38.0,Male,South,Going Straight Ahead,Speed To Fast For Conditions,No Apparent Influence,No Apparent Influence,18.0,Male,South,Stopped In Trafficway,No Improper Action,No Apparent Influence,No Apparent Influence,33.43412,-111.92626,2019-10-27,06:07:00
36638,3597117,2019,University Dr,Price Rd,0.0,Intersection 4 Way 202,0.0,0.0,No Injury,U Turn,Dark Lighted,Clear,Dry,24.0,Male,East,Making U Turn,Made Improper Turn,No Apparent Influence,No Apparent Influence,49.0,Female,East,Making Left Turn,No Improper Action,No Apparent Influence,No Apparent Influence,33.42202,-111.89031,2019-10-27,09:59:00
36641,3588600,2019,Mill Ave,US-60 Exit 173 A-Ramp,0.0,Intersection 4 Way 202,0.0,0.0,No Injury,Angle - Other Than Left Turn 2,Daylight,Clear,Dry,20.0,Female,Northeast,Unknown,Unknown,No Apparent Influence,No Apparent Influence,33.0,Male,North,Going Straight Ahead,No Improper Action,No Apparent Influence,No Apparent Influence,33.38511,-111.93947,2019-10-27,18:31:00
36647,3584916,2019,Ash Ave,Rio Salado Pkwy,-30.0,Not Junction Related,1.0,0.0,Possible Injury,Angle - Other Than Left Turn 2,Dark Lighted,Cloudy,Dry,19.0,Male,East,Making Right Turn,Exceeded Lawful Speed,No Apparent Influence,No Apparent Influence,22.0,Female,North,Going Straight Ahead,No Improper Action,No Apparent Influence,No Apparent Influence,33.43147,-111.94336,2019-10-28,02:02:00
36648,3585103,2019,Potter Dr,Fairmont Dr,0.0,Intersection 4 Way 202,1.0,0.0,Suspected Minor Injury,Angle - Other Than Left Turn 2,Daylight,Clear,Dry,26.0,Female,East,Going Straight Ahead,Failed To Yield Right Of Way,No Apparent Influence,No Apparent Influence,55.0,Male,North,Going Straight Ahead,Speed To Fast For Conditions,No Apparent Influence,No Apparent Influence,33.39644,-111.97235,2019-10-28,13:48:00
36650,3584973,2019,Kyrene Rd,Bell De Mar Dr,0.0,Intersection T Inter 203,0.0,0.0,No Injury,Sideswipe Same Direction,Daylight,Clear,Dry,32.0,Male,North,Making Left Turn,Failed To Keep In Proper Lane,No Apparent Influence,No Apparent Influence,70.0,Female,North,Making Left Turn,No Improper Action,No Apparent Influence,No Apparent Influence,33.35822,-111.94586,2019-10-28,14:45:00
36651,3584831,2019,Priest Dr,Broadway Rd,-40.0,Intersection Related 206,0.0,0.0,No Injury,Rear End,Daylight,Clear,Dry,25.0,Male,South,Going Straight Ahead,Speed To Fast For Conditions,No Apparent Influence,No Apparent Influence,31.0,Female,South,Going Straight Ahead,No Improper Action,No Apparent Influence,No Apparent Influence,33.40731,-111.96078,2019-10-28,15:00:00
36653,3584875,2019,Rural Rd,Rio Salado Pkwy,0.0,Intersection 4 Way 202,2.0,0.0,Possible Injury,Left Turn,Daylight,Clear,Dry,77.0,Female,North,Making Left Turn,Failed To Yield Right Of Way,No Apparent Influence,No Apparent Influence,28.0,Male,South,Going Straight Ahead,No Improper Action,No Apparent Influence,No Apparent Influence,33.42885,-111.92629,2019-10-28,15:25:00
36654,3584374,2019,University Dr,McClintock Dr,15.0,Intersection Related 206,1.0,0.0,Suspected Minor Injury,Rear End,Daylight,Clear,Dry,24.0,Female,West,Going Straight Ahead,Followed Too Closely,No Apparent Influence,No Apparent Influence,24.0,Female,West,Stopped In Trafficway,No Improper Action,No Apparent Influence,No Apparent Influence,33.42198,-111.90904,2019-10-28,16:28:00
36655,3585154,2019,Priest Dr,US-60 Exit 172 C2-Ramp,0.0,Entrance Exit Ramp 205,0.0,0.0,No Injury,Rear End,Daylight,Clear,Dry,47.0,Female,North,Going Straight Ahead,Followed Too Closely,No Apparent Influence,No Apparent Influence,29.0,Female,North,Stopped In Trafficway,No Improper Action,No Apparent Influence,No Apparent Influence,33.38805,-111.96092,2019-10-28,18:42:00
36658,3584872,2019,Priest Dr,Rio Salado Pkwy,30.0,Intersection Related 206,0.0,0.0,No Injury,Rear End,Daylight,Clear,Dry,41.0,Male,South,Going Straight Ahead,Speed To Fast For Conditions,No Apparent Influence,No Apparent Influence,54.0,Male,South,Stopped In Trafficway,No Improper Action,No Apparent Influence,No Apparent Influence,33.42964,-111.96097,2019-10-28,23:00:00
36659,3585055,2019,Rio Salado Pkwy,S Packard Dr,0.0,Intersection 4 Way 202,1.0,0.0,Suspected Minor Injury,Angle - Other Than Left Turn 2,Daylight,Clear,Dry,29.0,Female,West,Going Straight Ahead,Disregarded Traffic Signal,No Apparent Influence,No Apparent Influence,51.0,Male,South,Going Straight Ahead,No Improper Action,No Apparent Influence,No Apparent Influence,33.42873,-111.92929,2019-10-28,23:04:00
36662,3584385,2019,Southern Ave,Potter Dr,-60.0,Intersection Related 206,0.0,0.0,No Injury,Rear End,Daylight,Clear,Dry,38.0,Male,East,Going Straight Ahead,Followed Too Closely,No Apparent Influence,No Apparent Influence,29.0,Male,East,Stopped In Trafficway,No Improper Action,No Apparent Influence,No Apparent Influence,33.3928,-111.97252,2019-10-29,00:26:00
36663,3584833,2019,Rio Salado Pkwy,Hardy Dr,-30.0,Intersection Related 206,0.0,0.0,No Injury,Sideswipe Same Direction,Daylight,Clear,Dry,30.0,Male,East,Changing Lanes,Unsafe Lane Change,No Apparent Influence,No Apparent Influence,23.0,Female,East,Going Straight Ahead,No Improper Action,No Apparent Influence,No Apparent Influence,33.43093,-111.9525,2019-10-29,00:39:00
36664,3584989,2019,McClintock Dr,Don Carlos Ave,0.0,Intersection 4 Way 202,0.0,0.0,No Injury,Left Turn,Dark Lighted,Clear,Dry,50.0,Male,North,Making Left Turn,Failed To Yield Right Of Way,No Apparent Influence,No Apparent Influence,22.0,Female,South,Going Straight Ahead,No Improper Action,No Apparent Influence,No Apparent Influence,33.41748,-111.90911,2019-10-29,00:42:00
36665,3584873,2019,University Dr,River Dr,0.0,Intersection T Inter 203,1.0,0.0,Possible Injury,Angle - Other Than Left Turn 2,Dark Lighted,Clear,Dry,51.0,Male,North,Making Left Turn,Failed To Yield Right Of Way,No Apparent Influence,No Apparent Influence,44.0,Female,East,Going Straight Ahead,No Improper Action,No Apparent Influence,No Apparent Influence,33.42209,-111.89619,2019-10-29,01:22:00
36666,3584381,2019,Price Rd,Broadway Rd,0.0,Intersection 201,0.0,0.0,No Injury,Left Turn,Dark Lighted,Clear,Dry,71.0,Female,South,Going Straight Ahead,Unknown,No Apparent Influence,No Apparent Influence,72.0,Male,East,Making Left Turn,No Improper Action,No Apparent Influence,No Apparent Influence,33.4075,-111.892,2019-10-29,01:52:00
36667,3584903,2019,Mill Ave,10th St,65.0,Intersection Related 206,2.0,0.0,Possible Injury,Rear End,Dark Lighted,Clear,Dry,24.0,Female,North,Going Straight Ahead,Speed To Fast For Conditions,No Apparent Influence,No Apparent Influence,53.0,Female,North,Stopped In Trafficway,No Improper Action,No Apparent Influence,No Apparent Influence,33.41924,-111.93997,2019-10-29,02:05:00
36668,3585173,2019,Elliot Rd,I-10 Exit 157 C-Ramp,0.0,Not Junction Related,0.0,0.0,No Injury,Sideswipe Same Direction,Daylight,Clear,Dry,28.0,Male,East,Changing Lanes,Unsafe Lane Change,No Apparent Influence,No Apparent Influence,61.0,Female,East,Going Straight Ahead,No Improper Action,No Apparent Influence,No Apparent Influence,33.3491,-111.97094,2019-10-29,12:53:00
36669,3585106,2019,48th St,Fairmont Dr,0.0,Intersection T Inter 203,1.0,0.0,Possible Injury,Left Turn,Daylight,Clear,Dry,46.0,Male,South,Making Left Turn,Failed To Yield Right Of Way,No Apparent Influence,No Apparent Influence,41.0,Female,North,Going Straight Ahead,No Improper Action,No Apparent Influence,No Apparent Influence,33.39641,-111.97833,2019-10-29,14:45:00
36671,3584167,2019,Southern Ave,Fairfield Dr,0.0,Intersection 4 Way 202,2.0,0.0,Suspected Minor Injury,Left Turn,Daylight,Clear,Dry,82.0,Male,East,Making Left Turn,Failed To Yield Right Of Way,No Apparent Influence,No Apparent Influence,42.0,Male,West,Going Straight Ahead,No Improper Action,No Apparent Influence,No Apparent Influence,33.39298,-111.89887,2019-10-29,15:59:00
36673,3584829,2019,Warner Rd,Taylor Dr,0.0,Intersection T Inter 203,1.0,0.0,Possible Injury,Rear End,Daylight,Clear,Dry,25.0,Male,West,Going Straight Ahead,Followed Too Closely,No Apparent Influence,No Apparent Influence,66.0,Female,West,Slowing In Trafficway,No Improper Action,No Apparent Influence,No Apparent Influence,33.33467,-111.90785,2019-10-29,18:05:00
36674,3584347,2019,University Dr,Hardy Dr,0.0,Intersection 4 Way 202,1.0,0.0,Suspected Minor Injury,Sideswipe Same Direction,Daylight,Clear,Dry,29.0,Male,West,Unknown,Unknown,No Apparent Influence,No Apparent Influence,23.0,Male,West,Unknown,Unknown,No Apparent Influence,No Apparent Influence,33.42191,-111.95222,2019-10-29,19:37:00
36675,3584299,2019,Rio Salado Pkwy,Priest Dr,0.0,Intersection Related 206,0.0,0.0,No Injury,Rear End,Daylight,Clear,Dry,55.0,Male,West,Going Straight Ahead,Followed Too Closely,No Apparent Influence,No Apparent Influence,48.0,Female,West,Stopped In Trafficway,No Improper Action,No Apparent Influence,No Apparent Influence,33.42956,-111.96097,2019-10-29,21:43:00
36677,3584170,2019,McClintock Dr,Rio Salado Pkwy,97.0,Intersection Related 206,0.0,0.0,No Injury,Rear End,Daylight,Clear,Dry,36.0,Male,North,Going Straight Ahead,Followed Too Closely,No Apparent Influence,No Apparent Influence,18.0,Male,North,Stopped In Trafficway,No Improper Action,No Apparent Influence,No Apparent Influence,33.42953,-111.90908,2019-10-29,22:52:00
36679,3584915,2019,Southern Ave,Butte Ave,-30.0,Intersection 4 Way 202,0.0,0.0,No Injury,Rear End,Daylight,Clear,Dry,25.0,Male,East,Going Straight Ahead,Unknown,No Apparent Influence,No Apparent Influence,54.0,Male,East,Stopped In Trafficway,Followed Too Closely,No Apparent Influence,No Apparent Influence,33.39299,-111.9115,2019-10-29,23:39:00
36681,3584876,2019,University Dr,Perry Ln,130.0,Driveway Or Alley,0.0,0.0,No Injury,Angle - Other Than Left Turn 2,Daylight,Clear,Dry,21.0,Female,North,Making Left Turn,Made Improper Turn,No Apparent Influence,No Apparent Influence,19.0,Female,West,Stopped In Trafficway,No Improper Action,No Apparent Influence,No Apparent Influence,33.42205,-111.90444,2019-10-30,00:03:00
36684,3585011,2019,McClintock Dr,Warner Rd,0.0,Intersection 4 Way 202,2.0,0.0,Suspected Minor Injury,Left Turn,Dark Lighted,Clear,Dry,89.0,Female,South,Making Left Turn,Failed To Yield Right Of Way,No Apparent Influence,No Apparent Influence,22.0,Female,North,Going Straight Ahead,No Improper Action,No Apparent Influence,No Apparent Influence,33.33464,-111.91118,2019-10-30,02:04:00
36688,3584821,2019,Scottsdale Rd,Gilbert Dr,-200.0,Not Junction Related,0.0,0.0,No Injury,Other,Daylight,Clear,Dry,48.0,Female,South,Changing Lanes,Unsafe Lane Change,No Apparent Influence,No Apparent Influence,31.0,Male,South,Going Straight Ahead,No Improper Action,No Apparent Influence,No Apparent Influence,33.43701,-111.92626,2019-10-30,15:00:00
36689,3585107,2019,Rural Rd,University Dr,0.0,Intersection Related 206,0.0,0.0,No Injury,Rear End,Daylight,Clear,Dry,23.0,Female,North,Going Straight Ahead,Followed Too Closely,No Apparent Influence,No Apparent Influence,20.0,Female,North,Stopped In Trafficway,No Improper Action,No Apparent Influence,No Apparent Influence,33.42203,-111.92631,2019-10-30,17:41:00
36691,3590944,2019,McClintock Dr,Elliot Rd,-15.0,Intersection Related 206,0.0,0.0,No Injury,Sideswipe Same Direction,Daylight,Clear,Dry,76.0,Male,North,Changing Lanes,Unsafe Lane Change,No Apparent Influence,No Apparent Influence,71.0,Male,North,Slowing In Trafficway,No Improper Action,No Apparent Influence,No Apparent Influence,33.34909,-111.91119,2019-10-30,19:44:00
36692,3588543,2019,Kyrene Rd,Guadalupe Rd,0.0,Intersection 4 Way 202,1.0,0.0,Possible Injury,Left Turn,Daylight,Clear,Dry,66.0,Female,South,Making Left Turn,Failed To Keep In Proper Lane,No Apparent Influence,No Apparent Influence,56.0,Male,North,Going Straight Ahead,No Improper Action,No Apparent Influence,No Apparent Influence,33.36366,-111.94589,2019-10-30,19:52:00
36695,3585041,2019,Rural Rd,Guadalupe Rd,-10.0,Intersection Related 206,1.0,0.0,Possible Injury,Angle - Other Than Left Turn 2,Daylight,Clear,Dry,34.0,Female,East,Making Right Turn,Failed To Yield Right Of Way,No Apparent Influence,No Apparent Influence,60.0,Male,South,Going Straight Ahead,No Improper Action,No Apparent Influence,No Apparent Influence,33.36373,-111.9286,2019-10-30,20:21:00
36697,3589104,2019,Priest Dr,Washington St,-30.0,Intersection Related 206,1.0,0.0,Possible Injury,Rear End,Daylight,Clear,Dry,21.0,Male,North,Going Straight Ahead,Speed To Fast For Conditions,No Apparent Influence,No Apparent Influence,28.0,Female,North,Stopped In Trafficway,No Improper Action,No Apparent Influence,No Apparent Influence,33.44258,-111.95669,2019-10-30,21:25:00
36701,3585109,2019,Scottsdale Rd,Curry Rd,143.0,Intersection Related 206,2.0,0.0,Suspected Minor Injury,Rear End,Dark Lighted,Clear,Dry,50.0,Female,South,Going Straight Ahead,Followed Too Closely,No Apparent Influence,No Apparent Influence,20.0,Female,South,Stopped In Trafficway,No Improper Action,No Apparent Influence,No Apparent Influence,33.44069,-111.92634,2019-10-31,01:08:00
36703,3585101,2019,Scottsdale Rd,Playa Del Norte Dr,0.0,Intersection 201,1.0,0.0,Possible Injury,Rear End,Dark Lighted,Clear,Dry,37.0,Male,North,Going Straight Ahead,Followed Too Closely,No Apparent Influence,No Apparent Influence,27.0,Male,North,Stopped In Trafficway,No Improper Action,No Apparent Influence,No Apparent Influence,33.43403,-111.92626,2019-10-31,02:39:00
36704,3585099,2019,Priest Dr,5th St,0.0,Intersection 4 Way 202,1.0,0.0,Possible Injury,Sideswipe Same Direction,Dark Lighted,Clear,Dry,34.0,Male,South,Making U Turn,Failed To Keep In Proper Lane,No Apparent Influence,No Apparent Influence,37.0,Male,South,Going Straight Ahead,No Improper Action,No Apparent Influence,No Apparent Influence,33.42562,-111.96097,2019-10-31,04:58:00
36705,3589186,2019,Baseline Rd,S Roosevelt St,15.0,Intersection Related 206,0.0,0.0,No Injury,Sideswipe Opposite Direction,Daylight,Clear,Dry,25.0,Male,South,Making Left Turn,No Improper Action,No Apparent Influence,No Apparent Influence,27.0,Male,North,Making Left Turn,No Improper Action,No Apparent Influence,No Apparent Influence,33.3782,-111.94763,2019-10-31,14:13:00
36706,3584301,2019,Dorsey Ln,Palmdale Dr,0.0,Driveway Or Alley,0.0,0.0,No Injury,Left Turn,Daylight,Clear,Dry,23.0,Male,East,Making Left Turn,Failed To Keep In Proper Lane,No Apparent Influence,No Apparent Influence,37.0,Male,North,Going Straight Ahead,No Improper Action,No Apparent Influence,No Apparent Influence,33.40639,-111.9177,2019-10-31,14:24:00
36707,3588533,2019,River Dr,Concorda Dr,0.0,Intersection 4 Way 202,1.0,0.0,Suspected Minor Injury,Angle - Other Than Left Turn 2,Daylight,Clear,Dry,17.0,Female,North,Going Straight Ahead,Failed To Yield Right Of Way,No Apparent Influence,No Apparent Influence,25.0,Female,West,Going Straight Ahead,No Improper Action,No Apparent Influence,No Apparent Influence,33.40387,-111.89759,2019-10-31,14:49:00
36708,3584820,2019,Vista Del Cerro Dr,Rural Rd,20.0,Intersection Related 206,0.0,0.0,No Injury,Rear End,Daylight,Clear,Dry,60.0,Male,West,Going Straight Ahead,Followed Too Closely,No Apparent Influence,No Apparent Influence,20.0,Female,West,Stopped In Trafficway,No Improper Action,No Apparent Influence,No Apparent Influence,33.41012,-111.92622,2019-10-31,17:50:00
36709,3593522,2019,Rural Rd,Broadway Rd,0.0,Intersection 4 Way 202,0.0,0.0,No Injury,Angle - Other Than Left Turn 2,Dark Lighted,Clear,Dry,60.0,Male,North,Going Straight Ahead,Unknown,No Apparent Influence,No Apparent Influence,20.0,Male,South,Going Straight Ahead,Unknown,No Apparent Influence,No Apparent Influence,33.4075,-111.92628,2019-10-31,18:07:00
36710,3588541,2019,Rural Rd,Lemon St,0.0,Intersection 4 Way 202,0.0,0.0,No Injury,Left Turn,Daylight,Clear,Dry,45.0,Male,North,Going Straight Ahead,Failed To Yield Right Of Way,No Apparent Influence,No Apparent Influence,25.0,Male,East,Making Left Turn,No Improper Action,No Apparent Influence,No Apparent Influence,33.41684,-111.9263,2019-10-31,20:38:00
36711,3588607,2019,Priest Dr,Broadway Rd,230.0,Driveway Or Alley,0.0,0.0,No Injury,Left Turn,Daylight,Clear,Dry,31.0,Female,South,Making Left Turn,Failed To Yield Right Of Way,No Apparent Influence,No Apparent Influence,35.0,Male,North,Going Straight Ahead,No Improper Action,No Apparent Influence,No Apparent Influence,33.40805,-111.96079,2019-10-31,21:32:00
36712,3588530,2019,University Dr,College Ave,-150.0,Not Junction Related,0.0,0.0,No Injury,Rear End,Daylight,Clear,Dry,22.0,Male,West,Going Straight Ahead,Followed Too Closely,No Apparent Influence,No Apparent Influence,45.0,Male,West,Stopped In Trafficway,No Improper Action,No Apparent Influence,No Apparent Influence,33.42195,-111.93546,2019-10-31,22:20:00
36713,3589189,2019,Scottsdale Rd,Gilbert Dr,0.0,Intersection 4 Way 202,0.0,0.0,No Injury,Left Turn,Daylight,Clear,Dry,29.0,Male,North,Making Left Turn,Failed To Yield Right Of Way,No Apparent Influence,No Apparent Influence,25.0,Female,South,Going Straight Ahead,No Improper Action,No Apparent Influence,No Apparent Influence,33.43756,-111.92628,2019-10-31,22:25:00
36714,3585171,2019,Elliot Rd,I-10 Exit 157 C-Ramp,0.0,Intersection 4 Way 202,0.0,0.0,No Injury,U Turn,Daylight,Clear,Dry,55.0,Male,West,Making U Turn,Unsafe Lane Change,No Apparent Influence,No Apparent Influence,58.0,Male,West,Stopped In Trafficway,No Improper Action,No Apparent Influence,No Apparent Influence,33.3491,-111.97094,2019-10-31,23:07:00
36716,3585042,2019,Elliot Rd,Kachina Dr,150.0,Intersection Related 206,0.0,0.0,No Injury,Rear End,Daylight,Unknown,Dry,42.0,Male,West,Slowing In Trafficway,Followed Too Closely,No Apparent Influence,No Apparent Influence,25.0,Female,West,Stopped In Trafficway,No Improper Action,No Apparent Influence,No Apparent Influence,33.34915,-111.90854,2019-10-31,23:15:00
36718,3584263,2019,Maple Ave,University Dr,-166.0,Driveway Or Alley,0.0,0.0,No Injury,Sideswipe Same Direction,Daylight,Clear,Dry,25.0,Female,South,Going Straight Ahead,Speed To Fast For Conditions,No Apparent Influence,No Apparent Influence,48.0,Male,South,Going Straight Ahead,No Improper Action,No Apparent Influence,No Apparent Influence,33.42148,-111.94125,2019-10-31,23:39:00
36719,3597121,2019,University Dr,Priest Dr,-115.0,Intersection Related 206,0.0,0.0,No Injury,Left Turn,Daylight,Clear,Dry,42.0,Female,North,Making Left Turn,Failed To Yield Right Of Way,No Apparent Influence,No Apparent Influence,33.0,Female,East,Going Straight Ahead,No Improper Action,No Apparent Influence,No Apparent Influence,33.42194,-111.9613,2019-10-31,23:47:00
36721,3589195,2019,University Dr,Priest Dr,0.0,Intersection 4 Way 202,1.0,0.0,Possible Injury,Left Turn,Daylight,Unknown,Dry,32.0,Female,West,Making Left Turn,Failed To Yield Right Of Way,No Apparent Influence,No Apparent Influence,33.0,Female,East,Going Straight Ahead,No Improper Action,No Apparent Influence,No Apparent Influence,33.42194,-111.96092,2019-11-01,00:13:00
36723,3590959,2019,Elliot Rd,Hardy Dr,15.0,Intersection Related Non Interchange,0.0,0.0,No Injury,Left Turn,Daylight,Clear,Dry,18.0,Male,Unknown,Making Left Turn,Failed To Yield Right Of Way,No Apparent Influence,No Apparent Influence,47.0,Male,Unknown,Going Straight Ahead,No Improper Action,No Apparent Influence,No Apparent Influence,33.34916,-111.95443,2019-11-01,00:23:00
36724,3588522,2019,Elliot Rd,River Pkwy,25.0,Intersection Related 206,0.0,0.0,No Injury,Rear End,Dark Lighted,Clear,Dry,21.0,Male,East,Unknown,Unknown,No Apparent Influence,No Apparent Influence,37.0,Female,East,Unknown,Unknown,No Apparent Influence,No Apparent Influence,33.34928,-111.89783,2019-11-01,00:52:00
36725,3584862,2019,Hardy Dr,24th St,-200.0,Not Junction Related,2.0,0.0,Possible Injury,Rear End,Dark Lighted,Clear,Dry,51.0,Male,South,Going Straight Ahead,Speed To Fast For Conditions,No Apparent Influence,No Apparent Influence,63.0,Male,South,Stopped In Trafficway,No Improper Action,No Apparent Influence,No Apparent Influence,33.40233,-111.95214,2019-11-01,00:58:00
36726,3589108,2019,Priest Dr,21st St,62.0,Not Junction Related,0.0,0.0,No Injury,Rear End,Daylight,Clear,Dry,39.0,Male,South,Going Straight Ahead,Speed To Fast For Conditions,No Apparent Influence,No Apparent Influence,29.0,Female,South,Going Straight Ahead,No Improper Action,No Apparent Influence,No Apparent Influence,33.4064,-111.96076,2019-11-01,00:59:00
36727,3589174,2019,Warner Rd,I-10 Exit 158 J-Ramp,-36.0,Intersection Related 206,2.0,0.0,Suspected Minor Injury,Rear End,Daylight,Clear,Dry,61.0,Male,East,Going Straight Ahead,Speed To Fast For Conditions,No Apparent Influence,No Apparent Influence,21.0,Male,East,Stopped In Trafficway,No Improper Action,No Apparent Influence,No Apparent Influence,33.33436,-111.97163,2019-11-01,01:22:00
36729,3584861,2019,Rural Rd,Broadway Rd,20.0,Intersection Related 206,0.0,0.0,No Injury,Rear End,Dark Lighted,Clear,Dry,20.0,Male,South,Going Straight Ahead,Speed To Fast For Conditions,No Apparent Influence,No Apparent Influence,36.0,Male,South,Stopped In Trafficway,No Improper Action,No Apparent Influence,No Apparent Influence,33.40756,-111.92628,2019-11-01,02:11:00
36730,3588521,2019,Rural Rd,Elliot Rd,0.0,Intersection 4 Way 202,1.0,0.0,Possible Injury,Left Turn,Dark Lighted,Clear,Dry,76.0,Female,Northwest,Making Left Turn,Made Improper Turn,No Apparent Influence,No Apparent Influence,18.0,Female,South,Going Straight Ahead,No Improper Action,No Apparent Influence,No Apparent Influence,33.34919,-111.92848,2019-11-01,04:12:00
36731,3597120,2019,Mill Ave,9th St,-25.0,Intersection Related 206,1.0,0.0,Suspected Minor Injury,Rear End,Dark Lighted,Clear,Dry,51.0,Male,East,Making Right Turn,Made Improper Turn,No Apparent Influence,No Apparent Influence,33.0,Male,South,Going Straight Ahead,No Improper Action,No Apparent Influence,No Apparent Influence,33.42042,-111.93997,2019-11-01,05:15:00
36735,3585040,2019,Hazelton Ln,Ellis Dr,0.0,Intersection 4 Way 202,0.0,0.0,No Injury,Angle - Other Than Left Turn 2,Daylight,Clear,Dry,29.0,Female,East,Going Straight Ahead,Ran Stop Sign,No Apparent Influence,No Apparent Influence,19.0,Female,South,Going Straight Ahead,No Improper Action,No Apparent Influence,No Apparent Influence,33.38089,-111.90457,2019-11-01,15:54:00
36736,3589155,2019,Broadway Rd,Mill Ave,40.0,Intersection Related 206,2.0,0.0,Possible Injury,Rear End,Daylight,Clear,Dry,26.0,Male,East,Going Straight Ahead,Followed Too Closely,No Apparent Influence,No Apparent Influence,21.0,Female,East,Slowing In Trafficway,No Improper Action,No Apparent Influence,No Apparent Influence,33.40741,-111.9397,2019-11-01,18:27:00
36737,3588621,2019,Rio Salado Pkwy,Ash Ave,-100.0,Intersection Related 206,0.0,0.0,No Injury,Rear End,Daylight,Clear,Dry,39.0,Female,West,Going Straight Ahead,Followed Too Closely,No Apparent Influence,No Apparent Influence,22.0,Male,West,Stopped In Trafficway,No Improper Action,No Apparent Influence,No Apparent Influence,33.43159,-111.94372,2019-11-01,18:30:00
36738,3584265,2019,Rural Rd,Broadway Rd,87.0,Intersection Related 206,1.0,0.0,Suspected Minor Injury,Rear End,Daylight,Clear,Dry,19.0,Female,South,Going Straight Ahead,Followed Too Closely,No Apparent Influence,No Apparent Influence,22.0,Male,South,Stopped In Trafficway,No Improper Action,No Apparent Influence,No Apparent Influence,33.40774,-111.92628,2019-11-01,18:36:00
36739,3584267,2019,Scottsdale Rd,Weber Dr,166.0,Driveway Or Alley,0.0,0.0,No Injury,Rear End,Daylight,Clear,Dry,31.0,Male,North,Going Straight Ahead,Followed Too Closely,No Apparent Influence,No Apparent Influence,62.0,Male,North,Slowing In Trafficway,No Improper Action,No Apparent Influence,No Apparent Influence,33.44444,-111.92644,2019-11-01,19:10:00
36740,3589151,2019,Country Club Way,Southern Ave,0.0,Intersection 4 Way 202,0.0,0.0,No Injury,Angle - Other Than Left Turn 2,Daylight,Clear,Dry,40.0,Female,North,Going Straight Ahead,Unknown,No Apparent Influence,No Apparent Influence,40.0,Male,East,Going Straight Ahead,Unknown,No Apparent Influence,No Apparent Influence,33.39298,-111.90056,2019-11-01,20:59:00
36741,3584850,2019,48th St,Hidalgo Ave,0.0,Intersection T Inter 203,1.0,0.0,Suspected Minor Injury,Left Turn,Daylight,Clear,Dry,25.0,Male,North,Making Left Turn,Failed To Yield Right Of Way,No Apparent Influence,No Apparent Influence,18.0,Male,South,Going Straight Ahead,No Improper Action,No Apparent Influence,No Apparent Influence,33.39399,-111.97834,2019-11-01,21:51:00
36743,3589269,2019,Hardy Dr,Fairmont Dr,0.0,Intersection 4 Way 202,0.0,0.0,No Injury,Left Turn,Dusk,Clear,Dry,69.0,Male,South,Making Left Turn,Unsafe Lane Change,No Apparent Influence,No Apparent Influence,21.0,Female,South,Going Straight Ahead,No Improper Action,No Apparent Influence,No Apparent Influence,33.39649,-111.95213,2019-11-01,23:51:00
36745,3589171,2019,Rio Salado Pkwy,Mill Ave,0.35,Intersection Related 206,0.0,0.0,No Injury,Rear End,Unknown 51,Unknown,Dry,21.0,Female,West,Backing,Speed To Fast For Conditions,No Apparent Influence,No Apparent Influence,21.0,Male,West,Stopped In Trafficway,No Improper Action,No Apparent Influence,No Apparent Influence,33.42985,-111.93453,2019-11-02,03:29:00
36748,3585061,2019,Baseline Rd,Hardy Dr,-65.0,Intersection Related 206,2.0,0.0,Possible Injury,Rear End,Unknown 51,Unknown,Dry,24.0,Female,East,Going Straight Ahead,Speed To Fast For Conditions,No Apparent Influence,No Apparent Influence,43.0,Female,East,Going Straight Ahead,No Improper Action,No Apparent Influence,No Apparent Influence,33.37821,-111.95273,2019-11-02,16:45:00
36750,3584270,2019,Broadway Rd,Dorsey Ln,0.0,Not Junction Related,0.0,0.0,No Injury,Rear End,Daylight,Clear,Dry,31.0,Male,West,Going Straight Ahead,Speed To Fast For Conditions,No Apparent Influence,No Apparent Influence,28.0,Male,West,Stopped In Trafficway,No Improper Action,No Apparent Influence,No Apparent Influence,33.40751,-111.9177,2019-11-02,22:38:00