,Incident ID,Year,Street Name,Cross Street,Distance,Junction Relation,Total Injuries,Total Fatalities,Injury Severity,Collision Manner,Light Condition,Weather,Surface Condition,Age Driver 1,Gender Driver 1,Travel Direction One,Unit Action One,Violation1_Drv1,Alcohol Use Driver 1,Drug Use Driver 1,Age Driver 2,Gender Driver 2,Travel Direction Two,Unit Action Two,Violation 1 Driver 2,Alcohol Use Driver 2,Drug Use Driver 2,Latitude,Longitude,Date,Time
36869,3593562,2019,Scottsdale Rd,Rio Salado Pkwy,80.0,Intersection Related 206,1.0,0.0,Possible Injury,Rear End,Daylight,Clear,Dry,27.0,Female,South,Going Straight Ahead,Speed To Fast For Conditions,No Apparent Influence,No Apparent Influence,24.0,Female,South,Stopped In Trafficway,No Improper Action,No Apparent Influence,No Apparent Influence,33.42907,-111.92629,2019-11-10,20:44:00
36870,3588563,2019,Baseline Rd,I-10 Exit 155 J1-Ramp,0.0,Intersection 201,0.0,0.0,No Injury,Angle - Other Than Left Turn 2,Dusk,Clear,Dry,46.0,Male,West,Making Left Turn,Unknown,No Apparent Influence,No Apparent Influence,29.0,Male,North,Making Left Turn,Unknown,No Apparent Influence,No Apparent Influence,33.3783,-111.96738,2019-11-10,23:03:00
36871,3598086,2019,Alameda Dr,Los Feliz Dr,0.0,Not Junction Related,0.0,0.0,No Injury,Other,Dark Lighted,Clear,Dry,22.0,Male,South,Backing,Failed To Yield Right Of Way,No Apparent Influence,No Apparent Influence,37.0,Male,West,Going Straight Ahead,No Improper Action,No Apparent Influence,No Apparent Influence,33.40015,-111.90413,2019-11-11,03:34:00
36872,3589123,2019,Mill Ave,Concorda Dr,-10.0,Intersection Related 206,0.0,0.0,No Injury,Rear End,Dark Not Lighted,Clear,Dry,68.0,Male,South,Going Straight Ahead,No Improper Action,No Apparent Influence,No Apparent Influence,43.0,Female,South,Going Straight Ahead,No Improper Action,No Apparent Influence,No Apparent Influence,33.402,-111.93974,2019-11-11,05:35:00
36873,3589093,2019,Baseline Rd,Calle Los Cerros,0.0,Intersection T Inter 203,0.0,0.0,No Injury,Rear End,Dark Lighted,Clear,Dry,22.0,Female,East,Going Straight Ahead,Speed To Fast For Conditions,No Apparent Influence,No Apparent Influence,22.0,Female,East,Stopped In Trafficway,No Improper Action,No Apparent Influence,No Apparent Influence,33.37821,-111.97409,2019-11-11,12:49:00
36875,3589092,2019,Rural Rd,Campus Dr,168.0,Not Junction Related,0.0,0.0,No Injury,Rear End,Daylight,Clear,Dry,37.0,Female,South,Going Straight Ahead,Speed To Fast For Conditions,No Apparent Influence,No Apparent Influence,20.0,Female,South,Stopped In Trafficway,No Improper Action,No Apparent Influence,No Apparent Influence,33.39903,-111.92632,2019-11-11,19:02:00
36878,3597648,2019,W 7th St,Mill Ave,0.0,Intersection 4 Way 202,1.0,0.0,Possible Injury,Angle - Other Than Left Turn 2,Daylight,Clear,Dry,55.0,Male,West,Making Left Turn,Failed To Yield Right Of Way,No Apparent Influence,No Apparent Influence,64.0,Female,East,Making Right Turn,No Improper Action,No Apparent Influence,No Apparent Influence,33.42321,-111.94001,2019-11-11,20:40:00
36879,3593546,2019,Broadway Rd,I-10 Cardinal Frontage,-30.0,Intersection Related 206,0.0,0.0,No Injury,Rear End,Daylight,Clear,Dry,26.0,Male,East,Going Straight Ahead,Speed To Fast For Conditions,No Apparent Influence,No Apparent Influence,18.0,Female,East,Stopped In Trafficway,No Improper Action,No Apparent Influence,No Apparent Influence,33.40842,-111.97369,2019-11-11,21:56:00
36881,3593727,2019,McClintock Dr,SR-202 Exit 8 J-Ramp,0.0,Entrance Exit Ramp 205,1.0,0.0,Suspected Minor Injury,Left Turn,Dark Lighted,Clear,Dry,19.0,Female,North,Making Left Turn,Failed To Yield Right Of Way,No Apparent Influence,No Apparent Influence,21.0,Female,South,Going Straight Ahead,No Improper Action,No Apparent Influence,No Apparent Influence,33.43662,-111.90962,2019-11-12,00:57:00
36882,3593649,2019,University Dr,Mill Ave,-64.0,Intersection Related 206,0.0,0.0,No Injury,Sideswipe Same Direction,Dark Lighted,Clear,Dry,52.0,Female,West,Changing Lanes,Unsafe Lane Change,No Apparent Influence,No Apparent Influence,38.0,Male,West,Going Straight Ahead,No Improper Action,No Apparent Influence,No Apparent Influence,33.42193,-111.94023,2019-11-12,02:13:00
36884,3594131,2019,Baseline Rd,Pointe Pkwy,0.0,Intersection 4 Way 202,1.0,0.0,Suspected Minor Injury,Rear End,Daylight,Clear,Dry,54.0,Male,East,Going Straight Ahead,Followed Too Closely,No Apparent Influence,No Apparent Influence,19.0,Female,East,Stopped In Trafficway,No Improper Action,No Apparent Influence,No Apparent Influence,33.37822,-111.97199,2019-11-12,13:06:00
36885,3583780,2019,Elliot Rd,I-10 Exit 157 J-Ramp,0.0,Intersection 201,0.0,0.0,No Injury,Rear End,Daylight,Clear,Dry,24.0,Male,West,Making Right Turn,Other,No Apparent Influence,No Apparent Influence,57.0,Male,West,Stopped In Trafficway,No Improper Action,No Apparent Influence,No Apparent Influence,33.3491,-111.97094,2019-11-12,14:55:00
36886,3593651,2019,Curry Rd,Scottsdale Rd,-95.0,Intersection Related 206,1.0,0.0,Possible Injury,Rear End,Daylight,Clear,Dry,28.0,Female,East,Going Straight Ahead,Exceeded Lawful Speed,No Apparent Influence,No Apparent Influence,25.0,Male,East,Stopped In Trafficway,No Improper Action,No Apparent Influence,No Apparent Influence,33.44029,-111.92665,2019-11-12,15:09:00
36887,3598087,2019,Priest Dr,21st St,0.0,Intersection T Inter 203,2.0,0.0,Possible Injury,Left Turn,Daylight,Clear,Dry,21.0,Female,North,Going Straight Ahead,Failed To Keep In Proper Lane,No Apparent Influence,No Apparent Influence,45.0,Female,West,Making Left Turn,Failed To Yield Right Of Way,No Apparent Influence,No Apparent Influence,33.40623,-111.96077,2019-11-12,15:28:00
36890,3582337,2019,Elliot Rd,I-10 Exit 157 A-Ramp,0.0,Intersection Related 206,0.0,0.0,No Injury,Sideswipe Same Direction,Daylight,Clear,Dry,58.0,Male,East,Making Left Turn,Unsafe Lane Change,No Apparent Influence,No Apparent Influence,18.0,Female,East,Going Straight Ahead,No Improper Action,No Apparent Influence,No Apparent Influence,33.34907,-111.97283,2019-11-12,19:18:00
36891,3593652,2019,Terrace Rd,Lemon St,0.0,Intersection 4 Way 202,0.0,0.0,No Injury,U Turn,Daylight,Clear,Dry,19.0,Male,Southeast,Making U Turn,Failed To Yield Right Of Way,No Apparent Influence,No Apparent Influence,55.0,Male,Northwest,Going Straight Ahead,No Improper Action,No Apparent Influence,No Apparent Influence,33.41676,-111.92242,2019-11-12,20:24:00
36892,3593665,2019,Priest Dr,La Jolla Dr,0.0,Intersection T Inter 203,2.0,0.0,Suspected Minor Injury,Left Turn,Daylight,Clear,Dry,20.0,Male,North,Making Left Turn,Failed To Yield Right Of Way,No Apparent Influence,No Apparent Influence,29.0,Male,South,Going Straight Ahead,No Improper Action,No Apparent Influence,No Apparent Influence,33.39028,-111.96081,2019-11-12,21:45:00
36893,3598089,2019,Rural Rd,Redondo Dr,0.0,Intersection T Inter 203,1.0,0.0,Possible Injury,Left Turn,Daylight,Clear,Dry,65.0,Female,North,Making Left Turn,Failed To Yield Right Of Way,No Apparent Influence,No Apparent Influence,23.0,Male,South,Going Straight Ahead,No Improper Action,No Apparent Influence,No Apparent Influence,33.40478,-111.9263,2019-11-12,22:10:00
36894,3593512,2019,Rural Rd,Lakeshore Dr,100.0,Intersection Related 206,0.0,0.0,No Injury,Sideswipe Same Direction,Daylight,Clear,Dry,19.0,Female,South,Changing Lanes,Unsafe Lane Change,No Apparent Influence,No Apparent Influence,45.0,Female,South,Going Straight Ahead,No Improper Action,No Apparent Influence,No Apparent Influence,33.38254,-111.92672,2019-11-12,22:21:00
36896,3590952,2019,Mill Ave,Rio Salado Pkwy,30.0,Intersection Related 206,1.0,0.0,Possible Injury,Rear End,Daylight,Clear,Dry,22.0,Male,South,Going Straight Ahead,Followed Too Closely,No Apparent Influence,No Apparent Influence,26.0,Female,South,Stopped In Trafficway,No Improper Action,No Apparent Influence,No Apparent Influence,33.4297,-111.94008,2019-11-12,23:41:00
36897,3593643,2019,Mill Ave,15th St,95.0,Not Junction Related,2.0,0.0,Possible Injury,Rear End,Daylight,Clear,Dry,32.0,Male,South,Going Straight Ahead,Followed Too Closely,No Apparent Influence,No Apparent Influence,42.0,Female,South,Stopped In Trafficway,No Improper Action,No Apparent Influence,No Apparent Influence,33.41218,-111.93975,2019-11-12,23:56:00
36898,3593511,2019,Priest Dr,Grove Pkwy,100.0,Intersection Related 206,1.0,0.0,Suspected Minor Injury,Rear End,Daylight,Clear,Dry,37.0,Female,South,Going Straight Ahead,Followed Too Closely,No Apparent Influence,No Apparent Influence,45.0,Female,South,Stopped In Trafficway,No Improper Action,No Apparent Influence,No Apparent Influence,33.35167,-111.9627,2019-11-12,23:59:00
36901,3589109,2019,Roosevelt St,Southern Ave,50.0,Intersection Related 206,0.0,0.0,No Injury,Sideswipe Same Direction,Daylight,Clear,Dry,36.0,Male,South,Unknown,Unknown,No Apparent Influence,No Apparent Influence,30.0,Male,South,Unknown,Unknown,No Apparent Influence,No Apparent Influence,33.39298,-111.94784,2019-11-13,00:43:00
36903,3599794,2019,Rural Rd,Spence Ave,-75.0,Not Junction Related,0.0,0.0,No Injury,Sideswipe Same Direction,Dark Lighted,Clear,Dry,20.0,Male,South,Going Straight Ahead,Speed To Fast For Conditions,No Apparent Influence,No Apparent Influence,20.0,Female,South,Slowing In Trafficway,No Improper Action,No Apparent Influence,No Apparent Influence,33.41267,-111.92629,2019-11-13,01:35:00
36904,3597623,2019,Rural Rd,Southern Ave,230.0,Intersection Related 206,0.0,0.0,No Injury,Rear End,Dark Lighted,Clear,Dry,52.0,Female,South,Going Straight Ahead,Speed To Fast For Conditions,No Apparent Influence,No Apparent Influence,21.0,Female,South,Stopped In Trafficway,No Improper Action,No Apparent Influence,No Apparent Influence,33.39359,-111.92633,2019-11-13,02:42:00
36905,3605134,2019,Mill Ave,6th St,-5.0,Intersection Related Non Interchange,1.0,0.0,Possible Injury,Rear End,Dark Lighted,Clear,Dry,27.0,Male,North,Stopped In Trafficway,Speed To Fast For Conditions,No Apparent Influence,No Apparent Influence,48.0,Male,North,Going Straight Ahead,No Improper Action,No Apparent Influence,No Apparent Influence,33.42433,-111.94001,2019-11-13,09:46:00
36906,3589165,2019,48th St,Broadway Rd,30.0,Intersection Related 206,0.0,0.0,No Injury,Rear End,Dark Lighted,Clear,Dry,19.0,Male,South,Going Straight Ahead,Speed To Fast For Conditions,No Apparent Influence,No Apparent Influence,62.0,Female,South,Stopped In Trafficway,No Improper Action,No Apparent Influence,No Apparent Influence,33.40741,-111.97828,2019-11-13,12:42:00
36907,3593765,2019,Roosevelt St,7th St,-110.0,Not Junction Related,0.0,0.0,No Injury,U Turn,Daylight,Clear,Dry,21.0,Male,South,Making U Turn,Other,No Apparent Influence,No Apparent Influence,35.0,Female,South,Going Straight Ahead,No Improper Action,No Apparent Influence,No Apparent Influence,33.42293,-111.94728,2019-11-13,14:26:00
36908,3594135,2019,Broadway Rd,Roosevelt St,0.0,Intersection 4 Way 202,0.0,0.0,No Injury,Angle - Other Than Left Turn 2,Daylight,Clear,Dry,29.0,Male,West,Going Straight Ahead,Disregarded Traffic Signal,No Apparent Influence,No Apparent Influence,33.0,Female,South,Going Straight Ahead,No Improper Action,No Apparent Influence,No Apparent Influence,33.40738,-111.94785,2019-11-13,15:15:00
36909,3609006,2019,Priest Dr,SR-202 Non-Cardinal Frontage,0.0,Intersection 4 Way 202,0.0,0.0,No Injury,Left Turn,Daylight,Clear,Dry,38.0,Male,North,Going Straight Ahead,Disregarded Traffic Signal,No Apparent Influence,No Apparent Influence,37.0,Female,West,Making Left Turn,No Improper Action,No Apparent Influence,No Apparent Influence,33.4385,-111.96084,2019-11-13,16:11:00
36910,3594126,2019,Rio Salado Pkwy,River Dr,-55.0,Intersection Related 206,0.0,0.0,No Injury,Rear End,Daylight,Clear,Dry,35.0,Male,East,Going Straight Ahead,Followed Too Closely,No Apparent Influence,No Apparent Influence,56.0,Male,East,Slowing In Trafficway,No Improper Action,No Apparent Influence,No Apparent Influence,33.42936,-111.89551,2019-11-13,16:18:00
36911,3589110,2019,Guadalupe Rd,Price Rd,-30.0,Intersection Related 206,1.0,0.0,Suspected Minor Injury,Rear End,Daylight,Clear,Dry,32.0,Male,East,Going Straight Ahead,Followed Too Closely,No Apparent Influence,No Apparent Influence,21.0,Female,East,Stopped In Trafficway,No Improper Action,No Apparent Influence,No Apparent Influence,33.36389,-111.89477,2019-11-13,16:30:00
36912,3589162,2019,Rural Rd,Apache Blvd,60.0,Intersection Related 206,1.0,0.0,Possible Injury,Rear End,Daylight,Clear,Dry,20.0,Female,South,Going Straight Ahead,Followed Too Closely,No Apparent Influence,No Apparent Influence,33.0,Female,South,Stopped In Trafficway,No Improper Action,No Apparent Influence,No Apparent Influence,33.41493,-111.92629,2019-11-13,19:43:00
36913,3594123,2019,48th St,Broadway Rd,116.0,Intersection Related 206,1.0,0.0,Suspected Minor Injury,Sideswipe Same Direction,Daylight,Clear,Dry,36.0,Male,South,Avoiding Vehicle Object Pedestrian,Unsafe Lane Change,No Apparent Influence,No Apparent Influence,53.0,Female,South,Going Straight Ahead,No Improper Action,No Apparent Influence,No Apparent Influence,33.40765,-111.97826,2019-11-13,20:46:00
36917,3594282,2019,Price Rd,University Dr,0.0,Intersection 4 Way 202,1.0,0.0,Suspected Minor Injury,Angle - Other Than Left Turn 2,Daylight,Clear,Dry,51.0,Female,West,Going Straight Ahead,Disregarded Traffic Signal,No Apparent Influence,No Apparent Influence,20.0,Female,South,Going Straight Ahead,No Improper Action,No Apparent Influence,No Apparent Influence,33.42202,-111.89031,2019-11-13,21:37:00
36918,3589117,2019,McClintock Dr,Southern Ave,-15.0,Intersection Related 206,0.0,0.0,No Injury,Left Turn,Daylight,Clear,Dry,32.0,Male,West,Making Left Turn,Speed To Fast For Conditions,No Apparent Influence,No Apparent Influence,43.0,Female,North,Stopped In Trafficway,No Improper Action,No Apparent Influence,No Apparent Influence,33.39295,-111.90913,2019-11-13,22:07:00
36920,3593510,2019,Rural Rd,Libra Dr,100.0,Intersection Related 206,1.0,0.0,Suspected Minor Injury,Sideswipe Same Direction,Daylight,Clear,Dry,46.0,Female,South,Changing Lanes,Unsafe Lane Change,No Apparent Influence,No Apparent Influence,37.0,Female,South,Going Straight Ahead,No Improper Action,No Apparent Influence,No Apparent Influence,33.36585,-111.92862,2019-11-13,22:51:00
36921,3594215,2019,Southern Ave,Hardy Dr,0.0,Intersection 4 Way 202,1.0,0.0,Suspected Minor Injury,Left Turn,Dark Lighted,Clear,Dry,33.0,Male,West,Making Left Turn,Failed To Yield Right Of Way,No Apparent Influence,No Apparent Influence,29.0,Male,East,Going Straight Ahead,No Improper Action,No Apparent Influence,No Apparent Influence,33.39286,-111.95198,2019-11-14,01:30:00
36922,3589127,2019,Elliot Rd,I-10 Exit 157 A-Ramp,0.0,Intersection 201,0.0,0.0,No Injury,Angle - Other Than Left Turn 2,Dark Lighted,Clear,Dry,63.0,Male,South,Going Straight Ahead,Failed To Keep In Proper Lane,No Apparent Influence,No Apparent Influence,24.0,Male,South,Making Left Turn,No Improper Action,No Apparent Influence,No Apparent Influence,33.34907,-111.97283,2019-11-14,02:07:00
36925,3594137,2019,Rural Rd,University Dr,20.0,Intersection 4 Way 202,0.0,0.0,No Injury,Left Turn,Dark Lighted,Clear,Dry,18.0,Male,North,Making Left Turn,Unsafe Lane Change,No Apparent Influence,No Apparent Influence,19.0,Female,West,Going Straight Ahead,No Improper Action,No Apparent Influence,No Apparent Influence,33.42208,-111.92631,2019-11-14,02:57:00
36927,3593521,2019,University Dr,52nd St,0.0,Intersection 4 Way 202,2.0,0.0,Suspected Minor Injury,Left Turn,Daylight,Clear,Dry,33.0,Male,West,Making Left Turn,Failed To Yield Right Of Way,No Apparent Influence,No Apparent Influence,32.0,Male,East,Going Straight Ahead,No Improper Action,No Apparent Influence,No Apparent Influence,33.42194,-111.96957,2019-11-14,15:37:00
36929,3593509,2019,Elliot Rd,Rural Rd,0.0,Intersection 4 Way 202,0.0,0.0,No Injury,Left Turn,Daylight,Clear,Dry,22.0,Female,East,Making Left Turn,Failed To Yield Right Of Way,No Apparent Influence,No Apparent Influence,49.0,Female,West,Going Straight Ahead,No Improper Action,No Apparent Influence,No Apparent Influence,33.34919,-111.92848,2019-11-14,16:17:00
36932,3597640,2019,McClintock Dr,Guadalupe Rd,-123.0,Intersection Related 206,1.0,0.0,Suspected Minor Injury,Rear End,Daylight,Clear,Dry,52.0,Female,North,Going Straight Ahead,Speed To Fast For Conditions,No Apparent Influence,No Apparent Influence,22.0,Female,North,Stopped In Trafficway,No Improper Action,No Apparent Influence,No Apparent Influence,33.36343,-111.91125,2019-11-14,19:18:00
36934,3593690,2019,University Dr,Casitas Dr,168.0,Driveway Or Alley,0.0,0.0,No Injury,Left Turn,Daylight,Clear,Dry,40.0,Female,North,Making Left Turn,Failed To Yield Right Of Way,No Apparent Influence,No Apparent Influence,30.0,Female,East,Going Straight Ahead,No Improper Action,No Apparent Influence,No Apparent Influence,33.42201,-111.90674,2019-11-14,21:34:00
36935,3593695,2019,Terrace Rd,Lemon St,78.0,Intersection 4 Way 202,0.0,0.0,No Injury,Left Turn,Daylight,Clear,Dry,21.0,Female,South,Making Left Turn,Failed To Yield Right Of Way,No Apparent Influence,No Apparent Influence,56.0,Male,North,Going Straight Ahead,No Improper Action,No Apparent Influence,No Apparent Influence,33.41691,-111.92259,2019-11-14,22:17:00
36937,3594351,2019,Grove Pkwy,Priest Dr,0.0,Intersection T Inter 203,2.0,0.0,Suspected Minor Injury,Left Turn,Daylight,Unknown,Dry,35.0,Female,North,Making Left Turn,Failed To Yield Right Of Way,No Apparent Influence,No Apparent Influence,69.0,Male,South,Going Straight Ahead,No Improper Action,No Apparent Influence,No Apparent Influence,33.35148,-111.96246,2019-11-15,00:31:00
36938,3593645,2019,McClintock Dr,Warner Rd,0.0,Intersection 4 Way 202,2.0,0.0,Suspected Minor Injury,Left Turn,Dusk,Clear,Dry,29.0,Male,East,Making Left Turn,Failed To Yield Right Of Way,No Apparent Influence,No Apparent Influence,84.0,Male,West,Going Straight Ahead,No Improper Action,No Apparent Influence,No Apparent Influence,33.33464,-111.91118,2019-11-15,00:37:00
36939,3589144,2019,Broadway Rd,Rural Rd,0.0,Intersection 4 Way 202,0.0,0.0,No Injury,Left Turn,Dark Lighted,Clear,Dry,44.0,Male,West,Making Left Turn,Failed To Yield Right Of Way,No Apparent Influence,No Apparent Influence,25.0,Male,East,Going Straight Ahead,No Improper Action,No Apparent Influence,No Apparent Influence,33.4075,-111.92628,2019-11-15,01:48:00
36940,3593678,2019,Rural Rd,Spence Ave,-186.0,Not Junction Related,0.0,0.0,No Injury,Rear End,Daylight,Clear,Dry,18.0,Female,South,Going Straight Ahead,Speed To Fast For Conditions,No Apparent Influence,No Apparent Influence,22.0,Male,South,Stopped In Trafficway,No Improper Action,No Apparent Influence,No Apparent Influence,33.41236,-111.92629,2019-11-15,05:22:00
36941,3613978,2019,McClintock Dr,Palmcroft Dr,0.0,Intersection T Inter 203,0.0,0.0,No Injury,Angle - Other Than Left Turn 2,Dark Lighted,Clear,Dry,23.0,Female,Southeast,Making Left Turn,Failed To Yield Right Of Way,No Apparent Influence,No Apparent Influence,18.0,Female,North,Going Straight Ahead,No Improper Action,No Apparent Influence,No Apparent Influence,33.40466,-111.90913,2019-11-15,05:22:00
36943,3593540,2019,Broadway Rd,Terrace Rd,0.0,Intersection 4 Way 202,2.0,0.0,Suspected Minor Injury,Left Turn,Daylight,Clear,Dry,20.0,Female,West,Making Left Turn,Failed To Yield Right Of Way,No Apparent Influence,No Apparent Influence,22.0,Male,East,Going Straight Ahead,No Improper Action,No Apparent Influence,No Apparent Influence,33.40751,-111.92261,2019-11-15,18:32:00
36944,3593505,2019,Elliot Rd,Price Rd,-80.0,Intersection Related 206,0.0,0.0,No Injury,Rear End,Daylight,Clear,Dry,19.0,Male,East,Going Straight Ahead,Followed Too Closely,No Apparent Influence,No Apparent Influence,64.0,Female,East,Stopped In Trafficway,No Improper Action,No Apparent Influence,No Apparent Influence,33.34934,-111.89463,2019-11-15,19:29:00
36945,3607967,2019,Rural Rd,University Dr,-40.0,Intersection Related 206,0.0,0.0,No Injury,Sideswipe Same Direction,Daylight,Clear,Dry,30.0,Female,North,Changing Lanes,Unknown,No Apparent Influence,No Apparent Influence,36.0,Female,North,Going Straight Ahead,No Improper Action,No Apparent Influence,No Apparent Influence,33.42192,-111.92631,2019-11-15,20:15:00
36946,3593528,2019,Warner Rd,River Pkwy,0.0,Intersection T Inter 203,2.0,0.0,Suspected Minor Injury,Left Turn,Daylight,Clear,Dry,39.0,Male,West,Going Straight Ahead,Disregarded Traffic Signal,No Apparent Influence,No Apparent Influence,25.0,Male,South,Making Left Turn,No Improper Action,No Apparent Influence,No Apparent Influence,33.33478,-111.89767,2019-11-15,20:16:00
36947,3594187,2019,Mill Ave,Hermosa Dr,0.0,Intersection 4 Way 202,0.0,0.0,No Injury,Left Turn,Daylight,Clear,Dry,52.0,Male,South,Going Straight Ahead,Unknown,No Apparent Influence,No Apparent Influence,20.0,Female,East,Making Left Turn,Unknown,No Apparent Influence,No Apparent Influence,33.38821,-111.93953,2019-11-15,20:19:00
36949,3593506,2019,48th St,Fairmont Dr,-180.0,Driveway Or Alley,1.0,0.0,Suspected Minor Injury,Angle - Other Than Left Turn 2,Daylight,Clear,Dry,33.0,Female,West,Making Right Turn,Failed To Yield Right Of Way,No Apparent Influence,No Apparent Influence,23.0,Female,North,Going Straight Ahead,No Improper Action,No Apparent Influence,No Apparent Influence,33.39591,-111.97833,2019-11-15,23:04:00
36951,3593563,2019,McClintock Dr,Elliot Rd,15.0,Intersection Related 206,0.0,0.0,No Injury,Rear End,Daylight,Clear,Dry,24.0,Male,South,Going Straight Ahead,Followed Too Closely,No Apparent Influence,No Apparent Influence,22.0,Female,South,Making Right Turn,No Improper Action,No Apparent Influence,No Apparent Influence,33.34917,-111.91119,2019-11-16,00:27:00
36954,3589150,2019,Apache Blvd,Martin Ln,100.0,Intersection Related 206,0.0,0.0,No Injury,Rear End,Dark Lighted,Clear,Dry,38.0,Female,West,Going Straight Ahead,Followed Too Closely,No Apparent Influence,No Apparent Influence,22.0,Male,West,Stopped In Trafficway,No Improper Action,No Apparent Influence,No Apparent Influence,33.41477,-111.90124,2019-11-16,01:42:00
36961,3593515,2019,Rural Rd,Rio Salado Pkwy,0.0,Intersection 4 Way 202,0.0,0.0,No Injury,Angle - Other Than Left Turn 2,Dark Lighted,Clear,Dry,18.0,Male,South,Making Left Turn,Made Improper Turn,No Apparent Influence,No Apparent Influence,20.0,Male,Northwest,Going Straight Ahead,No Improper Action,No Apparent Influence,No Apparent Influence,33.42885,-111.92629,2019-11-16,03:25:00
36963,3593754,2019,Scottsdale Rd,Weber Dr,0.0,Intersection 4 Way 202,2.0,0.0,Suspected Minor Injury,Left Turn,Daylight,Clear,Dry,24.0,Female,North,Making Left Turn,Failed To Yield Right Of Way,No Apparent Influence,No Apparent Influence,54.0,Male,West,Going Straight Ahead,No Improper Action,No Apparent Influence,No Apparent Influence,33.44399,-111.92644,2019-11-16,18:21:00
36965,3636699,2019,Apache Blvd,Price Rd,0.0,Intersection 201,0.0,0.0,No Injury,Left Turn,Daylight,Clear,Dry,19.0,Male,East,Going Straight Ahead,Disregarded Traffic Signal,No Apparent Influence,No Apparent Influence,43.0,Female,North,Making Left Turn,No Improper Action,No Apparent Influence,No Apparent Influence,33.41479,-111.89073,2019-11-16,22:10:00
36967,3593780,2019,Kyrene Rd,Elliot Rd,0.0,Intersection 4 Way 202,1.0,0.0,Possible Injury,Left Turn,Daylight,Clear,Dry,60.0,Male,North,Making Left Turn,Failed To Yield Right Of Way,No Apparent Influence,No Apparent Influence,53.0,Male,West,Going Straight Ahead,No Improper Action,No Apparent Influence,No Apparent Influence,33.3492,-111.94573,2019-11-16,23:25:00
36970,3598083,2019,Hardy Dr,5th St,0.0,Intersection 4 Way 202,0.0,0.0,No Injury,Angle - Other Than Left Turn 2,Dark Lighted,Clear,Dry,55.0,Male,East,Going Straight Ahead,Ran Stop Sign,Alcohol,No Apparent Influence,27.0,Female,South,Going Straight Ahead,No Improper Action,No Apparent Influence,No Apparent Influence,33.42549,-111.95227,2019-11-17,02:47:00
36971,3605135,2019,University Dr,Priest Dr,0.0,Intersection Related Non Interchange,0.0,0.0,No Injury,Left Turn,Dark Lighted,Clear,Dry,19.0,Female,North,Making Left Turn,Failed To Yield Right Of Way,No Apparent Influence,No Apparent Influence,25.0,Male,West,Going Straight Ahead,No Improper Action,No Apparent Influence,No Apparent Influence,33.42194,-111.96092,2019-11-17,07:32:00
36975,3593524,2019,Elliot Rd,I-10 Exit 157 A-Ramp,30.0,Intersection Related 206,0.0,0.0,No Injury,Sideswipe Same Direction,Daylight,Clear,Dry,68.0,Female,South,Making Left Turn,Unknown,No Apparent Influence,No Apparent Influence,66.0,Male,South,Making Left Turn,Unknown,No Apparent Influence,No Apparent Influence,33.34908,-111.97273,2019-11-17,23:45:00
36979,3594136,2019,Scottsdale Rd,Curry Rd,-93.0,Intersection Related 206,1.0,0.0,Suspected Minor Injury,Rear End,Daylight,Clear,Dry,29.0,Female,North,Going Straight Ahead,Followed Too Closely,No Apparent Influence,No Apparent Influence,30.0,Female,North,Going Straight Ahead,No Improper Action,No Apparent Influence,No Apparent Influence,33.44004,-111.92633,2019-11-18,15:12:00
36981,3593662,2019,Apache Blvd,Martin Ln,0.0,Intersection 4 Way 202,2.0,0.0,Suspected Minor Injury,Left Turn,Daylight,Clear,Dry,41.0,Male,East,Going Straight Ahead,Disregarded Traffic Signal,No Apparent Influence,No Apparent Influence,56.0,Male,West,Making Left Turn,No Improper Action,No Apparent Influence,No Apparent Influence,33.41477,-111.90157,2019-11-18,17:49:00
36982,3594213,2019,Priest Dr,University Dr,-63.0,Intersection Related 206,1.0,0.0,Suspected Minor Injury,Rear End,Daylight,Clear,Dry,29.0,Female,North,Going Straight Ahead,Followed Too Closely,No Apparent Influence,No Apparent Influence,53.0,Male,North,Stopped In Trafficway,No Improper Action,No Apparent Influence,No Apparent Influence,33.42177,-111.96091,2019-11-18,19:14:00
36984,3593655,2019,University Dr,SR-143 Exit 1 T-Ramp,0.0,Intersection Related 206,0.0,0.0,No Injury,Rear End,Daylight,Clear,Dry,52.0,Male,North,Making Right Turn,Failed To Yield Right Of Way,No Apparent Influence,No Apparent Influence,32.0,Male,East,Going Straight Ahead,No Improper Action,No Apparent Influence,No Apparent Influence,33.42189,-111.97767,2019-11-18,19:28:00
36985,3594163,2019,Rural Rd,Alameda Dr,-60.0,Intersection 201,0.0,0.0,No Injury,Rear End,Daylight,Clear,Dry,18.0,Male,South,Going Straight Ahead,Speed To Fast For Conditions,No Apparent Influence,No Apparent Influence,23.0,Male,South,Stopped In Trafficway,No Improper Action,No Apparent Influence,No Apparent Influence,33.40006,-111.92631,2019-11-18,20:13:00
36986,3593659,2019,McClintock Dr,SR-202 Exit 8 A-Ramp,-100.0,Not Junction Related,0.0,0.0,No Injury,Sideswipe Same Direction,Daylight,Clear,Dry,63.0,Male,South,Changing Lanes,Unsafe Lane Change,No Apparent Influence,No Apparent Influence,20.0,Female,South,Going Straight Ahead,No Improper Action,No Apparent Influence,No Apparent Influence,33.43618,-111.9096,2019-11-18,20:49:00
36987,3593656,2019,Broadway Rd,Price Rd,-125.0,Intersection Related 206,0.0,0.0,No Injury,Rear End,Daylight,Clear,Dry,52.0,Female,East,Going Straight Ahead,Followed Too Closely,No Apparent Influence,No Apparent Influence,63.0,Female,East,Stopped In Trafficway,No Improper Action,No Apparent Influence,No Apparent Influence,33.40747,-111.89074,2019-11-18,21:39:00