,Incident ID,Year,Street Name,Cross Street,Distance,Junction Relation,Total Injuries,Total Fatalities,Injury Severity,Collision Manner,Light Condition,Weather,Surface Condition,Age Driver 1,Gender Driver 1,Travel Direction One,Unit Action One,Violation1_Drv1,Alcohol Use Driver 1,Drug Use Driver 1,Age Driver 2,Gender Driver 2,Travel Direction Two,Unit Action Two,Violation 1 Driver 2,Alcohol Use Driver 2,Drug Use Driver 2,Latitude,Longitude,Date,Time
36988,3596830,2019,Price Rd,Guadalupe Rd,-0.5,Intersection T Inter 203,2.0,0.0,Suspected Minor Injury,Angle - Other Than Left Turn 2,Daylight,Unknown,Dry,38.0,Female,East,Going Straight Ahead,Failed To Yield Right Of Way,No Apparent Influence,No Apparent Influence,34.0,Male,South,Going Straight Ahead,No Improper Action,No Apparent Influence,No Apparent Influence,33.35664,-111.8949,2019-11-18,22:42:00
36989,3597618,2019,Scottsdale Rd,Papago Dr,215.0,Not Junction Related,0.0,0.0,No Injury,Sideswipe Same Direction,Daylight,Cloudy,Dry,25.0,Male,South,Changing Lanes,Unsafe Lane Change,No Apparent Influence,No Apparent Influence,49.0,Male,South,Going Straight Ahead,No Improper Action,No Apparent Influence,No Apparent Influence,33.45401,-111.92643,2019-11-18,22:53:00
36991,3598114,2019,University Dr,Lindon Ln,0.0,Not Junction Related,2.0,0.0,Suspected Minor Injury,Rear End,Dusk,Clear,Dry,22.0,Female,East,Going Straight Ahead,Speed To Fast For Conditions,No Apparent Influence,No Apparent Influence,48.0,Male,East,Slowing In Trafficway,No Improper Action,No Apparent Influence,No Apparent Influence,33.42194,-111.96524,2019-11-19,00:10:00
36993,3593739,2019,Rural Rd,E Terrace Rd,30.0,Not Junction Related,0.0,0.0,No Injury,Rear End,Dark Lighted,Clear,Dry,24.0,Male,North,Going Straight Ahead,Speed To Fast For Conditions,No Apparent Influence,No Apparent Influence,23.0,Male,North,Changing Lanes,Unsafe Lane Change,No Apparent Influence,No Apparent Influence,33.41922,-111.9263,2019-11-19,01:30:00
36994,3593706,2019,Price Rd,Rio Salado Pkwy,0.0,Intersection 4 Way 202,0.0,0.0,No Injury,Sideswipe Same Direction,Dark Lighted,Cloudy,Dry,66.0,Female,Southeast,Making Left Turn,Unknown,No Apparent Influence,No Apparent Influence,37.0,Male,Southeast,Making Left Turn,Unknown,No Apparent Influence,No Apparent Influence,33.42938,-111.89183,2019-11-19,01:38:00
36996,3593547,2019,George Dr,Loyola Dr,20.0,Intersection Related 206,0.0,0.0,No Injury,Rear End,Dark Not Lighted,Unknown,Dry,21.0,Female,North,Going Straight Ahead,Speed To Fast For Conditions,No Apparent Influence,No Apparent Influence,30.0,Male,North,Slowing In Trafficway,No Improper Action,No Apparent Influence,No Apparent Influence,33.39636,-111.88794,2019-11-19,02:10:00
36997,3593742,2019,Mill Ave,University Dr,-25.0,Not Junction Related,0.0,0.0,No Injury,Rear End,Dark Lighted,Clear,Dry,22.0,Female,North,Going Straight Ahead,Speed To Fast For Conditions,No Apparent Influence,No Apparent Influence,20.0,Female,North,Stopped In Trafficway,No Improper Action,No Apparent Influence,No Apparent Influence,33.42187,-111.94001,2019-11-19,02:44:00
36998,3597633,2019,McClintock Dr,Rio Salado Pkwy,85.0,Not Junction Related,0.0,0.0,No Injury,Left Turn,Dark Lighted,Clear,Dry,18.0,Female,West,Making Left Turn,Failed To Yield Right Of Way,No Apparent Influence,No Apparent Influence,36.0,Male,North,Going Straight Ahead,No Improper Action,No Apparent Influence,No Apparent Influence,33.4295,-111.90908,2019-11-19,03:24:00
36999,3598194,2019,Priest Dr,SR-202 Cardinal Frontage,0.0,Intersection Related 206,0.0,0.0,No Injury,Unknown,Dark Lighted,Clear,Dry,36.0,Male,North,Going Straight Ahead,Other,No Apparent Influence,No Apparent Influence,26.0,Male,North,Stopped In Trafficway,No Improper Action,No Apparent Influence,No Apparent Influence,33.43715,-111.96094,2019-11-19,03:26:00
37000,3594125,2019,Priest Dr,SR-202 Exit 5 J-Ramp,0.0,Intersection 201,1.0,0.0,Suspected Minor Injury,Left Turn,Dark Lighted,Clear,Dry,48.0,Male,West,Making Left Turn,Disregarded Traffic Signal,No Apparent Influence,No Apparent Influence,34.0,Male,South,Going Straight Ahead,No Improper Action,No Apparent Influence,No Apparent Influence,33.4385,-111.96084,2019-11-19,12:03:00
37002,3593654,2019,Elliot Rd,Rural Rd,0.0,Intersection 4 Way 202,2.0,0.0,Suspected Minor Injury,Left Turn,Daylight,Clear,Dry,23.0,Female,East,Making Left Turn,Failed To Yield Right Of Way,No Apparent Influence,No Apparent Influence,24.0,Female,West,Going Straight Ahead,No Improper Action,No Apparent Influence,No Apparent Influence,33.34919,-111.92848,2019-11-19,13:30:00
37003,3598084,2019,Kyrene Rd,Duke Dr,-67.0,Not Junction Related,0.0,0.0,No Injury,Rear End,Daylight,Cloudy,Dry,32.0,Female,North,Going Straight Ahead,Speed To Fast For Conditions,No Apparent Influence,No Apparent Influence,47.0,Male,North,Stopped In Trafficway,No Improper Action,No Apparent Influence,No Apparent Influence,33.37534,-111.94597,2019-11-19,14:10:00
37004,3593691,2019,Darrow Dr,Priest Dr,-67.0,Intersection Related 206,0.0,0.0,No Injury,Rear End,Daylight,Cloudy,Dry,24.0,Male,West,Going Straight Ahead,Followed Too Closely,No Apparent Influence,No Apparent Influence,60.0,Female,West,Stopped In Trafficway,No Improper Action,No Apparent Influence,No Apparent Influence,33.38056,-111.96142,2019-11-19,14:26:00
37005,3593661,2019,Carson Dr,Dorsey Ln,161.0,Driveway Or Alley,0.0,0.0,No Injury,Left Turn,Daylight,Cloudy,Dry,35.0,Female,South,Making Left Turn,Failed To Yield Right Of Way,No Apparent Influence,No Apparent Influence,32.0,Female,North,Stopped In Trafficway,No Improper Action,No Apparent Influence,No Apparent Influence,33.38347,-111.91687,2019-11-19,15:56:00
37008,3593658,2019,McClintock Dr,University Dr,110.0,Intersection Related 206,1.0,0.0,Possible Injury,Rear End,Daylight,Rain,Dry,62.0,Female,South,Going Straight Ahead,Followed Too Closely,No Apparent Influence,No Apparent Influence,62.0,Female,South,Stopped In Trafficway,No Improper Action,No Apparent Influence,No Apparent Influence,33.42228,-111.90911,2019-11-19,21:28:00
37009,3593640,2019,Rural Rd,Guadalupe Rd,79.0,Intersection Related 206,0.0,0.0,No Injury,Rear End,Daylight,Rain,Wet,51.0,Male,South,Slowing In Trafficway,Followed Too Closely,No Apparent Influence,No Apparent Influence,18.0,Female,South,Stopped In Trafficway,No Improper Action,No Apparent Influence,No Apparent Influence,33.36397,-111.92861,2019-11-19,22:05:00
37011,3593762,2019,McClintock Dr,Calle De Caballos,100.0,Intersection Related 206,1.0,0.0,Suspected Minor Injury,Rear End,Daylight,Rain,Wet,25.0,Female,South,Going Straight Ahead,Followed Too Closely,No Apparent Influence,No Apparent Influence,31.0,Male,South,Slowing In Trafficway,No Improper Action,No Apparent Influence,No Apparent Influence,33.33991,-111.91118,2019-11-19,22:41:00
37012,3593757,2019,Priest Dr,23rd St,0.0,Intersection 4 Way 202,1.0,0.0,Suspected Minor Injury,Left Turn,Daylight,Cloudy,Dry,31.0,Male,East,Making Left Turn,Unknown,No Apparent Influence,No Apparent Influence,51.0,Male,West,Unknown,Unknown,No Apparent Influence,No Apparent Influence,33.40368,-111.96078,2019-11-19,23:22:00
37013,3598115,2019,Playa Del Norte Dr,Miller Rd,-100.0,Not Junction Related,2.0,0.0,Suspected Minor Injury,Sideswipe Opposite Direction,Dusk,Cloudy,Wet,22.0,Female,Southwest,Going Straight Ahead,Speed To Fast For Conditions,No Apparent Influence,No Apparent Influence,22.0,Male,East,Going Straight Ahead,No Improper Action,No Apparent Influence,No Apparent Influence,33.43554,-111.92048,2019-11-19,23:23:00
37016,3597639,2019,Rio Salado Pkwy,River Dr,80.0,Not Junction Related,0.0,0.0,No Injury,Rear End,Dusk,Rain,Wet,17.0,Female,East,Slowing In Trafficway,Speed To Fast For Conditions,No Apparent Influence,No Apparent Influence,26.0,Female,East,Stopped In Trafficway,No Improper Action,No Apparent Influence,No Apparent Influence,33.42936,-111.89507,2019-11-20,00:02:00
37017,3594203,2019,Southern Ave,48th St,80.0,Intersection Related 206,0.0,0.0,No Injury,Sideswipe Same Direction,Daylight,Rain,Wet,20.0,Female,East,Changing Lanes,Unsafe Lane Change,No Apparent Influence,No Apparent Influence,40.0,Male,East,Going Straight Ahead,No Improper Action,No Apparent Influence,No Apparent Influence,33.39277,-111.97808,2019-11-20,00:25:00
37018,3598076,2019,Mill Ave,14th St,-90.0,Not Junction Related,2.0,0.0,Possible Injury,Rear End,Dark Lighted,Rain,Wet,82.0,Female,South,Slowing In Trafficway,Speed To Fast For Conditions,No Apparent Influence,No Apparent Influence,50.0,Male,South,Stopped In Trafficway,No Improper Action,No Apparent Influence,No Apparent Influence,33.41325,-111.93989,2019-11-20,00:35:00
37019,3593760,2019,Price Rd,Southern Ave,0.0,Intersection 4 Way 202,0.0,0.0,No Injury,Sideswipe Same Direction,Daylight,Rain,Dry,60.0,Female,North,Unknown,Unknown,No Apparent Influence,No Apparent Influence,50.0,Male,North,Unknown,Unknown,No Apparent Influence,No Apparent Influence,33.39295,-111.89045,2019-11-20,01:10:00
37020,3593685,2019,Fairmont Dr,Roosevelt St,0.0,Intersection 4 Way 202,0.0,0.0,No Injury,Angle - Other Than Left Turn 2,Unknown 51,Unknown,Dry,22.0,Male,East,Going Straight Ahead,Failed To Yield Right Of Way,No Apparent Influence,No Apparent Influence,33.0,Male,South,Going Straight Ahead,No Improper Action,No Apparent Influence,No Apparent Influence,33.39648,-111.94783,2019-11-20,01:32:00
37021,3593704,2019,McClintock Dr,Rio Salado Pkwy,64.0,Intersection Related 206,0.0,0.0,No Injury,Rear End,Dark Not Lighted,Cloudy,Dry,19.0,Male,South,Going Straight Ahead,Speed To Fast For Conditions,No Apparent Influence,No Apparent Influence,30.0,Male,South,Going Straight Ahead,No Improper Action,No Apparent Influence,No Apparent Influence,33.42944,-111.90907,2019-11-20,02:12:00
37022,3596827,2019,University Dr,Dorsey Ln,10.0,Intersection Related 206,1.0,0.0,Suspected Minor Injury,Rear End,Dark Lighted,Rain,Wet,48.0,Male,West,Going Straight Ahead,Speed To Fast For Conditions,No Apparent Influence,No Apparent Influence,22.0,Male,West,Going Straight Ahead,No Improper Action,No Apparent Influence,No Apparent Influence,33.42202,-111.91766,2019-11-20,02:38:00
37025,3598113,2019,Southern Ave,Los Feliz Dr,0.0,Intersection 4 Way 202,0.0,0.0,No Injury,Left Turn,Daylight,Rain,Wet,17.0,Female,East,Making Left Turn,Failed To Yield Right Of Way,No Apparent Influence,No Apparent Influence,22.0,Female,West,Going Straight Ahead,No Improper Action,No Apparent Influence,No Apparent Influence,33.39297,-111.90485,2019-11-20,14:12:00
37026,3593657,2019,Priest Dr,Manhatton Dr,135.0,Not Junction Related,0.0,0.0,No Injury,Sideswipe Same Direction,Daylight,Rain,Wet,55.0,Female,South,Changing Lanes,Unsafe Lane Change,No Apparent Influence,No Apparent Influence,28.0,Female,South,Going Straight Ahead,No Improper Action,No Apparent Influence,No Apparent Influence,33.38908,-111.96086,2019-11-20,14:39:00
37027,3597637,2019,Kyrene Rd,Baseline Rd,91.0,Intersection Related 206,0.0,0.0,No Injury,Rear End,Daylight,Cloudy,Wet,63.0,Female,South,Going Straight Ahead,Followed Too Closely,No Apparent Influence,No Apparent Influence,36.0,Female,South,Stopped In Trafficway,No Improper Action,No Apparent Influence,No Apparent Influence,33.37847,-111.94388,2019-11-20,15:35:00
37028,3598112,2019,Broadway Rd,McClintock Dr,0.0,Intersection Related 206,1.0,0.0,Possible Injury,Rear End,Daylight,Rain,Wet,44.0,Female,West,Going Straight Ahead,Followed Too Closely,No Apparent Influence,No Apparent Influence,32.0,Female,West,Stopped In Trafficway,No Improper Action,No Apparent Influence,No Apparent Influence,33.4075,-111.90913,2019-11-20,16:04:00
37030,3598075,2019,5th St,Forest Service 01 Tempe Ave,0.0,Intersection T Inter 203,0.0,0.0,No Injury,Sideswipe Same Direction,Daylight,Cloudy,Dry,31.0,Female,North,Making Right Turn,Failed To Yield Right Of Way,No Apparent Influence,No Apparent Influence,21.0,Female,East,Going Straight Ahead,No Improper Action,No Apparent Influence,No Apparent Influence,33.42551,-111.93667,2019-11-20,18:59:00
37031,3598073,2019,Harl Ave,Elliot Rd,0.0,Not Junction Related,0.0,0.0,No Injury,Angle - Other Than Left Turn 2,Daylight,Cloudy,Wet,77.0,Male,North,Making U Turn,Other,No Apparent Influence,No Apparent Influence,20.0,Male,North,Going Straight Ahead,No Improper Action,No Apparent Influence,No Apparent Influence,33.34908,-111.96593,2019-11-20,21:01:00
37034,3593565,2019,Mill Ave,Broadway Rd,102.0,Intersection Related 206,0.0,0.0,No Injury,Rear End,Daylight,Rain,Wet,25.0,Male,South,Going Straight Ahead,Followed Too Closely,No Apparent Influence,No Apparent Influence,51.0,Male,South,Stopped In Trafficway,No Improper Action,No Apparent Influence,No Apparent Influence,33.40768,-111.93983,2019-11-20,21:57:00
37035,3594207,2019,Rural Rd,Carter Dr,0.0,Intersection T Inter 203,0.0,0.0,No Injury,Left Turn,Daylight,Cloudy,Wet,26.0,Male,East,Making Left Turn,Failed To Yield Right Of Way,No Apparent Influence,No Apparent Influence,55.0,Male,South,Going Straight Ahead,No Improper Action,No Apparent Influence,No Apparent Influence,33.38113,-111.9276,2019-11-20,23:16:00
37036,3593566,2019,Broadway Rd,Granada Dr,-30.0,Intersection Related 206,1.0,0.0,Suspected Minor Injury,Rear End,Daylight,Rain,Wet,24.0,Male,East,Going Straight Ahead,Followed Too Closely,No Apparent Influence,No Apparent Influence,48.0,Male,East,Slowing In Trafficway,No Improper Action,No Apparent Influence,No Apparent Influence,33.4075,-111.92806,2019-11-20,23:17:00
37037,3597056,2019,Packard Dr,Rio Salado Pkwy,-150.0,Other,0.0,0.0,No Injury,Left Turn,Dark Lighted,Cloudy,Wet,18.0,Female,Northeast,Making Left Turn,Speed To Fast For Conditions,No Apparent Influence,No Apparent Influence,23.0,Female,North,Slowing In Trafficway,No Improper Action,No Apparent Influence,No Apparent Influence,33.42831,-111.92929,2019-11-21,01:00:00
37039,3597172,2019,Elliot Rd,Priest Dr,0.0,Intersection 201,1.0,0.0,Suspected Minor Injury,Left Turn,Daylight,Cloudy,Dry,26.0,Male,East,Going Straight Ahead,Disregarded Traffic Signal,No Apparent Influence,No Apparent Influence,19.0,Male,South,Making Left Turn,No Improper Action,No Apparent Influence,No Apparent Influence,33.3491,-111.96313,2019-11-21,09:10:00
37041,3598110,2019,Los Feliz Dr,Wesleyan Dr,0.0,Intersection T Inter 203,1.0,0.0,Possible Injury,Rear End,Daylight,Cloudy,Dry,18.0,Male,North,Stopped In Trafficway,Speed To Fast For Conditions,No Apparent Influence,No Apparent Influence,51.0,Female,North,Going Straight Ahead,No Improper Action,No Apparent Influence,No Apparent Influence,33.39736,-111.90415,2019-11-21,14:05:00
37043,3598100,2019,Beck Ave,Baseline Rd,0.0,Not Junction Related,0.0,0.0,No Injury,Sideswipe Same Direction,Daylight,Cloudy,Wet,27.0,Male,West,Changing Lanes,Unsafe Lane Change,No Apparent Influence,No Apparent Influence,50.0,Male,West,Going Straight Ahead,No Improper Action,No Apparent Influence,No Apparent Influence,33.37824,-111.95975,2019-11-21,15:31:00
37046,3597168,2019,McClintock Dr,Don Carlos Ave,50.0,Intersection Related 206,0.0,0.0,No Injury,Sideswipe Opposite Direction,Daylight,Rain,Dry,28.0,Male,North,Going Straight Ahead,Other,No Apparent Influence,No Apparent Influence,50.0,Male,South,Stopped In Trafficway,No Improper Action,No Apparent Influence,No Apparent Influence,33.41762,-111.90911,2019-11-21,18:23:00
37047,3596836,2019,McClintock Dr,Broadway Rd,-110.0,Intersection Related 206,0.0,0.0,No Injury,Rear End,Daylight,Cloudy,Wet,19.0,Male,South,Going Straight Ahead,Followed Too Closely,No Apparent Influence,No Apparent Influence,64.0,Female,South,Stopped In Trafficway,No Improper Action,No Apparent Influence,No Apparent Influence,33.4072,-111.90913,2019-11-21,19:28:00
37048,3598200,2019,Scottsdale Rd,SR-202 Exit 7 P-Ramp,0.0,Intersection Other 204,1.0,0.0,Suspected Minor Injury,Sideswipe Same Direction,Daylight,Clear,Dry,43.0,Female,East,Making Right Turn,Failed To Yield Right Of Way,No Apparent Influence,No Apparent Influence,54.0,Male,North,Going Straight Ahead,No Improper Action,No Apparent Influence,No Apparent Influence,33.43544,-111.92626,2019-11-21,20:01:00
37050,3597169,2019,University Dr,Hohokam Dr,-100.0,Not Junction Related,0.0,0.0,No Injury,Sideswipe Same Direction,Daylight,Rain,Wet,25.0,Female,West,Unknown,Unknown,No Apparent Influence,No Apparent Influence,30.0,Female,West,Unknown,Unknown,No Apparent Influence,No Apparent Influence,33.42193,-111.97213,2019-11-21,23:26:00
37051,3593475,2019,Price Rd,Orange St,55.0,Intersection Related 206,0.0,0.0,No Injury,Rear End,Daylight,Rain,Wet,19.0,Male,South,Going Straight Ahead,Followed Too Closely,No Apparent Influence,No Apparent Influence,30.0,Male,South,Slowing In Trafficway,No Improper Action,No Apparent Influence,No Apparent Influence,33.41858,-111.89197,2019-11-21,23:32:00
37054,3593686,2019,48th St,Fairmont Dr,120.0,Intersection Related 206,0.0,0.0,No Injury,Rear End,Dark Lighted,Rain,Dry,37.0,Male,South,Going Straight Ahead,No Improper Action,No Apparent Influence,No Apparent Influence,76.0,Male,South,Stopped In Trafficway,No Improper Action,No Apparent Influence,No Apparent Influence,33.39674,-111.97833,2019-11-22,00:53:00
37055,3593687,2019,Baseline Rd,Price Rd,-110.0,Intersection Related 206,0.0,0.0,No Injury,Angle - Other Than Left Turn 2,Dark Lighted,Cloudy,Wet,68.0,Male,East,Changing Lanes,Unsafe Lane Change,No Apparent Influence,No Apparent Influence,39.0,Male,East,Going Straight Ahead,No Improper Action,No Apparent Influence,No Apparent Influence,33.37846,-111.89398,2019-11-22,01:29:00
37058,3597620,2019,Scottsdale Rd,Playa Del Norte Dr,-75.0,Intersection Related 206,1.0,0.0,Suspected Minor Injury,Rear End,Dark Lighted,Cloudy,Wet,18.0,Male,North,Stopped In Trafficway,No Improper Action,No Apparent Influence,No Apparent Influence,30.0,Female,North,Stopped In Trafficway,No Improper Action,No Apparent Influence,No Apparent Influence,33.43383,-111.92626,2019-11-22,02:47:00
37059,3596828,2019,Scottsdale Rd,SR-202 Exit 7 P-Ramp,0.0,Intersection Related 206,0.0,0.0,No Injury,Angle - Other Than Left Turn 2,Dark Lighted,Rain,Wet,22.0,Female,North,Making Right Turn,Speed To Fast For Conditions,No Apparent Influence,No Apparent Influence,34.0,Male,North,Going Straight Ahead,No Improper Action,No Apparent Influence,No Apparent Influence,33.43544,-111.92626,2019-11-22,05:06:00
37060,3598192,2019,University Dr,Price Rd,0.0,Intersection Other 204,1.0,0.0,Suspected Minor Injury,Left Turn,Dark Lighted,Clear,Wet,31.0,Male,East,Making Left Turn,Disregarded Traffic Signal,No Apparent Influence,Drugs,46.0,Male,West,Going Straight Ahead,No Improper Action,No Apparent Influence,No Apparent Influence,33.42201,-111.89195,2019-11-22,06:10:00
37061,3593549,2019,Carver Rd,Kyrene Rd,-170.0,Not Junction Related,0.0,0.0,No Injury,Rear End,Dark Lighted,Cloudy,Dry,76.0,Male,West,Going Straight Ahead,Speed To Fast For Conditions,No Apparent Influence,No Apparent Influence,28.0,Female,West,Making Right Turn,No Improper Action,No Apparent Influence,No Apparent Influence,33.3419,-111.9463,2019-11-22,14:10:00
37063,3593783,2019,Price Rd,Baseline Rd,27.0,Intersection Related 206,0.0,0.0,No Injury,Angle - Other Than Left Turn 2,Daylight,Clear,Dry,23.0,Female,South,Going Straight Ahead,Speed To Fast For Conditions,No Apparent Influence,No Apparent Influence,44.0,Female,South,Making Right Turn,No Improper Action,No Apparent Influence,No Apparent Influence,33.37853,-111.8936,2019-11-22,14:33:00
37064,3605898,2019,Rural Rd,Spence Ave,-40.0,Intersection Related 206,0.0,0.0,No Injury,Rear End,Daylight,Clear,Dry,27.0,Female,North,Changing Lanes,Speed To Fast For Conditions,No Apparent Influence,No Apparent Influence,23.0,Male,North,Going Straight Ahead,No Improper Action,No Apparent Influence,No Apparent Influence,33.41276,-111.92629,2019-11-22,14:54:00
37065,3596821,2019,Rural Rd,Guadalupe Rd,-210.0,Intersection Related 206,0.0,0.0,No Injury,Sideswipe Opposite Direction,Daylight,Clear,Dry,48.0,Male,North,Changing Lanes,Failed To Keep In Proper Lane,No Apparent Influence,No Apparent Influence,75.0,Female,North,Going Straight Ahead,No Improper Action,No Apparent Influence,No Apparent Influence,33.36318,-111.9286,2019-11-22,14:59:00
37066,3599742,2019,Priest Dr,Rio Salado Pkwy,0.0,Not Junction Related,0.0,0.0,No Injury,Angle - Other Than Left Turn 2,Daylight,Clear,Dry,49.0,Female,North,Making Right Turn,Failed To Yield Right Of Way,No Apparent Influence,No Apparent Influence,39.0,Male,South,Making Left Turn,No Improper Action,No Apparent Influence,No Apparent Influence,33.42956,-111.96097,2019-11-22,16:46:00
37067,3596835,2019,Rio Salado Pkwy,Packard Dr,-0.4,Intersection Related 206,0.0,0.0,No Injury,Rear End,Daylight,Clear,Dry,32.0,Male,East,Going Straight Ahead,Followed Too Closely,No Apparent Influence,No Apparent Influence,42.0,Male,East,Stopped In Trafficway,No Improper Action,No Apparent Influence,No Apparent Influence,33.4305,-111.93569,2019-11-22,19:29:00
37068,3599762,2019,Harl Ave,Drake Dr,0.0,Intersection 4 Way 202,1.0,0.0,Possible Injury,Angle - Other Than Left Turn 2,Daylight,Clear,Dry,19.0,Female,East,Going Straight Ahead,Failed To Yield Right Of Way,No Apparent Influence,No Apparent Influence,37.0,Male,South,Going Straight Ahead,No Improper Action,No Apparent Influence,No Apparent Influence,33.3551,-111.9665,2019-11-22,19:33:00
37069,3596834,2019,University Dr,Dorsey Ln,0.0,Intersection 4 Way 202,0.0,0.0,No Injury,Sideswipe Same Direction,Daylight,Clear,Dry,51.0,Male,East,Changing Lanes,Unsafe Lane Change,No Apparent Influence,No Apparent Influence,26.0,Female,East,Going Straight Ahead,No Improper Action,No Apparent Influence,No Apparent Influence,33.42202,-111.91769,2019-11-22,20:25:00
37071,3599767,2019,Baseline Rd,Price Rd,-65.0,Intersection Related 206,0.0,0.0,No Injury,Rear End,Daylight,Clear,Dry,78.0,Male,East,Going Straight Ahead,Followed Too Closely,No Apparent Influence,No Apparent Influence,73.0,Male,East,Stopped In Trafficway,No Improper Action,No Apparent Influence,No Apparent Influence,33.37846,-111.89383,2019-11-22,20:45:00
37072,3596833,2019,Southern Ave,Dorsey Ln,109.0,Intersection Related 206,0.0,0.0,No Injury,Rear End,Daylight,Clear,Dry,23.0,Female,West,Going Straight Ahead,Followed Too Closely,No Apparent Influence,No Apparent Influence,27.0,Male,West,Stopped In Trafficway,No Improper Action,No Apparent Influence,No Apparent Influence,33.39297,-111.91739,2019-11-22,21:57:00
37073,3596820,2019,Price Rd,Elliot Rd,80.0,Entrance Exit Ramp 205,0.0,0.0,No Injury,Rear End,Daylight,Clear,Dry,28.0,Female,South,Going Straight Ahead,Speed To Fast For Conditions,No Apparent Influence,No Apparent Influence,62.0,Female,South,Going Straight Ahead,No Improper Action,No Apparent Influence,No Apparent Influence,33.34956,-111.89437,2019-11-22,22:15:00
37074,3593712,2019,Baseline Rd,Kyrene Rd,0.0,Intersection T Inter 203,2.0,0.0,Suspected Minor Injury,Left Turn,Daylight,Clear,Dry,46.0,Female,Northeast,Making Left Turn,Failed To Yield Right Of Way,No Apparent Influence,No Apparent Influence,66.0,Male,West,Going Straight Ahead,No Improper Action,No Apparent Influence,No Apparent Influence,33.3782,-111.94599,2019-11-22,22:24:00
37075,3608023,2019,Mill Ave,Alameda Dr,0.0,Intersection 4 Way 202,0.0,0.0,No Injury,Rear End,Daylight,Clear,Dry,32.0,Male,South,Going Straight Ahead,Followed Too Closely,No Apparent Influence,No Apparent Influence,35.0,Male,South,Slowing In Trafficway,No Improper Action,No Apparent Influence,No Apparent Influence,33.40011,-111.93971,2019-11-22,23:45:00
37076,3597160,2019,Priest Dr,Elna Rae St,30.0,Intersection Related 206,0.0,0.0,No Injury,Rear End,Dark Lighted,Clear,Dry,33.0,Male,South,Going Straight Ahead,Followed Too Closely,No Apparent Influence,No Apparent Influence,17.0,Male,South,Stopped In Trafficway,No Improper Action,No Apparent Influence,No Apparent Influence,33.41968,-111.96087,2019-11-23,00:28:00
37077,3597619,2019,Washington St,Center Pkwy,130.0,Intersection Related 206,0.0,0.0,No Injury,Rear End,Dark Lighted,Cloudy,Wet,37.0,Female,West,Going Straight Ahead,Followed Too Closely,No Apparent Influence,No Apparent Influence,20.0,Male,West,Stopped In Trafficway,No Improper Action,No Apparent Influence,No Apparent Influence,33.43915,-111.94845,2019-11-23,01:28:00
37078,3597621,2019,Rural Rd,Apache Blvd,-100.0,Intersection Related 206,0.0,0.0,No Injury,Rear End,Dark Lighted,Clear,Dry,20.0,Female,North,Going Straight Ahead,Speed To Fast For Conditions,No Apparent Influence,No Apparent Influence,18.0,Male,North,Stopped In Trafficway,No Improper Action,No Apparent Influence,No Apparent Influence,33.41449,-111.92629,2019-11-23,01:45:00
37079,3596840,2019,Mill Ave,US-60 Exit 173 C-Ramp,-100.0,Intersection Related 206,0.0,0.0,No Injury,Rear End,Dark Lighted,Cloudy,Wet,38.0,Female,North,Going Straight Ahead,Followed Too Closely,No Apparent Influence,No Apparent Influence,23.0,Male,North,Slowing In Trafficway,No Improper Action,No Apparent Influence,No Apparent Influence,33.38577,-111.93948,2019-11-23,02:25:00
37082,3608019,2019,McClintock Dr,University Dr,30.0,Intersection Related 206,0.0,0.0,No Injury,Angle - Other Than Left Turn 2,Dark Lighted,Clear,Dry,24.0,Male,West,Making Right Turn,Speed To Fast For Conditions,No Apparent Influence,No Apparent Influence,30.0,Male,South,Stopped In Trafficway,No Improper Action,No Apparent Influence,No Apparent Influence,33.42206,-111.90909,2019-11-23,08:33:00
37083,3597185,2019,7th St,Myrtle Ave,-20.0,Not Junction Related,0.0,0.0,No Injury,Sideswipe Same Direction,Dark Lighted,Clear,Dry,66.0,Female,West,Going Straight Ahead,Other,No Apparent Influence,No Apparent Influence,22.0,Male,West,Changing Lanes,No Improper Action,No Apparent Influence,No Apparent Influence,33.42319,-111.93823,2019-11-23,09:11:00
37087,3599770,2019,Kyrene Rd,Guadalupe Rd,0.0,Intersection 4 Way 202,0.0,0.0,No Injury,Left Turn,Daylight,Clear,Dry,33.0,Male,South,Making Left Turn,Failed To Yield Right Of Way,No Apparent Influence,No Apparent Influence,59.0,Male,North,Going Straight Ahead,No Improper Action,No Apparent Influence,No Apparent Influence,33.36366,-111.94589,2019-11-23,19:56:00
37088,3596831,2019,6th St,Packard Dr,114.0,Intersection Related 206,0.0,0.0,No Injury,U Turn,Daylight,Clear,Dry,18.0,Male,West,Making U Turn,Other,No Apparent Influence,No Apparent Influence,51.0,Male,West,Going Straight Ahead,No Improper Action,No Apparent Influence,No Apparent Influence,33.42439,-111.92872,2019-11-23,20:20:00
37089,3593733,2019,Rural Rd,US-60 Exit 174 C-Ramp,0.0,Intersection T Inter 203,1.0,0.0,Possible Injury,Angle - Other Than Left Turn 2,Dark Lighted,Clear,Dry,17.0,Female,North,Going Straight Ahead,Disregarded Traffic Signal,No Apparent Influence,No Apparent Influence,28.0,Female,Southwest,Making Left Turn,No Improper Action,No Apparent Influence,No Apparent Influence,33.38618,-111.92647,2019-11-24,02:59:00
37090,3606721,2019,Broadway Rd,Rural Rd,-80.0,Not Junction Related,0.0,0.0,No Injury,Sideswipe Same Direction,Dark Lighted,Clear,Dry,18.0,Male,West,Going Straight Ahead,Unknown,No Apparent Influence,No Apparent Influence,22.0,Male,West,Going Straight Ahead,Unknown,No Apparent Influence,No Apparent Influence,33.40749,-111.92654,2019-11-24,03:29:00