,Incident ID,Year,Street Name,Cross Street,Distance,Junction Relation,Total Injuries,Total Fatalities,Injury Severity,Collision Manner,Light Condition,Weather,Surface Condition,Age Driver 1,Gender Driver 1,Travel Direction One,Unit Action One,Violation1_Drv1,Alcohol Use Driver 1,Drug Use Driver 1,Age Driver 2,Gender Driver 2,Travel Direction Two,Unit Action Two,Violation 1 Driver 2,Alcohol Use Driver 2,Drug Use Driver 2,Latitude,Longitude,Date,Time
37096,3605361,2019,Priest Dr,5th St,135.0,Intersection Related 206,0.0,0.0,No Injury,Rear End,Daylight,Clear,Dry,19.0,Female,North,Going Straight Ahead,Speed To Fast For Conditions,No Apparent Influence,No Apparent Influence,23.0,Female,North,Stopped In Trafficway,No Improper Action,No Apparent Influence,No Apparent Influence,33.42599,-111.96096,2019-11-24,21:41:00
37097,3597643,2019,5th St,Maple Ave,0.0,Intersection T Inter 203,1.0,0.0,Suspected Minor Injury,Angle - Other Than Left Turn 2,Daylight,Clear,Dry,47.0,Female,North,Going Straight Ahead,Failed To Yield Right Of Way,No Apparent Influence,No Apparent Influence,25.0,Male,East,Going Straight Ahead,No Improper Action,No Apparent Influence,No Apparent Influence,33.4255,-111.94128,2019-11-24,22:14:00
37098,3599776,2019,McClintock Dr,3rd St,-50.0,Driveway Or Alley,0.0,0.0,No Injury,Left Turn,Dusk,Clear,Dry,64.0,Female,South,Making Left Turn,Failed To Yield Right Of Way,No Apparent Influence,No Apparent Influence,35.0,Female,North,Going Straight Ahead,No Improper Action,No Apparent Influence,No Apparent Influence,33.42726,-111.90906,2019-11-25,00:45:00
37102,3596832,2019,Grove Pkwy,Priest Dr,0.0,Intersection T Inter 203,0.0,0.0,No Injury,Left Turn,Dark Lighted,Clear,Dry,30.0,Female,East,Making Left Turn,Failed To Yield Right Of Way,No Apparent Influence,No Apparent Influence,25.0,Female,South,Going Straight Ahead,No Improper Action,No Apparent Influence,No Apparent Influence,33.35148,-111.96246,2019-11-25,04:31:00
37103,3597183,2019,Southern Ave,River Dr,0.0,Not Junction Related,0.0,0.0,No Injury,Left Turn,Dark Lighted,Clear,Dry,57.0,Male,East,Making U Turn,Speed To Fast For Conditions,No Apparent Influence,No Apparent Influence,55.0,Female,Southwest,Stopped In Trafficway,No Improper Action,No Apparent Influence,No Apparent Influence,33.39299,-111.89626,2019-11-25,11:34:00
37104,3599755,2019,Elliot Rd,Price Rd,-90.0,Intersection Related 206,1.0,0.0,Possible Injury,Rear End,Daylight,Clear,Dry,35.0,Female,East,Going Straight Ahead,Followed Too Closely,No Apparent Influence,No Apparent Influence,42.0,Female,East,Stopped In Trafficway,No Improper Action,No Apparent Influence,No Apparent Influence,33.34934,-111.89466,2019-11-25,12:43:00
37106,3597181,2019,Elliot Rd,Priest Dr,0.0,Intersection 4 Way 202,0.0,0.0,No Injury,Angle - Other Than Left Turn 2,Daylight,Cloudy,Dry,78.0,Female,North,Making Right Turn,Failed To Yield Right Of Way,No Apparent Influence,No Apparent Influence,76.0,Male,East,Going Straight Ahead,No Improper Action,No Apparent Influence,No Apparent Influence,33.3491,-111.96313,2019-11-25,17:50:00
37111,3599758,2019,Rio Salado Pkwy,Priest Dr,0.0,Intersection 4 Way 202,0.0,0.0,No Injury,Rear End,Daylight,Unknown,Dry,59.0,Male,West,Going Straight Ahead,Followed Too Closely,No Apparent Influence,No Apparent Influence,29.0,Female,West,Stopped In Trafficway,No Improper Action,No Apparent Influence,No Apparent Influence,33.42956,-111.96097,2019-11-25,22:50:00
37112,3597632,2019,Price Rd,University Dr,0.0,Intersection 4 Way 202,0.0,0.0,No Injury,Sideswipe Same Direction,Daylight,Clear,Dry,49.0,Male,Northwest,Going Straight Ahead,No Improper Action,No Apparent Influence,No Apparent Influence,26.0,Female,North,Changing Lanes,Unsafe Lane Change,No Apparent Influence,No Apparent Influence,33.42202,-111.89031,2019-11-25,23:16:00
37113,3599760,2019,Priest Dr,16th St,0.0,Intersection T Inter 203,1.0,0.0,Suspected Minor Injury,Rear End,Daylight,Clear,Dry,32.0,Male,South,Slowing In Trafficway,Followed Too Closely,No Apparent Influence,No Apparent Influence,29.0,Female,South,Stopped In Trafficway,No Improper Action,No Apparent Influence,No Apparent Influence,33.41149,-111.96081,2019-11-26,00:25:00
37115,3599744,2019,Rural Rd,Apache Blvd,0.0,Not Junction Related,1.0,0.0,Possible Injury,Sideswipe Same Direction,Dusk,Clear,Dry,20.0,Female,North,Changing Lanes,Unsafe Lane Change,No Apparent Influence,No Apparent Influence,22.0,Male,North,Changing Lanes,Unsafe Lane Change,No Apparent Influence,No Apparent Influence,33.41476,-111.92629,2019-11-26,00:56:00
37116,3596819,2019,Baseline Rd,Pointe Pkwy,-87.0,Not Junction Related,0.0,0.0,No Injury,Rear End,Dark Lighted,Clear,Dry,22.0,Female,East,Going Straight Ahead,Speed To Fast For Conditions,No Apparent Influence,No Apparent Influence,21.0,Female,East,Stopped In Trafficway,No Improper Action,No Apparent Influence,No Apparent Influence,33.37821,-111.97228,2019-11-26,01:23:00
37117,3606720,2019,University Dr,McClintock Dr,50.0,Intersection Related 206,0.0,0.0,No Injury,Left Turn,Dark Lighted,Clear,Dry,20.0,Female,Northwest,Making Left Turn,Failed To Yield Right Of Way,No Apparent Influence,No Apparent Influence,44.0,Female,East,Going Straight Ahead,No Improper Action,No Apparent Influence,No Apparent Influence,33.42199,-111.90892,2019-11-26,01:35:00
37118,3605295,2019,Wildermuth Ave,Clark Dr,0.0,Not Junction Related,0.0,0.0,No Injury,Other,Dark Lighted,Clear,Dry,17.0,Male,Southwest,Backing,Other,No Apparent Influence,No Apparent Influence,32.0,Female,East,Properly Parked,No Improper Action,No Apparent Influence,No Apparent Influence,33.41296,-111.89935,2019-11-26,06:35:00
37120,3599750,2019,Rural Rd,Bell De Mar Dr,0.0,Intersection 4 Way 202,1.0,0.0,Possible Injury,Left Turn,Daylight,Clear,Dry,27.0,Female,South,Making Left Turn,Failed To Yield Right Of Way,No Apparent Influence,No Apparent Influence,24.0,Female,North,Going Straight Ahead,No Improper Action,No Apparent Influence,No Apparent Influence,33.35796,-111.92855,2019-11-26,15:33:00
37121,3598060,2019,Priest Dr,Auto Dr,0.0,Intersection 4 Way 202,0.0,0.0,No Injury,Angle - Other Than Left Turn 2,Daylight,Clear,Dry,22.0,Female,South,Going Straight Ahead,Disregarded Traffic Signal,No Apparent Influence,No Apparent Influence,54.0,Male,West,Going Straight Ahead,No Improper Action,No Apparent Influence,No Apparent Influence,33.34548,-111.96315,2019-11-26,18:14:00
37122,3598068,2019,Priest Dr,University Dr,0.0,Intersection 4 Way 202,1.0,0.0,Possible Injury,Rear End,Daylight,Clear,Dry,49.0,Female,East,Slowing In Trafficway,Followed Too Closely,No Apparent Influence,No Apparent Influence,68.0,Male,East,Stopped In Trafficway,No Improper Action,No Apparent Influence,No Apparent Influence,33.42194,-111.96092,2019-11-26,18:42:00
37125,3593561,2019,McClintock Dr,Guadalupe Rd,230.0,Intersection Related 206,1.0,0.0,Suspected Minor Injury,Rear End,Daylight,Clear,Dry,32.0,Female,South,Going Straight Ahead,Followed Too Closely,No Apparent Influence,No Apparent Influence,22.0,Male,South,Stopped In Trafficway,No Improper Action,No Apparent Influence,No Apparent Influence,33.3644,-111.91126,2019-11-26,19:57:00
37128,3597636,2019,Hermosa Dr,Grandview Ave,-56.0,Driveway Or Alley,0.0,0.0,No Injury,Angle - Other Than Left Turn 2,Daylight,Clear,Dry,20.0,Male,West,Going Straight Ahead,Followed Too Closely,No Apparent Influence,No Apparent Influence,25.0,Female,Northwest,Making Right Turn,No Improper Action,No Apparent Influence,No Apparent Influence,33.38822,-111.93839,2019-11-26,23:09:00
37129,3597644,2019,Broadway Rd,McClintock Dr,-100.0,Intersection Related 206,0.0,0.0,No Injury,Rear End,Daylight,Clear,Dry,23.0,Female,East,Going Straight Ahead,Followed Too Closely,No Apparent Influence,No Apparent Influence,21.0,Female,East,Stopped In Trafficway,No Improper Action,No Apparent Influence,No Apparent Influence,33.4075,-111.90945,2019-11-26,23:33:00
37130,3598058,2019,Rural Rd,Lemon St,-165.0,Intersection Related 206,0.0,0.0,No Injury,Rear End,Daylight,Clear,Dry,47.0,Male,North,Going Straight Ahead,Followed Too Closely,No Apparent Influence,No Apparent Influence,17.0,Female,North,Stopped In Trafficway,No Improper Action,No Apparent Influence,No Apparent Influence,33.41638,-111.9263,2019-11-26,23:52:00
37131,3598067,2019,Rio Salado Pkwy,Rockford Dr,61.0,Not Junction Related,0.0,0.0,No Injury,Rear End,Daylight,Clear,Dry,34.0,Female,East,Going Straight Ahead,Followed Too Closely,No Apparent Influence,No Apparent Influence,42.0,Male,East,Stopped In Trafficway,No Improper Action,No Apparent Influence,No Apparent Influence,33.42936,-111.89684,2019-11-26,23:59:00
37132,3598121,2019,Broadway Rd,52nd St,0.0,Intersection 4 Way 202,0.0,0.0,No Injury,Left Turn,Dark Lighted,Clear,Dry,27.0,Female,North,Making Left Turn,Followed Too Closely,No Apparent Influence,No Apparent Influence,49.0,Female,North,Stopped In Trafficway,No Improper Action,No Apparent Influence,No Apparent Influence,33.40925,-111.96953,2019-11-27,01:00:00
37136,3597649,2019,Rural Rd,Lemon St,-90.0,Not Junction Related,0.0,0.0,No Injury,Rear End,Dark Lighted,Clear,Dry,19.0,Female,North,Slowing In Trafficway,Speed To Fast For Conditions,No Apparent Influence,No Apparent Influence,23.0,Male,North,Slowing In Trafficway,No Improper Action,No Apparent Influence,No Apparent Influence,33.41659,-111.9263,2019-11-27,04:02:00
37137,3605283,2019,La Jolla Dr,Palm Dr,0.0,Not Junction Related,0.0,0.0,No Injury,Rear End,Unknown 51,Unknown,Dry,40.0,Male,West,Going Straight Ahead,Followed Too Closely,No Apparent Influence,No Apparent Influence,22.0,Female,West,Going Straight Ahead,No Improper Action,No Apparent Influence,No Apparent Influence,33.38939,-111.92701,2019-11-27,09:45:00
37139,3605348,2019,Elliot Rd,I-10 Exit 157 J-Ramp,-153.0,Intersection Related 206,1.0,0.0,Possible Injury,Sideswipe Same Direction,Daylight,Clear,Dry,25.0,Female,East,Changing Lanes,Unknown,No Apparent Influence,No Apparent Influence,37.0,Female,East,Changing Lanes,Unknown,No Apparent Influence,No Apparent Influence,33.34909,-111.97144,2019-11-27,14:22:00
37140,3598124,2019,Priest Dr,Warner Rd,187.0,Driveway Or Alley,0.0,0.0,No Injury,Left Turn,Daylight,Clear,Dry,25.0,Male,East,Making Left Turn,Failed To Yield Right Of Way,No Apparent Influence,No Apparent Influence,18.0,Male,North,Going Straight Ahead,No Improper Action,No Apparent Influence,No Apparent Influence,33.33504,-111.96312,2019-11-27,14:54:00
37142,3605349,2019,McClintock Dr,US-60 Exit 175 J-Ramp,-151.0,Intersection Related 206,0.0,0.0,No Injury,Sideswipe Same Direction,Daylight,Clear,Dry,36.0,Male,North,Changing Lanes,Unknown,No Apparent Influence,No Apparent Influence,22.0,Male,North,Changing Lanes,Unknown,No Apparent Influence,No Apparent Influence,33.38583,-111.9092,2019-11-27,16:11:00
37143,3598123,2019,Guadalupe Rd,Price Rd,0.0,Intersection 4 Way 202,0.0,0.0,No Injury,Angle - Other Than Left Turn 2,Daylight,Clear,Dry,55.0,Female,East,Going Straight Ahead,Disregarded Traffic Signal,No Apparent Influence,No Apparent Influence,58.0,Male,South,Going Straight Ahead,No Improper Action,No Apparent Influence,No Apparent Influence,33.36389,-111.89467,2019-11-27,17:04:00
37144,3606713,2019,Mill Ave,University Dr,-30.0,Intersection Related 206,0.0,0.0,No Injury,Rear End,Daylight,Clear,Dry,32.0,Male,North,Going Straight Ahead,Followed Too Closely,No Apparent Influence,No Apparent Influence,24.0,Male,North,Stopped In Trafficway,No Improper Action,No Apparent Influence,No Apparent Influence,33.42185,-111.94001,2019-11-27,17:49:00
37145,3599717,2019,Southern Ave,Price Rd,-79.0,Not Junction Related,0.0,0.0,No Injury,Sideswipe Same Direction,Daylight,Clear,Dry,80.0,Male,West,Changing Lanes,Unsafe Lane Change,No Apparent Influence,No Apparent Influence,21.0,Male,West,Going Straight Ahead,No Improper Action,No Apparent Influence,No Apparent Influence,33.39295,-111.89071,2019-11-27,18:12:00
37146,3598056,2019,Rural Rd,Baseline Rd,133.0,Not Junction Related,0.0,0.0,No Injury,Rear End,Daylight,Clear,Dry,30.0,Female,North,Going Straight Ahead,Followed Too Closely,No Apparent Influence,No Apparent Influence,48.0,Male,North,Stopped In Trafficway,No Improper Action,No Apparent Influence,No Apparent Influence,33.37861,-111.92869,2019-11-27,19:12:00
37148,3605365,2019,Elliot Rd,Priest Dr,-150.0,Intersection Related 206,1.0,0.0,Suspected Minor Injury,Rear End,Daylight,Clear,Dry,22.0,Male,East,Going Straight Ahead,Followed Too Closely,No Apparent Influence,No Apparent Influence,24.0,Female,East,Slowing In Trafficway,No Improper Action,No Apparent Influence,No Apparent Influence,33.3491,-111.96362,2019-11-27,19:35:00
37150,3598126,2019,Scottsdale Rd,Lilac Dr,-115.0,Not Junction Related,1.0,0.0,Suspected Minor Injury,Rear End,Daylight,Cloudy,Dry,35.0,Female,North,Going Straight Ahead,Speed To Fast For Conditions,No Apparent Influence,No Apparent Influence,30.0,Female,North,Stopped In Trafficway,No Improper Action,No Apparent Influence,No Apparent Influence,33.44844,-111.92646,2019-11-27,20:29:00
37151,3598057,2019,Warner Rd,Juniper Dr,107.0,Not Junction Related,0.0,0.0,No Injury,Sideswipe Same Direction,Daylight,Clear,Dry,59.0,Male,East,Changing Lanes,Unsafe Lane Change,No Apparent Influence,No Apparent Influence,30.0,Female,East,Going Straight Ahead,No Improper Action,No Apparent Influence,No Apparent Influence,33.33466,-111.91513,2019-11-27,20:52:00
37153,3598125,2019,Elliot Rd,Hardy Dr,0.0,Not Junction Related,1.0,0.0,Suspected Minor Injury,Sideswipe Same Direction,Daylight,Clear,Dry,21.0,Male,East,Backing,Unsafe Lane Change,No Apparent Influence,No Apparent Influence,21.0,Male,East,Going Straight Ahead,No Improper Action,No Apparent Influence,No Apparent Influence,33.34916,-111.95448,2019-11-27,22:20:00
37154,3599716,2019,Mill Ave,Baseline Rd,168.0,Driveway Or Alley,1.0,0.0,Suspected Minor Injury,Angle - Other Than Left Turn 2,Daylight,Clear,Dry,43.0,Male,West,Making Right Turn,Failed To Yield Right Of Way,No Apparent Influence,No Apparent Influence,29.0,Female,North,Going Straight Ahead,No Improper Action,No Apparent Influence,No Apparent Influence,33.37867,-111.93938,2019-11-28,00:09:00
37155,3597702,2019,Southern Ave,48th St,0.0,Intersection 4 Way 202,1.0,0.0,Suspected Minor Injury,Left Turn,Dusk,Clear,Dry,20.0,Male,South,Making Left Turn,Failed To Yield Right Of Way,No Apparent Influence,No Apparent Influence,28.0,Male,North,Going Straight Ahead,No Improper Action,No Apparent Influence,No Apparent Influence,33.39277,-111.97834,2019-11-28,00:42:00
37156,3605281,2019,Priest Dr,Arizona Mills Access E,0.0,Intersection T Inter 203,0.0,0.0,No Injury,Left Turn,Dark Lighted,Clear,Dry,29.0,Male,South,Going Straight Ahead,Disregarded Traffic Signal,No Apparent Influence,No Apparent Influence,47.0,Male,North,Making Left Turn,No Improper Action,No Apparent Influence,No Apparent Influence,33.38467,-111.96095,2019-11-28,00:47:00
37158,3617417,2019,Auto Dr,Priest Dr,0.0,Intersection Non Interchange,1.0,0.0,Possible Injury,Sideswipe Same Direction,Dark Lighted,Clear,Dry,43.0,Male,East,Making Right Turn,Made Improper Turn,No Apparent Influence,No Apparent Influence,20.0,Male,East,Going Straight Ahead,No Improper Action,No Apparent Influence,No Apparent Influence,33.34548,-111.96315,2019-11-28,02:30:00
37159,3597634,2019,McClintock Dr,El Parque Dr,0.0,Not Junction Related,0.0,0.0,No Injury,Rear End,Dark Lighted,Cloudy,Dry,27.0,Female,South,Going Straight Ahead,Speed To Fast For Conditions,No Apparent Influence,No Apparent Influence,21.0,Male,South,Slowing In Trafficway,No Improper Action,No Apparent Influence,No Apparent Influence,33.40536,-111.90913,2019-11-28,03:38:00
37163,3598116,2019,Continental Dr,Scottsdale Rd,-68.0,Not Junction Related,0.0,0.0,No Injury,Sideswipe Opposite Direction,Daylight,Cloudy,Wet,21.0,Male,South,Making Right Turn,Speed To Fast For Conditions,No Apparent Influence,No Apparent Influence,34.0,Female,East,Stopped In Trafficway,No Improper Action,No Apparent Influence,No Apparent Influence,33.45848,-111.92657,2019-11-29,17:30:00
37166,3606719,2019,McClintock Dr,E Tempe Marketplace,-80.0,Intersection Related 206,0.0,0.0,No Injury,Rear End,Dark Lighted,Clear,Dry,77.0,Female,North,Going Straight Ahead,Speed To Fast For Conditions,No Apparent Influence,No Apparent Influence,23.0,Male,North,Going Straight Ahead,No Improper Action,No Apparent Influence,No Apparent Influence,33.43187,-111.90926,2019-11-30,00:33:00
37167,3625744,2019,Hardy Dr,Cornell Dr,0.0,Intersection 4 Way 202,0.0,0.0,No Injury,Angle - Other Than Left Turn 2,Dark Lighted,Clear,Dry,17.0,Female,East,Going Straight Ahead,Failed To Yield Right Of Way,No Apparent Influence,No Apparent Influence,30.0,Male,North,Going Straight Ahead,No Improper Action,No Apparent Influence,No Apparent Influence,33.3709,-111.95456,2019-11-30,00:47:00
37169,3597617,2019,University Dr,Farmer Ave,0.0,Intersection Related 206,0.0,0.0,No Injury,Rear End,Unknown 51,Unknown,Dry,18.0,Female,East,Going Straight Ahead,Speed To Fast For Conditions,No Apparent Influence,No Apparent Influence,22.0,Male,East,Stopped In Trafficway,No Improper Action,No Apparent Influence,No Apparent Influence,33.42189,-111.94427,2019-11-30,05:21:00
37172,3599740,2019,Priest Dr,University Dr,78.0,Intersection Related 206,0.0,0.0,No Injury,Rear End,Daylight,Clear,Dry,18.0,Male,South,Going Straight Ahead,Speed To Fast For Conditions,No Apparent Influence,No Apparent Influence,41.0,Male,South,Stopped In Trafficway,No Improper Action,No Apparent Influence,No Apparent Influence,33.42216,-111.96094,2019-11-30,20:06:00
37174,3597699,2019,Southern Ave,Rural Rd,0.0,Not Junction Related,0.0,0.0,No Injury,Sideswipe Same Direction,Daylight,Clear,Dry,30.0,Female,East,Going Straight Ahead,Speed To Fast For Conditions,No Apparent Influence,No Apparent Influence,77.0,Female,East,Slowing In Trafficway,No Improper Action,No Apparent Influence,No Apparent Influence,33.39296,-111.92633,2019-11-30,23:25:00
37175,3608021,2019,University Dr,Beck Ave,-115.0,Intersection Related 206,0.0,0.0,No Injury,Rear End,Unknown 51,Unknown,Dry,27.0,Male,West,Going Straight Ahead,Speed To Fast For Conditions,No Apparent Influence,No Apparent Influence,41.0,Male,West,Slowing In Trafficway,Unknown,No Apparent Influence,No Apparent Influence,33.42193,-111.95687,2019-12-01,01:57:00
37176,3607961,2019,Priest Dr,SR-202 Exit 5 A-Ramp,0.0,Intersection 201,0.0,0.0,No Injury,Left Turn,Dark Lighted,Clear,Dry,62.0,Female,North,Going Straight Ahead,Disregarded Traffic Signal,No Apparent Influence,No Apparent Influence,43.0,Male,Southeast,Making Left Turn,No Improper Action,No Apparent Influence,No Apparent Influence,33.43715,-111.96094,2019-12-01,02:26:00
37179,3607976,2019,University Dr,Lindon Ln,30.0,Intersection Related 206,0.0,0.0,No Injury,Rear End,Unknown 51,Unknown,Dry,29.0,Female,West,Going Straight Ahead,Speed To Fast For Conditions,No Apparent Influence,No Apparent Influence,27.0,Female,West,Slowing In Trafficway,No Improper Action,No Apparent Influence,No Apparent Influence,33.42194,-111.96514,2019-12-01,03:04:00
37180,3606114,2019,McClintock Dr,Southern Ave,0.0,Intersection 4 Way 202,0.0,0.0,No Injury,Angle - Other Than Left Turn 2,Dark Lighted,Clear,Dry,17.0,Male,West,Going Straight Ahead,Disregarded Traffic Signal,No Apparent Influence,No Apparent Influence,55.0,Male,South,Going Straight Ahead,No Improper Action,No Apparent Influence,No Apparent Influence,33.39299,-111.90913,2019-12-01,04:00:00
37181,3614252,2019,Scottsdale Rd,Playa Del Norte Dr,30.0,Intersection Related 206,0.0,0.0,No Injury,Rear End,Unknown 51,Clear,Unknown,26.0,Male,South,Going Straight Ahead,Disregarded Traffic Signal,No Apparent Influence,No Apparent Influence,57.0,Male,South,Stopped In Trafficway,Unknown,No Apparent Influence,No Apparent Influence,33.43412,-111.92626,2019-12-01,06:30:00
37182,3597140,2019,Scottsdale Rd,Playa Del Norte Dr,20.0,Intersection Related 206,1.0,0.0,Possible Injury,Angle - Other Than Left Turn 2,Daylight,Clear,Dry,42.0,Female,West,Making Right Turn,Made Improper Turn,No Apparent Influence,No Apparent Influence,22.0,Female,South,Making U Turn,No Improper Action,No Apparent Influence,No Apparent Influence,33.43409,-111.92626,2019-12-01,17:43:00
37184,3598190,2019,Arizona Mills Cir,Darrow Dr,0.0,Not Junction Related,0.0,0.0,No Injury,Other,Dark Lighted,Clear,Dry,31.0,Female,North,Going Straight Ahead,Unknown,No Apparent Influence,No Apparent Influence,40.0,Female,North,Going Straight Ahead,Unknown,No Apparent Influence,No Apparent Influence,33.38114,-111.96233,2019-12-02,01:57:00
37186,3597650,2019,Hardy Dr,Southern Ave,0.0,Intersection 4 Way 202,2.0,0.0,Suspected Minor Injury,Left Turn,Unknown 51,Unknown,Dry,62.0,Male,Northwest,Making Left Turn,Failed To Yield Right Of Way,No Apparent Influence,No Apparent Influence,61.0,Male,South,Going Straight Ahead,No Improper Action,No Apparent Influence,No Apparent Influence,33.39286,-111.95198,2019-12-02,11:44:00
37188,3597152,2019,Priest Dr,Greentree Dr,0.0,Intersection T Inter 203,1.0,0.0,Possible Injury,Left Turn,Daylight,Clear,Dry,24.0,Male,West,Making Left Turn,Failed To Yield Right Of Way,No Apparent Influence,No Apparent Influence,79.0,Female,North,Going Straight Ahead,No Improper Action,No Apparent Influence,No Apparent Influence,33.33171,-111.96311,2019-12-02,14:17:00
37190,3614072,2019,Rural Rd,Spence Ave,30.0,Intersection Related 206,0.0,0.0,No Injury,Rear End,Daylight,Cloudy,Dry,28.0,Male,South,Going Straight Ahead,Speed To Fast For Conditions,No Apparent Influence,No Apparent Influence,19.0,Female,South,Making Right Turn,No Improper Action,No Apparent Influence,No Apparent Influence,33.41294,-111.92629,2019-12-02,15:09:00
37191,3605313,2019,52nd St,University Dr,120.0,Intersection Related 206,0.0,0.0,No Injury,Rear End,Daylight,Clear,Dry,43.0,Male,South,Going Straight Ahead,Followed Too Closely,No Apparent Influence,No Apparent Influence,36.0,Female,South,Stopped In Trafficway,No Improper Action,No Apparent Influence,No Apparent Influence,33.42227,-111.96957,2019-12-02,15:30:00
37192,3597154,2019,48th St,Broadway Rd,-25.0,Intersection Related 206,1.0,0.0,Possible Injury,Rear End,Daylight,Clear,Dry,20.0,Male,North,Going Straight Ahead,Followed Too Closely,No Apparent Influence,No Apparent Influence,44.0,Female,North,Stopped In Trafficway,No Improper Action,No Apparent Influence,No Apparent Influence,33.40726,-111.97829,2019-12-02,16:16:00
37194,3606716,2019,Scottsdale Rd,Playa Del Norte Dr,-100.0,Intersection Related 206,1.0,0.0,Possible Injury,Rear End,Daylight,Clear,Dry,20.0,Female,North,Going Straight Ahead,Followed Too Closely,No Apparent Influence,No Apparent Influence,43.0,Female,North,Stopped In Trafficway,No Improper Action,No Apparent Influence,No Apparent Influence,33.43376,-111.92627,2019-12-02,16:33:00
37195,3597149,2019,University Dr,McClintock Dr,200.0,Driveway Or Alley,0.0,0.0,No Injury,Left Turn,Daylight,Clear,Dry,29.0,Male,North,Making Left Turn,Failed To Yield Right Of Way,No Apparent Influence,No Apparent Influence,28.0,Female,East,Going Straight Ahead,No Improper Action,No Apparent Influence,No Apparent Influence,33.42199,-111.90843,2019-12-02,18:48:00
37196,3597150,2019,Baseline Rd,Arizona Mills S,0.0,Intersection T Inter 203,0.0,0.0,No Injury,Sideswipe Same Direction,Daylight,Clear,Dry,51.0,Male,East,Unknown,Unknown,No Apparent Influence,No Apparent Influence,36.0,Female,East,Unknown,Unknown,No Apparent Influence,No Apparent Influence,33.37827,-111.96546,2019-12-02,19:42:00
37197,3597147,2019,Baseline Rd,Arizona Mills S,40.0,Intersection Related 206,1.0,0.0,Suspected Minor Injury,Rear End,Daylight,Clear,Dry,20.0,Male,East,Going Straight Ahead,Followed Too Closely,No Apparent Influence,No Apparent Influence,31.0,Male,East,Stopped In Trafficway,No Improper Action,No Apparent Influence,No Apparent Influence,33.37827,-111.96532,2019-12-02,23:01:00
37200,3597157,2019,Priest Dr,SR-202 Exit 5 J-Ramp,0.0,Intersection 201,2.0,0.0,Suspected Minor Injury,Left Turn,Dusk,Clear,Dry,20.0,Female,South,Going Straight Ahead,Disregarded Traffic Signal,No Apparent Influence,No Apparent Influence,29.0,Female,North,Making Left Turn,No Improper Action,No Apparent Influence,No Apparent Influence,33.4385,-111.96084,2019-12-02,23:45:00
37203,3598188,2019,Rural Rd,Guadalupe Rd,0.0,Intersection 4 Way 202,0.0,0.0,No Injury,Rear End,Dusk,Clear,Dry,28.0,Female,South,Going Straight Ahead,Speed To Fast For Conditions,No Apparent Influence,No Apparent Influence,35.0,Male,South,Stopped In Trafficway,No Improper Action,No Apparent Influence,No Apparent Influence,33.36375,-111.92861,2019-12-03,00:22:00
37206,3606650,2019,Rural Rd,Hermosa Dr,0.0,Intersection 4 Way 202,0.0,0.0,No Injury,Left Turn,Dark Lighted,Clear,Dry,27.0,Female,North,Making Left Turn,Failed To Yield Right Of Way,No Apparent Influence,No Apparent Influence,21.0,Male,South,Going Straight Ahead,No Improper Action,No Apparent Influence,No Apparent Influence,33.38777,-111.92645,2019-12-03,01:23:00
37208,3597177,2019,Southern Ave,Terrace Rd,100.0,Intersection Related 206,1.0,0.0,Suspected Minor Injury,Rear End,Daylight,Clear,Dry,52.0,Female,West,Going Straight Ahead,Followed Too Closely,No Apparent Influence,No Apparent Influence,47.0,Female,West,Slowing In Trafficway,No Improper Action,No Apparent Influence,No Apparent Influence,33.39296,-111.9227,2019-12-03,13:57:00
37209,3613999,2019,Rural Rd,Westchester Dr,0.0,Intersection 4 Way 202,0.0,0.0,No Injury,Left Turn,Daylight,Clear,Dry,41.0,Female,South,Making Left Turn,Failed To Yield Right Of Way,No Apparent Influence,No Apparent Influence,56.0,Female,North,Going Straight Ahead,No Improper Action,No Apparent Influence,No Apparent Influence,33.36739,-111.92863,2019-12-03,14:38:00
37210,3598199,2019,Scottsdale Rd,SR-202 Exit 7 P-Ramp,0.0,Intersection 4 Way 202,0.0,0.0,No Injury,Sideswipe Same Direction,Daylight,Clear,Dry,36.0,Male,East,Making U Turn,Made Improper Turn,No Apparent Influence,No Apparent Influence,58.0,Female,East,Making Left Turn,No Improper Action,No Apparent Influence,No Apparent Influence,33.43544,-111.92626,2019-12-03,15:48:00
37212,3606646,2019,McClintock Dr,Apache Blvd,-100.0,Intersection Related 206,0.0,0.0,No Injury,Rear End,Daylight,Clear,Dry,73.0,Male,North,Going Straight Ahead,Followed Too Closely,No Apparent Influence,No Apparent Influence,28.0,Male,North,Stopped In Trafficway,No Improper Action,No Apparent Influence,No Apparent Influence,33.41449,-111.90913,2019-12-03,18:45:00
37213,3598197,2019,Mill Ave,US-60 Exit 173 A-Ramp,0.0,Intersection 4 Way 202,0.0,0.0,No Injury,Angle - Other Than Left Turn 2,Daylight,Clear,Dry,26.0,Female,South,Going Straight Ahead,Disregarded Traffic Signal,No Apparent Influence,No Apparent Influence,39.0,Male,East,Making Left Turn,No Improper Action,No Apparent Influence,No Apparent Influence,33.38511,-111.93947,2019-12-03,18:46:00
37218,3606649,2019,7th St,College Ave,-200.0,Not Junction Related,0.0,0.0,No Injury,Angle - Other Than Left Turn 2,Daylight,Clear,Dry,57.0,Female,Southeast,Backing,Other,No Apparent Influence,No Apparent Influence,54.0,Female,East,Stopped In Trafficway,No Improper Action,No Apparent Influence,No Apparent Influence,33.4232,-111.93563,2019-12-03,23:22:00