,Incident ID,Year,Street Name,Cross Street,Distance,Junction Relation,Total Injuries,Total Fatalities,Injury Severity,Collision Manner,Light Condition,Weather,Surface Condition,Age Driver 1,Gender Driver 1,Travel Direction One,Unit Action One,Violation1_Drv1,Alcohol Use Driver 1,Drug Use Driver 1,Age Driver 2,Gender Driver 2,Travel Direction Two,Unit Action Two,Violation 1 Driver 2,Alcohol Use Driver 2,Drug Use Driver 2,Latitude,Longitude,Date,Time
37221,3598185,2019,Broadway Rd,Granada Dr,-55.0,Intersection Related 206,0.0,0.0,No Injury,Rear End,Dusk,Cloudy,Dry,32.0,Male,East,Going Straight Ahead,Speed To Fast For Conditions,No Apparent Influence,No Apparent Influence,48.0,Female,East,Stopped In Trafficway,No Improper Action,No Apparent Influence,No Apparent Influence,33.4075,-111.92814,2019-12-04,00:44:00
37222,3598186,2019,Baseline Rd,Rural Rd,-90.0,Intersection Related 206,1.0,0.0,Possible Injury,Rear End,Dark Lighted,Cloudy,Dry,25.0,Male,East,Going Straight Ahead,Speed To Fast For Conditions,No Apparent Influence,No Apparent Influence,48.0,Male,East,Stopped In Trafficway,No Improper Action,No Apparent Influence,No Apparent Influence,33.37825,-111.92898,2019-12-04,01:14:00
37223,3605354,2019,Priest Dr,Alameda Dr,72.0,Intersection Related 206,0.0,0.0,No Injury,Rear End,Dark Lighted,Rain,Wet,21.0,Male,South,Going Straight Ahead,Speed To Fast For Conditions,No Apparent Influence,No Apparent Influence,43.0,Male,South,Stopped In Trafficway,No Improper Action,No Apparent Influence,No Apparent Influence,33.40034,-111.96077,2019-12-04,01:31:00
37224,3597173,2019,Rio Salado Pkwy,Priest Dr,0.0,Driveway Or Alley,1.0,0.0,Suspected Minor Injury,Sideswipe Same Direction,Dark Lighted,Cloudy,Wet,35.0,Male,North,Making Left Turn,Failed To Yield Right Of Way,No Apparent Influence,No Apparent Influence,57.0,Male,West,Going Straight Ahead,No Improper Action,No Apparent Influence,No Apparent Influence,33.42956,-111.96097,2019-12-04,02:30:00
37225,3606718,2019,Rural Rd,Lemon St,100.0,Intersection Related 206,0.0,0.0,No Injury,Angle - Other Than Left Turn 2,Dark Lighted,Cloudy,Dry,19.0,Female,West,Making Right Turn,Failed To Yield Right Of Way,No Apparent Influence,No Apparent Influence,27.0,Male,North,Going Straight Ahead,No Improper Action,No Apparent Influence,No Apparent Influence,33.41711,-111.9263,2019-12-04,06:35:00
37226,3597178,2019,Mill Ave,US-60 Exit 173 C-Ramp,-50.0,Intersection Related 206,0.0,0.0,No Injury,Rear End,Dark Lighted,Clear,Dry,29.0,Female,North,Going Straight Ahead,Speed To Fast For Conditions,No Apparent Influence,No Apparent Influence,19.0,Female,North,Stopped In Trafficway,No Improper Action,No Apparent Influence,No Apparent Influence,33.38591,-111.93948,2019-12-04,12:21:00
37227,3598168,2019,Rural Rd,Rio Salado Pkwy,0.0,Intersection Related 206,0.0,0.0,No Injury,Rear End,Daylight,Cloudy,Dry,32.0,Female,North,Going Straight Ahead,Followed Too Closely,No Apparent Influence,No Apparent Influence,31.0,Male,North,Stopped In Trafficway,No Improper Action,No Apparent Influence,No Apparent Influence,33.42885,-111.92629,2019-12-04,14:13:00
37228,3605195,2019,Scottsdale Rd,Continental Dr,-200.0,Driveway Or Alley,1.0,0.0,Suspected Minor Injury,Left Turn,Daylight,Cloudy,Dry,57.0,Female,Unknown,Unknown,Unknown,No Apparent Influence,No Apparent Influence,42.0,Male,North,Making Left Turn,Unknown,No Apparent Influence,No Apparent Influence,33.45794,-111.92636,2019-12-04,15:38:00
37229,3605317,2019,Baseline Rd,Pointe Pkwy,80.0,Intersection Related 206,0.0,0.0,No Injury,Rear End,Daylight,Cloudy,Dry,21.0,Male,East,Going Straight Ahead,Followed Too Closely,No Apparent Influence,No Apparent Influence,45.0,Female,East,Stopped In Trafficway,No Improper Action,No Apparent Influence,No Apparent Influence,33.37822,-111.97173,2019-12-04,15:46:00
37230,3597165,2019,Ventura Dr,Broadway Rd,30.0,Intersection Related 206,1.0,0.0,Suspected Minor Injury,Head On,Daylight,Clear,Dry,18.0,Female,West,Making Right Turn,Speed To Fast For Conditions,No Apparent Influence,No Apparent Influence,30.0,Male,South,Slowing In Trafficway,No Improper Action,No Apparent Influence,No Apparent Influence,33.40756,-111.93012,2019-12-04,16:47:00
37231,3606640,2019,Priest Dr,Washington St,-125.0,Intersection Related 206,0.0,0.0,No Injury,Angle - Other Than Left Turn 2,Daylight,Clear,Dry,60.0,Male,West,Making Left Turn,Unknown,No Apparent Influence,No Apparent Influence,25.0,Male,East,Making Right Turn,Unknown,No Apparent Influence,No Apparent Influence,33.44242,-111.95694,2019-12-04,17:35:00
37232,3606715,2019,Jewell St,Warner Rd,25.0,Intersection Related 206,0.0,0.0,No Injury,Rear End,Daylight,Unknown,Dry,25.0,Male,South,Slowing In Trafficway,Followed Too Closely,No Apparent Influence,No Apparent Influence,45.0,Female,South,Stopped In Trafficway,No Improper Action,No Apparent Influence,No Apparent Influence,33.3346,-111.9683,2019-12-04,19:33:00
37233,3613996,2019,Rio Salado Pkwy,Perry Ln,0.0,Intersection 201,0.0,0.0,No Injury,Rear End,Daylight,Clear,Dry,22.0,Male,South,Making Left Turn,Other,No Apparent Influence,No Apparent Influence,52.0,Female,South,Stopped In Trafficway,No Improper Action,No Apparent Influence,No Apparent Influence,33.42924,-111.90477,2019-12-04,21:03:00
37234,3606656,2019,Baseline Rd,48th St,80.0,Not Junction Related,0.0,0.0,No Injury,Sideswipe Same Direction,Daylight,Clear,Dry,51.0,Male,East,Going Straight Ahead,Failed To Keep In Proper Lane,No Apparent Influence,No Apparent Influence,35.0,Male,East,Going Straight Ahead,No Improper Action,No Apparent Influence,No Apparent Influence,33.37819,-111.97815,2019-12-04,21:04:00
37235,3598170,2019,Apache Blvd,McClintock Dr,93.0,Intersection Related 206,0.0,0.0,No Injury,Rear End,Daylight,Clear,Dry,20.0,Female,West,Going Straight Ahead,Followed Too Closely,No Apparent Influence,No Apparent Influence,51.0,Male,West,Stopped In Trafficway,No Improper Action,No Apparent Influence,No Apparent Influence,33.41476,-111.90883,2019-12-04,21:28:00
37238,3606638,2019,Elliot Rd,River Pkwy,0.0,Intersection 4 Way 202,0.0,0.0,No Injury,Rear End,Daylight,Cloudy,Dry,51.0,Male,East,Going Straight Ahead,Followed Too Closely,No Apparent Influence,No Apparent Influence,49.0,Male,East,Slowing In Trafficway,No Improper Action,No Apparent Influence,No Apparent Influence,33.34928,-111.89791,2019-12-04,23:29:00
37240,3608861,2019,Priest Dr,Elliot Rd,150.0,Intersection Related 206,0.0,0.0,No Injury,Sideswipe Same Direction,Daylight,Clear,Dry,72.0,Female,North,Making Right Turn,Made Improper Turn,No Apparent Influence,No Apparent Influence,29.0,Female,North,Changing Lanes,No Improper Action,No Apparent Influence,No Apparent Influence,33.34952,-111.96314,2019-12-04,23:38:00
37241,3597167,2019,McClintock Dr,Carson Dr,-66.0,Intersection Related 206,2.0,0.0,Suspected Minor Injury,Rear End,Dark Lighted,Clear,Dry,22.0,Female,North,Going Straight Ahead,Followed Too Closely,No Apparent Influence,No Apparent Influence,30.0,Female,North,Stopped In Trafficway,No Improper Action,No Apparent Influence,No Apparent Influence,33.3837,-111.90921,2019-12-05,00:41:00
37243,3605369,2019,Baseline Rd,Priest Dr,-215.0,Intersection Related 206,0.0,0.0,No Injury,Rear End,Dusk,Cloudy,Dry,18.0,Male,East,Going Straight Ahead,Followed Too Closely,No Apparent Influence,No Apparent Influence,25.0,Male,East,Slowing In Trafficway,No Improper Action,No Apparent Influence,No Apparent Influence,33.37825,-111.96388,2019-12-05,00:51:00
37245,3598171,2019,Rural Rd,Loyola Dr,0.0,Intersection 4 Way 202,0.0,0.0,No Injury,Left Turn,Dark Lighted,Cloudy,Dry,25.0,Male,North,Making Left Turn,Failed To Yield Right Of Way,No Apparent Influence,No Apparent Influence,35.0,Male,South,Going Straight Ahead,No Improper Action,No Apparent Influence,No Apparent Influence,33.39697,-111.92632,2019-12-05,01:17:00
37246,3598174,2019,Broadway Rd,Hardy Dr,70.0,Intersection Related 206,0.0,0.0,No Injury,Rear End,Dark Lighted,Cloudy,Dry,26.0,Female,West,Going Straight Ahead,Speed To Fast For Conditions,No Apparent Influence,No Apparent Influence,40.0,Female,West,Stopped In Trafficway,No Improper Action,No Apparent Influence,No Apparent Influence,33.40739,-111.95194,2019-12-05,01:50:00
37247,3606717,2019,University Dr,McClintock Dr,115.0,Intersection Related 206,1.0,0.0,Suspected Minor Injury,Left Turn,Dark Lighted,Cloudy,Dry,39.0,Female,South,Making Left Turn,Failed To Yield Right Of Way,No Apparent Influence,No Apparent Influence,31.0,Male,West,Going Straight Ahead,No Improper Action,No Apparent Influence,No Apparent Influence,33.42199,-111.90871,2019-12-05,02:18:00
37248,3607968,2019,Baseline Rd,Mill Ave,-30.0,Intersection Related 206,0.0,0.0,No Injury,Rear End,Dark Lighted,Cloudy,Dry,48.0,Male,East,Going Straight Ahead,Speed To Fast For Conditions,Alcohol,No Apparent Influence,53.0,Male,East,Stopped In Trafficway,No Improper Action,No Apparent Influence,No Apparent Influence,33.37821,-111.93946,2019-12-05,07:51:00
37251,3606657,2019,Maple Ave,10th St,0.0,Intersection 4 Way 202,0.0,0.0,No Injury,Angle - Other Than Left Turn 2,Daylight,Clear,Dry,22.0,Male,West,Going Straight Ahead,Failed To Yield Right Of Way,No Apparent Influence,No Apparent Influence,35.0,Female,North,Going Straight Ahead,No Improper Action,No Apparent Influence,No Apparent Influence,33.41905,-111.94123,2019-12-05,19:15:00
37253,3605367,2019,McClintock Dr,Apache Blvd,40.0,Intersection Related 206,0.0,0.0,No Injury,Rear End,Daylight,Clear,Dry,43.0,Male,East,Making Left Turn,Followed Too Closely,No Apparent Influence,No Apparent Influence,23.0,Female,North,Stopped In Trafficway,No Improper Action,No Apparent Influence,No Apparent Influence,33.41487,-111.90913,2019-12-05,21:37:00
37254,3606712,2019,McClintock Dr,Libra Dr,0.0,Intersection 4 Way 202,1.0,0.0,Suspected Minor Injury,Angle - Other Than Left Turn 2,Daylight,Clear,Dry,71.0,Male,East,Going Straight Ahead,Failed To Yield Right Of Way,No Apparent Influence,No Apparent Influence,60.0,Female,North,Going Straight Ahead,No Improper Action,No Apparent Influence,No Apparent Influence,33.36559,-111.91127,2019-12-05,21:51:00
37255,3597198,2019,Rio Salado Pkwy,1st St,0.22,Not Junction Related,0.0,0.0,No Injury,Sideswipe Same Direction,Daylight,Clear,Dry,53.0,Male,West,Making Right Turn,Made Improper Turn,No Apparent Influence,No Apparent Influence,28.0,Female,West,Going Straight Ahead,No Improper Action,No Apparent Influence,No Apparent Influence,33.43066,-111.95588,2019-12-05,22:08:00
37256,3597103,2019,Elliot Rd,Priest Dr,0.18,Intersection Related 206,0.0,0.0,No Injury,Sideswipe Same Direction,Daylight,Clear,Dry,43.0,Male,West,Changing Lanes,Unsafe Lane Change,No Apparent Influence,No Apparent Influence,42.0,Male,West,Slowing In Trafficway,No Improper Action,No Apparent Influence,No Apparent Influence,33.34913,-111.96002,2019-12-05,22:35:00
37258,3597202,2019,Elliot Rd,River Pkwy,0.0,Intersection 4 Way 202,2.0,0.0,Suspected Minor Injury,Left Turn,Daylight,Clear,Dry,54.0,Female,West,Making Left Turn,Failed To Yield Right Of Way,No Apparent Influence,No Apparent Influence,18.0,Female,East,Going Straight Ahead,No Improper Action,No Apparent Influence,No Apparent Influence,33.34928,-111.89791,2019-12-06,00:17:00
37259,3606641,2019,Baseline Rd,Terry Ln,25.0,Intersection Related 206,2.0,0.0,Suspected Minor Injury,Rear End,Daylight,Clear,Dry,16.0,Male,East,Slowing In Trafficway,Followed Too Closely,No Apparent Influence,No Apparent Influence,35.0,Female,East,Stopped In Trafficway,No Improper Action,No Apparent Influence,No Apparent Influence,33.37823,-111.95532,2019-12-06,00:27:00
37261,3598069,2019,George Dr,Southern Ave,0.0,Intersection Related 206,1.0,0.0,Possible Injury,Sideswipe Same Direction,Dark Lighted,Clear,Dry,26.0,Male,South,Making Right Turn,Unknown,No Apparent Influence,No Apparent Influence,51.0,Male,South,Making Right Turn,No Improper Action,No Apparent Influence,No Apparent Influence,33.39301,-111.88769,2019-12-06,01:32:00
37262,3606110,2019,Smith Rd,Rio Salado Pkwy,-80.0,Intersection Related 206,0.0,0.0,No Injury,Sideswipe Same Direction,Daylight,Clear,Dry,25.0,Female,North,Changing Lanes,Unsafe Lane Change,No Apparent Influence,No Apparent Influence,19.0,Female,North,Going Straight Ahead,Exceeded Lawful Speed,No Apparent Influence,No Apparent Influence,33.42906,-111.90046,2019-12-06,03:57:00
37263,3598071,2019,Mill Ave,Southern Ave,40.0,Intersection Related 206,0.0,0.0,No Injury,Head On,Dark Lighted,Clear,Dry,30.0,Male,North,Making Right Turn,Speed To Fast For Conditions,Alcohol,No Apparent Influence,22.0,Female,South,Going Straight Ahead,No Improper Action,No Apparent Influence,No Apparent Influence,33.39297,-111.93961,2019-12-06,05:30:00
37264,3605213,2019,McClintock Dr,Carson Dr,100.0,Not Junction Related,0.0,0.0,No Injury,Rear End,Daylight,Cloudy,Dry,18.0,Female,North,Going Straight Ahead,Followed Too Closely,No Apparent Influence,No Apparent Influence,44.0,Male,North,Stopped In Trafficway,No Improper Action,No Apparent Influence,No Apparent Influence,33.38416,-111.90921,2019-12-06,14:22:00
37265,3613997,2019,Baseline Rd,McClintock Dr,120.0,Intersection Related 206,0.0,0.0,No Injury,Rear End,Daylight,Clear,Dry,29.0,Female,West,Going Straight Ahead,Speed To Fast For Conditions,No Apparent Influence,No Apparent Influence,18.0,Female,West,Stopped In Trafficway,No Improper Action,No Apparent Influence,No Apparent Influence,33.37843,-111.90887,2019-12-06,14:49:00
37266,3597110,2019,Scottsdale Rd,SR-202 Exit 7 P-Ramp,0.0,Intersection 201,2.0,0.0,Suspected Minor Injury,Angle - Other Than Left Turn 2,Daylight,Clear,Dry,83.0,Male,East,Making Right Turn,Failed To Yield Right Of Way,No Apparent Influence,No Apparent Influence,47.0,Male,South,Going Straight Ahead,No Improper Action,No Apparent Influence,No Apparent Influence,33.43544,-111.92626,2019-12-06,17:14:00
37268,3607966,2019,University Dr,McAllister Ave,-30.0,Intersection Related 206,1.0,0.0,Possible Injury,Rear End,Daylight,Cloudy,Dry,22.0,Male,West,Backing,Other,No Apparent Influence,No Apparent Influence,21.0,Male,East,Stopped In Trafficway,No Improper Action,No Apparent Influence,No Apparent Influence,33.42202,-111.92904,2019-12-06,19:07:00
37270,3614289,2019,Price Rd,Wildermuth Ave,52.0,Intersection Related 206,0.0,0.0,No Injury,Sideswipe Same Direction,Daylight,Clear,Dry,31.0,Male,South,Changing Lanes,Unsafe Lane Change,No Apparent Influence,No Apparent Influence,55.0,Male,South,Going Straight Ahead,No Improper Action,No Apparent Influence,No Apparent Influence,33.4131,-111.89197,2019-12-06,19:37:00
37271,3606709,2019,University Dr,Price Rd,30.0,Intersection Related 206,0.0,0.0,No Injury,Rear End,Daylight,Clear,Dry,53.0,Female,West,Going Straight Ahead,Followed Too Closely,No Apparent Influence,No Apparent Influence,38.0,Male,West,Stopped In Trafficway,No Improper Action,No Apparent Influence,No Apparent Influence,33.42202,-111.89021,2019-12-06,19:45:00
37272,3597107,2019,Elliot Rd,River Pkwy,30.0,Intersection Related 206,0.0,0.0,No Injury,Rear End,Daylight,Clear,Dry,22.0,Female,West,Going Straight Ahead,Speed To Fast For Conditions,No Apparent Influence,No Apparent Influence,26.0,Male,West,Stopped In Trafficway,No Improper Action,No Apparent Influence,No Apparent Influence,33.34928,-111.89781,2019-12-06,19:52:00
37273,3613993,2019,48th St,Southern Ave,224.0,Not Junction Related,0.0,0.0,No Injury,Left Turn,Daylight,Clear,Dry,19.0,Male,South,Making Left Turn,Failed To Yield Right Of Way,No Apparent Influence,No Apparent Influence,39.0,Male,North,Going Straight Ahead,No Improper Action,No Apparent Influence,No Apparent Influence,33.39338,-111.97834,2019-12-06,20:02:00
37274,3607970,2019,Curry Rd,Harold St,-100.0,Intersection Related 206,0.0,0.0,No Injury,Sideswipe Same Direction,Daylight,Cloudy,Dry,73.0,Male,West,Changing Lanes,Unsafe Lane Change,No Apparent Influence,No Apparent Influence,24.0,Female,West,Going Straight Ahead,No Improper Action,No Apparent Influence,No Apparent Influence,33.44041,-111.92249,2019-12-06,20:37:00
37275,3606700,2019,Baseline Rd,Price Rd,-24.0,Intersection Related 206,0.0,0.0,No Injury,Rear End,Daylight,Clear,Dry,25.0,Male,East,Going Straight Ahead,Followed Too Closely,No Apparent Influence,No Apparent Influence,48.0,Female,East,Stopped In Trafficway,No Improper Action,No Apparent Influence,No Apparent Influence,33.37846,-111.89369,2019-12-06,20:59:00
37276,3606711,2019,Priest Dr,Grove Pkwy,-83.0,Intersection Related 206,0.0,0.0,No Injury,Rear End,Daylight,Clear,Dry,37.0,Male,South,Going Straight Ahead,Followed Too Closely,No Apparent Influence,No Apparent Influence,42.0,Male,South,Stopped In Trafficway,No Improper Action,No Apparent Influence,No Apparent Influence,33.35163,-111.96266,2019-12-06,21:55:00
37277,3606652,2019,Southern Ave,Kyrene Rd,145.0,Intersection Related 206,2.0,0.0,Suspected Minor Injury,Rear End,Daylight,Clear,Dry,25.0,Male,East,Going Straight Ahead,Followed Too Closely,No Apparent Influence,No Apparent Influence,55.0,Female,East,Stopped In Trafficway,No Improper Action,No Apparent Influence,No Apparent Influence,33.39284,-111.94321,2019-12-06,22:51:00
37280,3623038,2019,Priest Dr,University Dr,0.0,Intersection 4 Way 202,2.0,0.0,Suspected Minor Injury,Left Turn,Dusk,Clear,Dry,20.0,Male,North,Making Left Turn,Failed To Yield Right Of Way,No Apparent Influence,No Apparent Influence,42.0,Male,West,Going Straight Ahead,No Improper Action,No Apparent Influence,No Apparent Influence,33.42194,-111.96092,2019-12-07,01:15:00
37283,3597104,2019,Rural Rd,Lemon St,0.0,Intersection 4 Way 202,0.0,0.0,No Injury,Angle - Other Than Left Turn 2,Dark Lighted,Clear,Dry,19.0,Male,North,Making Left Turn,Failed To Yield Right Of Way,No Apparent Influence,No Apparent Influence,28.0,Female,South,Going Straight Ahead,No Improper Action,No Apparent Influence,No Apparent Influence,33.41684,-111.9263,2019-12-07,03:25:00
37284,3606675,2019,5th St,Myrtle Ave,50.0,Intersection Related 206,2.0,0.0,Suspected Minor Injury,Left Turn,Dark Lighted,Cloudy,Dry,30.0,Male,West,Making U Turn,Unsafe Lane Change,No Apparent Influence,No Apparent Influence,22.0,Male,West,Going Straight Ahead,No Improper Action,No Apparent Influence,No Apparent Influence,33.42551,-111.93802,2019-12-07,07:09:00
37288,3615083,2019,Rural Rd,Minton Dr,0.0,Intersection T Inter 203,0.0,0.0,No Injury,Left Turn,Dark Lighted,Cloudy,Wet,55.0,Male,Southeast,Making Left Turn,Failed To Yield Right Of Way,No Apparent Influence,No Apparent Influence,55.0,Male,North,Going Straight Ahead,Speed To Fast For Conditions,No Apparent Influence,No Apparent Influence,33.37989,-111.92842,2019-12-08,00:59:00
37289,3606704,2019,Priest Dr,La Jolla Dr,-115.0,Intersection Related 206,0.0,0.0,No Injury,Sideswipe Opposite Direction,Dark Lighted,Rain,Dry,31.0,Female,North,Going Straight Ahead,Failed To Keep In Proper Lane,No Apparent Influence,No Apparent Influence,25.0,Male,South,Stopped In Trafficway,No Improper Action,No Apparent Influence,No Apparent Influence,33.38997,-111.96082,2019-12-08,01:45:00
37290,3597113,2019,Mill Ave,10th St,0.0,Intersection 4 Way 202,0.0,0.0,No Injury,Left Turn,Dark Lighted,Rain,Wet,48.0,Male,Northwest,Making Left Turn,Made Improper Turn,No Apparent Influence,No Apparent Influence,24.0,Male,South,Going Straight Ahead,No Improper Action,No Apparent Influence,No Apparent Influence,33.41906,-111.93997,2019-12-08,02:16:00
37291,3607964,2019,McClintock Dr,Apache Blvd,-2.0,Intersection Related 206,0.0,0.0,No Injury,Sideswipe Same Direction,Dark Lighted,Rain,Wet,21.0,Male,North,Slowing In Trafficway,Unsafe Lane Change,No Apparent Influence,No Apparent Influence,49.0,Female,North,Going Straight Ahead,No Improper Action,No Apparent Influence,No Apparent Influence,33.41475,-111.90913,2019-12-08,02:39:00
37293,3625748,2019,McClintock Dr,Broadway Rd,-15.0,Intersection 4 Way 202,1.0,0.0,Possible Injury,Rear End,Dark Lighted,Rain,Wet,61.0,Female,North,Changing Lanes,Unsafe Lane Change,No Apparent Influence,No Apparent Influence,22.0,Male,North,Going Straight Ahead,No Improper Action,No Apparent Influence,No Apparent Influence,33.40746,-111.90912,2019-12-08,05:47:00
37294,3605325,2019,McClintock Dr,SR-202 Exit 8 J-Ramp,0.0,Intersection T Inter 203,0.0,0.0,No Injury,Left Turn,Daylight,Clear,Dry,31.0,Male,North,Making Left Turn,Failed To Yield Right Of Way,No Apparent Influence,No Apparent Influence,73.0,Male,South,Going Straight Ahead,No Improper Action,No Apparent Influence,No Apparent Influence,33.43662,-111.90962,2019-12-08,17:44:00
37295,3605352,2019,University Dr,Price Rd,0.0,Intersection 4 Way 202,0.0,0.0,No Injury,Angle - Other Than Left Turn 2,Daylight,Cloudy,Dry,60.0,Male,East,Going Straight Ahead,Disregarded Traffic Signal,No Apparent Influence,No Apparent Influence,26.0,Male,South,Going Straight Ahead,No Improper Action,No Apparent Influence,No Apparent Influence,33.42201,-111.89195,2019-12-08,18:10:00
37296,3605924,2019,Rural Rd,E Terrace Rd,-175.0,Intersection Related 206,0.0,0.0,No Injury,Rear End,Daylight,Cloudy,Wet,38.0,Female,North,Going Straight Ahead,Disregarded Traffic Signal,No Apparent Influence,No Apparent Influence,58.0,Male,North,Stopped In Trafficway,No Improper Action,No Apparent Influence,No Apparent Influence,33.41866,-111.9263,2019-12-08,18:42:00
37297,3605891,2019,Rio Salado Pkwy,Smith Rd,-100.0,Driveway Or Alley,1.0,0.0,Possible Injury,Sideswipe Same Direction,Daylight,Clear,Dry,25.0,Male,West,Making Right Turn,Failed To Yield Right Of Way,No Apparent Influence,No Apparent Influence,25.0,Female,West,Going Straight Ahead,No Improper Action,No Apparent Influence,No Apparent Influence,33.42928,-111.90078,2019-12-08,20:25:00
37298,3599787,2019,Rural Rd,Bell De Mar Dr,0.0,Not Junction Related,0.0,0.0,No Injury,Rear End,Daylight,Rain,Wet,51.0,Female,Unknown,Going Straight Ahead,Speed To Fast For Conditions,No Apparent Influence,No Apparent Influence,51.0,Male,Unknown,Stopped In Trafficway,No Improper Action,No Apparent Influence,No Apparent Influence,33.35796,-111.92855,2019-12-08,21:42:00
37299,3605258,2019,McClintock Dr,SR-202 Exit 8 J-Ramp,0.0,Intersection T Inter 203,0.0,0.0,No Injury,Left Turn,Daylight,Cloudy,Dry,21.0,Male,West,Making Left Turn,Failed To Yield Right Of Way,No Apparent Influence,No Apparent Influence,26.0,Female,South,Going Straight Ahead,No Improper Action,No Apparent Influence,No Apparent Influence,33.43662,-111.90962,2019-12-08,22:04:00
37300,3606703,2019,Rural Rd,Concorda Dr,0.0,Intersection T Inter 203,0.0,0.0,No Injury,Left Turn,Dark Lighted,Cloudy,Dry,20.0,Male,West,Making Left Turn,Failed To Yield Right Of Way,No Apparent Influence,No Apparent Influence,32.0,Male,North,Going Straight Ahead,No Improper Action,No Apparent Influence,No Apparent Influence,33.4028,-111.9263,2019-12-09,00:56:00
37302,3606109,2019,University Dr,Priest Dr,106.0,Driveway Or Alley,0.0,0.0,No Injury,Left Turn,Dark Lighted,Clear,Dry,35.0,Male,Southwest,Making Right Turn,Failed To Yield Right Of Way,No Apparent Influence,No Apparent Influence,44.0,Male,West,Going Straight Ahead,No Improper Action,No Apparent Influence,No Apparent Influence,33.42194,-111.96058,2019-12-09,01:44:00
37303,3607977,2019,Rural Rd,Lemon St,0.0,Intersection 4 Way 202,1.0,0.0,Suspected Minor Injury,Left Turn,Dark Lighted,Clear,Dry,25.0,Male,Southeast,Making Left Turn,Failed To Yield Right Of Way,No Apparent Influence,No Apparent Influence,20.0,Male,North,Going Straight Ahead,No Improper Action,No Apparent Influence,No Apparent Influence,33.41684,-111.9263,2019-12-09,02:46:00
37304,3605318,2019,Scottsdale Rd,SR-202 Exit 7 A-Ramp,0.0,Intersection 4 Way 202,0.0,0.0,No Injury,Head On,Dark Lighted,Unknown,Dry,42.0,Male,South,Going Straight Ahead,Drove Left Of Center Line,Alcohol,No Apparent Influence,21.0,Female,North,Going Straight Ahead,No Improper Action,No Apparent Influence,No Apparent Influence,33.43611,-111.92627,2019-12-09,03:10:00
37305,3605366,2019,Rio Salado Pkwy,Rural Rd,-35.0,Intersection Related 206,0.0,0.0,No Injury,Sideswipe Same Direction,Daylight,Clear,Dry,23.0,Female,West,Changing Lanes,Unsafe Lane Change,No Apparent Influence,No Apparent Influence,41.0,Male,West,Going Straight Ahead,No Improper Action,No Apparent Influence,No Apparent Influence,33.42885,-111.9264,2019-12-09,13:53:00
37306,3625181,2019,Hayden Rd,McKellips Rd,0.0,Intersection Non Interchange,2.0,0.0,Possible Injury,Rear End,Dawn,Rain,Wet,54.0,Male,West,Slowing In Trafficway,Exceeded Lawful Speed,No Apparent Influence,No Apparent Influence,27.0,Female,West,Stopped In Trafficway,No Improper Action,No Apparent Influence,No Apparent Influence,33.45126,-111.9093,2019-12-09,14:32:00
37307,3605316,2019,Rural Rd,Rio Salado Pkwy,-140.0,Intersection Related 206,0.0,0.0,No Injury,Rear End,Daylight,Clear,Wet,17.0,Male,North,Going Straight Ahead,Followed Too Closely,No Apparent Influence,No Apparent Influence,30.0,Female,North,Stopped In Trafficway,No Improper Action,No Apparent Influence,No Apparent Influence,33.42846,-111.92629,2019-12-09,14:46:00
37309,3599840,2019,McClintock Dr,SR-202 Exit 8 A-Ramp,-100.0,Intersection Related 206,0.0,0.0,No Injury,Rear End,Daylight,Rain,Wet,29.0,Male,North,Going Straight Ahead,Speed To Fast For Conditions,No Apparent Influence,No Apparent Influence,23.0,Female,North,Stopped In Trafficway,No Improper Action,No Apparent Influence,No Apparent Influence,33.43618,-111.9096,2019-12-09,15:48:00
37311,3605363,2019,52nd St,4th St,0.0,Intersection 4 Way 202,0.0,0.0,No Injury,Left Turn,Daylight,Cloudy,Dry,73.0,Male,East,Making Left Turn,Failed To Yield Right Of Way,No Apparent Influence,No Apparent Influence,40.0,Male,North,Making Left Turn,No Improper Action,No Apparent Influence,No Apparent Influence,33.42643,-111.96965,2019-12-09,19:22:00
37314,3606660,2019,Kachina Dr,Southern Ave,200.0,Not Junction Related,0.0,0.0,No Injury,Angle - Other Than Left Turn 2,Daylight,Cloudy,Dry,62.0,Male,North,Making U Turn,Made Improper Turn,No Apparent Influence,No Apparent Influence,16.0,Female,South,Going Straight Ahead,No Improper Action,No Apparent Influence,No Apparent Influence,33.39353,-111.90647,2019-12-09,21:22:00
37316,3607960,2019,Farmer Ave,9th St,-45.0,Not Junction Related,1.0,0.0,Possible Injury,Unknown,Daylight,Cloudy,Dry,24.0,Female,East,Backing,Unknown,No Apparent Influence,No Apparent Influence,28.0,Male,North,Going Straight Ahead,No Improper Action,No Apparent Influence,No Apparent Influence,33.42051,-111.94425,2019-12-09,21:36:00
37320,3608025,2019,Rural Rd,Minton Dr,138.0,Intersection Related 206,1.0,0.0,Suspected Minor Injury,Rear End,Daylight,Rain,Wet,48.0,Male,South,Going Straight Ahead,Followed Too Closely,No Apparent Influence,No Apparent Influence,34.0,Female,South,Stopped In Trafficway,No Improper Action,No Apparent Influence,No Apparent Influence,33.38024,-111.92824,2019-12-09,22:32:00
37321,3605346,2019,Rio Salado Pkwy,S Packard Dr,40.0,Intersection Related 206,0.0,0.0,No Injury,Rear End,Daylight,Clear,Dry,20.0,Female,West,Going Straight Ahead,Speed To Fast For Conditions,No Apparent Influence,No Apparent Influence,49.0,Male,West,Slowing In Trafficway,No Improper Action,No Apparent Influence,No Apparent Influence,33.42874,-111.92916,2019-12-09,22:33:00