,Incident ID,Year,Street Name,Cross Street,Distance,Junction Relation,Total Injuries,Total Fatalities,Injury Severity,Collision Manner,Light Condition,Weather,Surface Condition,Age Driver 1,Gender Driver 1,Travel Direction One,Unit Action One,Violation1_Drv1,Alcohol Use Driver 1,Drug Use Driver 1,Age Driver 2,Gender Driver 2,Travel Direction Two,Unit Action Two,Violation 1 Driver 2,Alcohol Use Driver 2,Drug Use Driver 2,Latitude,Longitude,Date,Time
37325,3606658,2019,Baseline Rd,Country Club Way,-30.0,Intersection Related 206,0.0,0.0,No Injury,Rear End,Dusk,Rain,Wet,33.0,Male,East,Going Straight Ahead,Followed Too Closely,No Apparent Influence,No Apparent Influence,37.0,Male,East,Stopped In Trafficway,No Improper Action,No Apparent Influence,No Apparent Influence,33.37845,-111.90073,2019-12-10,00:26:00
37328,3607986,2019,McClintock Dr,Watson Dr,-100.0,Intersection Related 206,0.0,0.0,No Injury,Rear End,Dark Lighted,Rain,Wet,73.0,Male,South,Going Straight Ahead,Followed Too Closely,Alcohol,No Apparent Influence,47.0,Male,South,Stopped In Trafficway,No Improper Action,No Apparent Influence,No Apparent Influence,33.36914,-111.91129,2019-12-10,01:04:00
37330,3605347,2019,University Dr,Dorsey Ln,200.0,Intersection Related 206,0.0,0.0,No Injury,Rear End,Dark Lighted,Cloudy,Wet,20.0,Female,West,Making Left Turn,Failed To Yield Right Of Way,No Apparent Influence,No Apparent Influence,50.0,Male,West,Slowing In Trafficway,No Improper Action,No Apparent Influence,No Apparent Influence,33.42202,-111.91703,2019-12-10,03:11:00
37338,3605353,2019,Elliot Rd,Harl Ave,-45.0,Intersection Related 206,0.0,0.0,No Injury,Sideswipe Same Direction,Daylight,Clear,Dry,20.0,Female,West,Changing Lanes,Unsafe Lane Change,No Apparent Influence,No Apparent Influence,19.0,Female,West,Going Straight Ahead,No Improper Action,No Apparent Influence,No Apparent Influence,33.34908,-111.96608,2019-12-10,16:35:00
37339,3607984,2019,Southern Ave,Kyrene Rd,-45.0,Intersection Related 206,1.0,0.0,Suspected Minor Injury,Rear End,Daylight,Clear,Dry,21.0,Male,East,Going Straight Ahead,Followed Too Closely,No Apparent Influence,No Apparent Influence,52.0,Male,East,Stopped In Trafficway,No Improper Action,No Apparent Influence,No Apparent Influence,33.39284,-111.94383,2019-12-10,19:41:00
37342,3606701,2019,Baseline Rd,Priest Dr,-25.0,Intersection Related 206,0.0,0.0,No Injury,Rear End,Daylight,Clear,Dry,18.0,Male,East,Going Straight Ahead,Speed To Fast For Conditions,No Apparent Influence,No Apparent Influence,47.0,Male,East,Stopped In Trafficway,No Improper Action,No Apparent Influence,No Apparent Influence,33.37824,-111.96326,2019-12-10,21:50:00
37344,3607971,2019,Price Rd,Broadway Rd,0.0,Intersection 4 Way 202,0.0,0.0,No Injury,Sideswipe Same Direction,Daylight,Clear,Dry,47.0,Male,South,Going Straight Ahead,Failed To Keep In Proper Lane,No Apparent Influence,No Apparent Influence,37.0,Male,South,Making Left Turn,No Improper Action,No Apparent Influence,No Apparent Influence,33.4075,-111.892,2019-12-10,22:57:00
37347,3607982,2019,College Ave,Alameda Dr,0.0,Intersection 4 Way 202,0.0,0.0,No Injury,Angle - Other Than Left Turn 2,Daylight,Clear,Dry,53.0,Male,East,Going Straight Ahead,Ran Stop Sign,No Apparent Influence,No Apparent Influence,44.0,Male,South,Going Straight Ahead,No Improper Action,No Apparent Influence,No Apparent Influence,33.40017,-111.93491,2019-12-10,23:44:00
37351,3606706,2019,Scottsdale Rd,Hancock Ave,0.0,Intersection T Inter 203,1.0,0.0,Suspected Minor Injury,Left Turn,Dark Lighted,Clear,Dry,40.0,Male,North,Making Left Turn,Failed To Yield Right Of Way,No Apparent Influence,No Apparent Influence,72.0,Female,North,Going Straight Ahead,No Improper Action,No Apparent Influence,No Apparent Influence,33.44666,-111.92646,2019-12-11,01:08:00
37352,3605337,2019,Curry Rd,Scottsdale Rd,60.0,Intersection Related 206,1.0,0.0,Possible Injury,Rear End,Dark Lighted,Clear,Dry,23.0,Male,East,Going Straight Ahead,Speed To Fast For Conditions,No Apparent Influence,No Apparent Influence,19.0,Male,East,Making Right Turn,No Improper Action,No Apparent Influence,No Apparent Influence,33.4403,-111.92614,2019-12-11,01:49:00
37353,3605253,2019,Broadway Rd,McClintock Dr,198.0,Intersection Related 206,0.0,0.0,No Injury,Rear End,Dark Lighted,Clear,Dry,22.0,Female,West,Slowing In Trafficway,Speed To Fast For Conditions,No Apparent Influence,No Apparent Influence,24.0,Female,West,Going Straight Ahead,No Improper Action,No Apparent Influence,No Apparent Influence,33.4075,-111.90848,2019-12-11,03:39:00
37354,3614063,2019,Rural Rd,Broadway Rd,-50.0,Intersection Related 206,0.0,0.0,No Injury,Sideswipe Same Direction,Dark Lighted,Clear,Dry,18.0,Male,South,Going Straight Ahead,Failed To Yield Right Of Way,No Apparent Influence,No Apparent Influence,19.0,Male,South,Changing Lanes,Failed To Yield Right Of Way,No Apparent Influence,No Apparent Influence,33.40736,-111.92628,2019-12-11,05:50:00
37355,3600019,2019,Price Rd,Rio Salado Pkwy,0.0,Intersection 4 Way 202,1.0,0.0,Possible Injury,Angle - Other Than Left Turn 2,Dark Lighted,Clear,Dry,27.0,Female,Southwest,Going Straight Ahead,Disregarded Traffic Signal,No Apparent Influence,No Apparent Influence,58.0,Female,North,Going Straight Ahead,No Improper Action,No Apparent Influence,No Apparent Influence,33.42931,-111.89026,2019-12-11,07:55:00
37359,3605350,2019,Rural Rd,6th St,-130.0,Not Junction Related,0.0,0.0,No Injury,Rear End,Daylight,Clear,Dry,18.0,Female,South,Going Straight Ahead,Speed To Fast For Conditions,No Apparent Influence,No Apparent Influence,21.0,Female,South,Stopped In Trafficway,No Improper Action,No Apparent Influence,No Apparent Influence,33.42414,-111.9263,2019-12-11,19:15:00
37361,3605359,2019,University Dr,Priest Dr,-50.0,Intersection Related 206,0.0,0.0,No Injury,Sideswipe Same Direction,Daylight,Clear,Dry,53.0,Female,East,Changing Lanes,Unsafe Lane Change,No Apparent Influence,No Apparent Influence,57.0,Female,East,Going Straight Ahead,No Improper Action,No Apparent Influence,No Apparent Influence,33.42194,-111.96109,2019-12-11,20:15:00
37363,3608018,2019,Guadalupe Rd,La Rosa Dr,-160.0,Not Junction Related,0.0,0.0,No Injury,Rear End,Daylight,Clear,Dry,17.0,Female,West,Going Straight Ahead,Speed To Fast For Conditions,No Apparent Influence,No Apparent Influence,16.0,Female,West,Stopped In Trafficway,No Improper Action,No Apparent Influence,No Apparent Influence,33.36375,-111.9314,2019-12-11,20:51:00
37364,3608020,2019,Baseline Rd,Hardy Dr,40.0,Intersection Related 206,0.0,0.0,No Injury,Rear End,Daylight,Clear,Dry,19.0,Male,West,Going Straight Ahead,Disregarded Traffic Signal,No Apparent Influence,No Apparent Influence,30.0,Male,West,Stopped In Trafficway,No Improper Action,No Apparent Influence,No Apparent Influence,33.37821,-111.95238,2019-12-11,20:55:00
37370,3606681,2019,Mill Ave,Hudson Ln,0.0,Intersection T Inter 203,0.0,0.0,No Injury,Angle - Other Than Left Turn 2,Daylight,Clear,Dry,44.0,Male,East,Making Right Turn,Failed To Yield Right Of Way,No Apparent Influence,No Apparent Influence,78.0,Female,South,Going Straight Ahead,No Improper Action,No Apparent Influence,No Apparent Influence,33.41363,-111.93989,2019-12-11,22:19:00
37371,3606684,2019,Scottsdale Rd,Curry Rd,-30.0,Intersection Related 206,0.0,0.0,No Injury,Rear End,Daylight,Clear,Dry,23.0,Male,South,Going Straight Ahead,Followed Too Closely,No Apparent Influence,No Apparent Influence,56.0,Male,South,Stopped In Trafficway,No Improper Action,No Apparent Influence,No Apparent Influence,33.44021,-111.92633,2019-12-11,22:52:00
37372,3605339,2019,Price Rd,Broadway Rd,200.0,Intersection Related 206,1.0,0.0,Possible Injury,Rear End,Daylight,Clear,Dry,54.0,Female,South,Slowing In Trafficway,Speed To Fast For Conditions,No Apparent Influence,No Apparent Influence,27.0,Female,South,Stopped In Trafficway,No Improper Action,No Apparent Influence,No Apparent Influence,33.40805,-111.892,2019-12-11,22:55:00
37373,3607985,2019,Elliot Rd,I-10 Exit 157 J-Ramp,-180.0,Intersection Related 206,0.0,0.0,No Injury,Head On,Daylight,Clear,Dry,54.0,Female,East,Going Straight Ahead,Wrong Way Driving,Alcohol,No Apparent Influence,24.0,Male,West,Going Straight Ahead,No Improper Action,No Apparent Influence,No Apparent Influence,33.34909,-111.97153,2019-12-11,23:33:00
37374,3605138,2019,Hardy Dr,Auto Dr,0.0,Intersection 4 Way 202,0.0,0.0,No Injury,Angle - Other Than Left Turn 2,Dusk,Clear,Dry,25.0,Male,East,Making Right Turn,Failed To Yield Right Of Way,No Apparent Influence,No Apparent Influence,39.0,Male,North,Making Left Turn,No Improper Action,No Apparent Influence,No Apparent Influence,33.34339,-111.95443,2019-12-11,23:47:00
37375,3607958,2019,Baseline Rd,Arizona Mills S,0.0,Intersection 201,0.0,0.0,No Injury,Angle - Other Than Left Turn 2,Daylight,Clear,Dry,27.0,Female,South,Making Right Turn,Failed To Yield Right Of Way,No Apparent Influence,No Apparent Influence,70.0,Male,West,Going Straight Ahead,No Improper Action,No Apparent Influence,No Apparent Influence,33.37827,-111.96546,2019-12-11,23:55:00
37377,3604990,2019,Price Rd,Golf Ave,158.0,Not Junction Related,0.0,0.0,No Injury,Sideswipe Same Direction,Daylight,Clear,Dry,53.0,Male,South,Changing Lanes,Unsafe Lane Change,No Apparent Influence,No Apparent Influence,30.0,Female,South,Going Straight Ahead,No Improper Action,No Apparent Influence,No Apparent Influence,33.3965,-111.89202,2019-12-12,00:46:00
37378,3608915,2019,Price Rd,Rio Salado Pkwy,0.0,Intersection Related 206,0.0,0.0,No Injury,Sideswipe Same Direction,Dark Lighted,Cloudy,Dry,29.0,Male,North,Going Straight Ahead,Speed To Fast For Conditions,No Apparent Influence,No Apparent Influence,45.0,Male,East,Going Straight Ahead,No Improper Action,No Apparent Influence,No Apparent Influence,33.42931,-111.89026,2019-12-12,01:12:00
37379,3605001,2019,Warner Rd,Jewell St,-168.0,Intersection T Inter 203,0.0,0.0,No Injury,Rear End,Dusk,Clear,Dry,26.0,Male,East,Going Straight Ahead,Followed Too Closely,No Apparent Influence,No Apparent Influence,25.0,Female,East,Unknown,Unsafe Lane Change,No Apparent Influence,No Apparent Influence,33.33452,-111.96885,2019-12-12,01:34:00
37380,3605338,2019,McClintock Dr,Don Carlos Ave,0.0,Intersection 4 Way 202,0.0,0.0,No Injury,Left Turn,Dark Lighted,Clear,Dry,25.0,Female,North,Making Left Turn,Failed To Yield Right Of Way,No Apparent Influence,No Apparent Influence,25.0,Male,South,Going Straight Ahead,No Improper Action,No Apparent Influence,No Apparent Influence,33.41748,-111.90911,2019-12-12,01:44:00
37382,3605345,2019,McClintock Dr,University Dr,0.0,Intersection 4 Way 202,0.0,0.0,No Injury,Angle - Other Than Left Turn 2,Unknown 51,Unknown,Dry,21.0,Female,West,Going Straight Ahead,No Improper Action,No Apparent Influence,No Apparent Influence,40.0,Male,North,Going Straight Ahead,No Improper Action,No Apparent Influence,No Apparent Influence,33.42198,-111.90909,2019-12-12,07:14:00
37383,3605331,2019,Farmer Ave,6th St,0.0,Intersection T Inter 203,0.0,0.0,No Injury,Angle - Other Than Left Turn 2,Dark Lighted,Clear,Dry,27.0,Male,East,Making Right Turn,Ran Stop Sign,No Apparent Influence,No Apparent Influence,49.0,Female,South,Going Straight Ahead,No Improper Action,No Apparent Influence,No Apparent Influence,33.42432,-111.94429,2019-12-12,11:25:00
37386,3608029,2019,Priest Dr,21st St,0.0,Intersection T Inter 203,0.0,0.0,No Injury,Left Turn,Daylight,Clear,Dry,26.0,Male,West,Making Left Turn,Failed To Yield Right Of Way,No Apparent Influence,No Apparent Influence,28.0,Female,North,Going Straight Ahead,Unknown,No Apparent Influence,No Apparent Influence,33.40623,-111.96077,2019-12-12,15:15:00
37388,3608014,2019,Mill Ave,Hermosa Dr,30.0,Intersection Related 206,0.0,0.0,No Injury,Rear End,Daylight,Clear,Dry,35.0,Male,South,Going Straight Ahead,Followed Too Closely,No Apparent Influence,No Apparent Influence,27.0,Male,South,Stopped In Trafficway,No Improper Action,No Apparent Influence,No Apparent Influence,33.38829,-111.93953,2019-12-12,18:58:00
37389,3605139,2019,Mill Ave,US-60 Exit 173 A-Ramp,0.0,Entrance Exit Ramp 205,0.0,0.0,No Injury,Rear End,Daylight,Clear,Dry,54.0,Female,East,Going Straight Ahead,Followed Too Closely,No Apparent Influence,No Apparent Influence,20.0,Female,East,Stopped In Trafficway,No Improper Action,No Apparent Influence,No Apparent Influence,33.38511,-111.93947,2019-12-12,19:41:00
37390,3606708,2019,48th St,I-10 Cardinal Frontage,0.0,Intersection 201,0.0,0.0,No Injury,Rear End,Daylight,Clear,Dry,43.0,Male,South,Going Straight Ahead,Followed Too Closely,No Apparent Influence,No Apparent Influence,59.0,Male,South,Stopped In Trafficway,No Improper Action,No Apparent Influence,No Apparent Influence,33.40932,-111.97822,2019-12-12,20:34:00
37391,3606707,2019,Baseline Rd,Wendler Dr,-38.0,Intersection Related 206,0.0,0.0,No Injury,Rear End,Daylight,Clear,Dry,36.0,Male,East,Going Straight Ahead,Followed Too Closely,No Apparent Influence,No Apparent Influence,42.0,Female,East,Stopped In Trafficway,No Improper Action,No Apparent Influence,No Apparent Influence,33.37826,-111.96991,2019-12-12,21:12:00
37392,3605939,2019,Price Rd,University Dr,-175.0,Intersection Related 206,0.0,0.0,No Injury,Rear End,Daylight,Clear,Dry,31.0,Male,North,Changing Lanes,Followed Too Closely,No Apparent Influence,No Apparent Influence,40.0,Male,North,Stopped In Trafficway,No Improper Action,No Apparent Influence,No Apparent Influence,33.42154,-111.89033,2019-12-12,23:13:00
37395,3605940,2019,Mill Ave,10th St,-71.0,Not Junction Related,0.0,0.0,No Injury,Rear End,Daylight,Clear,Dry,23.0,Male,North,Going Straight Ahead,Followed Too Closely,No Apparent Influence,No Apparent Influence,23.0,Male,North,Stopped In Trafficway,No Improper Action,No Apparent Influence,No Apparent Influence,33.41887,-111.93997,2019-12-12,23:56:00
37399,3607972,2019,Mill Ave,Southern Ave,120.0,Intersection Related 206,1.0,0.0,Suspected Minor Injury,Angle - Other Than Left Turn 2,Unknown 51,Unknown,Dry,40.0,Female,East,Making Right Turn,Failed To Yield Right Of Way,No Apparent Influence,No Apparent Influence,49.0,Female,South,Slowing In Trafficway,No Improper Action,No Apparent Influence,No Apparent Influence,33.39319,-111.93961,2019-12-13,01:27:00
37400,3605362,2019,McClintock Dr,Hermosa Dr,210.0,Intersection Related 206,0.0,0.0,No Injury,Rear End,Dark Lighted,Clear,Dry,20.0,Female,South,Going Straight Ahead,No Improper Action,No Apparent Influence,No Apparent Influence,24.0,Male,South,Going Straight Ahead,No Improper Action,No Apparent Influence,No Apparent Influence,33.38826,-111.90918,2019-12-13,01:33:00
37402,3605341,2019,Price Rd,Baseline Rd,-200.0,Intersection Related 206,0.0,0.0,No Injury,Rear End,Dark Lighted,Clear,Dry,21.0,Female,South,Going Straight Ahead,Speed To Fast For Conditions,No Apparent Influence,No Apparent Influence,48.0,Male,South,Stopped In Trafficway,No Improper Action,No Apparent Influence,No Apparent Influence,33.37791,-111.89368,2019-12-13,03:45:00
37403,3605274,2019,Price Rd,Apache Blvd,20.0,Intersection Related 206,0.0,0.0,No Injury,Rear End,Dark Lighted,Clear,Dry,56.0,Female,South,Going Straight Ahead,Disregarded Traffic Signal,Alcohol,No Apparent Influence,63.0,Male,South,Going Straight Ahead,No Improper Action,No Apparent Influence,No Apparent Influence,33.41485,-111.89194,2019-12-13,06:30:00
37404,3605306,2019,Southern Ave,Mariana Cir,79.0,Not Junction Related,0.0,0.0,No Injury,Rear End,Dark Lighted,Clear,Dry,33.0,Female,East,Going Straight Ahead,Unknown,No Apparent Influence,No Apparent Influence,31.0,Male,East,Going Straight Ahead,No Improper Action,No Apparent Influence,No Apparent Influence,33.39297,-111.91978,2019-12-13,12:31:00
37405,3614009,2019,Southern Ave,Priest Dr,-123.0,Intersection Related 206,0.0,0.0,No Injury,Rear End,Daylight,Clear,Dry,34.0,Male,East,Going Straight Ahead,Followed Too Closely,No Apparent Influence,No Apparent Influence,18.0,Male,East,Stopped In Trafficway,No Improper Action,No Apparent Influence,No Apparent Influence,33.39288,-111.96117,2019-12-13,15:13:00
37406,3608015,2019,Alameda Dr,Priest Dr,35.0,Intersection Related 206,0.0,0.0,No Injury,Sideswipe Same Direction,Daylight,Clear,Dry,25.0,Male,West,Making Right Turn,Failed To Keep In Proper Lane,No Apparent Influence,No Apparent Influence,56.0,Male,West,Stopped In Trafficway,No Improper Action,No Apparent Influence,No Apparent Influence,33.40014,-111.96066,2019-12-13,16:00:00
37409,3605141,2019,Southern Ave,Mill Ave,-67.0,Intersection Related 206,1.0,0.0,Suspected Minor Injury,Rear End,Daylight,Clear,Dry,45.0,Male,East,Going Straight Ahead,Followed Too Closely,No Apparent Influence,No Apparent Influence,64.0,Male,East,Slowing In Trafficway,No Improper Action,No Apparent Influence,No Apparent Influence,33.39286,-111.93982,2019-12-13,19:07:00
37410,3604998,2019,Washington St,Priest Dr,-98.0,Intersection Related 206,0.0,0.0,No Injury,Unknown,Daylight,Clear,Dry,62.0,Male,East,Going Straight Ahead,Failed To Keep In Proper Lane,No Apparent Influence,No Apparent Influence,28.0,Male,East,Stopped In Trafficway,No Improper Action,No Apparent Influence,No Apparent Influence,33.44284,-111.9568,2019-12-13,21:51:00
37411,3605143,2019,Southern Ave,Mill Ave,-115.0,Not Junction Related,0.0,0.0,No Injury,Sideswipe Same Direction,Daylight,Clear,Dry,47.0,Male,North,Making Right Turn,Unsafe Lane Change,No Apparent Influence,No Apparent Influence,60.0,Male,East,Going Straight Ahead,No Improper Action,No Apparent Influence,No Apparent Influence,33.39286,-111.93998,2019-12-13,22:37:00
37415,3605033,2019,Apache Blvd,Dorsey Ln,0.0,Intersection 4 Way 202,1.0,0.0,Suspected Minor Injury,Left Turn,Dusk,Clear,Dry,23.0,Male,East,Making Left Turn,Other,No Apparent Influence,No Apparent Influence,23.0,Male,West,Going Straight Ahead,No Improper Action,No Apparent Influence,No Apparent Influence,33.41476,-111.9177,2019-12-14,00:16:00
37417,3623037,2019,Southern Ave,Potter Dr,0.0,Intersection 4 Way 202,0.0,0.0,No Injury,Left Turn,Dusk,Clear,Dry,65.0,Male,North,Going Straight Ahead,No Improper Action,No Apparent Influence,No Apparent Influence,43.0,Male,East,Going Straight Ahead,No Improper Action,No Apparent Influence,No Apparent Influence,33.3928,-111.97233,2019-12-14,00:30:00
37418,3605356,2019,Hardy Dr,Baseline Rd,200.0,Not Junction Related,0.0,0.0,No Injury,Rear End,Dark Not Lighted,Clear,Dry,26.0,Male,South,Going Straight Ahead,Speed To Fast For Conditions,No Apparent Influence,No Apparent Influence,22.0,Female,South,Stopped In Trafficway,No Improper Action,No Apparent Influence,No Apparent Influence,33.37876,-111.9525,2019-12-14,01:16:00
37419,3607978,2019,Priest Dr,5th St,0.0,Intersection 4 Way 202,0.0,0.0,No Injury,Angle - Other Than Left Turn 2,Dark Lighted,Clear,Dry,29.0,Male,North,Going Straight Ahead,Unknown,No Apparent Influence,No Apparent Influence,21.0,Male,West,Going Straight Ahead,Unknown,No Apparent Influence,No Apparent Influence,33.42562,-111.96097,2019-12-14,01:34:00
37421,3614253,2019,Warner Rd,Kyrene Rd,0.0,Intersection Non Interchange,0.0,0.0,No Injury,Left Turn,Dark Lighted,Clear,Dry,82.0,Male,Southeast,Making Left Turn,Failed To Yield Right Of Way,No Apparent Influence,No Apparent Influence,56.0,Male,East,Going Straight Ahead,No Improper Action,No Apparent Influence,No Apparent Influence,33.3346,-111.94566,2019-12-14,04:21:00
37424,3605131,2019,Elliot Rd,I-10 Exit 157 A-Ramp,0.0,Intersection 4 Way 202,1.0,0.0,Possible Injury,Left Turn,Dark Lighted,Clear,Dry,57.0,Male,East,Going Straight Ahead,Unknown,No Apparent Influence,No Apparent Influence,69.0,Male,West,Making Left Turn,Unknown,No Apparent Influence,No Apparent Influence,33.34907,-111.97283,2019-12-14,05:51:00
37427,3608016,2019,Elliot Rd,I-10 Exit 157 A-Ramp,30.0,Intersection Related 206,0.0,0.0,No Injury,Sideswipe Same Direction,Daylight,Clear,Dry,56.0,Male,East,Making Left Turn,Unknown,No Apparent Influence,No Apparent Influence,55.0,Male,East,Making Left Turn,Unknown,No Apparent Influence,No Apparent Influence,33.34908,-111.97273,2019-12-15,00:09:00
37428,3607975,2019,Rural Rd,Rio Salado Pkwy,-100.0,Intersection Related 206,0.0,0.0,No Injury,Rear End,Dark Lighted,Clear,Dry,22.0,Female,North,Going Straight Ahead,No Improper Action,No Apparent Influence,No Apparent Influence,24.0,Male,North,Going Straight Ahead,No Improper Action,No Apparent Influence,No Apparent Influence,33.42857,-111.92629,2019-12-15,01:05:00
37430,3605179,2019,Priest Dr,Rio Salado Pkwy,-55.0,Intersection 4 Way 202,0.0,0.0,No Injury,Rear End,Dark Lighted,Clear,Dry,21.0,Male,North,Going Straight Ahead,Speed To Fast For Conditions,No Apparent Influence,Drugs,37.0,Male,North,Slowing In Trafficway,No Improper Action,No Apparent Influence,No Apparent Influence,33.42941,-111.96096,2019-12-15,02:56:00
37433,3606694,2019,Rio Salado Pkwy,McClintock Dr,45.0,Intersection Related 206,0.0,0.0,No Injury,Sideswipe Same Direction,Daylight,Clear,Dry,49.0,Female,West,Changing Lanes,Unsafe Lane Change,No Apparent Influence,No Apparent Influence,44.0,Female,West,Going Straight Ahead,No Improper Action,No Apparent Influence,No Apparent Influence,33.42928,-111.90892,2019-12-15,15:02:00
37435,3605312,2019,Broadway Rd,Price Rd,0.0,Intersection 201,0.0,0.0,No Injury,Sideswipe Same Direction,Daylight,Clear,Dry,19.0,Male,North,Going Straight Ahead,Failed To Keep In Proper Lane,No Apparent Influence,No Apparent Influence,49.0,Male,North,Going Straight Ahead,No Improper Action,No Apparent Influence,No Apparent Influence,33.40748,-111.89033,2019-12-15,17:51:00
37436,3605133,2019,Mitchell Dr,9th St,-28.0,Not Junction Related,0.0,0.0,No Injury,Angle - Other Than Left Turn 2,Daylight,Clear,Dry,25.0,Male,South,Leaving Parking Position,Failed To Yield Right Of Way,No Apparent Influence,No Apparent Influence,22.0,Female,South,Going Straight Ahead,No Improper Action,No Apparent Influence,No Apparent Influence,33.42056,-111.94798,2019-12-15,21:54:00
37438,3605869,2019,Rio Salado Pkwy,Perry Ln,-75.0,Not Junction Related,0.0,0.0,No Injury,Rear End,Daylight,Clear,Dry,49.0,Male,East,Slowing In Trafficway,Speed To Fast For Conditions,No Apparent Influence,No Apparent Influence,47.0,Male,East,Stopped In Trafficway,No Improper Action,No Apparent Influence,No Apparent Influence,33.42924,-111.90501,2019-12-15,22:24:00
37439,3605311,2019,Farmer Ave,6th St,0.0,Intersection T Inter 203,0.0,0.0,No Injury,Angle - Other Than Left Turn 2,Dark Lighted,Clear,Dry,27.0,Male,East,Making Right Turn,Ran Stop Sign,No Apparent Influence,No Apparent Influence,49.0,Female,South,Going Straight Ahead,No Improper Action,No Apparent Influence,No Apparent Influence,33.42432,-111.94429,2019-12-16,03:53:00
37441,3606682,2019,Broadway Rd,55th St,0.0,Intersection 4 Way 202,2.0,0.0,Suspected Minor Injury,Left Turn,Daylight,Clear,Dry,25.0,Male,West,Making Left Turn,Failed To Yield Right Of Way,No Apparent Influence,No Apparent Influence,42.0,Female,East,Going Straight Ahead,No Improper Action,No Apparent Influence,No Apparent Influence,33.40758,-111.96582,2019-12-16,13:07:00
37447,3605268,2019,Baseline Rd,Hazelton Ln,-90.0,Intersection Related 206,2.0,0.0,Suspected Minor Injury,Angle - Other Than Left Turn 2,Daylight,Clear,Dry,17.0,Female,North,Making Left Turn,Failed To Yield Right Of Way,No Apparent Influence,No Apparent Influence,61.0,Male,East,Going Straight Ahead,No Improper Action,No Apparent Influence,No Apparent Influence,33.37844,-111.90491,2019-12-16,22:37:00
37449,3605919,2019,Scottsdale Rd,Gilbert Dr,0.0,Not Junction Related,1.0,0.0,Suspected Minor Injury,Left Turn,Dark Lighted,Clear,Dry,34.0,Male,North,Making Left Turn,Failed To Yield Right Of Way,No Apparent Influence,No Apparent Influence,41.0,Male,South,Going Straight Ahead,No Improper Action,No Apparent Influence,No Apparent Influence,33.43756,-111.92628,2019-12-17,00:09:00
37451,3605913,2019,Rio Salado Pkwy,Siesta Ln,110.0,Not Junction Related,2.0,0.0,Suspected Minor Injury,Rear End,Dark Lighted,Clear,Dry,21.0,Male,East,Going Straight Ahead,Speed To Fast For Conditions,No Apparent Influence,No Apparent Influence,47.0,Female,East,Stopped In Trafficway,No Improper Action,No Apparent Influence,No Apparent Influence,33.42937,-111.89326,2019-12-17,02:25:00
37452,3605303,2019,Knox Rd,Rural Rd,35.0,Intersection Related 206,0.0,0.0,No Injury,Rear End,Dark Lighted,Clear,Dry,18.0,Female,West,Going Straight Ahead,Speed To Fast For Conditions,No Apparent Influence,No Apparent Influence,17.0,Female,West,Stopped In Trafficway,No Improper Action,No Apparent Influence,No Apparent Influence,33.32736,-111.92818,2019-12-17,02:49:00
37453,3607990,2019,Rural Rd,Broadway Rd,170.0,Driveway Or Alley,0.0,0.0,No Injury,Left Turn,Dark Lighted,Clear,Dry,41.0,Female,South,Making Left Turn,Failed To Yield Right Of Way,No Apparent Influence,No Apparent Influence,33.0,Male,North,Going Straight Ahead,No Improper Action,No Apparent Influence,No Apparent Influence,33.40797,-111.92628,2019-12-17,03:11:00
37454,3606667,2019,Baseline Rd,Price Rd,-150.0,Not Junction Related,1.0,0.0,Possible Injury,Rear End,Dark Lighted,Clear,Dry,25.0,Female,East,Changing Lanes,Disregarded Traffic Signal,No Apparent Influence,No Apparent Influence,44.0,Female,East,Going Straight Ahead,No Improper Action,No Apparent Influence,No Apparent Influence,33.37846,-111.89411,2019-12-17,13:04:00
37455,3606664,2019,Kyrene Rd,Cornell Dr,30.0,Intersection Related 206,0.0,0.0,No Injury,Rear End,Dawn,Clear,Dry,29.0,Male,South,Going Straight Ahead,Speed To Fast For Conditions,No Apparent Influence,No Apparent Influence,25.0,Female,South,Slowing In Trafficway,No Improper Action,No Apparent Influence,No Apparent Influence,33.37183,-111.94595,2019-12-17,13:48:00
37456,3605930,2019,Rural Rd,E Terrace Rd,90.0,Intersection Related 206,0.0,0.0,No Injury,Rear End,Dawn,Clear,Dry,31.0,Female,South,Slowing In Trafficway,Speed To Fast For Conditions,No Apparent Influence,No Apparent Influence,25.0,Male,South,Stopped In Trafficway,No Improper Action,No Apparent Influence,No Apparent Influence,33.41939,-111.9263,2019-12-17,13:52:00
37460,3608879,2019,5th St,Forest Service 01 Tempe Ave,30.0,Driveway Or Alley,0.0,0.0,No Injury,Left Turn,Daylight,Clear,Dry,67.0,Male,South,Making Left Turn,Failed To Yield Right Of Way,No Apparent Influence,No Apparent Influence,25.0,Male,West,Stopped In Trafficway,No Improper Action,No Apparent Influence,No Apparent Influence,33.42552,-111.93657,2019-12-17,16:12:00
37461,3608911,2019,Priest Dr,W Commerce Dr,-50.0,Intersection Related 206,0.0,0.0,No Injury,Rear End,Daylight,Clear,Dry,49.0,Male,North,Going Straight Ahead,Followed Too Closely,No Apparent Influence,No Apparent Influence,57.0,Female,North,Stopped In Trafficway,No Improper Action,No Apparent Influence,No Apparent Influence,33.33671,-111.96313,2019-12-17,18:33:00
37463,3605915,2019,Elm St,Apache Blvd,-125.0,Not Junction Related,0.0,0.0,No Injury,Angle - Other Than Left Turn 2,Daylight,Clear,Dry,27.0,Female,East,Other,Failed To Yield Right Of Way,No Apparent Influence,No Apparent Influence,55.0,Male,South,Going Straight Ahead,No Improper Action,No Apparent Influence,No Apparent Influence,33.41442,-111.91246,2019-12-17,21:26:00