,Incident ID,Year,Street Name,Cross Street,Distance,Junction Relation,Total Injuries,Total Fatalities,Injury Severity,Collision Manner,Light Condition,Weather,Surface Condition,Age Driver 1,Gender Driver 1,Travel Direction One,Unit Action One,Violation1_Drv1,Alcohol Use Driver 1,Drug Use Driver 1,Age Driver 2,Gender Driver 2,Travel Direction Two,Unit Action Two,Violation 1 Driver 2,Alcohol Use Driver 2,Drug Use Driver 2,Latitude,Longitude,Date,Time
37465,3608003,2019,Grove Pkwy,Kyrene Rd,-200.0,Intersection Related 206,0.0,0.0,No Injury,Sideswipe Same Direction,Daylight,Clear,Dry,70.0,Female,East,Changing Lanes,Unsafe Lane Change,No Apparent Influence,No Apparent Influence,27.0,Male,East,Going Straight Ahead,No Improper Action,No Apparent Influence,No Apparent Influence,33.35482,-111.94649,2019-12-17,23:18:00
37467,3608005,2019,Curry Rd,Scottsdale Rd,-200.0,Not Junction Related,0.0,0.0,No Injury,Rear End,Daylight,Clear,Dry,19.0,Male,East,Going Straight Ahead,Speed To Fast For Conditions,No Apparent Influence,No Apparent Influence,27.0,Male,East,Stopped In Trafficway,No Improper Action,No Apparent Influence,No Apparent Influence,33.44029,-111.92699,2019-12-17,23:48:00
37468,3605903,2019,McClintock Dr,University Dr,140.0,Driveway Or Alley,1.0,0.0,Suspected Minor Injury,Rear End,Dusk,Clear,Dry,20.0,Male,North,Going Straight Ahead,Followed Too Closely,No Apparent Influence,No Apparent Influence,30.0,Male,North,Slowing In Trafficway,No Improper Action,No Apparent Influence,No Apparent Influence,33.42237,-111.90911,2019-12-18,00:03:00
37470,3607991,2019,48th St,Broadway Rd,0.0,Intersection 201,1.0,0.0,Possible Injury,Unknown,Dark Lighted,Clear,Dry,33.0,Female,North,Going Straight Ahead,Disregarded Traffic Signal,No Apparent Influence,No Apparent Influence,39.0,Male,East,Going Straight Ahead,No Improper Action,No Apparent Influence,No Apparent Influence,33.40733,-111.97829,2019-12-18,00:53:00
37473,3606105,2019,Baseline Rd,Calle Los Cerros,-200.0,Not Junction Related,0.0,0.0,No Injury,Sideswipe Same Direction,Dark Lighted,Clear,Dry,21.0,Male,West,Changing Lanes,Unsafe Lane Change,No Apparent Influence,No Apparent Influence,30.0,Female,West,Going Straight Ahead,No Improper Action,No Apparent Influence,No Apparent Influence,33.37821,-111.97474,2019-12-18,01:24:00
37475,3614071,2019,University Dr,George Dr,25.0,Intersection Related 206,1.0,0.0,Possible Injury,Head On,Dark Lighted,Clear,Dry,32.0,Female,East,Going Straight Ahead,Other,No Apparent Influence,No Apparent Influence,25.0,Male,West,Going Straight Ahead,No Improper Action,No Apparent Influence,No Apparent Influence,33.42209,-111.88734,2019-12-18,01:48:00
37480,3604966,2019,Guadalupe Rd,College Ave,0.0,Driveway Or Alley,1.0,0.0,Suspected Minor Injury,Left Turn,Daylight,Clear,Dry,44.0,Female,North,Going Straight Ahead,Failed To Yield Right Of Way,No Apparent Influence,No Apparent Influence,27.0,Female,East,Making Left Turn,No Improper Action,No Apparent Influence,No Apparent Influence,33.36373,-111.93379,2019-12-18,14:20:00
37481,3605093,2019,Rural Rd,Lakeshore Dr,0.0,Intersection T Inter 203,2.0,0.0,Suspected Minor Injury,Left Turn,Daylight,Clear,Dry,30.0,Male,South,Making Left Turn,Failed To Yield Right Of Way,No Apparent Influence,No Apparent Influence,21.0,Male,North,Going Straight Ahead,No Improper Action,No Apparent Influence,No Apparent Influence,33.38228,-111.92683,2019-12-18,14:57:00
37483,3605027,2019,Apache Blvd,Price Rd,0.0,Intersection 4 Way 202,1.0,0.0,Suspected Minor Injury,Angle - Other Than Left Turn 2,Daylight,Clear,Dry,31.0,Male,West,Going Straight Ahead,Disregarded Traffic Signal,No Apparent Influence,No Apparent Influence,29.0,Male,South,Going Straight Ahead,No Improper Action,No Apparent Influence,No Apparent Influence,33.41479,-111.89073,2019-12-18,19:13:00
37485,3608917,2019,McClintock Dr,Guadalupe Rd,0.0,Not Junction Related,0.0,0.0,No Injury,Sideswipe Same Direction,Daylight,Clear,Dry,17.0,Female,South,Changing Lanes,Unsafe Lane Change,No Apparent Influence,No Apparent Influence,59.0,Male,South,Going Straight Ahead,No Improper Action,No Apparent Influence,No Apparent Influence,33.36376,-111.91126,2019-12-18,22:27:00
37486,3608853,2019,Baseline Rd,Pointe Pkwy,0.0,Intersection Related 206,0.0,0.0,No Injury,Rear End,Daylight,Clear,Dry,87.0,Female,West,Going Straight Ahead,Followed Too Closely,No Apparent Influence,No Apparent Influence,30.0,Female,West,Stopped In Trafficway,No Improper Action,No Apparent Influence,No Apparent Influence,33.37822,-111.97199,2019-12-18,22:57:00
37487,3605270,2019,Mill Ave,Geneva Dr,-149.0,Intersection Related 206,0.0,0.0,No Injury,Left Turn,Dark Lighted,Clear,Dry,66.0,Female,East,Making Left Turn,Failed To Yield Right Of Way,No Apparent Influence,No Apparent Influence,28.0,Male,South,Going Straight Ahead,No Improper Action,No Apparent Influence,No Apparent Influence,33.3951,-111.93963,2019-12-19,00:42:00
37488,3608950,2019,Priest Dr,La Jolla Dr,214.0,Not Junction Related,0.0,0.0,No Injury,Rear End,Daylight,Clear,Dry,26.0,Female,North,Slowing In Trafficway,Followed Too Closely,No Apparent Influence,No Apparent Influence,33.0,Male,North,Stopped In Trafficway,No Improper Action,No Apparent Influence,No Apparent Influence,33.39087,-111.9608,2019-12-19,01:11:00
37494,3604964,2019,Mill Ave,W 7th St,115.0,Intersection Related 206,0.0,0.0,No Injury,Sideswipe Same Direction,Daylight,Clear,Dry,23.0,Male,South,Changing Lanes,Unsafe Lane Change,No Apparent Influence,No Apparent Influence,31.0,Male,South,Going Straight Ahead,No Improper Action,No Apparent Influence,No Apparent Influence,33.42352,-111.94001,2019-12-19,14:24:00
37495,3605298,2019,McClintock Dr,Center Ln,-100.0,Not Junction Related,0.0,0.0,No Injury,Rear End,Daylight,Clear,Dry,19.0,Male,North,Going Straight Ahead,Followed Too Closely,No Apparent Influence,No Apparent Influence,42.0,Female,North,Stopped In Trafficway,No Improper Action,No Apparent Influence,No Apparent Influence,33.42059,-111.90911,2019-12-19,18:48:00
37498,3607995,2019,Elliot Rd,Priest Dr,0.22,Intersection 201,1.0,0.0,Suspected Minor Injury,Angle - Other Than Left Turn 2,Daylight,Clear,Dry,22.0,Male,West,Going Straight Ahead,Failed To Yield Right Of Way,No Apparent Influence,No Apparent Influence,67.0,Female,South,Going Straight Ahead,No Improper Action,No Apparent Influence,No Apparent Influence,33.34913,-111.95933,2019-12-19,20:54:00
37499,3605022,2019,Mill Ave,Carter Dr,0.0,Intersection 4 Way 202,2.0,0.0,Suspected Minor Injury,Left Turn,Daylight,Clear,Dry,50.0,Female,East,Making Left Turn,Failed To Yield Right Of Way,No Apparent Influence,No Apparent Influence,19.0,Male,South,Going Straight Ahead,No Improper Action,No Apparent Influence,No Apparent Influence,33.38328,-111.93945,2019-12-19,21:05:00
37500,3614172,2019,McClintock Dr,Southern Ave,-150.0,Not Junction Related,0.0,0.0,No Injury,Sideswipe Same Direction,Daylight,Clear,Dry,32.0,Female,North,Changing Lanes,Unsafe Lane Change,No Apparent Influence,No Apparent Influence,39.0,Female,North,Going Straight Ahead,No Improper Action,No Apparent Influence,No Apparent Influence,33.39258,-111.90913,2019-12-19,21:21:00
37501,3608958,2019,Southern Ave,Albert Ave,-35.0,Not Junction Related,2.0,0.0,Possible Injury,Left Turn,Daylight,Clear,Dry,25.0,Male,North,Making Left Turn,Failed To Yield Right Of Way,No Apparent Influence,No Apparent Influence,30.0,Male,East,Going Straight Ahead,No Improper Action,No Apparent Influence,No Apparent Influence,33.39287,-111.96283,2019-12-19,22:12:00
37502,3604995,2019,McClintock Dr,Cornell Dr,0.0,Intersection 4 Way 202,0.0,0.0,No Injury,Rear End,Daylight,Clear,Dry,16.0,Male,North,Going Straight Ahead,Followed Too Closely,No Apparent Influence,No Apparent Influence,49.0,Male,North,Going Straight Ahead,No Improper Action,No Apparent Influence,No Apparent Influence,33.37224,-111.91129,2019-12-19,22:18:00
37503,3608913,2019,Rural Rd,Southshore Dr,80.0,Intersection Related 206,0.0,0.0,No Injury,Rear End,Daylight,Clear,Dry,56.0,Male,South,Going Straight Ahead,Speed To Fast For Conditions,Alcohol,No Apparent Influence,29.0,Female,South,Stopped In Trafficway,No Improper Action,No Apparent Influence,No Apparent Influence,33.37233,-111.92866,2019-12-19,22:25:00
37505,3607962,2019,Rural Rd,Minton Dr,0.0,Intersection 4 Way 202,0.0,0.0,No Injury,Left Turn,Dusk,Clear,Dry,26.0,Female,North,Making Left Turn,Failed To Yield Right Of Way,No Apparent Influence,No Apparent Influence,30.0,Male,South,Going Straight Ahead,No Improper Action,No Apparent Influence,No Apparent Influence,33.37989,-111.92842,2019-12-19,23:41:00
37506,3605006,2019,Priest Dr,SR-202 Cardinal Frontage,-172.0,Intersection Related 206,0.0,0.0,No Injury,Rear End,Daylight,Clear,Dry,29.0,Male,North,Going Straight Ahead,Followed Too Closely,No Apparent Influence,No Apparent Influence,33.0,Female,North,Slowing In Trafficway,No Improper Action,No Apparent Influence,No Apparent Influence,33.43668,-111.96097,2019-12-19,23:48:00
37508,3613977,2019,Fairmont Dr,52nd St,0.0,Intersection Related 206,0.0,0.0,No Injury,Angle - Other Than Left Turn 2,Dark Lighted,Clear,Dry,21.0,Female,West,Going Straight Ahead,Failed To Yield Right Of Way,No Apparent Influence,No Apparent Influence,20.0,Female,South,Going Straight Ahead,No Improper Action,No Apparent Influence,No Apparent Influence,33.39644,-111.97067,2019-12-20,00:16:00
37510,3605004,2019,Apache Blvd,Rural Rd,-121.0,Intersection Related 206,0.0,0.0,No Injury,Rear End,Dark Lighted,Clear,Dry,23.0,Male,East,Going Straight Ahead,Followed Too Closely,No Apparent Influence,No Apparent Influence,28.0,Female,East,Stopped In Trafficway,No Improper Action,No Apparent Influence,No Apparent Influence,33.41476,-111.92669,2019-12-20,00:44:00
37512,3605246,2019,48th St,Westcourt Way,190.0,Not Junction Related,0.0,0.0,No Injury,Angle - Other Than Left Turn 2,Dark Lighted,Clear,Dry,28.0,Male,South,Going Straight Ahead,Speed To Fast For Conditions,No Apparent Influence,No Apparent Influence,23.0,Male,South,Slowing In Trafficway,No Improper Action,No Apparent Influence,No Apparent Influence,33.40405,-111.9783,2019-12-20,03:05:00
37513,3614249,2019,Southern Ave,Roosevelt St,66.0,Intersection Related 206,0.0,0.0,No Injury,Rear End,Dark Lighted,Clear,Dry,18.0,Male,West,Going Straight Ahead,Speed To Fast For Conditions,No Apparent Influence,No Apparent Influence,50.0,Male,West,Stopped In Trafficway,No Improper Action,No Apparent Influence,No Apparent Influence,33.39285,-111.94761,2019-12-20,03:47:00
37514,3607989,2019,Broadway Rd,I-10 Exit 153 X-Ramp,0.0,Intersection 4 Way 202,0.0,0.0,No Injury,Sideswipe Same Direction,Dark Lighted,Clear,Dry,21.0,Male,North,Changing Lanes,Unsafe Lane Change,No Apparent Influence,No Apparent Influence,59.0,Male,North,Going Straight Ahead,No Improper Action,No Apparent Influence,No Apparent Influence,33.40915,-111.9692,2019-12-20,04:57:00
37516,3608852,2019,Hardy Dr,Todd Dr,0.0,Intersection T Inter 203,0.0,0.0,No Injury,Angle - Other Than Left Turn 2,Daylight,Clear,Dry,62.0,Male,East,Making U Turn,Failed To Yield Right Of Way,No Apparent Influence,No Apparent Influence,34.0,Female,South,Going Straight Ahead,No Improper Action,No Apparent Influence,No Apparent Influence,33.35256,-111.95449,2019-12-20,14:44:00
37519,3608920,2019,48th St,Broadway Rd,-113.0,Intersection Related 206,2.0,0.0,Suspected Minor Injury,Rear End,Daylight,Clear,Dry,22.0,Male,North,Going Straight Ahead,Followed Too Closely,No Apparent Influence,No Apparent Influence,46.0,Male,North,Stopped In Trafficway,No Improper Action,No Apparent Influence,No Apparent Influence,33.40702,-111.97829,2019-12-20,16:57:00
37521,3607999,2019,Warner Rd,Emerald Dr,50.0,Intersection Related 206,0.0,0.0,No Injury,Rear End,Daylight,Clear,Dry,38.0,Male,West,Going Straight Ahead,Speed To Fast For Conditions,No Apparent Influence,No Apparent Influence,68.0,Male,West,Stopped In Trafficway,No Improper Action,No Apparent Influence,No Apparent Influence,33.3345,-111.96651,2019-12-20,19:15:00
37522,3605023,2019,Broadway Rd,College Ave,0.0,Intersection 4 Way 202,0.0,0.0,No Injury,Angle - Other Than Left Turn 2,Daylight,Clear,Dry,30.0,Male,East,Going Straight Ahead,Disregarded Traffic Signal,No Apparent Influence,No Apparent Influence,59.0,Female,South,Going Straight Ahead,No Improper Action,No Apparent Influence,No Apparent Influence,33.40744,-111.93491,2019-12-20,19:29:00
37523,3608844,2019,University Dr,Lola Ln,-100.0,Intersection Related Non Interchange,2.0,0.0,Suspected Minor Injury,Rear End,Daylight,Clear,Dry,26.0,Female,East,Going Straight Ahead,Followed Too Closely,No Apparent Influence,No Apparent Influence,31.0,Male,East,Slowing In Trafficway,No Improper Action,No Apparent Influence,No Apparent Influence,33.42207,-111.89431,2019-12-20,19:34:00
37524,3605182,2019,Baseline Rd,I-10 Exit 155 G-Ramp,-100.0,Unknown,0.0,0.0,No Injury,Rear End,Unknown 51,Unknown,Dry,31.0,Male,West,Going Straight Ahead,Speed To Fast For Conditions,No Apparent Influence,No Apparent Influence,29.0,Male,West,Going Straight Ahead,No Improper Action,No Apparent Influence,No Apparent Influence,33.37827,-111.96896,2019-12-20,20:00:00
37527,3605255,2019,Priest Dr,Auto Dr,230.0,Not Junction Related,0.0,0.0,No Injury,Rear End,Daylight,Clear,Dry,69.0,Male,North,Going Straight Ahead,Followed Too Closely,No Apparent Influence,No Apparent Influence,18.0,Female,North,Stopped In Trafficway,No Improper Action,No Apparent Influence,No Apparent Influence,33.34611,-111.96315,2019-12-20,21:10:00
37528,3605276,2019,Warner Rd,Jewell St,0.0,Intersection T Inter 203,1.0,0.0,Suspected Minor Injury,Angle - Other Than Left Turn 2,Daylight,Clear,Dry,56.0,Female,South,Making Right Turn,Failed To Yield Right Of Way,No Apparent Influence,No Apparent Influence,18.0,Male,West,Going Straight Ahead,No Improper Action,No Apparent Influence,No Apparent Influence,33.33453,-111.9683,2019-12-20,22:21:00
37529,3605157,2019,McClintock Dr,Larkspur Ln,-177.0,Not Junction Related,0.0,0.0,No Injury,Angle - Other Than Left Turn 2,Daylight,Clear,Dry,40.0,Female,South,Going Straight Ahead,Followed Too Closely,No Apparent Influence,No Apparent Influence,46.0,Male,South,Stopped In Trafficway,No Improper Action,No Apparent Influence,No Apparent Influence,33.44939,-111.90934,2019-12-20,23:14:00
37530,3605024,2019,McClintock Dr,Don Carlos Ave,0.0,Intersection 4 Way 202,0.0,0.0,No Injury,Left Turn,Daylight,Clear,Dry,45.0,Male,North,Making Left Turn,Failed To Yield Right Of Way,No Apparent Influence,No Apparent Influence,21.0,Female,South,Going Straight Ahead,No Improper Action,No Apparent Influence,No Apparent Influence,33.41748,-111.90911,2019-12-20,23:24:00
37533,3606112,2019,Rural Rd,Apache Blvd,0.0,Intersection Related 206,0.0,0.0,No Injury,Angle - Other Than Left Turn 2,Dark Lighted,Clear,Dry,28.0,Male,North,Going Straight Ahead,Disregarded Traffic Signal,No Apparent Influence,No Apparent Influence,49.0,Male,East,Going Straight Ahead,No Improper Action,No Apparent Influence,No Apparent Influence,33.41476,-111.92629,2019-12-21,03:40:00
37535,3606096,2019,Rural Rd,Hermosa Dr,0.0,Not Junction Related,0.0,0.0,No Injury,Sideswipe Same Direction,Dark Lighted,Clear,Dry,21.0,Female,Southwest,Making Left Turn,Failed To Yield Right Of Way,No Apparent Influence,No Apparent Influence,17.0,Male,North,Going Straight Ahead,Speed To Fast For Conditions,No Apparent Influence,No Apparent Influence,33.38777,-111.92645,2019-12-21,05:20:00
37537,3614217,2019,Apache Blvd,Price Rd,0.0,Intersection 4 Way 202,1.0,0.0,Suspected Minor Injury,Angle - Other Than Left Turn 2,Dark Lighted,Clear,Dry,18.0,Female,West,Going Straight Ahead,Disregarded Traffic Signal,No Apparent Influence,No Apparent Influence,62.0,Male,South,Going Straight Ahead,No Improper Action,No Apparent Influence,No Apparent Influence,33.4148,-111.89195,2019-12-21,06:23:00
37540,3605896,2019,University Dr,Price Rd,25.0,Intersection Related 206,0.0,0.0,No Injury,Rear End,Dawn,Clear,Dry,23.0,Male,West,Stopped In Trafficway,Other,No Apparent Influence,No Apparent Influence,57.0,Female,West,Stopped In Trafficway,No Improper Action,No Apparent Influence,No Apparent Influence,33.42202,-111.89023,2019-12-21,13:46:00
37542,3605901,2019,University Dr,Rural Rd,160.0,Driveway Or Alley,0.0,0.0,No Injury,Angle - Other Than Left Turn 2,Daylight,Clear,Dry,26.0,Female,North,Making Right Turn,Failed To Yield Right Of Way,No Apparent Influence,No Apparent Influence,50.0,Male,East,Going Straight Ahead,No Improper Action,No Apparent Influence,No Apparent Influence,33.42203,-111.92579,2019-12-21,18:02:00
37544,3607996,2019,Elliot Rd,Rural Rd,-45.0,Intersection Related 206,1.0,0.0,Possible Injury,Angle - Other Than Left Turn 2,Daylight,Clear,Dry,34.0,Male,West,Making Right Turn,Speed To Fast For Conditions,No Apparent Influence,No Apparent Influence,43.0,Female,West,Going Straight Ahead,No Improper Action,No Apparent Influence,No Apparent Influence,33.34919,-111.92862,2019-12-21,18:54:00
37546,3623043,2019,Southern Ave,48th St,100.0,Driveway Or Alley,0.0,0.0,No Injury,Angle - Other Than Left Turn 2,Daylight,Clear,Dry,33.0,Male,Northeast,Making Right Turn,Failed To Yield Right Of Way,No Apparent Influence,No Apparent Influence,16.0,Male,East,Going Straight Ahead,No Improper Action,No Apparent Influence,No Apparent Influence,33.39277,-111.97801,2019-12-21,20:13:00
37547,3606113,2019,Rural Rd,Vista Del Cerro Dr,-25.0,Intersection Related 206,0.0,0.0,No Injury,Rear End,Daylight,Clear,Dry,29.0,Male,North,Going Straight Ahead,Speed To Fast For Conditions,No Apparent Influence,No Apparent Influence,44.0,Male,North,Stopped In Trafficway,No Improper Action,No Apparent Influence,No Apparent Influence,33.41005,-111.92628,2019-12-21,23:02:00
37548,3606093,2019,Rural Rd,Lemon St,0.0,Intersection 4 Way 202,2.0,0.0,Possible Injury,Angle - Other Than Left Turn 2,Daylight,Clear,Dry,21.0,Male,North,Going Straight Ahead,Speed To Fast For Conditions,No Apparent Influence,No Apparent Influence,20.0,Female,West,Making Left Turn,No Improper Action,No Apparent Influence,No Apparent Influence,33.41684,-111.9263,2019-12-21,23:51:00
37553,3605289,2019,Mill Ave,6th St,0.0,Intersection Related 206,0.0,0.0,No Injury,Sideswipe Same Direction,Dark Lighted,Clear,Dry,22.0,Male,South,Going Straight Ahead,Other,Alcohol,No Apparent Influence,24.0,Female,South,Stopped In Trafficway,No Improper Action,No Apparent Influence,No Apparent Influence,33.42435,-111.94002,2019-12-22,09:18:00
37555,3605129,2019,Rio Salado Pkwy,Rockford Dr,120.0,Intersection Related 206,2.0,0.0,Possible Injury,Rear End,Daylight,Cloudy,Dry,18.0,Female,West,Slowing In Trafficway,Followed Too Closely,No Apparent Influence,No Apparent Influence,49.0,Female,West,Stopped In Trafficway,No Improper Action,No Apparent Influence,No Apparent Influence,33.42936,-111.89665,2019-12-22,20:07:00
37559,3605188,2019,Los Arboles Dr,Dateland Dr,-15.0,Intersection Related 206,0.0,0.0,No Injury,Angle - Other Than Left Turn 2,Dark Lighted,Clear,Dry,28.0,Male,West,Making Left Turn,Made Improper Turn,No Apparent Influence,No Apparent Influence,36.0,Male,East,Stopped In Trafficway,No Improper Action,No Apparent Influence,No Apparent Influence,33.33564,-111.94128,2019-12-23,02:33:00
37560,3608883,2019,Warner Rd,Fairfield Dr,0.0,Not Junction Related,0.0,0.0,No Injury,Sideswipe Same Direction,Dark Lighted,Clear,Dry,72.0,Male,East,Going Straight Ahead,Failed To Keep In Proper Lane,Alcohol,No Apparent Influence,25.0,Female,East,Going Straight Ahead,No Improper Action,No Apparent Influence,No Apparent Influence,33.33474,-111.90109,2019-12-23,07:02:00
37561,3608860,2019,Broadway Rd,River Dr,0.0,Intersection 4 Way 202,2.0,0.0,Suspected Minor Injury,Left Turn,Daylight,Clear,Dry,50.0,Male,East,Going Straight Ahead,Disregarded Traffic Signal,No Apparent Influence,No Apparent Influence,20.0,Female,North,Making Left Turn,No Improper Action,No Apparent Influence,No Apparent Influence,33.4075,-111.89775,2019-12-23,16:04:00
37563,3609004,2019,Baseline Rd,I-10 Exit 155 J1-Ramp,0.0,Intersection Related 206,0.0,0.0,No Injury,Rear End,Daylight,Unknown,Dry,32.0,Female,West,Going Straight Ahead,Followed Too Closely,No Apparent Influence,No Apparent Influence,48.0,Female,West,Backing,Other,No Apparent Influence,No Apparent Influence,33.3783,-111.96738,2019-12-23,22:36:00
37564,3604970,2019,Rio Salado Pkwy,Siesta Ln,0.0,Intersection T Inter 203,0.0,0.0,No Injury,Left Turn,Daylight,Clear,Dry,28.0,Male,West,Making Left Turn,Failed To Yield Right Of Way,No Apparent Influence,No Apparent Influence,19.0,Male,East,Going Straight Ahead,No Improper Action,No Apparent Influence,No Apparent Influence,33.42937,-111.89362,2019-12-23,22:52:00
37568,3605102,2019,Baseline Rd,McClintock Dr,125.0,Intersection Related 206,0.0,0.0,No Injury,Rear End,Daylight,Rain,Wet,49.0,Male,West,Going Straight Ahead,Speed To Fast For Conditions,No Apparent Influence,No Apparent Influence,30.0,Male,West,Stopped In Trafficway,No Improper Action,No Apparent Influence,No Apparent Influence,33.37843,-111.90885,2019-12-24,17:11:00
37570,3604979,2019,Baseline Rd,McClintock Dr,-120.0,Intersection Related 206,0.0,0.0,No Injury,Rear End,Daylight,Rain,Wet,84.0,Female,East,Going Straight Ahead,Followed Too Closely,No Apparent Influence,No Apparent Influence,45.0,Male,East,Stopped In Trafficway,No Improper Action,No Apparent Influence,No Apparent Influence,33.37842,-111.90965,2019-12-24,19:16:00
37572,3608872,2019,Hardy Dr,Broadway Rd,61.0,Intersection Related 206,0.0,0.0,No Injury,Rear End,Daylight,Cloudy,Dry,31.0,Female,North,Slowing In Trafficway,Speed To Fast For Conditions,No Apparent Influence,No Apparent Influence,43.0,Male,North,Stopped In Trafficway,No Improper Action,No Apparent Influence,No Apparent Influence,33.40756,-111.95217,2019-12-24,20:40:00
37574,3605208,2019,Dava Dr,McClintock Dr,-63.0,Intersection Related 206,0.0,0.0,No Injury,Angle - Other Than Left Turn 2,Daylight,Cloudy,Dry,18.0,Male,South,Making Right Turn,Speed To Fast For Conditions,No Apparent Influence,No Apparent Influence,65.0,Female,East,Slowing In Trafficway,No Improper Action,No Apparent Influence,No Apparent Influence,33.35433,-111.91141,2019-12-24,21:40:00
37577,3608955,2019,Kyrene Rd,Elliot Rd,0.0,Intersection 201,0.0,0.0,No Injury,Angle - Other Than Left Turn 2,Dark Lighted,Clear,Dry,30.0,Male,Northwest,Making Left Turn,Failed To Yield Right Of Way,No Apparent Influence,No Apparent Influence,25.0,Male,South,Going Straight Ahead,No Improper Action,No Apparent Influence,No Apparent Influence,33.3492,-111.94573,2019-12-25,06:08:00
37583,3605137,2019,McClintock Dr,SR-202 Exit 8 J-Ramp,0.0,Intersection T Inter 203,1.0,0.0,Suspected Minor Injury,Left Turn,Daylight,Clear,Dry,24.0,Female,North,Making Left Turn,Failed To Yield Right Of Way,No Apparent Influence,No Apparent Influence,27.0,Female,South,Going Straight Ahead,No Improper Action,No Apparent Influence,No Apparent Influence,33.43662,-111.90962,2019-12-26,17:29:00
37584,3614069,2019,Scottsdale Rd,Gilbert Dr,0.0,Intersection 4 Way 202,1.0,0.0,Suspected Minor Injury,Left Turn,Daylight,Cloudy,Dry,22.0,Male,North,Making Left Turn,Failed To Yield Right Of Way,No Apparent Influence,No Apparent Influence,38.0,Female,South,Going Straight Ahead,No Improper Action,No Apparent Influence,No Apparent Influence,33.43756,-111.92628,2019-12-26,21:14:00
37586,3614070,2019,5th St,Farmer Ave,0.0,Intersection 4 Way 202,0.0,0.0,No Injury,Angle - Other Than Left Turn 2,Daylight,Cloudy,Dry,18.0,Male,North,Going Straight Ahead,Failed To Yield Right Of Way,No Apparent Influence,No Apparent Influence,40.0,Male,West,Going Straight Ahead,No Improper Action,No Apparent Influence,No Apparent Influence,33.42547,-111.94429,2019-12-26,23:23:00
37587,3614111,2019,Scottsdale Rd,Weber Dr,-216.0,Not Junction Related,0.0,0.0,No Injury,Angle - Other Than Left Turn 2,Daylight,Cloudy,Dry,60.0,Male,South,Making Right Turn,Failed To Yield Right Of Way,No Apparent Influence,No Apparent Influence,75.0,Female,South,Going Straight Ahead,No Improper Action,No Apparent Influence,No Apparent Influence,33.4434,-111.92642,2019-12-26,23:57:00
37593,3615080,2019,Baseline Rd,I-10 Exit 155 C2-Ramp,-50.0,Intersection Related 206,0.0,0.0,No Injury,Rear End,Daylight,Cloudy,Dry,35.0,Male,West,Going Straight Ahead,Followed Too Closely,No Apparent Influence,No Apparent Influence,26.0,Female,West,Stopped In Trafficway,No Improper Action,No Apparent Influence,No Apparent Influence,33.3783,-111.96754,2019-12-27,18:17:00
37597,3614187,2019,McClintock Dr,SR-202 Exit 8 A-Ramp,0.0,Intersection 201,0.0,0.0,No Injury,Angle - Other Than Left Turn 2,Daylight,Rain,Wet,61.0,Male,East,Making Right Turn,Failed To Yield Right Of Way,No Apparent Influence,No Apparent Influence,32.0,Female,South,Going Straight Ahead,No Improper Action,No Apparent Influence,No Apparent Influence,33.43646,-111.90961,2019-12-27,20:18:00
37599,3614077,2019,Mill Ave,Hermosa Dr,135.0,Intersection Related 206,1.0,0.0,Possible Injury,Rear End,Daylight,Rain,Wet,37.0,Female,South,Going Straight Ahead,Followed Too Closely,No Apparent Influence,No Apparent Influence,48.0,Male,South,Stopped In Trafficway,No Improper Action,No Apparent Influence,No Apparent Influence,33.38858,-111.93953,2019-12-27,21:19:00
37600,3614075,2019,Roosevelt St,Broadway Rd,-200.0,Driveway Or Alley,0.0,0.0,No Injury,Rear End,Daylight,Clear,Dry,51.0,Male,West,Making Right Turn,Failed To Yield Right Of Way,No Apparent Influence,No Apparent Influence,44.0,Female,North,Going Straight Ahead,No Improper Action,No Apparent Influence,No Apparent Influence,33.40683,-111.94785,2019-12-27,21:36:00
37601,3614081,2019,Scottsdale Rd,McKellips Rd,0.0,Intersection 4 Way 202,2.0,0.0,Suspected Minor Injury,Angle - Other Than Left Turn 2,Dark Lighted,Rain,Wet,42.0,Female,South,Going Straight Ahead,Disregarded Traffic Signal,No Apparent Influence,No Apparent Influence,29.0,Male,East,Going Straight Ahead,No Improper Action,No Apparent Influence,No Apparent Influence,33.45124,-111.92647,2019-12-28,00:15:00
37602,3605220,2019,Price Rd,Baseline Rd,140.0,Intersection 201,0.0,0.0,No Injury,Rear End,Dark Lighted,Clear,Dry,42.0,Male,South,Going Straight Ahead,Other,Alcohol,No Apparent Influence,24.0,Male,South,Stopped In Trafficway,No Improper Action,No Apparent Influence,No Apparent Influence,33.37883,-111.89354,2019-12-28,06:44:00
37606,3614258,2019,Baseline Rd,I-10 Exit 155 C2-Ramp,0.0,Intersection 4 Way 202,0.0,0.0,No Injury,Sideswipe Same Direction,Daylight,Clear,Unknown,74.0,Male,East,Going Straight Ahead,Unsafe Lane Change,No Apparent Influence,No Apparent Influence,25.0,Female,East,Going Straight Ahead,No Improper Action,No Apparent Influence,No Apparent Influence,33.3783,-111.96738,2019-12-28,17:46:00
37607,3614163,2019,Scottsdale Rd,Gilbert Dr,-80.0,Intersection Related 206,0.0,0.0,No Injury,Sideswipe Same Direction,Daylight,Clear,Dry,66.0,Male,North,Changing Lanes,Unsafe Lane Change,No Apparent Influence,No Apparent Influence,61.0,Male,North,Going Straight Ahead,No Improper Action,No Apparent Influence,No Apparent Influence,33.43734,-111.92627,2019-12-28,18:26:00