,Incident ID,Year,Street Name,Cross Street,Distance,Junction Relation,Total Injuries,Total Fatalities,Injury Severity,Collision Manner,Light Condition,Weather,Surface Condition,Age Driver 1,Gender Driver 1,Travel Direction One,Unit Action One,Violation1_Drv1,Alcohol Use Driver 1,Drug Use Driver 1,Age Driver 2,Gender Driver 2,Travel Direction Two,Unit Action Two,Violation 1 Driver 2,Alcohol Use Driver 2,Drug Use Driver 2,Latitude,Longitude,Date,Time
37609,3614211,2019,Baseline Rd,S Roosevelt St,20.0,Not Junction Related,1.0,0.0,Possible Injury,Angle - Other Than Left Turn 2,Daylight,Clear,Dry,21.0,Male,West,Making Right Turn,No Improper Action,No Apparent Influence,No Apparent Influence,22.0,Male,South,Going Straight Ahead,No Improper Action,No Apparent Influence,No Apparent Influence,33.37819,-111.94761,2019-12-28,23:22:00
37610,3608884,2019,McClintock Dr,Elliot Rd,129.0,Intersection 4 Way 202,0.0,0.0,No Injury,Other,Dark Lighted,Clear,Dry,25.0,Male,North,Backing,Other,Alcohol,No Apparent Influence,25.0,Male,South,Stopped In Trafficway,No Improper Action,No Apparent Influence,No Apparent Influence,33.34948,-111.9112,2019-12-29,03:54:00
37611,3605189,2019,Rural Rd,University Dr,-10.0,Not Junction Related,0.0,0.0,No Injury,Sideswipe Same Direction,Dark Lighted,Cloudy,Dry,73.0,Male,North,Changing Lanes,Unsafe Lane Change,No Apparent Influence,No Apparent Influence,18.0,Male,North,Going Straight Ahead,No Improper Action,No Apparent Influence,No Apparent Influence,33.422,-111.92631,2019-12-29,04:06:00
37612,3614073,2019,Kyrene Rd,Elliot Rd,15.0,Intersection Related 206,0.0,0.0,No Injury,Sideswipe Same Direction,Dark Lighted,Clear,Dry,21.0,Female,Northwest,Making Right Turn,Unknown,No Apparent Influence,No Apparent Influence,55.0,Male,Northwest,Making Right Turn,Unknown,No Apparent Influence,No Apparent Influence,33.34924,-111.94573,2019-12-29,04:18:00
37615,3636698,2019,Elliot Rd,McClintock Dr,-35.0,Intersection Related 206,0.0,0.0,No Injury,Head On,Dark Lighted,Clear,Dry,34.0,Male,West,Making Right Turn,Made Improper Turn,Alcohol,No Apparent Influence,50.0,Female,East,Making Left Turn,No Improper Action,No Apparent Influence,No Apparent Influence,33.34913,-111.9113,2019-12-30,04:01:00
37617,3605185,2019,Southern Ave,Roosevelt St,0.0,Intersection Related 206,0.0,0.0,No Injury,Rear End,Dark Lighted,Clear,Dry,24.0,Male,West,Going Straight Ahead,Disregarded Traffic Signal,Alcohol,No Apparent Influence,26.0,Male,West,Stopped In Trafficway,No Improper Action,No Apparent Influence,No Apparent Influence,33.39285,-111.94783,2019-12-30,09:25:00
37619,3614297,2019,Priest Dr,SR-202 Exit 5 J-Ramp,0.0,Intersection 4 Way 202,2.0,0.0,Possible Injury,Left Turn,Dark Lighted,Clear,Dry,26.0,Male,Northwest,Making Left Turn,Disregarded Traffic Signal,No Apparent Influence,No Apparent Influence,72.0,Female,South,Going Straight Ahead,No Improper Action,No Apparent Influence,No Apparent Influence,33.4385,-111.96084,2019-12-30,13:29:00
37621,3608874,2019,Kyrene Rd,Elliot Rd,-77.0,Intersection Related 206,0.0,0.0,No Injury,Rear End,Daylight,Cloudy,Dry,28.0,Female,East,Making Right Turn,Failed To Yield Right Of Way,No Apparent Influence,No Apparent Influence,60.0,Male,South,Going Straight Ahead,No Improper Action,No Apparent Influence,No Apparent Influence,33.34899,-111.94574,2019-12-30,18:48:00
37622,3608875,2019,McClintock Dr,Guadalupe Rd,0.0,Intersection 4 Way 202,0.0,0.0,No Injury,Rear End,Daylight,Unknown,Dry,30.0,Male,North,Going Straight Ahead,Followed Too Closely,No Apparent Influence,No Apparent Influence,33.0,Female,North,Stopped In Trafficway,No Improper Action,No Apparent Influence,No Apparent Influence,33.36376,-111.91126,2019-12-30,21:08:00
37624,3615085,2019,Rural Rd,Watson Dr,15.0,Intersection Related 206,0.0,0.0,No Injury,Rear End,Dark Lighted,Clear,Dry,20.0,Male,South,Going Straight Ahead,Speed To Fast For Conditions,No Apparent Influence,No Apparent Influence,23.0,Female,South,Making Right Turn,No Improper Action,No Apparent Influence,No Apparent Influence,33.36978,-111.92865,2019-12-31,04:45:00
37625,3625747,2019,Mill Ave,Southern Ave,-50.0,Intersection Related 206,0.0,0.0,No Injury,Rear End,Daylight,Clear,Dry,32.0,Female,North,Going Straight Ahead,Speed To Fast For Conditions,No Apparent Influence,No Apparent Influence,30.0,Male,North,Stopped In Trafficway,No Improper Action,No Apparent Influence,No Apparent Influence,33.39273,-111.9396,2019-12-31,09:07:00
37627,3614290,2019,Scottsdale Rd,McKellips Rd,-170.0,Driveway Or Alley,0.0,0.0,No Injury,Left Turn,Daylight,Clear,Dry,22.0,Female,East,Making Left Turn,Failed To Yield Right Of Way,No Apparent Influence,No Apparent Influence,69.0,Male,South,Going Straight Ahead,No Improper Action,No Apparent Influence,No Apparent Influence,33.45077,-111.92647,2019-12-31,16:54:00
37634,3617440,2019,Rural Rd,Apache Blvd,50.0,Not Junction Related,0.0,0.0,No Injury,Unknown,Dark Lighted,Clear,Dry,19.0,Male,South,Making Left Turn,Failed To Yield Right Of Way,No Apparent Influence,No Apparent Influence,54.0,Male,North,Going Straight Ahead,No Improper Action,No Apparent Influence,No Apparent Influence,33.4149,-111.92629,2020-01-01,03:26:00
37636,3617435,2019,Rio Salado Pkwy,Rural Rd,0.0,Intersection 4 Way 202,2.0,0.0,Suspected Minor Injury,Left Turn,Dark Lighted,Clear,Dry,34.0,Female,South,Making Left Turn,Failed To Yield Right Of Way,No Apparent Influence,No Apparent Influence,54.0,Male,North,Going Straight Ahead,No Improper Action,No Apparent Influence,No Apparent Influence,33.42885,-111.92629,2020-01-01,04:32:00
37637,3614716,2020,Ash Ave,University Dr,80.0,Intersection Related 206,0.0,0.0,No Injury,Rear End,Dark Lighted,Clear,Dry,21.0,Male,South,Going Straight Ahead,Followed Too Closely,Alcohol,No Apparent Influence,28.0,Male,South,Stopped In Trafficway,No Improper Action,No Apparent Influence,No Apparent Influence,33.42215,-111.9424,2020-01-01,09:02:00
37639,3608918,2020,Wilson St,6th St,0.0,Intersection 4 Way 202,0.0,0.0,No Injury,Angle - Other Than Left Turn 2,Dark Not Lighted,Clear,Dry,23.0,Male,Southwest,Making Left Turn,Disregarded Traffic Signal,No Apparent Influence,No Apparent Influence,61.0,Male,South,Going Straight Ahead,No Improper Action,No Apparent Influence,No Apparent Influence,33.42432,-111.94577,2020-01-01,09:41:00
37641,3614179,2020,Scottsdale Rd,Playa Del Norte Dr,0.0,Intersection T Inter 203,1.0,0.0,Possible Injury,Angle - Other Than Left Turn 2,Daylight,Clear,Dry,27.0,Male,North,Going Straight Ahead,Disregarded Traffic Signal,No Apparent Influence,No Apparent Influence,52.0,Female,West,Making Left Turn,No Improper Action,No Apparent Influence,No Apparent Influence,33.43403,-111.92626,2020-01-01,21:37:00
37642,3614177,2020,Price Rd,Broadway Rd,0.0,Intersection 4 Way 202,0.0,0.0,No Injury,Left Turn,Daylight,Clear,Dry,29.0,Male,Northwest,Making Left Turn,Failed To Keep In Proper Lane,No Apparent Influence,No Apparent Influence,24.0,Male,Northwest,Making Left Turn,No Improper Action,No Apparent Influence,No Apparent Influence,33.40748,-111.89033,2020-01-01,23:45:00
37643,3614301,2020,Rural Rd,Apache Blvd,30.0,Intersection Related 206,0.0,0.0,No Injury,Rear End,Dark Lighted,Clear,Dry,19.0,Male,South,Going Straight Ahead,Followed Too Closely,No Apparent Influence,No Apparent Influence,35.0,Female,South,Stopped In Trafficway,No Improper Action,No Apparent Influence,No Apparent Influence,33.41484,-111.92629,2020-01-02,03:45:00
37646,3614202,2020,Baseline Rd,Priest Dr,0.0,Intersection 4 Way 202,1.0,0.0,Possible Injury,Angle - Other Than Left Turn 2,Daylight,Clear,Dry,21.0,Male,West,Going Straight Ahead,Disregarded Traffic Signal,No Apparent Influence,No Apparent Influence,35.0,Male,North,Going Straight Ahead,No Improper Action,No Apparent Influence,No Apparent Influence,33.37824,-111.96318,2020-01-02,16:33:00
37647,3614181,2020,Price Rd,University Dr,0.0,Intersection 4 Way 202,0.0,0.0,No Injury,Left Turn,Daylight,Clear,Dry,63.0,Female,South,Going Straight Ahead,Failed To Keep In Proper Lane,No Apparent Influence,No Apparent Influence,26.0,Female,South,Making Left Turn,No Improper Action,No Apparent Influence,No Apparent Influence,33.42201,-111.89195,2020-01-02,19:57:00
37648,3614190,2020,Kyrene Rd,Warner Rd,0.0,Intersection 4 Way 202,0.0,0.0,No Injury,Angle - Other Than Left Turn 2,Daylight,Clear,Dry,32.0,Male,South,Going Straight Ahead,Disregarded Traffic Signal,No Apparent Influence,No Apparent Influence,42.0,Female,East,Going Straight Ahead,No Improper Action,No Apparent Influence,No Apparent Influence,33.3346,-111.94566,2020-01-02,20:45:00
37651,3614223,2020,Rio Salado Pkwy,Smith Rd,0.0,Intersection 4 Way 202,0.0,0.0,No Injury,Left Turn,Dark Lighted,Clear,Dry,24.0,Male,West,Making Left Turn,Failed To Yield Right Of Way,No Apparent Influence,No Apparent Influence,31.0,Female,East,Going Straight Ahead,No Improper Action,No Apparent Influence,No Apparent Influence,33.42928,-111.90046,2020-01-03,01:08:00
37652,3617396,2020,Elliot Rd,Price Rd,-155.0,Not Junction Related,0.0,0.0,No Injury,Rear End,Dark Lighted,Clear,Dry,24.0,Female,East,Going Straight Ahead,Speed To Fast For Conditions,No Apparent Influence,No Apparent Influence,18.0,Male,East,Stopped In Trafficway,No Improper Action,No Apparent Influence,No Apparent Influence,33.34933,-111.89487,2020-01-03,01:16:00
37653,3614226,2020,Broadway Rd,Rural Rd,75.0,Intersection Related 206,0.0,0.0,No Injury,Other,Dark Lighted,Clear,Dry,55.0,Male,West,Backing,Other,No Apparent Influence,No Apparent Influence,21.0,Female,West,Stopped In Trafficway,No Improper Action,No Apparent Influence,No Apparent Influence,33.40751,-111.92604,2020-01-03,01:23:00
37655,3614224,2020,Elliot Rd,Rural Rd,0.0,Intersection 4 Way 202,0.0,0.0,No Injury,Left Turn,Dark Lighted,Clear,Dry,20.0,Male,East,Making Left Turn,Failed To Yield Right Of Way,No Apparent Influence,No Apparent Influence,24.0,Female,West,Going Straight Ahead,No Improper Action,No Apparent Influence,No Apparent Influence,33.34919,-111.92848,2020-01-03,02:32:00
37657,3632437,2020,Broadway Rd,Hardy Dr,40.0,Not Junction Related,0.0,0.0,No Injury,Sideswipe Same Direction,Dark Lighted,Clear,Dry,28.0,Female,West,Going Straight Ahead,Other,No Apparent Influence,No Apparent Influence,53.0,Female,West,Going Straight Ahead,No Improper Action,No Apparent Influence,No Apparent Influence,33.40739,-111.95203,2020-01-03,13:47:00
37659,3614183,2020,Evergreen Rd,University Dr,25.0,Intersection Related 206,0.0,0.0,No Injury,Rear End,Daylight,Clear,Dry,41.0,Male,South,Going Straight Ahead,Followed Too Closely,No Apparent Influence,No Apparent Influence,39.0,Female,South,Stopped In Trafficway,No Improper Action,No Apparent Influence,No Apparent Influence,33.42218,-111.88302,2020-01-03,16:06:00
37660,3614299,2020,Mill Ave,5th St,0.0,Intersection 4 Way 202,0.0,0.0,No Injury,Angle - Other Than Left Turn 2,Unknown 51,Unknown,Dry,22.0,Male,North,Going Straight Ahead,Disregarded Traffic Signal,No Apparent Influence,No Apparent Influence,23.0,Male,West,Going Straight Ahead,No Improper Action,No Apparent Influence,No Apparent Influence,33.4255,-111.94002,2020-01-03,16:10:00
37661,3614200,2020,Rural Rd,Guadalupe Rd,107.0,Intersection Related 206,0.0,0.0,No Injury,Rear End,Daylight,Clear,Dry,20.0,Female,South,Going Straight Ahead,Speed To Fast For Conditions,No Apparent Influence,No Apparent Influence,66.0,Male,South,Stopped In Trafficway,No Improper Action,No Apparent Influence,No Apparent Influence,33.36405,-111.92861,2020-01-03,16:56:00
37662,3614283,2020,Rural Rd,El Freda Rd,0.0,Intersection 201,0.0,0.0,No Injury,Sideswipe Same Direction,Daylight,Clear,Dry,44.0,Male,North,Going Straight Ahead,Unsafe Lane Change,No Apparent Influence,No Apparent Influence,62.0,Female,North,Stopped In Trafficway,No Improper Action,No Apparent Influence,No Apparent Influence,33.3383,-111.92842,2020-01-03,19:56:00
37664,3614083,2020,Baseline Rd,Pointe Pkwy,50.0,Intersection Related 206,1.0,0.0,Suspected Minor Injury,Rear End,Daylight,Clear,Dry,64.0,Female,West,Going Straight Ahead,Followed Too Closely,No Apparent Influence,No Apparent Influence,76.0,Male,West,Stopped In Trafficway,No Improper Action,No Apparent Influence,No Apparent Influence,33.37822,-111.97183,2020-01-03,23:31:00
37665,3615093,2020,Hardy Dr,5th St,-63.0,Intersection Related 206,1.0,0.0,Suspected Minor Injury,Rear End,Daylight,Clear,Dry,36.0,Male,North,Going Straight Ahead,Followed Too Closely,No Apparent Influence,No Apparent Influence,28.0,Male,North,Stopped In Trafficway,No Improper Action,No Apparent Influence,No Apparent Influence,33.42532,-111.95227,2020-01-03,23:33:00
37666,3614220,2020,Warner Rd,Kenwood Ln,0.0,Intersection T Inter 203,0.0,0.0,No Injury,Left Turn,Dark Lighted,Clear,Dry,19.0,Female,South,Making Right Turn,Failed To Yield Right Of Way,No Apparent Influence,No Apparent Influence,40.0,Male,West,Going Straight Ahead,No Improper Action,No Apparent Influence,No Apparent Influence,33.33472,-111.90292,2020-01-04,01:24:00
37667,3614302,2020,Scottsdale Rd,Hancock Ave,0.0,Intersection 4 Way 202,1.0,0.0,Possible Injury,Left Turn,Dark Lighted,Clear,Dry,48.0,Male,South,Making Left Turn,Failed To Yield Right Of Way,No Apparent Influence,No Apparent Influence,49.0,Female,North,Going Straight Ahead,No Improper Action,No Apparent Influence,No Apparent Influence,33.44666,-111.92646,2020-01-04,02:27:00
37670,3623044,2020,University Dr,48th St,130.0,Not Junction Related,0.0,0.0,No Injury,U Turn,Daylight,Clear,Dry,69.0,Female,Northwest,Making U Turn,Failed To Yield Right Of Way,No Apparent Influence,No Apparent Influence,33.0,Female,West,Going Straight Ahead,No Improper Action,No Apparent Influence,No Apparent Influence,33.42191,-111.97582,2020-01-05,21:43:00
37671,3656220,2020,Baseline Rd,I-10 Exit 155 G-Ramp,0.0,Intersection 4 Way 202,0.0,0.0,No Injury,Rear End,Daylight,Clear,Dry,28.0,Female,East,Going Straight Ahead,Speed To Fast For Conditions,No Apparent Influence,No Apparent Influence,36.0,Male,East,Slowing In Trafficway,No Improper Action,No Apparent Influence,No Apparent Influence,33.37827,-111.96863,2020-01-05,23:34:00
37672,3614000,2020,Broadway Rd,Jentilly Ln,0.0,Intersection T Inter 203,0.0,0.0,No Injury,Left Turn,Dusk,Clear,Dry,22.0,Male,South,Making Left Turn,Failed To Yield Right Of Way,No Apparent Influence,No Apparent Influence,34.0,Female,East,Going Straight Ahead,No Improper Action,No Apparent Influence,No Apparent Influence,33.4075,-111.92372,2020-01-06,00:48:00
37673,3617419,2020,Scottsdale Rd,Hancock Ave,22.0,Intersection Related 206,2.0,0.0,Possible Injury,Rear End,Unknown 51,Unknown,Dry,23.0,Male,South,Unknown,Speed To Fast For Conditions,No Apparent Influence,No Apparent Influence,17.0,Male,South,Unknown,No Improper Action,No Apparent Influence,No Apparent Influence,33.44672,-111.92646,2020-01-06,01:47:00
37674,3633450,2020,McKemy St,Yale Dr,-200.0,Not Junction Related,0.0,0.0,No Injury,Head On,Dark Lighted,Clear,Dry,26.0,Female,South,Going Straight Ahead,Speed To Fast For Conditions,No Apparent Influence,No Apparent Influence,31.0,Male,South,Going Straight Ahead,No Improper Action,No Apparent Influence,No Apparent Influence,33.36976,-111.95278,2020-01-06,05:24:00
37676,3614013,2020,University Dr,Rural Rd,104.0,Intersection Related 206,1.0,0.0,Possible Injury,Rear End,Daylight,Clear,Dry,41.0,Male,West,Going Straight Ahead,Speed To Fast For Conditions,No Apparent Influence,No Apparent Influence,45.0,Female,West,Going Straight Ahead,No Improper Action,No Apparent Influence,No Apparent Influence,33.42203,-111.92597,2020-01-06,14:47:00
37679,3614306,2020,Price Rd,Wildermuth Ave,225.0,Not Junction Related,1.0,0.0,Possible Injury,Rear End,Daylight,Clear,Dry,25.0,Female,South,Going Straight Ahead,Followed Too Closely,No Apparent Influence,No Apparent Influence,29.0,Female,South,Stopped In Trafficway,No Improper Action,No Apparent Influence,No Apparent Influence,33.41358,-111.89196,2020-01-06,15:50:00
37680,3614295,2020,Price Rd,Apache Blvd,80.0,Intersection Related 206,0.0,0.0,No Injury,Rear End,Daylight,Clear,Dry,58.0,Male,South,Slowing In Trafficway,Followed Too Closely,No Apparent Influence,No Apparent Influence,25.0,Male,South,Stopped In Trafficway,No Improper Action,No Apparent Influence,No Apparent Influence,33.41502,-111.89194,2020-01-06,20:15:00
37681,3614173,2020,Baseline Rd,Kyrene Rd,0.0,Intersection T Inter 203,0.0,0.0,No Injury,Left Turn,Daylight,Clear,Dry,32.0,Male,South,Making Left Turn,Failed To Yield Right Of Way,No Apparent Influence,No Apparent Influence,32.0,Female,West,Going Straight Ahead,No Improper Action,No Apparent Influence,No Apparent Influence,33.37822,-111.94389,2020-01-06,22:47:00
37683,3614167,2020,Broadway Rd,River Dr,0.0,Intersection T Inter 203,1.0,0.0,Suspected Minor Injury,Left Turn,Daylight,Clear,Dry,27.0,Female,West,Making Left Turn,Failed To Yield Right Of Way,No Apparent Influence,No Apparent Influence,20.0,Female,East,Going Straight Ahead,No Improper Action,No Apparent Influence,No Apparent Influence,33.4075,-111.89775,2020-01-07,00:17:00
37686,3614191,2020,Baseline Rd,Priest Dr,15.0,Intersection Related 206,1.0,0.0,Possible Injury,Angle - Other Than Left Turn 2,Dark Lighted,Clear,Dry,21.0,Male,North,Making Right Turn,Made Improper Turn,No Apparent Influence,No Apparent Influence,37.0,Male,West,Going Straight Ahead,No Improper Action,No Apparent Influence,No Apparent Influence,33.37824,-111.96313,2020-01-07,05:32:00
37688,3614199,2020,Continental Dr,McAllister Ave,200.0,Not Junction Related,0.0,0.0,No Injury,Sideswipe Same Direction,Daylight,Clear,Dry,22.0,Female,East,Other,Failed To Yield Right Of Way,No Apparent Influence,No Apparent Influence,45.0,Male,East,Going Straight Ahead,No Improper Action,No Apparent Influence,No Apparent Influence,33.45843,-111.93004,2020-01-07,15:40:00
37690,3615097,2020,5th St,Price Rd,-34.0,Intersection Related 206,0.0,0.0,No Injury,Rear End,Daylight,Clear,Dry,51.0,Male,East,Going Straight Ahead,Followed Too Closely,No Apparent Influence,No Apparent Influence,44.0,Male,East,Stopped In Trafficway,No Improper Action,No Apparent Influence,No Apparent Influence,33.42569,-111.89201,2020-01-07,18:04:00
37693,3615092,2020,Baseline Rd,Calle Los Cerros,-30.0,Intersection Related 206,1.0,0.0,Suspected Minor Injury,Rear End,Daylight,Clear,Dry,19.0,Female,East,Going Straight Ahead,Followed Too Closely,No Apparent Influence,No Apparent Influence,33.0,Female,East,Stopped In Trafficway,No Improper Action,No Apparent Influence,No Apparent Influence,33.37821,-111.97419,2020-01-07,21:39:00
37695,3614288,2020,1st St,Beck Ave,0.0,Intersection T Inter 203,0.0,0.0,No Injury,Angle - Other Than Left Turn 2,Daylight,Clear,Dry,37.0,Male,North,Making Left Turn,Failed To Yield Right Of Way,No Apparent Influence,No Apparent Influence,52.0,Male,East,Going Straight Ahead,No Improper Action,No Apparent Influence,No Apparent Influence,33.42908,-111.95673,2020-01-07,23:32:00
37697,3614272,2020,Warner Rd,McKemy St,0.0,Intersection T Inter 203,0.0,0.0,No Injury,Rear End,Daylight,Clear,Dry,62.0,Male,East,Going Straight Ahead,Followed Too Closely,No Apparent Influence,No Apparent Influence,72.0,Male,East,Slowing In Trafficway,No Improper Action,No Apparent Influence,No Apparent Influence,33.33459,-111.94944,2020-01-08,18:55:00
37698,3614169,2020,Rural Rd,Terrace Rd,90.0,Intersection Related 206,0.0,0.0,No Injury,Rear End,Daylight,Clear,Dry,29.0,Female,South,Slowing In Trafficway,Followed Too Closely,No Apparent Influence,No Apparent Influence,51.0,Male,South,Slowing In Trafficway,Followed Too Closely,No Apparent Influence,No Apparent Influence,33.42052,-111.9263,2020-01-08,22:05:00
37699,3614244,2020,Broadway Rd,52nd St,0.0,Intersection 4 Way 202,1.0,0.0,Possible Injury,Sideswipe Same Direction,Daylight,Clear,Dry,57.0,Male,West,Going Straight Ahead,Unknown,No Apparent Influence,No Apparent Influence,21.0,Female,West,Going Straight Ahead,Unknown,No Apparent Influence,No Apparent Influence,33.40925,-111.96953,2020-01-08,22:16:00
37700,3614025,2020,Mill Ave,Alameda Dr,-165.0,Not Junction Related,1.0,0.0,Suspected Minor Injury,Rear End,Daylight,Clear,Dry,22.0,Male,South,Going Straight Ahead,Followed Too Closely,No Apparent Influence,No Apparent Influence,60.0,Male,South,Stopped In Trafficway,No Improper Action,No Apparent Influence,No Apparent Influence,33.39966,-111.9397,2020-01-08,23:24:00
37703,3615098,2020,McClintock Dr,SR-202 Exit 8 A-Ramp,0.0,Intersection 201,2.0,0.0,Suspected Minor Injury,Left Turn,Dark Lighted,Clear,Dry,39.0,Female,North,Making Left Turn,Failed To Yield Right Of Way,No Apparent Influence,No Apparent Influence,65.0,Female,South,Going Straight Ahead,No Improper Action,No Apparent Influence,No Apparent Influence,33.43646,-111.90961,2020-01-09,01:52:00
37704,3614215,2020,University Dr,SR-143 Exit 1 J-Ramp,0.0,Intersection 201,1.0,0.0,Possible Injury,Angle - Other Than Left Turn 2,Daylight,Clear,Dry,17.0,Male,East,Going Straight Ahead,Unknown,No Apparent Influence,No Apparent Influence,24.0,Female,North,Making Left Turn,Unknown,No Apparent Influence,No Apparent Influence,33.42189,-111.97817,2020-01-09,03:35:00
37706,3614032,2020,Price Rd,University Dr,-120.0,Intersection Related 206,1.0,0.0,Possible Injury,Angle - Other Than Left Turn 2,Dark Lighted,Clear,Dry,49.0,Female,East,Making Right Turn,Failed To Yield Right Of Way,No Apparent Influence,No Apparent Influence,28.0,Male,South,Going Straight Ahead,No Improper Action,No Apparent Influence,No Apparent Influence,33.42168,-111.89196,2020-01-09,03:44:00
37708,3614084,2020,Southern Ave,Mill Ave,99.0,Intersection Related 206,1.0,0.0,Possible Injury,Sideswipe Same Direction,Dark Lighted,Clear,Dry,54.0,Male,Northeast,Making Right Turn,Failed To Yield Right Of Way,No Apparent Influence,No Apparent Influence,69.0,Male,East,Going Straight Ahead,Other,No Apparent Influence,No Apparent Influence,33.39287,-111.93928,2020-01-09,13:19:00
37713,3617404,2020,Kyrene Rd,La Donna Dr,34.0,Not Junction Related,2.0,0.0,Suspected Minor Injury,Rear End,Daylight,Clear,Dry,29.0,Female,North,Going Straight Ahead,Followed Too Closely,No Apparent Influence,No Apparent Influence,33.0,Female,North,Slowing In Trafficway,No Improper Action,No Apparent Influence,No Apparent Influence,33.3681,-111.94592,2020-01-09,20:42:00
37714,3614196,2020,University Dr,Rockford Dr,115.0,Intersection Related 206,1.0,0.0,Possible Injury,Rear End,Daylight,Clear,Dry,39.0,Male,East,Going Straight Ahead,Followed Too Closely,No Apparent Influence,No Apparent Influence,34.0,Female,East,Stopped In Trafficway,No Improper Action,No Apparent Influence,No Apparent Influence,33.4221,-111.89769,2020-01-09,22:13:00
37718,3614034,2020,Guadalupe Rd,La Rosa Dr,0.0,Intersection T Inter 203,0.0,0.0,No Injury,Left Turn,Daylight,Cloudy,Dry,20.0,Female,North,Making Left Turn,Failed To Yield Right Of Way,No Apparent Influence,No Apparent Influence,32.0,Female,West,Going Straight Ahead,No Improper Action,No Apparent Influence,No Apparent Influence,33.36375,-111.93088,2020-01-10,00:35:00
37720,3614030,2020,Rural Rd,US-60 Exit 174 G-Ramp,133.0,Intersection Related 206,1.0,0.0,Possible Injury,Rear End,Dark Lighted,Clear,Dry,31.0,Male,South,Going Straight Ahead,Followed Too Closely,Alcohol,No Apparent Influence,22.0,Male,South,Stopped In Trafficway,No Improper Action,No Apparent Influence,No Apparent Influence,33.38539,-111.92647,2020-01-10,08:01:00
37722,3614018,2020,Scottsdale Rd,Rio Salado Pkwy,0.22,Not Junction Related,2.0,0.0,Possible Injury,Rear End,Daylight,Clear,Unknown,63.0,Female,South,Going Straight Ahead,Speed To Fast For Conditions,No Apparent Influence,No Apparent Influence,24.0,Male,South,Going Straight Ahead,Unknown,No Apparent Influence,No Apparent Influence,33.43204,-111.92627,2020-01-10,16:27:00
37723,3617446,2020,Priest Dr,Elliot Rd,0.0,Intersection 4 Way 202,0.0,0.0,No Injury,Sideswipe Same Direction,Daylight,Clear,Dry,30.0,Male,North,Going Straight Ahead,Unknown,No Apparent Influence,No Apparent Influence,57.0,Male,North,Going Straight Ahead,Unknown,No Apparent Influence,No Apparent Influence,33.3491,-111.96313,2020-01-10,16:45:00
37724,3614036,2020,Baseline Rd,56th St,-0.15,Intersection Related 206,0.0,0.0,No Injury,Sideswipe Same Direction,Daylight,Clear,Dry,35.0,Female,East,Changing Lanes,Unsafe Lane Change,No Apparent Influence,No Apparent Influence,32.0,Female,East,Going Straight Ahead,No Improper Action,No Apparent Influence,No Apparent Influence,33.37827,-111.96577,2020-01-10,16:51:00
37726,3623262,2020,Elliot Rd,Price Rd,-10.0,Intersection Related 206,0.0,0.0,No Injury,Rear End,Daylight,Clear,Dry,39.0,Female,East,Going Straight Ahead,Followed Too Closely,No Apparent Influence,No Apparent Influence,71.0,Male,East,Stopped In Trafficway,No Improper Action,No Apparent Influence,No Apparent Influence,33.34934,-111.8944,2020-01-10,17:31:00
37727,3617414,2020,Rio Salado Pkwy,Siesta Ln,75.0,Not Junction Related,0.0,0.0,No Injury,Rear End,Daylight,Clear,Dry,24.0,Female,West,Going Straight Ahead,Speed To Fast For Conditions,No Apparent Influence,No Apparent Influence,64.0,Male,West,Stopped In Trafficway,No Improper Action,No Apparent Influence,No Apparent Influence,33.42937,-111.89337,2020-01-10,17:44:00
37728,3614045,2020,Fairmont Dr,52nd St,0.0,Intersection 4 Way 202,2.0,0.0,Suspected Minor Injury,Angle - Other Than Left Turn 2,Daylight,Clear,Dry,35.0,Female,East,Going Straight Ahead,Ran Stop Sign,No Apparent Influence,No Apparent Influence,28.0,Female,North,Going Straight Ahead,No Improper Action,No Apparent Influence,No Apparent Influence,33.39644,-111.97067,2020-01-10,18:48:00
37729,3614037,2020,Broadway Rd,55th St,0.0,Intersection 4 Way 202,2.0,0.0,Suspected Minor Injury,Left Turn,Daylight,Clear,Dry,26.0,Female,West,Making Left Turn,Failed To Yield Right Of Way,No Apparent Influence,No Apparent Influence,30.0,Male,East,Going Straight Ahead,No Improper Action,No Apparent Influence,No Apparent Influence,33.40758,-111.96582,2020-01-10,19:01:00
37731,3614269,2020,13th St,Farmer Ave,68.0,Intersection Related 206,0.0,0.0,No Injury,Rear End,Daylight,Clear,Dry,29.0,Female,East,Going Straight Ahead,Unknown,No Apparent Influence,No Apparent Influence,26.0,Female,East,Stopped In Trafficway,Unknown,No Apparent Influence,No Apparent Influence,33.41466,-111.94402,2020-01-10,23:16:00
37732,3613995,2020,Mill Ave,Southern Ave,-150.0,Driveway Or Alley,0.0,0.0,No Injury,Left Turn,Daylight,Clear,Dry,39.0,Male,East,Making Left Turn,Failed To Yield Right Of Way,No Apparent Influence,No Apparent Influence,30.0,Female,South,Going Straight Ahead,No Improper Action,No Apparent Influence,No Apparent Influence,33.39245,-111.9396,2020-01-10,23:23:00
37734,3629765,2020,Price Rd,University Dr,175.0,Intersection Related 206,0.0,0.0,No Injury,Rear End,Dusk,Clear,Dry,21.0,Male,South,Going Straight Ahead,Speed To Fast For Conditions,No Apparent Influence,No Apparent Influence,26.0,Male,South,Stopped In Trafficway,No Improper Action,No Apparent Influence,No Apparent Influence,33.42249,-111.89195,2020-01-11,00:54:00