,Incident ID,Year,Street Name,Cross Street,Distance,Junction Relation,Total Injuries,Total Fatalities,Injury Severity,Collision Manner,Light Condition,Weather,Surface Condition,Age Driver 1,Gender Driver 1,Travel Direction One,Unit Action One,Violation1_Drv1,Alcohol Use Driver 1,Drug Use Driver 1,Age Driver 2,Gender Driver 2,Travel Direction Two,Unit Action Two,Violation 1 Driver 2,Alcohol Use Driver 2,Drug Use Driver 2,Latitude,Longitude,Date,Time
37859,3622987,2020,McClintock Dr,Rio Salado Pkwy,15.0,Intersection Related 206,2.0,0.0,Suspected Minor Injury,Rear End,Daylight,Cloudy,Dry,33.0,Female,South,Going Straight Ahead,Speed To Fast For Conditions,No Apparent Influence,No Apparent Influence,54.0,Male,South,Stopped In Trafficway,No Improper Action,No Apparent Influence,No Apparent Influence,33.4293,-111.90907,2020-01-20,23:38:00
37861,3623015,2020,McClintock Dr,Broadway Rd,-55.0,Intersection Related 206,0.0,0.0,No Injury,Rear End,Daylight,Cloudy,Dry,40.0,Male,North,Going Straight Ahead,Speed To Fast For Conditions,No Apparent Influence,No Apparent Influence,61.0,Female,North,Stopped In Trafficway,No Improper Action,No Apparent Influence,No Apparent Influence,33.40735,-111.90912,2020-01-20,23:46:00
37862,3631703,2020,Priest Dr,University Dr,-100.0,Intersection Related 206,0.0,0.0,No Injury,Angle - Other Than Left Turn 2,Daylight,Cloudy,Dry,22.0,Male,North,Going Straight Ahead,Failed To Yield Right Of Way,No Apparent Influence,No Apparent Influence,25.0,Male,East,Going Straight Ahead,No Improper Action,No Apparent Influence,No Apparent Influence,33.42167,-111.96091,2020-01-20,23:48:00
37863,3630246,2020,Rural Rd,Elliot Rd,200.0,Intersection Related 206,1.0,0.0,Possible Injury,Angle - Other Than Left Turn 2,Daylight,Clear,Dry,19.0,Female,East,Going Straight Ahead,Failed To Yield Right Of Way,No Apparent Influence,No Apparent Influence,64.0,Female,South,Going Straight Ahead,No Improper Action,No Apparent Influence,No Apparent Influence,33.34974,-111.92849,2020-01-20,23:57:00
37864,3623017,2020,Rural Rd,Broadway Rd,130.0,Intersection Related 206,0.0,0.0,No Injury,Rear End,Dusk,Cloudy,Dry,16.0,Male,North,Going Straight Ahead,Speed To Fast For Conditions,No Apparent Influence,No Apparent Influence,19.0,Female,North,Stopped In Trafficway,No Improper Action,No Apparent Influence,No Apparent Influence,33.40786,-111.92628,2020-01-21,00:19:00
37866,3664674,2020,Rural Rd,Elliot Rd,0.0,Intersection 4 Way 202,2.0,0.0,Suspected Serious Injury,Angle - Other Than Left Turn 2,Dark Lighted,Rain,Wet,57.0,Female,West,Going Straight Ahead,Disregarded Traffic Signal,No Apparent Influence,No Apparent Influence,66.0,Male,South,Going Straight Ahead,No Improper Action,No Apparent Influence,No Apparent Influence,33.34919,-111.92848,2020-01-21,12:46:00
37867,3617422,2020,Mill Ave,Southern Ave,-162.0,Intersection Related 206,0.0,0.0,No Injury,Sideswipe Same Direction,Dark Lighted,Rain,Dry,21.0,Male,North,Changing Lanes,Unsafe Lane Change,No Apparent Influence,No Apparent Influence,69.0,Male,North,Going Straight Ahead,No Improper Action,No Apparent Influence,No Apparent Influence,33.39242,-111.93959,2020-01-21,13:35:00
37868,3617381,2020,Mill Ave,Carter Dr,-84.0,Not Junction Related,0.0,0.0,No Injury,Rear End,Dawn,Rain,Wet,40.0,Male,North,Slowing In Trafficway,Speed To Fast For Conditions,No Apparent Influence,No Apparent Influence,64.0,Female,North,Stopped In Trafficway,No Improper Action,No Apparent Influence,No Apparent Influence,33.38305,-111.93945,2020-01-21,14:23:00
37869,3617449,2020,Scottsdale Rd,Curry Rd,-24.0,Intersection Related 206,1.0,0.0,Possible Injury,Rear End,Daylight,Rain,Wet,35.0,Male,North,Slowing In Trafficway,Speed To Fast For Conditions,No Apparent Influence,No Apparent Influence,34.0,Female,North,Slowing In Trafficway,No Improper Action,No Apparent Influence,No Apparent Influence,33.44023,-111.92633,2020-01-21,14:23:00
37870,3617450,2020,Rural Rd,Elliot Rd,180.0,Not Junction Related,0.0,0.0,No Injury,Left Turn,Daylight,Rain,Wet,26.0,Male,Northeast,Making Left Turn,Speed To Fast For Conditions,No Apparent Influence,No Apparent Influence,42.0,Male,South,Stopped In Trafficway,No Improper Action,No Apparent Influence,No Apparent Influence,33.34968,-111.92849,2020-01-21,14:54:00
37872,3623265,2020,Price Rd,Apache Blvd,-170.0,Intersection Related 206,0.0,0.0,No Injury,Rear End,Daylight,Cloudy,Wet,37.0,Male,North,Going Straight Ahead,Followed Too Closely,No Apparent Influence,No Apparent Influence,70.0,Female,North,Stopped In Trafficway,No Improper Action,No Apparent Influence,No Apparent Influence,33.41433,-111.89073,2020-01-21,16:03:00
37873,3617395,2020,Broadway Rd,Dorsey Ln,0.0,Driveway Or Alley,0.0,0.0,No Injury,Angle - Other Than Left Turn 2,Daylight,Cloudy,Wet,20.0,Female,Northeast,Making Right Turn,Failed To Yield Right Of Way,No Apparent Influence,No Apparent Influence,37.0,Female,East,Going Straight Ahead,No Improper Action,No Apparent Influence,No Apparent Influence,33.40751,-111.9177,2020-01-21,16:46:00
37874,3623008,2020,University Dr,McClintock Dr,30.0,Intersection Related 206,0.0,0.0,No Injury,Rear End,Daylight,Cloudy,Wet,48.0,Male,West,Going Straight Ahead,Followed Too Closely,No Apparent Influence,No Apparent Influence,20.0,Male,West,Stopped In Trafficway,No Improper Action,No Apparent Influence,No Apparent Influence,33.42199,-111.90899,2020-01-21,20:01:00
37875,3632441,2020,Rio Salado Pkwy,River Dr,95.0,Not Junction Related,0.0,0.0,No Injury,Sideswipe Same Direction,Daylight,Rain,Wet,50.0,Male,West,Changing Lanes,Failed To Yield Right Of Way,No Apparent Influence,No Apparent Influence,68.0,Male,West,Going Straight Ahead,No Improper Action,No Apparent Influence,No Apparent Influence,33.42936,-111.89502,2020-01-21,20:12:00
37876,3617002,2020,Scottsdale Rd,Tempe Dr,50.0,Not Junction Related,0.0,0.0,No Injury,Sideswipe Same Direction,Daylight,Rain,Wet,19.0,Male,North,Going Straight Ahead,Followed Too Closely,No Apparent Influence,No Apparent Influence,21.0,Male,North,Slowing In Trafficway,No Improper Action,No Apparent Influence,No Apparent Influence,33.44236,-111.9264,2020-01-21,20:41:00
37877,3623007,2020,Baseline Rd,Pointe Pkwy,132.0,Not Junction Related,2.0,0.0,Suspected Minor Injury,Rear End,Daylight,Cloudy,Wet,24.0,Male,East,Going Straight Ahead,Followed Too Closely,No Apparent Influence,No Apparent Influence,24.0,Male,East,Stopped In Trafficway,No Improper Action,No Apparent Influence,No Apparent Influence,33.37822,-111.97156,2020-01-21,21:22:00
37878,3623020,2020,College Ave,Aepli Dr,0.0,Intersection 201,0.0,0.0,No Injury,Angle - Other Than Left Turn 2,Daylight,Cloudy,Dry,88.0,Male,West,Making Left Turn,Failed To Yield Right Of Way,No Apparent Influence,No Apparent Influence,47.0,Male,South,Slowing In Trafficway,No Improper Action,No Apparent Influence,No Apparent Influence,33.40562,-111.93491,2020-01-21,22:57:00
37879,3623005,2020,Guadalupe Rd,McClintock Dr,96.0,Intersection Related 206,0.0,0.0,No Injury,Left Turn,Daylight,Cloudy,Dry,22.0,Female,South,Making Left Turn,Failed To Yield Right Of Way,No Apparent Influence,No Apparent Influence,33.0,Male,West,Going Straight Ahead,No Improper Action,No Apparent Influence,No Apparent Influence,33.36376,-111.91094,2020-01-21,23:23:00
37880,3623266,2020,Rural Rd,Vista Del Cerro Dr,-40.0,Intersection Related 206,0.0,0.0,No Injury,Rear End,Daylight,Cloudy,Wet,21.0,Female,North,Going Straight Ahead,Followed Too Closely,No Apparent Influence,No Apparent Influence,31.0,Male,North,Going Straight Ahead,No Improper Action,No Apparent Influence,No Apparent Influence,33.41001,-111.92628,2020-01-21,23:27:00
37882,3622984,2020,Priest Dr,14th St,60.0,Intersection Related 206,1.0,0.0,Suspected Minor Injury,Rear End,Unknown 51,Unknown,Wet,28.0,Female,South,Going Straight Ahead,Speed To Fast For Conditions,No Apparent Influence,No Apparent Influence,21.0,Male,South,Stopped In Trafficway,No Improper Action,No Apparent Influence,No Apparent Influence,33.41333,-111.96082,2020-01-21,23:31:00
37884,3622966,2020,Baseline Rd,Priest Dr,-166.0,Intersection Related 206,0.0,0.0,No Injury,Rear End,Daylight,Cloudy,Wet,35.0,Female,West,Going Straight Ahead,Followed Too Closely,No Apparent Influence,No Apparent Influence,42.0,Male,West,Stopped In Trafficway,No Improper Action,No Apparent Influence,No Apparent Influence,33.37825,-111.96372,2020-01-22,00:11:00
37886,3623039,2020,Southern Ave,Price Rd,0.0,Intersection 4 Way 202,0.0,0.0,No Injury,Angle - Other Than Left Turn 2,Dark Lighted,Clear,Dry,48.0,Female,West,Going Straight Ahead,Disregarded Traffic Signal,No Apparent Influence,No Apparent Influence,61.0,Female,South,Going Straight Ahead,No Improper Action,No Apparent Influence,No Apparent Influence,33.39296,-111.89203,2020-01-22,11:04:00
37888,3621825,2020,McClintock Dr,SR-202 Exit 8 J-Ramp,0.0,Intersection 201,1.0,0.0,Suspected Minor Injury,Left Turn,Dark Lighted,Cloudy,Dry,19.0,Male,North,Making Left Turn,Failed To Yield Right Of Way,No Apparent Influence,No Apparent Influence,25.0,Female,South,Going Straight Ahead,No Improper Action,No Apparent Influence,No Apparent Influence,33.43662,-111.90962,2020-01-22,13:55:00
37889,3632596,2020,River Pkwy,Centennial Cir,0.0,Intersection T Inter 203,0.0,0.0,No Injury,Angle - Other Than Left Turn 2,Dawn,Clear,Dry,49.0,Male,Southeast,Going Straight Ahead,Ran Stop Sign,No Apparent Influence,No Apparent Influence,47.0,Male,Southwest,Going Straight Ahead,No Improper Action,No Apparent Influence,No Apparent Influence,33.33956,-111.89896,2020-01-22,14:01:00
37890,3632987,2020,Knox Rd,La Rosa Dr,60.0,Not Junction Related,0.0,0.0,No Injury,U Turn,Daylight,Clear,Dry,50.0,Female,West,Going Straight Ahead,Followed Too Closely,No Apparent Influence,No Apparent Influence,19.0,Male,West,Making U Turn,Other,No Apparent Influence,No Apparent Influence,33.32735,-111.92967,2020-01-22,14:15:00
37892,3631668,2020,Baseline Rd,Price Rd,-70.0,Intersection Related 206,0.0,0.0,No Injury,Sideswipe Same Direction,Daylight,Cloudy,Dry,72.0,Male,East,Stopped In Trafficway,Other,No Apparent Influence,No Apparent Influence,22.0,Female,East,Going Straight Ahead,No Improper Action,No Apparent Influence,No Apparent Influence,33.37846,-111.89385,2020-01-22,15:10:00
37893,3632986,2020,Elliot Rd,Hardy Dr,0.0,Intersection 4 Way 202,0.0,0.0,No Injury,Left Turn,Daylight,Clear,Dry,43.0,Male,West,Making Left Turn,Failed To Yield Right Of Way,No Apparent Influence,No Apparent Influence,29.0,Female,East,Going Straight Ahead,No Improper Action,No Apparent Influence,No Apparent Influence,33.34916,-111.95448,2020-01-22,15:26:00
37895,3629726,2020,Mill Ave,Apache Blvd,0.0,Intersection T Inter 203,0.0,0.0,No Injury,Angle - Other Than Left Turn 2,Daylight,Cloudy,Dry,39.0,Female,West,Going Straight Ahead,Disregarded Traffic Signal,No Apparent Influence,No Apparent Influence,73.0,Female,North,Making Left Turn,No Improper Action,No Apparent Influence,No Apparent Influence,33.41602,-111.93953,2020-01-22,17:49:00
37896,3622999,2020,Rio Salado Pkwy,Priest Dr,-40.0,Intersection Related 206,0.0,0.0,No Injury,Rear End,Daylight,Clear,Dry,54.0,Male,East,Going Straight Ahead,Followed Too Closely,No Apparent Influence,No Apparent Influence,47.0,Male,East,Stopped In Trafficway,No Improper Action,No Apparent Influence,No Apparent Influence,33.42953,-111.96109,2020-01-22,17:50:00
37897,3623023,2020,Priest Dr,Warner Rd,-15.0,Intersection Related 206,0.0,0.0,No Injury,Sideswipe Same Direction,Daylight,Clear,Unknown,35.0,Male,North,Making Right Turn,Failed To Keep In Proper Lane,No Apparent Influence,No Apparent Influence,76.0,Female,North,Stopped In Trafficway,No Improper Action,No Apparent Influence,No Apparent Influence,33.33448,-111.96312,2020-01-22,18:18:00
37898,3632642,2020,University Dr,Forest Service 01 Tempe Ave,150.0,Not Junction Related,0.0,0.0,No Injury,Rear End,Daylight,Clear,Dry,52.0,Female,East,Going Straight Ahead,Followed Too Closely,No Apparent Influence,No Apparent Influence,40.0,Male,East,Stopped In Trafficway,No Improper Action,No Apparent Influence,No Apparent Influence,33.42195,-111.93616,2020-01-22,18:42:00
37900,3632988,2020,Baseline Rd,Darrow Dr,195.0,Not Junction Related,0.0,0.0,No Injury,Angle - Other Than Left Turn 2,Daylight,Clear,Dry,32.0,Male,South,Other,Failed To Yield Right Of Way,No Apparent Influence,No Apparent Influence,20.0,Male,West,Going Straight Ahead,No Improper Action,No Apparent Influence,No Apparent Influence,33.37824,-111.96049,2020-01-22,21:52:00
37901,3623035,2020,Southern Ave,Mill Ave,-0.11,Intersection Related 206,0.0,0.0,No Injury,Rear End,Daylight,Clear,Dry,46.0,Male,East,Going Straight Ahead,Speed To Fast For Conditions,No Apparent Influence,No Apparent Influence,84.0,Female,East,Going Straight Ahead,No Improper Action,No Apparent Influence,No Apparent Influence,33.39285,-111.94151,2020-01-22,22:42:00
37902,3633000,2020,Warner Rd,Taylor Dr,0.0,Intersection T Inter 203,1.0,0.0,Possible Injury,Angle - Other Than Left Turn 2,Daylight,Clear,Dry,72.0,Female,Unknown,Changing Lanes,Unknown,No Apparent Influence,No Apparent Influence,76.0,Male,Unknown,Going Straight Ahead,No Improper Action,No Apparent Influence,No Apparent Influence,33.33467,-111.90785,2020-01-22,23:09:00
37904,3629712,2020,Warner Rd,Juniper Dr,-50.0,Intersection Related 206,1.0,0.0,Possible Injury,Rear End,Daylight,Clear,Dry,52.0,Male,East,Going Straight Ahead,Other,No Apparent Influence,No Apparent Influence,49.0,Male,East,Stopped In Trafficway,No Improper Action,No Apparent Influence,No Apparent Influence,33.33467,-111.91564,2020-01-22,23:24:00
37905,3629737,2020,Rio Salado Pkwy,SR-101 Cardinal Frontage,-150.0,Intersection Related 206,0.0,0.0,No Injury,Rear End,Daylight,Cloudy,Dry,37.0,Male,East,Going Straight Ahead,Followed Too Closely,No Apparent Influence,No Apparent Influence,52.0,Male,East,Stopped In Trafficway,No Improper Action,No Apparent Influence,No Apparent Influence,33.42937,-111.89232,2020-01-22,23:33:00
37908,3629760,2020,Kyrene Rd,Elliot Rd,0.0,Intersection 4 Way 202,1.0,0.0,Suspected Minor Injury,Left Turn,Daylight,Clear,Dry,58.0,Female,North,Making Left Turn,Failed To Yield Right Of Way,No Apparent Influence,No Apparent Influence,53.0,Male,South,Going Straight Ahead,No Improper Action,Alcohol,No Apparent Influence,33.3492,-111.94573,2020-01-23,00:16:00
37910,3622973,2020,McClintock Dr,Randall Dr,50.0,Intersection Related 206,2.0,0.0,Suspected Minor Injury,Left Turn,Dark Lighted,Clear,Dry,32.0,Male,North,Making Left Turn,Failed To Yield Right Of Way,No Apparent Influence,No Apparent Influence,30.0,Female,South,Going Straight Ahead,No Improper Action,No Apparent Influence,No Apparent Influence,33.41833,-111.9091,2020-01-23,00:55:00
37911,3623003,2020,Elliot Rd,McClintock Dr,-40.0,Intersection Related 206,0.0,0.0,No Injury,Rear End,Daylight,Clear,Dry,71.0,Male,East,Going Straight Ahead,Followed Too Closely,No Apparent Influence,No Apparent Influence,24.0,Female,East,Stopped In Trafficway,No Improper Action,No Apparent Influence,No Apparent Influence,33.34913,-111.91132,2020-01-23,00:58:00
37912,3623041,2020,University Dr,Rural Rd,0.0,Intersection 4 Way 202,0.0,0.0,No Injury,Left Turn,Dark Lighted,Clear,Dry,20.0,Male,West,Making Left Turn,Failed To Yield Right Of Way,No Apparent Influence,No Apparent Influence,29.0,Male,East,Going Straight Ahead,No Improper Action,No Apparent Influence,No Apparent Influence,33.42203,-111.92631,2020-01-23,02:21:00
37914,3623034,2020,Baseline Rd,Price Rd,0.0,Intersection Related 206,0.0,0.0,No Injury,Angle - Other Than Left Turn 2,Dark Lighted,Clear,Dry,40.0,Female,East,Unknown,Failed To Yield Right Of Way,No Apparent Influence,No Apparent Influence,41.0,Male,South,Going Straight Ahead,No Improper Action,No Apparent Influence,No Apparent Influence,33.37846,-111.89362,2020-01-23,10:23:00
37915,3633013,2020,Southern Ave,Fair Ln,60.0,Driveway Or Alley,0.0,0.0,No Injury,Angle - Other Than Left Turn 2,Daylight,Clear,Dry,67.0,Male,South,Making Left Turn,Failed To Yield Right Of Way,No Apparent Influence,No Apparent Influence,28.0,Male,East,Changing Lanes,No Improper Action,No Apparent Influence,No Apparent Influence,33.39278,-111.97581,2020-01-23,15:16:00
37916,3622990,2020,Rural Rd,Gail Dr,115.0,Intersection Related 206,0.0,0.0,No Injury,Rear End,Daylight,Clear,Dry,17.0,Female,South,Going Straight Ahead,Followed Too Closely,No Apparent Influence,No Apparent Influence,42.0,Female,South,Stopped In Trafficway,No Improper Action,No Apparent Influence,No Apparent Influence,33.32277,-111.92822,2020-01-23,18:42:00
37919,3615558,2020,Broadway Rd,48th St,0.0,Intersection T Inter 203,0.0,0.0,No Injury,Left Turn,Daylight,Clear,Dry,79.0,Male,East,Making Left Turn,Failed To Yield Right Of Way,No Apparent Influence,No Apparent Influence,71.0,Male,Southwest,Going Straight Ahead,No Improper Action,No Apparent Influence,No Apparent Influence,33.40733,-111.97829,2020-01-23,20:29:00
37920,3623009,2020,Rural Rd,Rio Salado Pkwy,-217.0,Not Junction Related,0.0,0.0,No Injury,Sideswipe Same Direction,Daylight,Clear,Dry,25.0,Female,South,Changing Lanes,Unsafe Lane Change,No Apparent Influence,No Apparent Influence,60.0,Male,South,Going Straight Ahead,No Improper Action,No Apparent Influence,No Apparent Influence,33.42825,-111.92629,2020-01-23,20:41:00
37922,3622988,2020,McClintock Dr,Hayden Ln,50.0,Not Junction Related,0.0,0.0,No Injury,Rear End,Daylight,Clear,Dry,21.0,Female,North,Going Straight Ahead,Followed Too Closely,No Apparent Influence,No Apparent Influence,81.0,Female,North,Slowing In Trafficway,No Improper Action,No Apparent Influence,No Apparent Influence,33.41912,-111.9091,2020-01-23,21:36:00
37923,3623260,2020,Elna Rae St,Priest Dr,-12.0,Intersection Related 206,1.0,0.0,Possible Injury,Head On,Daylight,Clear,Dry,69.0,Female,West,Making Left Turn,Speed To Fast For Conditions,No Apparent Influence,No Apparent Influence,62.0,Male,East,Stopped In Trafficway,No Improper Action,No Apparent Influence,No Apparent Influence,33.4196,-111.96091,2020-01-23,21:39:00
37925,3632681,2020,8th St,McClintock Dr,-60.0,Intersection Related 206,0.0,0.0,No Injury,Angle - Other Than Left Turn 2,Daylight,Clear,Dry,53.0,Female,South,Going Straight Ahead,Speed To Fast For Conditions,No Apparent Influence,No Apparent Influence,50.0,Female,East,Stopped In Trafficway,No Improper Action,No Apparent Influence,No Apparent Influence,33.41952,-111.90929,2020-01-23,22:04:00
37926,3622993,2020,Southern Ave,Mill Ave,-180.0,Intersection Related 206,0.0,0.0,No Injury,Rear End,Daylight,Clear,Dry,21.0,Male,East,Going Straight Ahead,Followed Too Closely,No Apparent Influence,No Apparent Influence,60.0,Female,East,Stopped In Trafficway,No Improper Action,No Apparent Influence,No Apparent Influence,33.39286,-111.94019,2020-01-23,23:17:00
37929,3623040,2020,Guadalupe Rd,Rural Rd,-60.0,Intersection Related 206,2.0,0.0,Suspected Minor Injury,Rear End,Dark Lighted,Clear,Dry,54.0,Female,East,Going Straight Ahead,Followed Too Closely,No Apparent Influence,No Apparent Influence,31.0,Female,East,Slowing In Trafficway,No Improper Action,No Apparent Influence,No Apparent Influence,33.36375,-111.9288,2020-01-24,02:45:00
37931,3630272,2020,McClintock Dr,SR-202 Exit 8 A-Ramp,-45.0,Intersection Related 206,0.0,0.0,No Injury,Rear End,Dark Lighted,Clear,Dry,58.0,Male,South,Slowing In Trafficway,Unsafe Lane Change,No Apparent Influence,No Apparent Influence,31.0,Female,South,Going Straight Ahead,No Improper Action,No Apparent Influence,No Apparent Influence,33.43633,-111.90961,2020-01-24,12:00:00
37936,3632690,2020,Warner Rd,McKemy St,-106.0,Not Junction Related,1.0,0.0,Possible Injury,Rear End,Daylight,Clear,Dry,36.0,Male,West,Going Straight Ahead,Speed To Fast For Conditions,No Apparent Influence,No Apparent Influence,49.0,Female,West,Stopped In Trafficway,No Improper Action,No Apparent Influence,No Apparent Influence,33.33458,-111.94979,2020-01-24,21:04:00
37937,3621867,2020,Elliot Rd,McClintock Dr,30.0,Intersection Related 206,1.0,0.0,Possible Injury,Rear End,Daylight,Clear,Dry,65.0,Male,West,Going Straight Ahead,Followed Too Closely,No Apparent Influence,No Apparent Influence,54.0,Female,West,Stopped In Trafficway,No Improper Action,No Apparent Influence,No Apparent Influence,33.34913,-111.91109,2020-01-24,21:10:00
37939,3632637,2020,Southern Ave,Potter Dr,0.2,Not Junction Related,0.0,0.0,No Injury,Rear End,Daylight,Clear,Dry,58.0,Male,East,Going Straight Ahead,Speed To Fast For Conditions,No Apparent Influence,No Apparent Influence,41.0,Male,East,Stopped In Trafficway,No Improper Action,No Apparent Influence,No Apparent Influence,33.39282,-111.96887,2020-01-24,21:21:00
37940,3654238,2020,McClintock Dr,Rio Salado Pkwy,-0.07,Driveway Or Alley,0.0,0.0,No Injury,Left Turn,Daylight,Clear,Dry,30.0,Male,West,Making Left Turn,Failed To Yield Right Of Way,No Apparent Influence,No Apparent Influence,66.0,Female,South,Making Left Turn,No Improper Action,No Apparent Influence,No Apparent Influence,33.42825,-111.90906,2020-01-24,21:27:00
37942,3630247,2020,Broadway Rd,48th St,200.0,Intersection Related 206,0.0,0.0,No Injury,Rear End,Daylight,Clear,Dry,66.0,Female,West,Going Straight Ahead,Followed Too Closely,No Apparent Influence,No Apparent Influence,29.0,Male,West,Stopped In Trafficway,No Improper Action,No Apparent Influence,No Apparent Influence,33.40733,-111.97763,2020-01-24,23:29:00
37945,3632428,2020,Baseline Rd,I-10 Exit 155 C2-Ramp,0.0,Intersection Related 206,0.0,0.0,No Injury,Angle - Other Than Left Turn 2,Dark Lighted,Unknown,Dry,68.0,Male,South,Making Left Turn,Failed To Keep In Proper Lane,Alcohol,No Apparent Influence,47.0,Male,East,Stopped In Trafficway,No Improper Action,No Apparent Influence,No Apparent Influence,33.3783,-111.96738,2020-01-25,07:52:00
37947,3621861,2020,Mill Ave,Southern Ave,0.0,Intersection 4 Way 202,0.0,0.0,No Injury,Left Turn,Dawn,Clear,Dry,17.0,Female,South,Making Left Turn,Unknown,No Apparent Influence,No Apparent Influence,73.0,Female,North,Going Straight Ahead,Unknown,No Apparent Influence,No Apparent Influence,33.39286,-111.9396,2020-01-25,14:04:00
37950,3631704,2020,8th St,McClintock Dr,-20.0,Intersection Related 206,0.0,0.0,No Injury,Other,Daylight,Clear,Dry,21.0,Male,East,Backing,Other,No Apparent Influence,No Apparent Influence,18.0,Female,East,Stopped In Trafficway,No Improper Action,No Apparent Influence,No Apparent Influence,33.41952,-111.90916,2020-01-25,23:41:00
37951,3623259,2020,Warner Rd,Kyrene Rd,28.0,Intersection Related 206,1.0,0.0,Suspected Minor Injury,Rear End,Dark Lighted,Clear,Dry,46.0,Female,West,Going Straight Ahead,Speed To Fast For Conditions,Alcohol,No Apparent Influence,42.0,Female,West,Stopped In Trafficway,No Improper Action,No Apparent Influence,No Apparent Influence,33.3346,-111.94557,2020-01-26,02:29:00
37952,3635003,2020,52nd St,Broadway Rd,0.0,Intersection Related 206,0.0,0.0,No Injury,Rear End,Dark Lighted,Clear,Dry,46.0,Female,Northeast,Going Straight Ahead,Speed To Fast For Conditions,No Apparent Influence,No Apparent Influence,44.0,Female,Northeast,Stopped In Trafficway,No Improper Action,No Apparent Influence,No Apparent Influence,33.40925,-111.96953,2020-01-26,02:33:00
37953,3632427,2020,Southern Ave,Country Club Way,0.0,Intersection 201,0.0,0.0,No Injury,Left Turn,Dark Lighted,Clear,Dry,17.0,Female,North,Making Left Turn,Failed To Yield Right Of Way,No Apparent Influence,No Apparent Influence,39.0,Male,West,Going Straight Ahead,No Improper Action,No Apparent Influence,No Apparent Influence,33.39298,-111.90056,2020-01-26,02:40:00
37954,3632632,2020,Southern Ave,Roosevelt St,0.0,Intersection 4 Way 202,2.0,0.0,Suspected Minor Injury,Left Turn,Dark Lighted,Clear,Dry,21.0,Male,West,Making Left Turn,Failed To Yield Right Of Way,No Apparent Influence,No Apparent Influence,22.0,Male,East,Going Straight Ahead,No Improper Action,No Apparent Influence,No Apparent Influence,33.39285,-111.94783,2020-01-26,02:49:00
37957,3654223,2020,Priest Dr,SR-202 Exit 5 A-Ramp,-25.0,Intersection 201,0.0,0.0,No Injury,Sideswipe Same Direction,Daylight,Clear,Dry,26.0,Female,East,Making Right Turn,Failed To Yield Right Of Way,No Apparent Influence,No Apparent Influence,32.0,Male,South,Going Straight Ahead,No Improper Action,No Apparent Influence,No Apparent Influence,33.43708,-111.96095,2020-01-26,15:22:00
37959,3631664,2020,Priest Dr,Elliot Rd,0.0,Intersection 4 Way 202,1.0,0.0,Suspected Minor Injury,Left Turn,Daylight,Clear,Dry,20.0,Male,South,Making Left Turn,Unknown,No Apparent Influence,No Apparent Influence,22.0,Female,East,Going Straight Ahead,Unknown,No Apparent Influence,No Apparent Influence,33.3491,-111.96313,2020-01-26,22:56:00
37960,3632678,2020,Mill Ave,University Dr,-40.0,Intersection Related 206,0.0,0.0,No Injury,Rear End,Unknown 51,Unknown,Unknown,26.0,Female,North,Unknown,Unknown,No Apparent Influence,No Apparent Influence,42.0,Male,North,Unknown,Unknown,No Apparent Influence,No Apparent Influence,33.42183,-111.94001,2020-01-27,00:11:00
37961,3632422,2020,Kyrene Rd,Calle Monte Vista Dr,125.0,Driveway Or Alley,0.0,0.0,No Injury,Angle - Other Than Left Turn 2,Daylight,Clear,Dry,71.0,Male,East,Making Right Turn,Failed To Yield Right Of Way,No Apparent Influence,No Apparent Influence,40.0,Male,North,Going Straight Ahead,No Improper Action,No Apparent Influence,No Apparent Influence,33.3371,-111.94569,2020-01-27,13:38:00
37962,3630293,2020,Baseline Rd,I-10 Exit 155 A1-Ramp,0.0,Intersection 201,1.0,0.0,Possible Injury,Left Turn,Daylight,Clear,Dry,47.0,Male,West,Going Straight Ahead,No Improper Action,No Apparent Influence,No Apparent Influence,26.0,Female,South,Making Left Turn,No Improper Action,No Apparent Influence,No Apparent Influence,33.37827,-111.96863,2020-01-27,17:56:00
37965,3632967,2020,McClintock Dr,Bell De Mar Dr,100.0,Intersection Related 206,1.0,0.0,Suspected Minor Injury,Rear End,Daylight,Clear,Dry,34.0,Male,South,Going Straight Ahead,Followed Too Closely,No Apparent Influence,No Apparent Influence,46.0,Female,South,Slowing In Trafficway,No Improper Action,No Apparent Influence,No Apparent Influence,33.35998,-111.91123,2020-01-27,21:37:00
37966,3621860,2020,Rural Rd,Southern Ave,198.0,Driveway Or Alley,1.0,0.0,Suspected Minor Injury,Left Turn,Daylight,Clear,Dry,19.0,Male,East,Making Left Turn,Aggressive Driving,No Apparent Influence,No Apparent Influence,65.0,Female,South,Going Straight Ahead,No Improper Action,No Apparent Influence,No Apparent Influence,33.39351,-111.92633,2020-01-27,23:13:00
37968,3629705,2020,Rio Salado Pkwy,Rural Rd,0.0,Intersection 4 Way 202,2.0,0.0,Suspected Minor Injury,Left Turn,Dusk,Clear,Dry,92.0,Male,West,Making Left Turn,Failed To Yield Right Of Way,No Apparent Influence,No Apparent Influence,25.0,Female,East,Going Straight Ahead,No Improper Action,No Apparent Influence,No Apparent Influence,33.42885,-111.92629,2020-01-27,23:37:00
37969,3630240,2020,Broadway Rd,Price Rd,-152.0,Intersection Related 206,0.0,0.0,No Injury,Rear End,Daylight,Clear,Dry,57.0,Female,East,Going Straight Ahead,Followed Too Closely,No Apparent Influence,No Apparent Influence,56.0,Female,East,Stopped In Trafficway,No Improper Action,No Apparent Influence,No Apparent Influence,33.4075,-111.8925,2020-01-28,00:03:00