,Incident ID,Year,Street Name,Cross Street,Distance,Junction Relation,Total Injuries,Total Fatalities,Injury Severity,Collision Manner,Light Condition,Weather,Surface Condition,Age Driver 1,Gender Driver 1,Travel Direction One,Unit Action One,Violation1_Drv1,Alcohol Use Driver 1,Drug Use Driver 1,Age Driver 2,Gender Driver 2,Travel Direction Two,Unit Action Two,Violation 1 Driver 2,Alcohol Use Driver 2,Drug Use Driver 2,Latitude,Longitude,Date,Time
38107,3632682,2020,Warner Rd,Priest Dr,20.0,Intersection 4 Way 202,0.0,0.0,No Injury,Left Turn,Daylight,Clear,Dry,49.0,Female,East,Going Straight Ahead,Disregarded Traffic Signal,No Apparent Influence,No Apparent Influence,45.0,Male,West,Making Left Turn,No Improper Action,No Apparent Influence,No Apparent Influence,33.33453,-111.96305,2020-02-07,14:38:00
38112,3633018,2020,Rural Rd,Lemon St,-148.0,Intersection Related 206,2.0,0.0,Possible Injury,Rear End,Daylight,Clear,Dry,21.0,Female,North,Going Straight Ahead,Speed To Fast For Conditions,No Apparent Influence,No Apparent Influence,22.0,Male,North,Going Straight Ahead,No Improper Action,No Apparent Influence,No Apparent Influence,33.41643,-111.9263,2020-02-07,20:09:00
38113,3632538,2020,Veterans Way,University Dr,102.0,Intersection Related 206,1.0,0.0,Possible Injury,Rear End,Daylight,Clear,Dry,32.0,Female,South,Going Straight Ahead,Followed Too Closely,No Apparent Influence,No Apparent Influence,19.0,Female,South,Stopped In Trafficway,No Improper Action,No Apparent Influence,No Apparent Influence,33.4223,-111.92899,2020-02-07,22:03:00
38114,3633105,2020,University Dr,Dorsey Ln,0.0,Intersection 4 Way 202,0.0,0.0,No Injury,Left Turn,Daylight,Clear,Dry,38.0,Female,North,Making Left Turn,Failed To Yield Right Of Way,No Apparent Influence,No Apparent Influence,22.0,Female,North,Going Straight Ahead,No Improper Action,No Apparent Influence,No Apparent Influence,33.42202,-111.91769,2020-02-07,22:19:00
38115,3632997,2020,Southern Ave,Fair Ln,-118.0,Driveway Or Alley,2.0,0.0,Suspected Minor Injury,Left Turn,Daylight,Clear,Dry,25.0,Female,East,Making Left Turn,Failed To Yield Right Of Way,No Apparent Influence,No Apparent Influence,23.0,Female,West,Going Straight Ahead,Speed To Fast For Conditions,No Apparent Influence,No Apparent Influence,33.39278,-111.97639,2020-02-07,22:42:00
38116,3632540,2020,48th St,Broadway Rd,-130.0,Intersection Related 206,1.0,0.0,Possible Injury,Sideswipe Same Direction,Daylight,Clear,Dry,38.0,Male,North,Changing Lanes,Unsafe Lane Change,No Apparent Influence,No Apparent Influence,25.0,Male,North,Going Straight Ahead,No Improper Action,No Apparent Influence,No Apparent Influence,33.40697,-111.97829,2020-02-07,23:00:00
38118,3657911,2020,Southern Ave,48th St,0.5,Not Junction Related,0.0,0.0,No Injury,Rear End,Daylight,Clear,Dry,68.0,Female,West,Going Straight Ahead,Speed To Fast For Conditions,No Apparent Influence,No Apparent Influence,67.0,Male,West,Slowing In Trafficway,No Improper Action,No Apparent Influence,No Apparent Influence,33.39281,-111.96969,2020-02-07,23:06:00
38119,3633104,2020,McClintock Dr,US-60 Exit 175 A-Ramp,0.0,Intersection Related 206,0.0,0.0,No Injury,Sideswipe Same Direction,Daylight,Clear,Dry,24.0,Male,North,Changing Lanes,Unsafe Lane Change,No Apparent Influence,No Apparent Influence,54.0,Male,North,Going Straight Ahead,No Improper Action,No Apparent Influence,No Apparent Influence,33.38515,-111.90921,2020-02-07,23:23:00
38120,3633103,2020,Southern Ave,McClintock Dr,0.0,Intersection Related 206,0.0,0.0,No Injury,Left Turn,Daylight,Clear,Dry,22.0,Female,North,Going Straight Ahead,Followed Too Closely,No Apparent Influence,No Apparent Influence,60.0,Female,North,Stopped In Trafficway,No Improper Action,No Apparent Influence,No Apparent Influence,33.39299,-111.90913,2020-02-07,23:42:00
38123,3634992,2020,Scottsdale Rd,Playa Del Norte Dr,79.0,Intersection Related 206,1.0,0.0,Possible Injury,Rear End,Dark Lighted,Clear,Dry,36.0,Male,South,Going Straight Ahead,Speed To Fast For Conditions,No Apparent Influence,No Apparent Influence,26.0,Female,South,Slowing In Trafficway,No Improper Action,No Apparent Influence,No Apparent Influence,33.43425,-111.92626,2020-02-08,09:07:00
38126,3632683,2020,McClintock Dr,E Tempe Marketplace,40.0,Intersection 201,0.0,0.0,No Injury,Other,Daylight,Clear,Dry,41.0,Male,Southwest,Making Left Turn,No Improper Action,No Apparent Influence,No Apparent Influence,25.0,Male,South,Stopped In Trafficway,No Improper Action,No Apparent Influence,No Apparent Influence,33.43219,-111.90929,2020-02-08,18:04:00
38127,3632519,2020,Rio Salado Pkwy,Perry Ln,25.0,Intersection Related 206,0.0,0.0,No Injury,Angle - Other Than Left Turn 2,Daylight,Clear,Dry,33.0,Female,East,Going Straight Ahead,Disregarded Traffic Signal,No Apparent Influence,No Apparent Influence,28.0,Female,Southeast,Making Left Turn,No Improper Action,No Apparent Influence,No Apparent Influence,33.42924,-111.90468,2020-02-08,18:53:00
38128,3632432,2020,Priest Dr,Broadway Rd,0.0,Intersection 4 Way 202,1.0,0.0,Possible Injury,Angle - Other Than Left Turn 2,Daylight,Clear,Dry,26.0,Female,West,Going Straight Ahead,Disregarded Traffic Signal,No Apparent Influence,No Apparent Influence,36.0,Male,North,Going Straight Ahead,No Improper Action,No Apparent Influence,No Apparent Influence,33.40742,-111.96078,2020-02-08,19:11:00
38129,3629676,2020,Ash Ave,University Dr,0.0,Intersection 4 Way 202,0.0,0.0,No Injury,Angle - Other Than Left Turn 2,Daylight,Clear,Dry,30.0,Female,North,Going Straight Ahead,Other,No Apparent Influence,No Apparent Influence,52.0,Male,East,Making Left Turn,No Improper Action,No Apparent Influence,No Apparent Influence,33.42193,-111.9424,2020-02-08,20:54:00
38130,3633003,2020,McClintock Dr,Baseline Rd,-40.0,Intersection Related 206,1.0,0.0,Possible Injury,Rear End,Daylight,Clear,Dry,36.0,Female,North,Going Straight Ahead,Speed To Fast For Conditions,No Apparent Influence,No Apparent Influence,27.0,Female,North,Stopped In Trafficway,No Improper Action,No Apparent Influence,No Apparent Influence,33.37831,-111.90926,2020-02-08,22:44:00
38131,3656069,2020,Mill Ave,Broadway Rd,200.0,Intersection Related 206,0.0,0.0,No Injury,Rear End,Dark Lighted,Clear,Dry,33.0,Female,South,Going Straight Ahead,Speed To Fast For Conditions,Alcohol,No Apparent Influence,36.0,Male,South,Stopped In Trafficway,No Improper Action,No Apparent Influence,No Apparent Influence,33.40795,-111.93984,2020-02-09,08:34:00
38134,3632545,2020,Mill Ave,Broadway Rd,45.0,Unknown,0.0,0.0,No Injury,Rear End,Daylight,Clear,Dry,24.0,Female,West,Making Right Turn,Aggressive Driving,No Apparent Influence,No Apparent Influence,30.0,Female,West,Making Right Turn,Aggressive Driving,No Apparent Influence,No Apparent Influence,33.40752,-111.93983,2020-02-09,18:24:00
38135,3633459,2020,Warner Rd,Taylor Dr,-90.0,Intersection Related 206,0.0,0.0,No Injury,Sideswipe Same Direction,Daylight,Clear,Dry,41.0,Male,West,Going Straight Ahead,Followed Too Closely,No Apparent Influence,No Apparent Influence,48.0,Male,West,Making Right Turn,No Improper Action,No Apparent Influence,No Apparent Influence,33.33467,-111.90814,2020-02-09,18:45:00
38140,3633405,2020,Baseline Rd,Hardy Dr,30.0,Intersection Related 206,0.0,0.0,No Injury,Angle - Other Than Left Turn 2,Daylight,Cloudy,Dry,29.0,Male,West,Going Straight Ahead,Speed To Fast For Conditions,No Apparent Influence,No Apparent Influence,25.0,Female,West,Stopped In Trafficway,No Improper Action,No Apparent Influence,No Apparent Influence,33.37821,-111.95241,2020-02-10,14:00:00
38142,3632547,2020,Priest Dr,US-60 Exit 172 G-Ramp,-90.0,Intersection Related 206,0.0,0.0,No Injury,Sideswipe Same Direction,Daylight,Clear,Dry,24.0,Female,North,Making Left Turn,Unsafe Lane Change,No Apparent Influence,No Apparent Influence,50.0,Female,North,Going Straight Ahead,No Improper Action,No Apparent Influence,No Apparent Influence,33.38652,-111.96093,2020-02-10,15:02:00
38145,3634980,2020,University Dr,Mill Ave,-127.0,Intersection Related 206,0.0,0.0,No Injury,Rear End,Daylight,Unknown,Dry,21.0,Female,East,Slowing In Trafficway,Speed To Fast For Conditions,No Apparent Influence,No Apparent Influence,53.0,Male,East,Slowing In Trafficway,No Improper Action,No Apparent Influence,No Apparent Influence,33.42193,-111.94043,2020-02-10,18:11:00
38146,3631662,2020,6th St,College Ave,-30.0,Intersection Related 206,0.0,0.0,No Injury,Angle - Other Than Left Turn 2,Daylight,Clear,Dry,20.0,Male,South,Backing,Other,No Apparent Influence,Drugs,48.0,Male,East,Stopped In Trafficway,No Improper Action,No Apparent Influence,No Apparent Influence,33.42436,-111.93508,2020-02-10,19:23:00
38147,3633403,2020,Baseline Rd,Kyrene Rd,60.0,Intersection Related 206,0.0,0.0,No Injury,Sideswipe Same Direction,Daylight,Clear,Dry,69.0,Female,Northeast,Going Straight Ahead,Failed To Yield Right Of Way,No Apparent Influence,No Apparent Influence,18.0,Male,Southwest,Making Right Turn,No Improper Action,No Apparent Influence,No Apparent Influence,33.3782,-111.94579,2020-02-10,21:05:00
38148,3632671,2020,Rural Rd,Southern Ave,190.0,Driveway Or Alley,1.0,0.0,Suspected Minor Injury,Angle - Other Than Left Turn 2,Daylight,Cloudy,Dry,23.0,Male,East,Going Straight Ahead,Failed To Yield Right Of Way,No Apparent Influence,No Apparent Influence,22.0,Male,South,Going Straight Ahead,No Improper Action,No Apparent Influence,No Apparent Influence,33.39348,-111.92633,2020-02-11,00:11:00
38150,3657453,2020,Broadway Rd,McClintock Dr,-100.0,Intersection Related 206,0.0,0.0,No Injury,Left Turn,Daylight,Cloudy,Dry,70.0,Female,West,Making Left Turn,Failed To Yield Right Of Way,No Apparent Influence,No Apparent Influence,37.0,Female,East,Going Straight Ahead,No Improper Action,No Apparent Influence,No Apparent Influence,33.4075,-111.90945,2020-02-11,00:17:00
38151,3632688,2020,Priest Dr,Grove Pkwy,0.0,Intersection 201,0.0,0.0,No Injury,Angle - Other Than Left Turn 2,Daylight,Clear,Wet,55.0,Female,Northwest,Making Left Turn,Failed To Yield Right Of Way,Alcohol,No Apparent Influence,23.0,Male,South,Going Straight Ahead,No Improper Action,No Apparent Influence,No Apparent Influence,33.35148,-111.96246,2020-02-11,00:44:00
38154,3635148,2020,Apache Blvd,Price Rd,-15.0,Intersection T Inter 203,0.0,0.0,No Injury,U Turn,Dark Lighted,Clear,Dry,19.0,Female,East,Making U Turn,Other,No Apparent Influence,No Apparent Influence,20.0,Male,West,Going Straight Ahead,No Improper Action,No Apparent Influence,No Apparent Influence,33.4148,-111.892,2020-02-11,02:05:00
38156,3633418,2020,McClintock Dr,3rd St,-140.0,Not Junction Related,0.0,0.0,No Injury,Rear End,Dawn,Cloudy,Dry,42.0,Female,North,Going Straight Ahead,Speed To Fast For Conditions,No Apparent Influence,No Apparent Influence,57.0,Male,North,Stopped In Trafficway,No Improper Action,No Apparent Influence,No Apparent Influence,33.42701,-111.90906,2020-02-11,13:57:00
38157,3634978,2020,University Dr,Veterans Way,100.0,Not Junction Related,0.0,0.0,No Injury,Rear End,Daylight,Cloudy,Dry,19.0,Male,West,Going Straight Ahead,Followed Too Closely,No Apparent Influence,No Apparent Influence,24.0,Male,West,Stopped In Trafficway,No Improper Action,No Apparent Influence,No Apparent Influence,33.42202,-111.92861,2020-02-11,14:53:00
38158,3633404,2020,Scottsdale Rd,Playa Del Norte Dr,0.0,Intersection T Inter 203,0.0,0.0,No Injury,Sideswipe Same Direction,Daylight,Clear,Dry,67.0,Male,South,Changing Lanes,Unsafe Lane Change,No Apparent Influence,No Apparent Influence,35.0,Male,South,Going Straight Ahead,No Improper Action,No Apparent Influence,No Apparent Influence,33.43403,-111.92626,2020-02-11,15:53:00
38159,3633481,2020,Curry Rd,Miller Rd,0.0,Intersection 4 Way 202,1.0,0.0,Possible Injury,Angle - Other Than Left Turn 2,Daylight,Clear,Dry,58.0,Male,East,Going Straight Ahead,Disregarded Traffic Signal,No Apparent Influence,No Apparent Influence,30.0,Male,South,Going Straight Ahead,No Improper Action,No Apparent Influence,No Apparent Influence,33.44038,-111.91796,2020-02-11,16:02:00
38160,3632693,2020,Priest Dr,La Jolla Dr,0.0,Intersection T Inter 203,2.0,0.0,Suspected Minor Injury,Left Turn,Daylight,Clear,Dry,21.0,Female,North,Making Left Turn,Failed To Yield Right Of Way,No Apparent Influence,No Apparent Influence,20.0,Female,South,Going Straight Ahead,No Improper Action,No Apparent Influence,No Apparent Influence,33.39028,-111.96081,2020-02-11,22:44:00
38161,3633102,2020,Baseline Rd,Calle Los Cerros,0.0,Intersection Related 206,0.0,0.0,No Injury,Rear End,Daylight,Clear,Dry,17.0,Female,North,Going Straight Ahead,No Improper Action,No Apparent Influence,No Apparent Influence,36.0,Male,North,Going Straight Ahead,No Improper Action,No Apparent Influence,No Apparent Influence,33.37821,-111.97409,2020-02-11,22:49:00
38162,3633487,2020,Guadalupe Rd,McClintock Dr,100.0,Intersection Related 206,0.0,0.0,No Injury,Rear End,Daylight,Clear,Dry,22.0,Female,West,Going Straight Ahead,Followed Too Closely,No Apparent Influence,No Apparent Influence,25.0,Male,West,Going Straight Ahead,No Improper Action,No Apparent Influence,No Apparent Influence,33.36376,-111.91093,2020-02-11,22:54:00
38163,3633002,2020,Mill Ave,Alameda Dr,0.0,Intersection 4 Way 202,0.0,0.0,No Injury,Angle - Other Than Left Turn 2,Daylight,Clear,Dry,20.0,Female,North,Going Straight Ahead,Disregarded Traffic Signal,No Apparent Influence,No Apparent Influence,21.0,Female,North,Making Left Turn,No Improper Action,No Apparent Influence,No Apparent Influence,33.40011,-111.93971,2020-02-11,23:01:00
38167,3635081,2020,Broadway Rd,Ventura Dr,-80.0,Intersection Related 206,2.0,0.0,Possible Injury,Rear End,Daylight,Clear,Dry,22.0,Male,East,Going Straight Ahead,Followed Too Closely,No Apparent Influence,No Apparent Influence,60.0,Female,East,Slowing In Trafficway,No Improper Action,No Apparent Influence,No Apparent Influence,33.40748,-111.93038,2020-02-12,00:02:00
38168,3633494,2020,Rio Salado Pkwy,Price Rd,-35.0,Intersection Related 206,1.0,0.0,Possible Injury,Rear End,Daylight,Clear,Dry,31.0,Male,East,Going Straight Ahead,Followed Too Closely,No Apparent Influence,No Apparent Influence,61.0,Male,East,Stopped In Trafficway,No Improper Action,No Apparent Influence,No Apparent Influence,33.42938,-111.89194,2020-02-12,00:50:00
38174,3633434,2020,Rural Rd,Rio Salado Pkwy,0.0,Intersection 4 Way 202,2.0,0.0,Suspected Minor Injury,Left Turn,Daylight,Clear,Dry,24.0,Female,North,Making Left Turn,Failed To Yield Right Of Way,No Apparent Influence,No Apparent Influence,17.0,Male,South,Going Straight Ahead,No Improper Action,No Apparent Influence,No Apparent Influence,33.42885,-111.92629,2020-02-12,13:47:00
38175,3633419,2020,Priest Dr,University Dr,90.0,Not Junction Related,0.0,0.0,No Injury,Sideswipe Same Direction,Daylight,Clear,Dry,49.0,Male,South,Making Left Turn,Unknown,No Apparent Influence,No Apparent Influence,25.0,Male,South,Stopped In Trafficway,Unknown,No Apparent Influence,No Apparent Influence,33.42219,-111.96094,2020-02-12,14:25:00
38176,3656240,2020,College Ave,Gilbert Dr,200.0,Not Junction Related,0.0,0.0,No Injury,Head On,Daylight,Clear,Dry,35.0,Female,West,Negotiating A Curve,Drove Left Of Center Line,No Apparent Influence,No Apparent Influence,23.0,Male,North,Going Straight Ahead,No Improper Action,No Apparent Influence,No Apparent Influence,33.437,-111.9301,2020-02-12,19:31:00
38178,3633483,2020,Rio Salado Pkwy,Clark Dr,-120.0,Intersection Related 206,0.0,0.0,No Injury,Angle - Other Than Left Turn 2,Daylight,Clear,Dry,21.0,Male,Southwest,Making Right Turn,Made Improper Turn,No Apparent Influence,No Apparent Influence,41.0,Male,West,Going Straight Ahead,No Improper Action,No Apparent Influence,No Apparent Influence,33.4293,-111.89914,2020-02-12,20:00:00
38180,3633395,2020,Broadway Rd,Rural Rd,164.0,Intersection Related 206,0.0,0.0,No Injury,Rear End,Daylight,Clear,Dry,16.0,Male,West,Going Straight Ahead,Followed Too Closely,No Apparent Influence,No Apparent Influence,35.0,Male,West,Stopped In Trafficway,No Improper Action,No Apparent Influence,No Apparent Influence,33.40751,-111.92575,2020-02-12,22:16:00
38181,3633509,2020,Rural Rd,US-60 Exit 174 A-Ramp,-5.0,Intersection 4 Way 202,2.0,0.0,Possible Injury,Rear End,Daylight,Clear,Dry,36.0,Female,South,Going Straight Ahead,Followed Too Closely,No Apparent Influence,No Apparent Influence,27.0,Male,South,Stopped In Trafficway,No Improper Action,No Apparent Influence,No Apparent Influence,33.38501,-111.92648,2020-02-12,22:44:00
38182,3633113,2020,Elliot Rd,River Pkwy,120.0,Intersection Related 206,0.0,0.0,No Injury,Rear End,Daylight,Clear,Dry,70.0,Female,East,Going Straight Ahead,Followed Too Closely,No Apparent Influence,No Apparent Influence,30.0,Female,East,Stopped In Trafficway,No Improper Action,No Apparent Influence,No Apparent Influence,33.34928,-111.89752,2020-02-12,23:09:00
38183,3633112,2020,Guadalupe Rd,Rural Rd,0.0,Intersection 4 Way 202,1.0,0.0,Suspected Minor Injury,Left Turn,Daylight,Clear,Dry,42.0,Male,West,Making Left Turn,Failed To Yield Right Of Way,No Apparent Influence,No Apparent Influence,56.0,Male,East,Going Straight Ahead,No Improper Action,No Apparent Influence,No Apparent Influence,33.36375,-111.9286,2020-02-13,00:11:00
38185,3633508,2020,Autoplex Loop,Harl Ave,-40.0,Intersection Related 206,0.0,0.0,No Injury,Rear End,Dusk,Clear,Dry,18.0,Male,North,Going Straight Ahead,Followed Too Closely,No Apparent Influence,No Apparent Influence,40.0,Female,North,Stopped In Trafficway,No Improper Action,No Apparent Influence,No Apparent Influence,33.34886,-111.96592,2020-02-13,01:14:00
38186,3633109,2020,Rio Salado Pkwy,Price Rd,85.0,Intersection Related 206,0.0,0.0,No Injury,Sideswipe Same Direction,Dark Lighted,Clear,Dry,27.0,Male,East,Changing Lanes,Unsafe Lane Change,No Apparent Influence,No Apparent Influence,42.0,Female,East,Going Straight Ahead,No Improper Action,No Apparent Influence,No Apparent Influence,33.42932,-111.88999,2020-02-13,01:44:00
38187,3633016,2020,McKellips Rd,Cavalier Dr,0.0,Intersection T Inter 203,0.0,0.0,No Injury,Left Turn,Dark Lighted,Clear,Dry,27.0,Female,South,Making Left Turn,Failed To Yield Right Of Way,No Apparent Influence,No Apparent Influence,61.0,Female,West,Going Straight Ahead,No Improper Action,No Apparent Influence,No Apparent Influence,33.4512,-111.92912,2020-02-13,02:11:00
38188,3633017,2020,University Dr,Ash Ave,85.0,Not Junction Related,0.0,0.0,No Injury,Rear End,Dark Lighted,Clear,Dry,67.0,Female,West,Going Straight Ahead,Followed Too Closely,No Apparent Influence,No Apparent Influence,73.0,Male,West,Stopped In Trafficway,Unknown,No Apparent Influence,No Apparent Influence,33.42193,-111.94212,2020-02-13,02:43:00
38189,3633107,2020,Scottsdale Rd,Playa Del Norte,0.0,Intersection Related 206,2.0,0.0,Suspected Minor Injury,Rear End,Dark Lighted,Clear,Dry,21.0,Female,North,Going Straight Ahead,Speed To Fast For Conditions,No Apparent Influence,No Apparent Influence,48.0,Male,North,Stopped In Trafficway,No Improper Action,No Apparent Influence,No Apparent Influence,33.43404,-111.92626,2020-02-13,02:56:00
38190,3654233,2020,Darrow Dr,Priest Dr,75.0,Intersection 4 Way 202,0.0,0.0,No Injury,Rear End,Dark Lighted,Clear,Dry,56.0,Male,East,Going Straight Ahead,Speed To Fast For Conditions,No Apparent Influence,No Apparent Influence,26.0,Female,East,Stopped In Trafficway,No Improper Action,No Apparent Influence,No Apparent Influence,33.38054,-111.9614,2020-02-13,03:06:00
38191,3632999,2020,University Dr,Priest Dr,0.0,Intersection 4 Way 202,2.0,0.0,Suspected Minor Injury,Left Turn,Dark Lighted,Clear,Dry,33.0,Male,East,Making Left Turn,Failed To Yield Right Of Way,No Apparent Influence,No Apparent Influence,24.0,Female,West,Going Straight Ahead,No Improper Action,No Apparent Influence,No Apparent Influence,33.42194,-111.96092,2020-02-13,03:15:00
38192,3632537,2020,Scottsdale Rd,Lilac Dr,0.0,Intersection T Inter 203,1.0,0.0,Suspected Minor Injury,Left Turn,Dark Lighted,Clear,Dry,44.0,Female,West,Making Left Turn,Failed To Yield Right Of Way,No Apparent Influence,No Apparent Influence,29.0,Male,North,Going Straight Ahead,No Improper Action,No Apparent Influence,No Apparent Influence,33.44876,-111.92647,2020-02-13,12:52:00
38197,3633422,2020,Rural Rd,6th St,-90.0,Intersection Related 206,0.0,0.0,No Injury,Rear End,Daylight,Clear,Dry,45.0,Male,South,Going Straight Ahead,Speed To Fast For Conditions,No Apparent Influence,No Apparent Influence,22.0,Female,South,Stopped In Trafficway,No Improper Action,No Apparent Influence,No Apparent Influence,33.42425,-111.9263,2020-02-13,20:35:00
38200,3633420,2020,Price Rd,Broadway Rd,0.0,Intersection 201,1.0,0.0,Possible Injury,Sideswipe Same Direction,Daylight,Clear,Dry,47.0,Male,North,Going Straight Ahead,Unsafe Lane Change,No Apparent Influence,No Apparent Influence,33.0,Female,North,Making Left Turn,No Improper Action,No Apparent Influence,No Apparent Influence,33.40748,-111.89033,2020-02-13,22:40:00
38201,3632689,2020,Baseline Rd,Kyrene Rd,-36.0,Intersection Related 206,0.0,0.0,No Injury,Rear End,Daylight,Clear,Dry,33.0,Female,East,Going Straight Ahead,Exceeded Lawful Speed,No Apparent Influence,No Apparent Influence,56.0,Male,East,Stopped In Trafficway,No Improper Action,No Apparent Influence,No Apparent Influence,33.3782,-111.94611,2020-02-13,23:09:00
38202,3633110,2020,McClintock Dr,Don Carlos Ave,0.0,Intersection 4 Way 202,0.0,0.0,No Injury,Left Turn,Daylight,Clear,Dry,47.0,Female,North,Making Left Turn,Failed To Yield Right Of Way,No Apparent Influence,No Apparent Influence,25.0,Male,South,Going Straight Ahead,No Improper Action,No Apparent Influence,No Apparent Influence,33.41748,-111.90911,2020-02-13,23:33:00
38203,3633001,2020,Elliot Rd,River Pkwy,0.0,Intersection 4 Way 202,0.0,0.0,No Injury,Angle - Other Than Left Turn 2,Daylight,Clear,Dry,61.0,Female,West,Going Straight Ahead,Failed To Yield Right Of Way,No Apparent Influence,No Apparent Influence,42.0,Male,North,Going Straight Ahead,No Improper Action,No Apparent Influence,No Apparent Influence,33.34928,-111.89791,2020-02-13,23:57:00
38204,3633108,2020,Broadway Rd,Hardy Dr,130.0,Intersection Related 206,1.0,0.0,Possible Injury,Rear End,Daylight,Clear,Dry,51.0,Male,East,Going Straight Ahead,Speed To Fast For Conditions,No Apparent Influence,No Apparent Influence,32.0,Male,East,Stopped In Trafficway,No Improper Action,No Apparent Influence,No Apparent Influence,33.40739,-111.95174,2020-02-14,00:27:00
38207,3632522,2020,Rural Rd,Geneva Dr,15.0,Intersection Related 206,1.0,0.0,Suspected Minor Injury,Rear End,Dark Lighted,Clear,Dry,54.0,Male,South,Going Straight Ahead,Followed Too Closely,No Apparent Influence,No Apparent Influence,22.0,Male,South,Slowing In Trafficway,No Improper Action,No Apparent Influence,No Apparent Influence,33.39503,-111.92633,2020-02-14,04:53:00
38210,3635141,2020,Broadway Rd,Kachina Dr,0.0,Intersection 201,0.0,0.0,No Injury,Left Turn,Daylight,Clear,Dry,21.0,Male,East,Making Left Turn,Failed To Yield Right Of Way,No Apparent Influence,No Apparent Influence,32.0,Female,West,Going Straight Ahead,No Improper Action,No Apparent Influence,No Apparent Influence,33.4075,-111.90671,2020-02-14,14:30:00
38211,3633423,2020,Rural Rd,La Jolla Dr,-105.0,Intersection Related 206,0.0,0.0,No Injury,Sideswipe Same Direction,Daylight,Clear,Dry,21.0,Male,South,Changing Lanes,Unsafe Lane Change,No Apparent Influence,No Apparent Influence,68.0,Female,South,Changing Lanes,Unsafe Lane Change,No Apparent Influence,No Apparent Influence,33.38909,-111.92642,2020-02-14,15:40:00
38213,3635100,2020,Mill Ave,University Dr,-97.0,Intersection Related 206,0.0,0.0,No Injury,Sideswipe Same Direction,Daylight,Clear,Dry,21.0,Male,North,Changing Lanes,Unsafe Lane Change,No Apparent Influence,No Apparent Influence,34.0,Male,North,Stopped In Trafficway,No Improper Action,No Apparent Influence,No Apparent Influence,33.42167,-111.94,2020-02-14,18:34:00
38214,3633477,2020,Baseline Rd,Darrow Dr,0.0,Intersection 4 Way 202,1.0,0.0,Suspected Minor Injury,Left Turn,Daylight,Clear,Dry,19.0,Male,East,Making Left Turn,Failed To Yield Right Of Way,No Apparent Influence,No Apparent Influence,63.0,Male,West,Going Straight Ahead,No Improper Action,No Apparent Influence,No Apparent Influence,33.37824,-111.96113,2020-02-14,18:43:00
38215,3635160,2020,Priest Dr,Greentree Dr,0.0,Intersection 201,0.0,0.0,No Injury,Angle - Other Than Left Turn 2,Daylight,Clear,Dry,41.0,Male,North,Making Left Turn,Failed To Yield Right Of Way,No Apparent Influence,No Apparent Influence,57.0,Male,South,Going Straight Ahead,No Improper Action,No Apparent Influence,No Apparent Influence,33.33171,-111.96311,2020-02-14,18:57:00
38216,3633485,2020,Guadalupe Rd,Rural Rd,-40.0,Intersection Related 206,0.0,0.0,No Injury,Sideswipe Same Direction,Daylight,Clear,Dry,58.0,Male,East,Changing Lanes,Unsafe Lane Change,No Apparent Influence,No Apparent Influence,52.0,Male,East,Making Right Turn,No Improper Action,No Apparent Influence,No Apparent Influence,33.36375,-111.92874,2020-02-14,19:03:00
38218,3635098,2020,Priest Dr,University Dr,107.0,Intersection Related 206,0.0,0.0,No Injury,Sideswipe Same Direction,Daylight,Clear,Dry,39.0,Male,South,Changing Lanes,Unsafe Lane Change,No Apparent Influence,No Apparent Influence,24.0,Male,South,Going Straight Ahead,No Improper Action,No Apparent Influence,No Apparent Influence,33.42224,-111.96095,2020-02-14,21:06:00
38219,3633457,2020,Southern Ave,Fair Ln,-110.0,Driveway Or Alley,1.0,0.0,Suspected Minor Injury,Left Turn,Daylight,Clear,Dry,62.0,Male,East,Making Left Turn,Failed To Yield Right Of Way,No Apparent Influence,No Apparent Influence,38.0,Male,West,Going Straight Ahead,No Improper Action,No Apparent Influence,No Apparent Influence,33.39278,-111.97637,2020-02-14,22:36:00
38221,3633106,2020,Elliot Rd,Roosevelt St,0.0,Not Junction Related,0.0,0.0,No Injury,Angle - Other Than Left Turn 2,Daylight,Clear,Dry,17.0,Female,North,Making Right Turn,Failed To Yield Right Of Way,No Apparent Influence,No Apparent Influence,20.0,Female,North,Going Straight Ahead,No Improper Action,No Apparent Influence,No Apparent Influence,33.34918,-111.95032,2020-02-15,00:43:00
38222,3654211,2020,Elliot Rd,Rural Rd,0.0,Intersection 4 Way 202,1.0,0.0,Suspected Minor Injury,Left Turn,Dark Lighted,Clear,Dry,16.0,Female,West,Making Left Turn,Failed To Yield Right Of Way,No Apparent Influence,No Apparent Influence,38.0,Female,East,Going Straight Ahead,No Improper Action,No Apparent Influence,No Apparent Influence,33.34919,-111.92848,2020-02-15,02:51:00
38223,3621596,2020,Elliot Rd,I-10 Exit 157 A-Ramp,0.0,Intersection 4 Way 202,0.0,0.0,No Injury,Left Turn,Dark Lighted,Clear,Dry,70.0,Male,East,Making Left Turn,Made Improper Turn,No Apparent Influence,No Apparent Influence,39.0,Female,West,Going Straight Ahead,No Improper Action,No Apparent Influence,No Apparent Influence,33.34907,-111.97283,2020-02-15,02:53:00
38224,3635147,2020,Rio Salado Pkwy,McClintock Dr,0.0,Intersection 4 Way 202,0.0,0.0,No Injury,Rear End,Dark Lighted,Clear,Dry,55.0,Male,East,Making Right Turn,Speed To Fast For Conditions,No Apparent Influence,No Apparent Influence,52.0,Female,East,Making Right Turn,No Improper Action,No Apparent Influence,No Apparent Influence,33.42926,-111.90907,2020-02-15,07:23:00