,Incident ID,Year,Street Name,Cross Street,Distance,Junction Relation,Total Injuries,Total Fatalities,Injury Severity,Collision Manner,Light Condition,Weather,Surface Condition,Age Driver 1,Gender Driver 1,Travel Direction One,Unit Action One,Violation1_Drv1,Alcohol Use Driver 1,Drug Use Driver 1,Age Driver 2,Gender Driver 2,Travel Direction Two,Unit Action Two,Violation 1 Driver 2,Alcohol Use Driver 2,Drug Use Driver 2,Latitude,Longitude,Date,Time
38344,3654231,2020,University Dr,Maple Ave,0.0,Intersection T Inter 203,0.0,0.0,No Injury,Angle - Other Than Left Turn 2,Daylight,Clear,Dry,27.0,Male,North,Making Left Turn,Failed To Yield Right Of Way,No Apparent Influence,No Apparent Influence,49.0,Female,East,Going Straight Ahead,No Improper Action,No Apparent Influence,No Apparent Influence,33.42193,-111.94125,2020-02-25,00:30:00
38345,3657449,2020,Apache Blvd,McClintock Dr,-25.0,Intersection Related 206,0.0,0.0,No Injury,Rear End,Dark Lighted,Clear,Dry,19.0,Male,East,Going Straight Ahead,Speed To Fast For Conditions,No Apparent Influence,No Apparent Influence,23.0,Female,East,Stopped In Trafficway,No Improper Action,No Apparent Influence,No Apparent Influence,33.41476,-111.90921,2020-02-25,02:51:00
38346,3656226,2020,University Dr,Rural Rd,-25.0,Intersection Related 206,0.0,0.0,No Injury,Rear End,Dark Lighted,Clear,Dry,18.0,Male,East,Slowing In Trafficway,Speed To Fast For Conditions,No Apparent Influence,No Apparent Influence,32.0,Male,East,Stopped In Trafficway,No Improper Action,No Apparent Influence,No Apparent Influence,33.42203,-111.92639,2020-02-25,02:56:00
38347,3662384,2020,Rural Rd,Apache Blvd,-48.0,Intersection 201,0.0,0.0,No Injury,Sideswipe Same Direction,Dark Lighted,Clear,Dry,41.0,Male,South,Going Straight Ahead,Failed To Keep In Proper Lane,No Apparent Influence,No Apparent Influence,47.0,Male,South,Going Straight Ahead,No Improper Action,No Apparent Influence,No Apparent Influence,33.41463,-111.92629,2020-02-25,04:38:00
38348,3669220,2020,Hayden Rd,McKellips Rd,0.0,Intersection Non Interchange,0.0,0.0,No Injury,Sideswipe Same Direction,Daylight,Clear,Dry,27.0,Female,Northwest,Making Right Turn,Made Improper Turn,No Apparent Influence,No Apparent Influence,33.0,Male,North,Going Straight Ahead,No Improper Action,No Apparent Influence,No Apparent Influence,33.45126,-111.9093,2020-02-25,14:26:00
38349,3656277,2020,Jentilly Ln,Minton Dr,-38.0,Intersection Related 206,0.0,0.0,No Injury,Rear End,Daylight,Clear,Dry,39.0,Male,North,Going Straight Ahead,Speed To Fast For Conditions,No Apparent Influence,No Apparent Influence,38.0,Female,North,Stopped In Trafficway,No Improper Action,No Apparent Influence,No Apparent Influence,33.37929,-111.92662,2020-02-25,15:33:00
38350,3635097,2020,Baseline Rd,I-10 Exit 155 J1-Ramp,0.0,Intersection 4 Way 202,0.0,0.0,No Injury,Left Turn,Daylight,Clear,Dry,42.0,Male,East,Going Straight Ahead,Disregarded Traffic Signal,No Apparent Influence,No Apparent Influence,41.0,Male,North,Making Left Turn,No Improper Action,No Apparent Influence,No Apparent Influence,33.3783,-111.96738,2020-02-25,15:48:00
38351,3657584,2020,Broadway Rd,Rural Rd,150.0,Not Junction Related,0.0,0.0,No Injury,Rear End,Daylight,Clear,Dry,30.0,Male,West,Going Straight Ahead,Followed Too Closely,No Apparent Influence,No Apparent Influence,23.0,Male,West,Stopped In Trafficway,No Improper Action,No Apparent Influence,No Apparent Influence,33.40751,-111.92579,2020-02-25,16:00:00
38352,3635101,2020,University Dr,McClintock Dr,-12.0,Intersection Related 206,0.0,0.0,No Injury,Left Turn,Daylight,Clear,Dry,87.0,Female,South,Making Right Turn,Failed To Yield Right Of Way,No Apparent Influence,No Apparent Influence,33.0,Male,North,Making Left Turn,No Improper Action,No Apparent Influence,No Apparent Influence,33.42198,-111.90913,2020-02-25,16:27:00
38354,3634425,2020,Rural Rd,US-60 Exit 174 G-Ramp,-130.0,Intersection Related 206,0.0,0.0,No Injury,Rear End,Daylight,Clear,Dry,32.0,Female,North,Going Straight Ahead,Followed Too Closely,No Apparent Influence,No Apparent Influence,76.0,Male,North,Stopped In Trafficway,No Improper Action,No Apparent Influence,No Apparent Influence,33.38466,-111.92649,2020-02-25,19:14:00
38357,3656205,2020,Southern Ave,Rural Rd,0.0,Intersection 4 Way 202,0.0,0.0,No Injury,Left Turn,Daylight,Clear,Dry,16.0,Female,West,Making Left Turn,Failed To Keep In Proper Lane,No Apparent Influence,No Apparent Influence,20.0,Female,East,Going Straight Ahead,No Improper Action,No Apparent Influence,No Apparent Influence,33.39296,-111.92633,2020-02-25,22:07:00
38358,3635080,2020,Elliot Rd,Priest Dr,-30.0,Intersection Related 206,0.0,0.0,No Injury,Sideswipe Same Direction,Daylight,Clear,Dry,72.0,Male,East,Making Left Turn,Other,No Apparent Influence,No Apparent Influence,40.0,Male,East,Stopped In Trafficway,No Improper Action,No Apparent Influence,No Apparent Influence,33.3491,-111.96323,2020-02-25,22:46:00
38365,3654236,2020,48th St,Broadway Rd,60.0,Intersection Related 206,0.0,0.0,No Injury,Rear End,Dark Lighted,Clear,Dry,22.0,Female,South,Going Straight Ahead,Speed To Fast For Conditions,No Apparent Influence,No Apparent Influence,24.0,Male,South,Stopped In Trafficway,No Improper Action,No Apparent Influence,No Apparent Influence,33.40749,-111.97827,2020-02-26,01:28:00
38367,3654237,2020,Baseline Rd,I-10 Exit 155 C2-Ramp,0.09,Intersection Related 206,2.0,0.0,Possible Injury,Rear End,Dark Lighted,Clear,Dry,16.0,Male,East,Going Straight Ahead,Speed To Fast For Conditions,No Apparent Influence,No Apparent Influence,52.0,Male,East,Stopped In Trafficway,No Improper Action,No Apparent Influence,No Apparent Influence,33.37828,-111.96582,2020-02-26,02:37:00
38369,3654234,2020,Elliot Rd,Harl Ave,-75.0,Intersection Related 206,0.0,0.0,No Injury,Rear End,Dawn,Clear,Dry,36.0,Male,East,Slowing In Trafficway,Speed To Fast For Conditions,No Apparent Influence,No Apparent Influence,34.0,Male,East,Stopped In Trafficway,No Improper Action,No Apparent Influence,No Apparent Influence,33.34908,-111.96617,2020-02-26,13:36:00
38370,3655414,2020,Elliot Rd,McClintock Dr,0.1,Not Junction Related,0.0,0.0,No Injury,Angle - Other Than Left Turn 2,Daylight,Clear,Dry,47.0,Male,West,Unknown,Unknown,No Apparent Influence,No Apparent Influence,32.0,Female,West,Going Straight Ahead,No Improper Action,No Apparent Influence,No Apparent Influence,33.34914,-111.90946,2020-02-26,14:45:00
38372,3635078,2020,Priest Dr,University Dr,114.0,Driveway Or Alley,0.0,0.0,No Injury,Left Turn,Daylight,Clear,Dry,18.0,Male,West,Making Left Turn,Failed To Yield Right Of Way,No Apparent Influence,No Apparent Influence,41.0,Male,North,Going Straight Ahead,No Improper Action,No Apparent Influence,No Apparent Influence,33.42225,-111.96095,2020-02-26,20:49:00
38373,3656293,2020,Priest Dr,Grove Pkwy,0.0,Intersection Related 206,0.0,0.0,No Injury,Rear End,Daylight,Clear,Dry,46.0,Female,South,Going Straight Ahead,Speed To Fast For Conditions,No Apparent Influence,No Apparent Influence,48.0,Male,South,Stopped In Trafficway,No Improper Action,No Apparent Influence,No Apparent Influence,33.35148,-111.96246,2020-02-26,21:36:00
38374,3656294,2020,Elliot Rd,River Pkwy,165.0,Intersection Related 206,0.0,0.0,No Injury,Rear End,Daylight,Clear,Dry,19.0,Male,East,Going Straight Ahead,Speed To Fast For Conditions,No Apparent Influence,No Apparent Influence,32.0,Female,East,Stopped In Trafficway,No Improper Action,No Apparent Influence,No Apparent Influence,33.34929,-111.89737,2020-02-26,22:39:00
38375,3635099,2020,Warner Rd,Rural Rd,-30.0,Intersection Related 206,2.0,0.0,Suspected Minor Injury,Rear End,Daylight,Clear,Dry,25.0,Male,East,Going Straight Ahead,Followed Too Closely,No Apparent Influence,No Apparent Influence,22.0,Male,East,Stopped In Trafficway,No Improper Action,No Apparent Influence,No Apparent Influence,33.33465,-111.92851,2020-02-26,23:05:00
38376,3656127,2020,McClintock Dr,Elliot Rd,200.0,Driveway Or Alley,0.0,0.0,No Injury,Angle - Other Than Left Turn 2,Daylight,Clear,Dry,79.0,Female,East,Making Right Turn,Failed To Yield Right Of Way,No Apparent Influence,No Apparent Influence,56.0,Male,South,Going Straight Ahead,No Improper Action,No Apparent Influence,No Apparent Influence,33.34968,-111.91121,2020-02-27,00:40:00
38380,3663197,2020,Calle Los Cerros,Baseline Rd,25.0,Intersection Related 206,0.0,0.0,No Injury,Other,Dark Lighted,Clear,Dry,47.0,Male,North,Backing,Other,No Apparent Influence,No Apparent Influence,55.0,Male,South,Slowing In Trafficway,No Improper Action,No Apparent Influence,No Apparent Influence,33.37828,-111.97409,2020-02-27,12:53:00
38381,3656778,2020,Elliot Rd,Priest Dr,-25.0,Intersection Related 206,0.0,0.0,No Injury,Rear End,Daylight,Clear,Dry,23.0,Male,East,Going Straight Ahead,Speed To Fast For Conditions,No Apparent Influence,No Apparent Influence,27.0,Male,East,Stopped In Trafficway,No Improper Action,No Apparent Influence,No Apparent Influence,33.3491,-111.96322,2020-02-27,14:13:00
38384,3656128,2020,Priest Dr,SR-202 Exit 5 A-Ramp,0.0,Intersection 201,1.0,0.0,Possible Injury,Angle - Other Than Left Turn 2,Daylight,Clear,Dry,54.0,Female,North,Going Straight Ahead,Disregarded Traffic Signal,No Apparent Influence,No Apparent Influence,39.0,Male,East,Making Left Turn,No Improper Action,No Apparent Influence,No Apparent Influence,33.43715,-111.96094,2020-02-27,17:19:00
38385,3656130,2020,Baseline Rd,Lakeshore Dr,0.0,Intersection 4 Way 202,1.0,0.0,Possible Injury,Angle - Other Than Left Turn 2,Daylight,Clear,Dry,33.0,Female,West,Going Straight Ahead,Disregarded Traffic Signal,No Apparent Influence,No Apparent Influence,72.0,Male,South,Going Straight Ahead,No Improper Action,No Apparent Influence,No Apparent Influence,33.37832,-111.9205,2020-02-27,18:55:00
38387,3656780,2020,Kyrene Rd,Elliot Rd,183.0,Intersection Related 206,0.0,0.0,No Injury,Sideswipe Same Direction,Daylight,Clear,Dry,73.0,Female,South,Changing Lanes,Unsafe Lane Change,No Apparent Influence,No Apparent Influence,26.0,Female,South,Going Straight Ahead,No Improper Action,No Apparent Influence,No Apparent Influence,33.3497,-111.94574,2020-02-27,21:01:00
38391,3666771,2020,Scottsdale Rd,McKellips Rd,-75.0,Intersection Related 206,0.0,0.0,No Injury,Rear End,Dark Lighted,Clear,Dry,24.0,Female,North,Going Straight Ahead,Followed Too Closely,No Apparent Influence,No Apparent Influence,36.0,Male,North,Stopped In Trafficway,No Improper Action,No Apparent Influence,No Apparent Influence,33.45103,-111.92647,2020-02-28,03:57:00
38394,3656260,2020,Warner Rd,Kyrene Rd,15.0,Intersection Related 206,0.0,0.0,No Injury,Angle - Other Than Left Turn 2,Daylight,Clear,Dry,28.0,Female,North,Making Right Turn,Failed To Yield Right Of Way,No Apparent Influence,No Apparent Influence,77.0,Female,East,Going Straight Ahead,No Improper Action,No Apparent Influence,No Apparent Influence,33.3346,-111.94561,2020-02-28,15:57:00
38395,3656059,2020,University Dr,Rockford Dr,0.0,Intersection T Inter 203,0.0,0.0,No Injury,Left Turn,Daylight,Clear,Dry,35.0,Female,East,Making Left Turn,Failed To Yield Right Of Way,No Apparent Influence,No Apparent Influence,31.0,Female,West,Going Straight Ahead,No Improper Action,No Apparent Influence,No Apparent Influence,33.4221,-111.89807,2020-02-28,21:16:00
38396,3656242,2020,48th St,Broadway Rd,-50.0,Intersection Related 206,0.0,0.0,No Injury,Sideswipe Same Direction,Daylight,Clear,Dry,88.0,Male,South,Changing Lanes,Unsafe Lane Change,No Apparent Influence,No Apparent Influence,17.0,Male,South,Going Straight Ahead,No Improper Action,No Apparent Influence,No Apparent Influence,33.40719,-111.97829,2020-02-28,22:17:00
38397,3654823,2020,Broadway Rd,River Dr,0.0,Intersection 4 Way 202,2.0,0.0,Suspected Minor Injury,Left Turn,Daylight,Clear,Dry,24.0,Male,East,Going Straight Ahead,Disregarded Traffic Signal,No Apparent Influence,No Apparent Influence,26.0,Male,West,Making Left Turn,No Improper Action,No Apparent Influence,No Apparent Influence,33.4075,-111.89775,2020-02-28,23:13:00
38398,3654869,2020,Rural Rd,Hermosa Dr,0.0,Intersection 4 Way 202,0.0,0.0,No Injury,Left Turn,Daylight,Clear,Dry,60.0,Male,North,Making Left Turn,Failed To Yield Right Of Way,No Apparent Influence,No Apparent Influence,34.0,Female,South,Going Straight Ahead,No Improper Action,No Apparent Influence,No Apparent Influence,33.38777,-111.92645,2020-02-29,00:09:00
38399,3654212,2020,Kyrene Rd,Baseline Rd,40.0,Intersection Related 206,0.0,0.0,No Injury,Rear End,Dusk,Cloudy,Dry,23.0,Male,South,Slowing In Trafficway,Speed To Fast For Conditions,No Apparent Influence,No Apparent Influence,21.0,Male,South,Stopped In Trafficway,No Improper Action,No Apparent Influence,No Apparent Influence,33.37833,-111.94389,2020-02-29,01:06:00
38400,3658635,2020,University Dr,Rural Rd,-148.0,Intersection Related 206,1.0,0.0,Possible Injury,Rear End,Dark Lighted,Clear,Dry,23.0,Male,East,Going Straight Ahead,Speed To Fast For Conditions,Alcohol,No Apparent Influence,59.0,Male,East,Stopped In Trafficway,No Improper Action,No Apparent Influence,No Apparent Influence,33.42203,-111.9268,2020-02-29,10:42:00
38401,3656213,2020,McClintock Dr,Bell De Mar Dr,60.0,Intersection Related 206,0.0,0.0,No Injury,Angle - Other Than Left Turn 2,Daylight,Clear,Dry,63.0,Male,North,Going Straight Ahead,Speed To Fast For Conditions,No Apparent Influence,No Apparent Influence,25.0,Female,North,Going Straight Ahead,Other,No Apparent Influence,No Apparent Influence,33.35987,-111.91123,2020-02-29,16:00:00
38402,3654221,2020,Elliot Rd,I-10 Exit 157 G-Ramp,0.0,Intersection 4 Way 202,0.0,0.0,No Injury,Angle - Other Than Left Turn 2,Daylight,Clear,Dry,72.0,Female,South,Going Straight Ahead,Other,No Apparent Influence,No Apparent Influence,42.0,Male,South,Making Left Turn,No Improper Action,No Apparent Influence,No Apparent Influence,33.34907,-111.97283,2020-02-29,16:50:00
38403,3656223,2020,Rural Rd,Encanto Dr,20.0,Not Junction Related,0.0,0.0,No Injury,Rear End,Daylight,Clear,Dry,33.0,Female,South,Going Straight Ahead,Speed To Fast For Conditions,No Apparent Influence,No Apparent Influence,24.0,Female,South,Slowing In Trafficway,No Improper Action,No Apparent Influence,No Apparent Influence,33.40982,-111.92628,2020-02-29,16:58:00
38404,3658583,2020,Southern Ave,Mill Ave,-50.0,Intersection Related 206,0.0,0.0,No Injury,Left Turn,Daylight,Clear,Dry,32.0,Female,North,Making Left Turn,Failed To Yield Right Of Way,No Apparent Influence,No Apparent Influence,50.0,Female,South,Going Straight Ahead,No Improper Action,No Apparent Influence,No Apparent Influence,33.39286,-111.93977,2020-02-29,19:22:00
38405,3654225,2020,Price Rd,Broadway Rd,50.0,Intersection Related 206,0.0,0.0,No Injury,Sideswipe Same Direction,Daylight,Clear,Dry,69.0,Female,South,Changing Lanes,Unsafe Lane Change,No Apparent Influence,No Apparent Influence,34.0,Female,South,Going Straight Ahead,No Improper Action,No Apparent Influence,No Apparent Influence,33.40763,-111.892,2020-02-29,21:42:00
38406,3654224,2020,Scottsdale Rd,SR-202 Exit 7 T-Ramp,-35.0,Intersection Related 206,0.0,0.0,No Injury,Sideswipe Same Direction,Daylight,Clear,Dry,46.0,Male,Southeast,Making Right Turn,Failed To Yield Right Of Way,No Apparent Influence,No Apparent Influence,63.0,Male,Southwest,Making Left Turn,No Improper Action,No Apparent Influence,No Apparent Influence,33.43535,-111.92626,2020-02-29,22:19:00
38407,3656222,2020,1st St,McKemy St,200.0,Not Junction Related,0.0,0.0,No Injury,Angle - Other Than Left Turn 2,Daylight,Cloudy,Dry,23.0,Male,South,Other,Failed To Yield Right Of Way,No Apparent Influence,No Apparent Influence,29.0,Male,West,Going Straight Ahead,No Improper Action,No Apparent Influence,No Apparent Influence,33.42913,-111.94941,2020-02-29,22:31:00
38408,3657443,2020,University Dr,Price Rd,0.0,Intersection Related 206,0.0,0.0,No Injury,Left Turn,Dark Lighted,Clear,Dry,25.0,Male,East,Making Left Turn,Made Improper Turn,No Apparent Influence,No Apparent Influence,36.0,Male,East,Going Straight Ahead,No Improper Action,No Apparent Influence,No Apparent Influence,33.42201,-111.89195,2020-03-01,05:49:00
38409,3658586,2020,Elliot Rd,I-10 Exit 157 A-Ramp,0.0,Intersection T Inter 203,1.0,0.0,Suspected Minor Injury,Angle - Other Than Left Turn 2,Dark Lighted,Clear,Dry,29.0,Female,South,Going Straight Ahead,Disregarded Traffic Signal,Alcohol,No Apparent Influence,34.0,Male,East,Going Straight Ahead,No Improper Action,No Apparent Influence,No Apparent Influence,33.34907,-111.97283,2020-03-01,09:31:00
38410,3654222,2020,Broadway Rd,Elm St,0.0,Intersection 201,1.0,0.0,Possible Injury,Angle - Other Than Left Turn 2,Daylight,Clear,Dry,25.0,Male,North,Making Left Turn,Made Improper Turn,No Apparent Influence,No Apparent Influence,45.0,Male,East,Going Straight Ahead,No Improper Action,No Apparent Influence,No Apparent Influence,33.40751,-111.91325,2020-03-01,18:32:00
38411,3654203,2020,Rural Rd,Alameda Dr,-25.0,Intersection 4 Way 202,0.0,0.0,No Injury,Angle - Other Than Left Turn 2,Daylight,Clear,Dry,25.0,Male,South,Going Straight Ahead,Disregarded Traffic Signal,No Apparent Influence,No Apparent Influence,30.0,Male,East,Slowing In Trafficway,No Improper Action,No Apparent Influence,No Apparent Influence,33.40016,-111.92631,2020-03-01,18:54:00
38415,3657582,2020,River Pkwy,Elliot Rd,0.0,Intersection T Inter 203,2.0,0.0,Suspected Minor Injury,Left Turn,Daylight,Clear,Dry,17.0,Male,West,Going Straight Ahead,Disregarded Traffic Signal,No Apparent Influence,No Apparent Influence,58.0,Male,South,Making Left Turn,No Improper Action,No Apparent Influence,No Apparent Influence,33.34928,-111.89791,2020-03-02,17:43:00
38417,3654205,2020,Southern Ave,College Ave,0.0,Not Junction Related,0.0,0.0,No Injury,Angle - Other Than Left Turn 2,Daylight,Clear,Dry,37.0,Male,East,Going Straight Ahead,Speed To Fast For Conditions,No Apparent Influence,No Apparent Influence,80.0,Female,East,Going Straight Ahead,No Improper Action,No Apparent Influence,No Apparent Influence,33.39291,-111.93492,2020-03-02,22:44:00
38420,3658587,2020,Veterans Way,University Dr,45.0,Intersection Related 206,0.0,0.0,No Injury,Sideswipe Same Direction,Daylight,Clear,Dry,30.0,Male,South,Changing Lanes,Unsafe Lane Change,No Apparent Influence,No Apparent Influence,18.0,Male,South,Going Straight Ahead,No Improper Action,No Apparent Influence,No Apparent Influence,33.42214,-111.92895,2020-03-03,01:08:00
38422,3657575,2020,Baseline Rd,SR-101 Cardinal Frontage,-23.0,Entrance Exit Ramp 205,1.0,0.0,Suspected Minor Injury,Rear End,Daylight,Clear,Dry,39.0,Male,East,Making Right Turn,Followed Too Closely,No Apparent Influence,No Apparent Influence,20.0,Male,East,Stopped In Trafficway,No Improper Action,No Apparent Influence,No Apparent Influence,33.37846,-111.89369,2020-03-03,15:47:00
38423,3663616,2020,Mill Ave,10th St,-165.0,Intersection Related 206,0.0,0.0,No Injury,Left Turn,Daylight,Clear,Dry,28.0,Male,North,Going Straight Ahead,Speed To Fast For Conditions,No Apparent Influence,No Apparent Influence,49.0,Male,North,Stopped In Trafficway,No Improper Action,No Apparent Influence,No Apparent Influence,33.41861,-111.93996,2020-03-03,15:51:00
38424,3657573,2020,Priest Dr,Broadway Rd,201.0,Driveway Or Alley,0.0,0.0,No Injury,Sideswipe Opposite Direction,Daylight,Unknown,Dry,27.0,Male,East,Making Left Turn,Drove Left Of Center Line,No Apparent Influence,No Apparent Influence,45.0,Male,South,Changing Lanes,No Improper Action,No Apparent Influence,No Apparent Influence,33.40797,-111.96079,2020-03-03,18:18:00
38425,3654868,2020,University Dr,Priest Dr,-202.0,Driveway Or Alley,0.0,0.0,No Injury,Left Turn,Daylight,Clear,Dry,53.0,Female,South,Making Left Turn,Failed To Yield Right Of Way,No Apparent Influence,No Apparent Influence,60.0,Male,East,Going Straight Ahead,No Improper Action,No Apparent Influence,No Apparent Influence,33.42194,-111.96159,2020-03-03,18:24:00
38428,3656227,2020,Rio Salado Pkwy,Price Rd,0.0,Intersection 201,0.0,0.0,No Injury,Angle - Other Than Left Turn 2,Daylight,Clear,Dry,61.0,Male,South,Making Right Turn,Failed To Yield Right Of Way,No Apparent Influence,No Apparent Influence,58.0,Male,West,Going Straight Ahead,No Improper Action,No Apparent Influence,No Apparent Influence,33.42938,-111.89183,2020-03-03,20:50:00
38433,3654824,2020,Baseline Rd,La Rosa Dr,-94.0,Intersection Related 206,0.0,0.0,No Injury,Sideswipe Same Direction,Daylight,Clear,Dry,50.0,Female,East,Changing Lanes,Unsafe Lane Change,No Apparent Influence,No Apparent Influence,42.0,Male,East,Going Straight Ahead,No Improper Action,No Apparent Influence,No Apparent Influence,33.37824,-111.93152,2020-03-04,00:29:00
38435,3656774,2020,Broadway Rd,Price Rd,10.0,Intersection Related 206,0.0,0.0,No Injury,Head On,Dark Lighted,Clear,Dry,28.0,Female,East,Going Straight Ahead,Disregarded Traffic Signal,No Apparent Influence,No Apparent Influence,68.0,Female,West,Making Left Turn,No Improper Action,No Apparent Influence,No Apparent Influence,33.4075,-111.89197,2020-03-04,02:58:00
38436,3656049,2020,University Dr,Rural Rd,0.0,Intersection 4 Way 202,2.0,0.0,Suspected Serious Injury,Left Turn,Dark Lighted,Clear,Dry,33.0,Male,East,Making Left Turn,Failed To Yield Right Of Way,No Apparent Influence,No Apparent Influence,27.0,Male,West,Going Straight Ahead,Unknown,No Apparent Influence,No Apparent Influence,33.42203,-111.92631,2020-03-04,04:50:00
38440,3656228,2020,Price Rd,Elliot Rd,-30.0,Intersection Related 206,0.0,0.0,No Injury,Angle - Other Than Left Turn 2,Daylight,Clear,Dry,18.0,Female,East,Making Right Turn,Unknown,No Apparent Influence,No Apparent Influence,62.0,Female,South,Going Straight Ahead,Unknown,No Apparent Influence,No Apparent Influence,33.34926,-111.89436,2020-03-04,19:52:00
38444,3656232,2020,Price Rd,Guadalupe Rd,150.0,Intersection Related 206,0.0,0.0,No Injury,Other,Dark Lighted,Clear,Dry,27.0,Male,South,Backing,Other,No Apparent Influence,No Apparent Influence,38.0,Male,South,Stopped In Trafficway,No Improper Action,No Apparent Influence,No Apparent Influence,33.3643,-111.89464,2020-03-05,12:05:00
38445,3656237,2020,Broadway Rd,Price Rd,-40.0,Intersection 4 Way 202,0.0,0.0,No Injury,Sideswipe Same Direction,Daylight,Clear,Dry,65.0,Male,South,Making Right Turn,Unsafe Lane Change,No Apparent Influence,No Apparent Influence,48.0,Male,South,Making Right Turn,No Improper Action,No Apparent Influence,No Apparent Influence,33.4075,-111.89214,2020-03-05,13:01:00
38447,3656121,2020,Elliot Rd,I-10 Exit 157 C-Ramp,-90.0,Intersection Related 206,0.0,0.0,No Injury,Rear End,Daylight,Clear,Dry,31.0,Female,East,Going Straight Ahead,Speed To Fast For Conditions,No Apparent Influence,No Apparent Influence,23.0,Male,East,Stopped In Trafficway,No Improper Action,No Apparent Influence,No Apparent Influence,33.34909,-111.97123,2020-03-05,16:03:00
38448,3656221,2020,Broadway Rd,Mill Ave,0.0,Not Junction Related,0.0,0.0,No Injury,Sideswipe Same Direction,Daylight,Clear,Dry,40.0,Male,East,Going Straight Ahead,Unknown,No Apparent Influence,No Apparent Influence,56.0,Male,East,Going Straight Ahead,Unknown,No Apparent Influence,No Apparent Influence,33.4074,-111.93983,2020-03-05,16:55:00
38449,3656134,2020,Baseline Rd,Darrow Dr,0.0,Intersection T Inter 203,0.0,0.0,No Injury,Left Turn,Daylight,Clear,Dry,21.0,Female,West,Making Left Turn,Unknown,No Apparent Influence,No Apparent Influence,46.0,Female,East,Going Straight Ahead,Unknown,No Apparent Influence,No Apparent Influence,33.37824,-111.96113,2020-03-05,17:06:00
38450,3656750,2020,Priest Dr,Center Pkwy,0.0,Intersection 4 Way 202,0.0,0.0,No Injury,Left Turn,Daylight,Clear,Dry,50.0,Female,South,Going Straight Ahead,Disregarded Traffic Signal,No Apparent Influence,No Apparent Influence,20.0,Female,North,Making Left Turn,No Improper Action,No Apparent Influence,No Apparent Influence,33.44452,-111.95492,2020-03-05,19:06:00
38452,3656781,2020,Rural Rd,US-60 Exit 174 G-Ramp,-100.0,Intersection Related 206,0.0,0.0,No Injury,Rear End,Daylight,Clear,Dry,20.0,Female,North,Going Straight Ahead,Speed To Fast For Conditions,No Apparent Influence,No Apparent Influence,54.0,Female,North,Stopped In Trafficway,No Improper Action,No Apparent Influence,No Apparent Influence,33.38475,-111.92649,2020-03-05,19:45:00
38453,3659647,2020,Kyrene Rd,Vaughn St,0.0,Intersection 4 Way 202,0.0,0.0,No Injury,Left Turn,Daylight,Clear,Dry,24.0,Male,South,Making Left Turn,Failed To Yield Right Of Way,No Apparent Influence,No Apparent Influence,53.0,Male,North,Going Straight Ahead,No Improper Action,No Apparent Influence,No Apparent Influence,33.36147,-111.94588,2020-03-05,21:42:00
38454,3655411,2020,Rural Rd,Cornell Dr,0.0,Intersection 4 Way 202,0.0,0.0,No Injury,Angle - Other Than Left Turn 2,Daylight,Clear,Dry,36.0,Male,West,Stopped In Trafficway,Failed To Yield Right Of Way,No Apparent Influence,No Apparent Influence,60.0,Male,South,Going Straight Ahead,No Improper Action,No Apparent Influence,No Apparent Influence,33.37211,-111.92865,2020-03-05,21:45:00
38455,3654862,2020,Priest Dr,Baseline Rd,35.0,Intersection Related 206,0.0,0.0,No Injury,Rear End,Daylight,Clear,Dry,36.0,Female,South,Going Straight Ahead,Followed Too Closely,No Apparent Influence,No Apparent Influence,35.0,Male,South,Stopped In Trafficway,No Improper Action,No Apparent Influence,No Apparent Influence,33.37834,-111.96318,2020-03-05,23:00:00
38456,3656252,2020,48th St,Broadway Rd,40.0,Intersection Related 206,0.0,0.0,No Injury,Rear End,Daylight,Clear,Dry,41.0,Male,South,Going Straight Ahead,Followed Too Closely,No Apparent Influence,No Apparent Influence,20.0,Female,South,Stopped In Trafficway,No Improper Action,No Apparent Influence,No Apparent Influence,33.40744,-111.97828,2020-03-05,23:39:00
38459,3654866,2020,McClintock Dr,8th St,0.0,Intersection T Inter 203,0.0,0.0,No Injury,Left Turn,Daylight,Clear,Dry,40.0,Female,West,Making Left Turn,Failed To Yield Right Of Way,No Apparent Influence,No Apparent Influence,26.0,Male,South,Going Straight Ahead,No Improper Action,No Apparent Influence,No Apparent Influence,33.41952,-111.9091,2020-03-06,00:59:00
38460,3658636,2020,McClintock Dr,Rio Salado Pkwy,150.0,Not Junction Related,0.0,0.0,No Injury,Rear End,Dusk,Clear,Dry,28.0,Male,North,Going Straight Ahead,Speed To Fast For Conditions,No Apparent Influence,No Apparent Influence,54.0,Male,North,Stopped In Trafficway,No Improper Action,No Apparent Influence,No Apparent Influence,33.42967,-111.90909,2020-03-06,01:21:00
38461,3654881,2020,Mill Ave,Baseline Rd,0.0,Intersection 4 Way 202,0.0,0.0,No Injury,Left Turn,Dark Lighted,Clear,Dry,32.0,Female,South,Going Straight Ahead,Disregarded Traffic Signal,No Apparent Influence,No Apparent Influence,30.0,Male,West,Making Left Turn,No Improper Action,No Apparent Influence,No Apparent Influence,33.37821,-111.93937,2020-03-06,02:29:00
38462,3656757,2020,48th St,Alameda Dr,0.0,Intersection 4 Way 202,0.0,0.0,No Injury,Left Turn,Daylight,Clear,Dry,29.0,Female,North,Making Left Turn,Failed To Yield Right Of Way,No Apparent Influence,No Apparent Influence,50.0,Female,South,Going Straight Ahead,No Improper Action,No Apparent Influence,No Apparent Influence,33.40005,-111.97831,2020-03-06,12:15:00