,Incident ID,Year,Street Name,Cross Street,Distance,Junction Relation,Total Injuries,Total Fatalities,Injury Severity,Collision Manner,Light Condition,Weather,Surface Condition,Age Driver 1,Gender Driver 1,Travel Direction One,Unit Action One,Violation1_Drv1,Alcohol Use Driver 1,Drug Use Driver 1,Age Driver 2,Gender Driver 2,Travel Direction Two,Unit Action Two,Violation 1 Driver 2,Alcohol Use Driver 2,Drug Use Driver 2,Latitude,Longitude,Date,Time
38464,3656135,2020,48th St,Alameda Dr,0.0,Intersection 4 Way 202,2.0,0.0,Suspected Minor Injury,Left Turn,Daylight,Clear,Dry,23.0,Female,South,Making Left Turn,Failed To Yield Right Of Way,No Apparent Influence,No Apparent Influence,29.0,Male,North,Going Straight Ahead,No Improper Action,No Apparent Influence,No Apparent Influence,33.40005,-111.97831,2020-03-06,18:40:00
38466,3656746,2020,McClintock Dr,Apache Blvd,-207.0,Intersection Related Non Interchange,0.0,0.0,No Injury,Rear End,Daylight,Clear,Dry,44.0,Male,South,Going Straight Ahead,Speed To Fast For Conditions,No Apparent Influence,No Apparent Influence,58.0,Male,South,Stopped In Trafficway,No Improper Action,No Apparent Influence,No Apparent Influence,33.41419,-111.90913,2020-03-06,18:55:00
38467,3656238,2020,Southern Ave,Price Rd,40.0,Intersection Related 206,1.0,0.0,Possible Injury,Angle - Other Than Left Turn 2,Daylight,Clear,Dry,16.0,Male,North,Unknown,Speed To Fast For Conditions,No Apparent Influence,No Apparent Influence,84.0,Female,East,Going Straight Ahead,No Improper Action,No Apparent Influence,No Apparent Influence,33.39295,-111.89032,2020-03-06,19:55:00
38470,3656180,2020,Broadway Rd,Roosevelt St,150.0,Intersection Related 206,0.0,0.0,No Injury,Rear End,Daylight,Clear,Dry,33.0,Male,West,Going Straight Ahead,Speed To Fast For Conditions,No Apparent Influence,No Apparent Influence,65.0,Male,West,Stopped In Trafficway,No Improper Action,No Apparent Influence,No Apparent Influence,33.40738,-111.94736,2020-03-06,20:47:00
38471,3657653,2020,Los Feliz Dr,Wesleyan Dr,0.0,Driveway Or Alley,0.0,0.0,No Injury,Angle - Other Than Left Turn 2,Daylight,Clear,Dry,16.0,Female,South,Making Right Turn,Speed To Fast For Conditions,No Apparent Influence,No Apparent Influence,18.0,Male,South,Stopped In Trafficway,No Improper Action,No Apparent Influence,No Apparent Influence,33.39736,-111.90415,2020-03-06,21:24:00
38472,3659421,2020,Priest Dr,SR-202 Cardinal Frontage,-200.0,Entrance Exit Ramp 205,0.0,0.0,No Injury,Rear End,Daylight,Clear,Dry,22.0,Female,North,Going Straight Ahead,Followed Too Closely,No Apparent Influence,No Apparent Influence,32.0,Male,North,Going Straight Ahead,No Improper Action,No Apparent Influence,No Apparent Influence,33.4366,-111.96097,2020-03-06,21:25:00
38473,3656763,2020,Price Rd,Broadway Rd,0.0,Intersection Other 204,0.0,0.0,No Injury,Sideswipe Same Direction,Daylight,Clear,Dry,39.0,Female,South,Going Straight Ahead,Other,No Apparent Influence,No Apparent Influence,19.0,Female,South,Making Right Turn,No Improper Action,No Apparent Influence,No Apparent Influence,33.4075,-111.892,2020-03-06,21:36:00
38476,3656764,2020,Rural Rd,Westchester Dr,0.0,Intersection 4 Way 202,0.0,0.0,No Injury,Left Turn,Daylight,Clear,Dry,17.0,Male,South,Making Left Turn,Failed To Yield Right Of Way,No Apparent Influence,No Apparent Influence,54.0,Female,North,Going Straight Ahead,No Improper Action,No Apparent Influence,No Apparent Influence,33.36739,-111.92863,2020-03-06,22:26:00
38477,3656782,2020,Elliot Rd,Price Rd,45.0,Intersection Related 206,1.0,0.0,Possible Injury,Rear End,Daylight,Clear,Dry,20.0,Male,West,Slowing In Trafficway,Speed To Fast For Conditions,No Apparent Influence,No Apparent Influence,47.0,Female,West,Slowing In Trafficway,Unknown,No Apparent Influence,No Apparent Influence,33.34935,-111.89422,2020-03-06,23:14:00
38480,3654879,2020,Priest Dr,Elliot Rd,-30.0,Intersection Related 206,0.0,0.0,No Injury,Sideswipe Same Direction,Daylight,Clear,Unknown,24.0,Male,North,Changing Lanes,Failed To Keep In Proper Lane,No Apparent Influence,No Apparent Influence,62.0,Female,North,Stopped In Trafficway,No Improper Action,No Apparent Influence,No Apparent Influence,33.34902,-111.96313,2020-03-07,00:50:00
38481,3654865,2020,Price Rd,Broadway Rd,0.0,Intersection 4 Way 202,1.0,0.0,Possible Injury,Left Turn,Dark Lighted,Clear,Dry,56.0,Male,North,Going Straight Ahead,Failed To Keep In Proper Lane,No Apparent Influence,No Apparent Influence,25.0,Female,North,Making Left Turn,No Improper Action,No Apparent Influence,No Apparent Influence,33.40748,-111.89033,2020-03-07,02:39:00
38484,3654873,2020,University Dr,Rural Rd,-30.0,Intersection Related 206,0.0,0.0,No Injury,Other,Daylight,Clear,Dry,62.0,Male,West,Backing,Other,No Apparent Influence,No Apparent Influence,21.0,Female,East,Stopped In Trafficway,No Improper Action,No Apparent Influence,No Apparent Influence,33.42203,-111.92641,2020-03-07,16:01:00
38488,3656181,2020,Rural Rd,University Dr,50.0,Intersection Related 206,0.0,0.0,No Injury,Angle - Other Than Left Turn 2,Daylight,Clear,Dry,27.0,Female,North,Going Straight Ahead,Unknown,No Apparent Influence,No Apparent Influence,22.0,Male,North,Going Straight Ahead,Unknown,No Apparent Influence,No Apparent Influence,33.42217,-111.92631,2020-03-07,23:28:00
38489,3654880,2020,Mill Ave,Southern Ave,-50.0,Intersection Related 206,0.0,0.0,No Injury,Sideswipe Opposite Direction,Daylight,Clear,Dry,61.0,Male,North,Changing Lanes,Unsafe Lane Change,No Apparent Influence,No Apparent Influence,26.0,Male,North,Going Straight Ahead,No Improper Action,No Apparent Influence,No Apparent Influence,33.39273,-111.9396,2020-03-07,23:38:00
38490,3654874,2020,Scottsdale Rd,SR-202 Exit 7 P-Ramp,0.0,Intersection 4 Way 202,0.0,0.0,No Injury,Angle - Other Than Left Turn 2,Dark Lighted,Clear,Dry,18.0,Male,South,Changing Lanes,Unsafe Lane Change,No Apparent Influence,No Apparent Influence,19.0,Male,South,Going Straight Ahead,No Improper Action,No Apparent Influence,No Apparent Influence,33.43544,-111.92626,2020-03-08,03:19:00
38491,3656125,2020,McClintock Dr,Dava Dr,0.11,Not Junction Related,0.0,0.0,No Injury,Rear End,Daylight,Clear,Dry,49.0,Female,North,Going Straight Ahead,Speed To Fast For Conditions,No Apparent Influence,No Apparent Influence,70.0,Male,North,Stopped In Trafficway,No Improper Action,No Apparent Influence,No Apparent Influence,33.35593,-111.91122,2020-03-08,15:30:00
38492,3656182,2020,Warner Rd,Terrace Rd,100.0,Not Junction Related,1.0,0.0,Suspected Minor Injury,Rear End,Daylight,Clear,Dry,39.0,Male,East,Going Straight Ahead,Followed Too Closely,No Apparent Influence,No Apparent Influence,74.0,Male,East,Making U Turn,Other,No Apparent Influence,No Apparent Influence,33.33468,-111.92308,2020-03-08,16:28:00
38494,3663620,2020,Guadalupe Rd,Kyrene Rd,100.0,Intersection Related 206,0.0,0.0,No Injury,Rear End,Daylight,Clear,Dry,25.0,Male,West,Changing Lanes,Speed To Fast For Conditions,No Apparent Influence,No Apparent Influence,55.0,Female,West,Stopped In Trafficway,No Improper Action,No Apparent Influence,No Apparent Influence,33.36366,-111.94557,2020-03-08,22:46:00
38497,3657657,2020,Baseline Rd,Bala Dr,-75.0,Not Junction Related,2.0,0.0,Possible Injury,Left Turn,Daylight,Clear,Dry,64.0,Male,North,Making Left Turn,Failed To Yield Right Of Way,No Apparent Influence,No Apparent Influence,34.0,Female,East,Going Straight Ahead,No Improper Action,No Apparent Influence,No Apparent Influence,33.37845,-111.89543,2020-03-09,18:26:00
38499,3657656,2020,Kyrene Rd,Baseline Rd,-80.0,Not Junction Related,0.0,0.0,No Injury,Sideswipe Same Direction,Daylight,Cloudy,Dry,59.0,Female,South,Making Left Turn,Failed To Keep In Proper Lane,No Apparent Influence,No Apparent Influence,44.0,Male,South,Making Left Turn,Unknown,No Apparent Influence,No Apparent Influence,33.37798,-111.94598,2020-03-09,20:51:00
38501,3657440,2020,Rio Salado Pkwy,Price Rd,0.0,Intersection 4 Way 202,0.0,0.0,No Injury,Left Turn,Daylight,Clear,Dry,39.0,Female,South,Making Left Turn,Made Improper Turn,No Apparent Influence,No Apparent Influence,33.0,Male,East,Going Straight Ahead,No Improper Action,No Apparent Influence,No Apparent Influence,33.42938,-111.89183,2020-03-09,22:07:00
38502,3657442,2020,McClintock Dr,Apache Blvd,-0.11,Driveway Or Alley,0.0,0.0,No Injury,Angle - Other Than Left Turn 2,Daylight,Clear,Dry,58.0,Female,West,Making Left Turn,Failed To Yield Right Of Way,No Apparent Influence,No Apparent Influence,37.0,Female,South,Going Straight Ahead,No Improper Action,No Apparent Influence,No Apparent Influence,33.41316,-111.90912,2020-03-09,22:13:00
38503,3656214,2020,Broadway Rd,Terrace Rd,-50.0,Intersection 4 Way 202,0.0,0.0,No Injury,Sideswipe Same Direction,Daylight,Clear,Dry,19.0,Female,East,Changing Lanes,Unsafe Lane Change,No Apparent Influence,No Apparent Influence,56.0,Male,East,Going Straight Ahead,No Improper Action,No Apparent Influence,No Apparent Influence,33.4075,-111.92278,2020-03-09,22:22:00
38504,3655413,2020,Elliot Rd,Willow Dr,0.0,Intersection 4 Way 202,0.0,0.0,No Injury,Angle - Other Than Left Turn 2,Daylight,Clear,Dry,31.0,Female,South,Making Left Turn,Failed To Yield Right Of Way,No Apparent Influence,No Apparent Influence,61.0,Male,West,Going Straight Ahead,No Improper Action,No Apparent Influence,No Apparent Influence,33.34913,-111.91485,2020-03-09,23:15:00
38505,3656215,2020,Priest Dr,Todd Dr,30.0,Intersection T Inter 203,0.0,0.0,No Injury,Left Turn,Daylight,Clear,Dry,29.0,Male,East,Making Left Turn,Failed To Yield Right Of Way,No Apparent Influence,No Apparent Influence,23.0,Female,South,Going Straight Ahead,No Improper Action,No Apparent Influence,No Apparent Influence,33.35283,-111.96316,2020-03-09,23:41:00
38507,3656185,2020,Scottsdale Rd,Rio Salado Pkwy,0.0,Intersection 4 Way 202,0.0,0.0,No Injury,Left Turn,Dark Lighted,Clear,Dry,16.0,Female,South,Making Left Turn,Failed To Yield Right Of Way,No Apparent Influence,No Apparent Influence,65.0,Male,North,Going Straight Ahead,No Improper Action,No Apparent Influence,No Apparent Influence,33.42885,-111.92629,2020-03-10,03:40:00
38508,3656236,2020,Price Rd,Guadalupe Rd,15.0,Intersection Related 206,0.0,0.0,No Injury,Angle - Other Than Left Turn 2,Daylight,Clear,Dry,32.0,Male,South,Making Right Turn,Followed Too Closely,No Apparent Influence,No Apparent Influence,59.0,Male,South,Making Right Turn,No Improper Action,No Apparent Influence,No Apparent Influence,33.36393,-111.89466,2020-03-10,14:59:00
38511,3654870,2020,Elliot Rd,Price Rd,121.0,Intersection Related 206,0.0,0.0,No Injury,Sideswipe Same Direction,Daylight,Cloudy,Dry,40.0,Male,East,Avoiding Vehicle Object Pedestrian,Unsafe Lane Change,No Apparent Influence,No Apparent Influence,38.0,Female,East,Going Straight Ahead,No Improper Action,No Apparent Influence,No Apparent Influence,33.34935,-111.89397,2020-03-10,19:08:00
38513,3654859,2020,Scottsdale Rd,Playa Del Norte Dr,-30.0,Intersection Related 206,0.0,0.0,No Injury,Sideswipe Same Direction,Daylight,Cloudy,Dry,39.0,Male,North,Changing Lanes,Unsafe Lane Change,No Apparent Influence,No Apparent Influence,23.0,Male,North,Slowing In Trafficway,No Improper Action,No Apparent Influence,No Apparent Influence,33.43395,-111.92626,2020-03-10,20:08:00
38514,3654871,2020,McClintock Dr,University Dr,55.0,Intersection Related 206,1.0,0.0,Suspected Minor Injury,Rear End,Daylight,Cloudy,Dry,24.0,Female,South,Going Straight Ahead,Followed Too Closely,No Apparent Influence,No Apparent Influence,77.0,Female,South,Stopped In Trafficway,No Improper Action,No Apparent Influence,No Apparent Influence,33.42213,-111.9091,2020-03-10,21:20:00
38515,3657576,2020,Rural Rd,Geneva Dr,83.0,Not Junction Related,1.0,0.0,Possible Injury,Rear End,Daylight,Unknown,Dry,16.0,Male,South,Going Straight Ahead,Followed Too Closely,No Apparent Influence,No Apparent Influence,28.0,Male,South,Stopped In Trafficway,No Improper Action,No Apparent Influence,No Apparent Influence,33.39521,-111.92633,2020-03-10,23:34:00
38517,3657612,2020,Broadway Rd,I-10 Exit 153 G-Ramp,30.0,Intersection Related 206,0.0,0.0,No Injury,Rear End,Daylight,Cloudy,Dry,49.0,Female,West,Going Straight Ahead,Speed To Fast For Conditions,No Apparent Influence,No Apparent Influence,27.0,Male,West,Stopped In Trafficway,No Improper Action,No Apparent Influence,No Apparent Influence,33.40848,-111.97351,2020-03-11,00:40:00
38518,3656233,2020,Farmer Ave,6th St,108.0,Not Junction Related,0.0,0.0,No Injury,Sideswipe Opposite Direction,Daylight,Cloudy,Dry,50.0,Male,North,Going Straight Ahead,Unknown,No Apparent Influence,No Apparent Influence,36.0,Male,South,Going Straight Ahead,Unknown,No Apparent Influence,No Apparent Influence,33.42462,-111.94429,2020-03-11,00:50:00
38519,3656755,2020,Rio Salado Pkwy,Price Rd,0.0,Intersection 4 Way 202,0.0,0.0,No Injury,Left Turn,Dark Lighted,Rain,Wet,23.0,Male,West,Making Left Turn,Made Improper Turn,No Apparent Influence,No Apparent Influence,25.0,Male,East,Going Straight Ahead,No Improper Action,No Apparent Influence,No Apparent Influence,33.42938,-111.89183,2020-03-11,02:04:00
38520,3657457,2020,Southern Ave,College Ave,200.0,Not Junction Related,0.0,0.0,No Injury,Sideswipe Same Direction,Dark Lighted,Rain,Wet,19.0,Male,West,Changing Lanes,Unsafe Lane Change,No Apparent Influence,No Apparent Influence,30.0,Male,West,Going Straight Ahead,No Improper Action,No Apparent Influence,No Apparent Influence,33.39291,-111.93426,2020-03-11,02:23:00
38523,3654857,2020,McClintock Dr,SR-202 Exit 8 A-Ramp,0.0,Intersection T Inter 203,0.0,0.0,No Injury,Angle - Other Than Left Turn 2,Dark Lighted,Rain,Wet,28.0,Female,East,Making Right Turn,Speed To Fast For Conditions,No Apparent Influence,No Apparent Influence,47.0,Male,North,Making Left Turn,No Improper Action,No Apparent Influence,No Apparent Influence,33.43646,-111.90961,2020-03-11,12:55:00
38525,3664685,2020,McClintock Dr,SR-202 Exit 8 A-Ramp,0.0,Intersection Related 206,0.0,0.0,No Injury,Rear End,Daylight,Rain,Wet,20.0,Male,North,Going Straight Ahead,Speed To Fast For Conditions,No Apparent Influence,No Apparent Influence,24.0,Male,North,Stopped In Trafficway,No Improper Action,No Apparent Influence,No Apparent Influence,33.43646,-111.90961,2020-03-11,17:17:00
38527,3656179,2020,College Ave,Weber Dr,0.0,Intersection 4 Way 202,1.0,0.0,Possible Injury,Angle - Other Than Left Turn 2,Daylight,Cloudy,Wet,55.0,Male,West,Going Straight Ahead,Failed To Yield Right Of Way,No Apparent Influence,No Apparent Influence,60.0,Male,South,Going Straight Ahead,No Improper Action,No Apparent Influence,No Apparent Influence,33.44241,-111.93148,2020-03-11,18:25:00
38528,3656066,2020,6th St,Mill Ave,30.0,Intersection Related 206,0.0,0.0,No Injury,Angle - Other Than Left Turn 2,Daylight,Unknown,Unknown,29.0,Male,Unknown,Backing,Failed To Yield Right Of Way,No Apparent Influence,No Apparent Influence,20.0,Male,West,Going Straight Ahead,No Improper Action,No Apparent Influence,No Apparent Influence,33.42435,-111.93992,2020-03-11,18:30:00
38530,3656248,2020,Broadway Rd,I-10 Exit 153 G-Ramp,60.0,Intersection Related 206,0.0,0.0,No Injury,Rear End,Daylight,Cloudy,Wet,41.0,Male,West,Going Straight Ahead,Speed To Fast For Conditions,No Apparent Influence,No Apparent Influence,77.0,Male,West,Stopped In Trafficway,No Improper Action,No Apparent Influence,No Apparent Influence,33.40852,-111.97342,2020-03-11,20:58:00
38531,3656251,2020,Rural Rd,Terrace Rd,-215.0,Intersection Related 206,0.0,0.0,No Injury,Rear End,Daylight,Cloudy,Wet,32.0,Male,North,Going Straight Ahead,Speed To Fast For Conditions,No Apparent Influence,No Apparent Influence,40.0,Male,North,Stopped In Trafficway,No Improper Action,No Apparent Influence,No Apparent Influence,33.41968,-111.9263,2020-03-11,21:36:00
38532,3657568,2020,52nd St,14th St,200.0,Intersection Related 206,0.0,0.0,No Injury,Rear End,Daylight,Rain,Wet,58.0,Male,South,Going Straight Ahead,Speed To Fast For Conditions,No Apparent Influence,No Apparent Influence,52.0,Female,South,Going Straight Ahead,No Improper Action,No Apparent Influence,No Apparent Influence,33.41413,-111.96952,2020-03-11,21:39:00
38535,3657585,2020,University Dr,McClintock Dr,30.0,Intersection Related 206,0.0,0.0,No Injury,Rear End,Daylight,Rain,Wet,28.0,Male,West,Slowing In Trafficway,Speed To Fast For Conditions,No Apparent Influence,No Apparent Influence,32.0,Male,West,Stopped In Trafficway,No Improper Action,No Apparent Influence,No Apparent Influence,33.42199,-111.90899,2020-03-11,22:29:00
38538,3657466,2020,Elliot Rd,Priest Dr,-50.0,Intersection Related 206,0.0,0.0,No Injury,Sideswipe Same Direction,Daylight,Cloudy,Wet,24.0,Male,East,Slowing In Trafficway,Unsafe Lane Change,No Apparent Influence,No Apparent Influence,26.0,Female,East,Slowing In Trafficway,No Improper Action,No Apparent Influence,No Apparent Influence,33.3491,-111.9633,2020-03-11,23:02:00
38546,3656234,2020,Priest Dr,SR-202 Exit 5 J-Ramp,0.0,Intersection 201,0.0,0.0,No Injury,Left Turn,Daylight,Cloudy,Dry,56.0,Male,South,Going Straight Ahead,Disregarded Traffic Signal,No Apparent Influence,No Apparent Influence,23.0,Male,North,Making Left Turn,No Improper Action,No Apparent Influence,No Apparent Influence,33.4385,-111.96084,2020-03-12,22:47:00
38547,3656235,2020,Warner Rd,McClintock Dr,-130.0,Intersection Related 206,1.0,0.0,Suspected Minor Injury,Rear End,Daylight,Cloudy,Dry,18.0,Male,East,Going Straight Ahead,Followed Too Closely,No Apparent Influence,No Apparent Influence,33.0,Female,East,Stopped In Trafficway,No Improper Action,No Apparent Influence,No Apparent Influence,33.33462,-111.9116,2020-03-13,16:35:00
38549,3656137,2020,Rural Rd,Warner Rd,160.0,Intersection Related 206,2.0,0.0,Suspected Minor Injury,Rear End,Daylight,Cloudy,Dry,69.0,Male,South,Going Straight Ahead,Followed Too Closely,No Apparent Influence,No Apparent Influence,42.0,Female,South,Slowing In Trafficway,No Improper Action,No Apparent Influence,No Apparent Influence,33.33509,-111.92842,2020-03-13,19:17:00
38551,3657569,2020,Elliot Rd,Price Rd,-30.0,Intersection Related 206,0.0,0.0,No Injury,Rear End,Daylight,Cloudy,Dry,23.0,Female,East,Slowing In Trafficway,Other,No Apparent Influence,No Apparent Influence,61.0,Male,East,Stopped In Trafficway,No Improper Action,No Apparent Influence,No Apparent Influence,33.34934,-111.89446,2020-03-13,21:17:00
38553,3657470,2020,University Dr,Roosevelt St,0.0,Intersection 4 Way 202,1.0,0.0,Possible Injury,Left Turn,Daylight,Clear,Wet,21.0,Female,West,Making Left Turn,Failed To Yield Right Of Way,No Apparent Influence,No Apparent Influence,19.0,Female,East,Going Straight Ahead,No Improper Action,No Apparent Influence,No Apparent Influence,33.4219,-111.94729,2020-03-13,21:49:00
38556,3656766,2020,Hardy Dr,Southern Ave,212.0,Driveway Or Alley,0.0,0.0,No Injury,Left Turn,Daylight,Cloudy,Dry,24.0,Male,East,Making Left Turn,Failed To Yield Right Of Way,No Apparent Influence,No Apparent Influence,29.0,Male,South,Going Straight Ahead,No Improper Action,No Apparent Influence,No Apparent Influence,33.39344,-111.95198,2020-03-13,22:43:00
38558,3656136,2020,Smith Rd,University Dr,-70.0,Intersection Related 206,0.0,0.0,No Injury,Sideswipe Opposite Direction,Daylight,Rain,Wet,25.0,Male,West,Making Left Turn,Failed To Keep In Proper Lane,No Apparent Influence,No Apparent Influence,34.0,Female,North,Stopped In Trafficway,No Improper Action,No Apparent Influence,No Apparent Influence,33.42192,-111.90051,2020-03-14,00:13:00
38559,3656171,2020,Mill Ave,US-60 Exit 173 J-Ramp,150.0,Not Junction Related,1.0,0.0,Suspected Minor Injury,Rear End,Dark Lighted,Rain,Wet,42.0,Male,South,Stopped In Trafficway,Speed To Fast For Conditions,No Apparent Influence,No Apparent Influence,58.0,Female,South,Going Straight Ahead,No Improper Action,No Apparent Influence,No Apparent Influence,33.38646,-111.93951,2020-03-14,02:15:00
38560,3657570,2020,College Ave,E Marigold Ln,0.0,Intersection 201,0.0,0.0,No Injury,Rear End,Dark Lighted,Cloudy,Wet,24.0,Female,South,Going Straight Ahead,Speed To Fast For Conditions,No Apparent Influence,No Apparent Influence,26.0,Male,South,Slowing In Trafficway,No Improper Action,No Apparent Influence,No Apparent Influence,33.44786,-111.93516,2020-03-14,05:07:00
38563,3656773,2020,Scottsdale Rd,Rio Salado Pkwy,150.0,Not Junction Related,1.0,0.0,Suspected Minor Injury,Rear End,Daylight,Cloudy,Dry,78.0,Female,South,Going Straight Ahead,Speed To Fast For Conditions,No Apparent Influence,No Apparent Influence,24.0,Female,South,Stopped In Trafficway,No Improper Action,No Apparent Influence,No Apparent Influence,33.42926,-111.92629,2020-03-14,20:00:00
38564,3656216,2020,Kyrene Rd,Guadalupe Rd,20.0,Intersection Related 206,0.0,0.0,No Injury,Rear End,Dusk,Clear,Dry,54.0,Female,North,Going Straight Ahead,Speed To Fast For Conditions,No Apparent Influence,No Apparent Influence,63.0,Male,North,Stopped In Trafficway,No Improper Action,No Apparent Influence,No Apparent Influence,33.36371,-111.94589,2020-03-15,01:14:00
38567,3656184,2020,Warner Rd,McClintock Dr,0.0,Intersection 4 Way 202,2.0,0.0,Suspected Minor Injury,Left Turn,Daylight,Clear,Dry,36.0,Male,West,Making Left Turn,Failed To Yield Right Of Way,No Apparent Influence,No Apparent Influence,31.0,Male,East,Going Straight Ahead,No Improper Action,No Apparent Influence,No Apparent Influence,33.33464,-111.91118,2020-03-15,19:27:00
38568,3656250,2020,University Dr,Dorsey Ln,100.0,Intersection Related 206,0.0,0.0,No Injury,Rear End,Unknown 51,Unknown,Dry,22.0,Male,East,Going Straight Ahead,Speed To Fast For Conditions,No Apparent Influence,No Apparent Influence,23.0,Female,East,Stopped In Trafficway,No Improper Action,No Apparent Influence,No Apparent Influence,33.42202,-111.91736,2020-03-15,21:54:00
38569,3656178,2020,Scottsdale Rd,Playa Del Norte Dr,-50.0,Intersection Related 206,0.0,0.0,No Injury,Sideswipe Same Direction,Daylight,Clear,Dry,50.0,Male,North,Changing Lanes,Unsafe Lane Change,No Apparent Influence,No Apparent Influence,21.0,Female,North,Slowing In Trafficway,No Improper Action,No Apparent Influence,No Apparent Influence,33.4339,-111.92626,2020-03-15,23:19:00
38572,3656776,2020,Baseline Rd,Mill Ave,-114.0,Intersection Related 206,0.0,0.0,No Injury,Rear End,Dark Lighted,Clear,Dry,22.0,Male,East,Going Straight Ahead,Speed To Fast For Conditions,No Apparent Influence,No Apparent Influence,24.0,Female,East,Stopped In Trafficway,No Improper Action,No Apparent Influence,No Apparent Influence,33.37822,-111.93974,2020-03-16,04:02:00
38576,3656272,2020,Baseline Rd,Priest Dr,-30.0,Intersection Related 206,1.0,0.0,Possible Injury,Rear End,Daylight,Clear,Dry,42.0,Female,East,Going Straight Ahead,Followed Too Closely,No Apparent Influence,No Apparent Influence,64.0,Female,East,Stopped In Trafficway,No Improper Action,No Apparent Influence,No Apparent Influence,33.37824,-111.96327,2020-03-16,18:29:00
38577,3663621,2020,McClintock Dr,SR-202 Exit 8 J-Ramp,0.0,Intersection 201,2.0,0.0,Suspected Minor Injury,Left Turn,Daylight,Clear,Dry,16.0,Male,North,Going Straight Ahead,Disregarded Traffic Signal,No Apparent Influence,No Apparent Influence,40.0,Male,South,Making Left Turn,No Improper Action,No Apparent Influence,No Apparent Influence,33.43662,-111.90962,2020-03-16,18:35:00
38584,3656753,2020,University Dr,Hardy Dr,208.0,Intersection Related 206,1.0,0.0,Possible Injury,Rear End,Dark Lighted,Clear,Dry,28.0,Male,West,Going Straight Ahead,Exceeded Lawful Speed,No Apparent Influence,No Apparent Influence,50.0,Female,West,Stopped In Trafficway,No Improper Action,No Apparent Influence,No Apparent Influence,33.42191,-111.95154,2020-03-17,02:35:00
38585,3663618,2020,University Dr,S Athletes Pl,-106.0,Not Junction Related,1.0,0.0,Possible Injury,Rear End,Dark Lighted,Clear,Dry,20.0,Male,East,Going Straight Ahead,Speed To Fast For Conditions,No Apparent Influence,No Apparent Influence,31.0,Female,East,Slowing In Trafficway,No Improper Action,No Apparent Influence,No Apparent Influence,33.42202,-111.92324,2020-03-17,04:04:00
38587,3656183,2020,Baseline Rd,I-10 Exit 155 J1-Ramp,0.0,Intersection 4 Way 202,2.0,0.0,Suspected Minor Injury,Angle - Other Than Left Turn 2,Dark Lighted,Clear,Dry,32.0,Male,East,Going Straight Ahead,Disregarded Traffic Signal,No Apparent Influence,No Apparent Influence,59.0,Male,North,Making Left Turn,No Improper Action,No Apparent Influence,No Apparent Influence,33.3783,-111.96738,2020-03-17,12:57:00
38588,3656771,2020,McClintock Dr,Rio Salado Pkwy,141.0,Intersection Related 206,0.0,0.0,No Injury,Sideswipe Same Direction,Daylight,Clear,Dry,75.0,Female,South,Changing Lanes,Unsafe Lane Change,No Apparent Influence,No Apparent Influence,41.0,Male,South,Going Straight Ahead,No Improper Action,No Apparent Influence,No Apparent Influence,33.42965,-111.90909,2020-03-17,19:12:00
38591,3656752,2020,Price Rd,Broadway Rd,0.0,Intersection 4 Way 202,0.0,0.0,No Injury,Left Turn,Daylight,Clear,Dry,56.0,Female,North,Making Left Turn,Made Improper Turn,No Apparent Influence,No Apparent Influence,22.0,Male,North,Making Left Turn,No Improper Action,No Apparent Influence,No Apparent Influence,33.40748,-111.89033,2020-03-17,22:37:00
38594,3662366,2020,Broadway Rd,Forest Service 01 Tempe Ave,0.0,Intersection T Inter 203,1.0,0.0,Possible Injury,Rear End,Daylight,Clear,Dry,20.0,Female,West,Going Straight Ahead,Followed Too Closely,No Apparent Influence,No Apparent Influence,31.0,Female,West,Stopped In Trafficway,No Improper Action,No Apparent Influence,No Apparent Influence,33.40743,-111.93597,2020-03-18,00:31:00
38595,3657456,2020,University Dr,Rural Rd,0.0,Intersection 4 Way 202,1.0,0.0,Possible Injury,Left Turn,Daylight,Clear,Dry,49.0,Male,West,Making Left Turn,Failed To Yield Right Of Way,No Apparent Influence,No Apparent Influence,49.0,Male,East,Going Straight Ahead,No Improper Action,No Apparent Influence,No Apparent Influence,33.42203,-111.92631,2020-03-18,01:01:00
38596,3656152,2020,Baseline Rd,Lakeshore Dr,0.0,Intersection 4 Way 202,2.0,0.0,Suspected Minor Injury,Left Turn,Daylight,Clear,Dry,32.0,Male,West,Going Straight Ahead,Disregarded Traffic Signal,No Apparent Influence,No Apparent Influence,68.0,Female,South,Making Left Turn,No Improper Action,No Apparent Influence,No Apparent Influence,33.37832,-111.9205,2020-03-18,01:25:00
38597,3657566,2020,McClintock Dr,Del Rio Dr,-60.0,Intersection Related 206,1.0,0.0,Possible Injury,Rear End,Daylight,Clear,Dry,47.0,Female,North,Going Straight Ahead,Followed Too Closely,No Apparent Influence,No Apparent Influence,20.0,Female,North,Stopped In Trafficway,No Improper Action,No Apparent Influence,No Apparent Influence,33.39643,-111.90913,2020-03-18,01:28:00
38598,3657915,2020,Rural Rd,Guadalupe Rd,0.0,Intersection 4 Way 202,0.0,0.0,No Injury,Left Turn,Dark Lighted,Clear,Dry,18.0,Male,Southeast,Making Left Turn,Failed To Yield Right Of Way,No Apparent Influence,No Apparent Influence,45.0,Female,North,Going Straight Ahead,No Improper Action,No Apparent Influence,No Apparent Influence,33.36375,-111.92861,2020-03-18,03:25:00