,Incident ID,Year,Street Name,Cross Street,Distance,Junction Relation,Total Injuries,Total Fatalities,Injury Severity,Collision Manner,Light Condition,Weather,Surface Condition,Age Driver 1,Gender Driver 1,Travel Direction One,Unit Action One,Violation1_Drv1,Alcohol Use Driver 1,Drug Use Driver 1,Age Driver 2,Gender Driver 2,Travel Direction Two,Unit Action Two,Violation 1 Driver 2,Alcohol Use Driver 2,Drug Use Driver 2,Latitude,Longitude,Date,Time
38599,3657618,2020,Rural Rd,Guadalupe Rd,175.0,Intersection Related 206,1.0,0.0,Suspected Minor Injury,Left Turn,Dark Lighted,Clear,Dry,17.0,Female,Southwest,Making Left Turn,Made Improper Turn,No Apparent Influence,No Apparent Influence,20.0,Female,North,Going Straight Ahead,No Improper Action,No Apparent Influence,No Apparent Influence,33.36423,-111.92861,2020-03-18,04:28:00
38601,3656765,2020,Price Rd,Guadalupe Rd,155.0,Intersection Related 206,2.0,0.0,Possible Injury,Rear End,Dark Lighted,Cloudy,Dry,48.0,Female,South,Going Straight Ahead,Speed To Fast For Conditions,No Apparent Influence,No Apparent Influence,26.0,Female,South,Stopped In Trafficway,No Improper Action,No Apparent Influence,No Apparent Influence,33.36432,-111.89464,2020-03-18,12:43:00
38603,3656207,2020,Broadway Rd,River Dr,-130.0,Driveway Or Alley,1.0,0.0,Possible Injury,Rear End,Daylight,Rain,Wet,21.0,Male,West,Going Straight Ahead,Speed To Fast For Conditions,No Apparent Influence,No Apparent Influence,49.0,Male,West,Stopped In Trafficway,No Improper Action,No Apparent Influence,No Apparent Influence,33.4075,-111.89817,2020-03-18,16:01:00
38604,3656208,2020,Broadway Rd,River Dr,-160.0,Driveway Or Alley,1.0,0.0,Suspected Minor Injury,Rear End,Daylight,Rain,Wet,78.0,Male,West,Going Straight Ahead,Speed To Fast For Conditions,No Apparent Influence,No Apparent Influence,33.0,Male,West,Slowing In Trafficway,No Improper Action,No Apparent Influence,No Apparent Influence,33.4075,-111.89827,2020-03-18,16:01:00
38607,3656131,2020,Lakeshore Dr,Guadalupe Rd,50.0,Intersection Related 206,0.0,0.0,No Injury,Rear End,Daylight,Cloudy,Dry,47.0,Male,South,Going Straight Ahead,Followed Too Closely,No Apparent Influence,No Apparent Influence,59.0,Female,South,Stopped In Trafficway,No Improper Action,No Apparent Influence,No Apparent Influence,33.3639,-111.91991,2020-03-18,20:34:00
38609,3657441,2020,Rural Rd,Apache Blvd,110.0,Intersection Related 206,0.0,0.0,No Injury,Rear End,Daylight,Cloudy,Wet,19.0,Male,South,Going Straight Ahead,Speed To Fast For Conditions,No Apparent Influence,No Apparent Influence,35.0,Male,South,Stopped In Trafficway,No Improper Action,No Apparent Influence,No Apparent Influence,33.41506,-111.92629,2020-03-18,22:11:00
38610,3656146,2020,Lemon St,Stanley Pl,-37.0,Not Junction Related,0.0,0.0,No Injury,U Turn,Daylight,Cloudy,Wet,19.0,Male,West,Making U Turn,Failed To Yield Right Of Way,No Apparent Influence,No Apparent Influence,36.0,Female,West,Going Straight Ahead,No Improper Action,No Apparent Influence,No Apparent Influence,33.41673,-111.9207,2020-03-18,23:49:00
38611,3657452,2020,McClintock Dr,Carson Dr,110.0,Intersection Related 206,2.0,0.0,Suspected Minor Injury,Rear End,Daylight,Rain,Wet,71.0,Female,North,Going Straight Ahead,Followed Too Closely,No Apparent Influence,No Apparent Influence,23.0,Female,North,Stopped In Trafficway,No Improper Action,No Apparent Influence,No Apparent Influence,33.38418,-111.90921,2020-03-19,00:02:00
38613,3636901,2020,Baseline Rd,Ash Ave,150.0,Not Junction Related,0.0,0.0,No Injury,Rear End,Dark Lighted,Rain,Wet,18.0,Male,East,Going Straight Ahead,Speed To Fast For Conditions,No Apparent Influence,No Apparent Influence,54.0,Female,East,Going Straight Ahead,No Improper Action,No Apparent Influence,No Apparent Influence,33.37822,-111.94104,2020-03-19,03:46:00
38614,3657460,2020,Juniper Dr,Myrna Ln,-100.0,Intersection Related 206,0.0,0.0,No Injury,Rear End,Dark Lighted,Rain,Wet,19.0,Male,North,Backing,Other,Alcohol,No Apparent Influence,41.0,Male,South,Stopped In Trafficway,No Improper Action,No Apparent Influence,No Apparent Influence,33.32939,-111.91601,2020-03-19,11:31:00
38615,3657591,2020,Apache Blvd,River Dr,0.0,Intersection 201,0.0,0.0,No Injury,Left Turn,Daylight,Cloudy,Wet,60.0,Male,West,Making Left Turn,Followed Too Closely,No Apparent Influence,No Apparent Influence,64.0,Male,West,Making Left Turn,No Improper Action,No Apparent Influence,No Apparent Influence,33.41478,-111.89622,2020-03-19,14:59:00
38616,3657467,2020,Rio Salado Pkwy,Price Rd,0.0,Intersection 4 Way 202,1.0,0.0,Possible Injury,Left Turn,Daylight,Cloudy,Dry,20.0,Female,West,Making Left Turn,Failed To Yield Right Of Way,No Apparent Influence,No Apparent Influence,47.0,Female,East,Going Straight Ahead,No Improper Action,No Apparent Influence,No Apparent Influence,33.42938,-111.89183,2020-03-19,17:46:00
38617,3656141,2020,Rural Rd,Guadalupe Rd,-124.0,Intersection Related 206,0.0,0.0,No Injury,Rear End,Daylight,Cloudy,Dry,19.0,Female,North,Going Straight Ahead,Followed Too Closely,No Apparent Influence,No Apparent Influence,20.0,Male,North,Stopped In Trafficway,No Improper Action,No Apparent Influence,No Apparent Influence,33.36341,-111.9286,2020-03-19,18:14:00
38618,3657450,2020,Scottsdale Rd,Tempe Dr,0.0,Intersection T Inter 203,0.0,0.0,No Injury,Sideswipe Opposite Direction,Daylight,Clear,Dry,26.0,Male,Northwest,Backing,Other,No Apparent Influence,No Apparent Influence,34.0,Male,Southeast,Stopped In Trafficway,No Improper Action,No Apparent Influence,No Apparent Influence,33.44223,-111.92639,2020-03-19,19:57:00
38619,3657451,2020,Tempe Dr,Scottsdale Rd,160.0,Driveway Or Alley,0.0,0.0,No Injury,Angle - Other Than Left Turn 2,Daylight,Clear,Dry,26.0,Male,South,Going Straight Ahead,Failed To Yield Right Of Way,No Apparent Influence,No Apparent Influence,34.0,Male,West,Going Straight Ahead,No Improper Action,No Apparent Influence,No Apparent Influence,33.44223,-111.92587,2020-03-19,19:57:00
38622,3657469,2020,Broadway Rd,Mill Ave,144.0,Intersection Related 206,0.0,0.0,No Injury,Sideswipe Same Direction,Daylight,Clear,Dry,24.0,Female,East,Going Straight Ahead,Unknown,No Apparent Influence,No Apparent Influence,62.0,Male,East,Going Straight Ahead,Unknown,No Apparent Influence,No Apparent Influence,33.40742,-111.93936,2020-03-19,22:38:00
38623,3657468,2020,Southern Ave,Priest Dr,217.0,Intersection Related 206,1.0,0.0,Suspected Minor Injury,Rear End,Daylight,Clear,Dry,58.0,Male,West,Going Straight Ahead,Followed Too Closely,No Apparent Influence,No Apparent Influence,20.0,Male,West,Stopped In Trafficway,No Improper Action,No Apparent Influence,No Apparent Influence,33.39288,-111.96006,2020-03-20,01:21:00
38633,3658650,2020,Southern Ave,Priest Dr,-30.0,Intersection Related 206,2.0,0.0,Suspected Minor Injury,Left Turn,Daylight,Clear,Dry,72.0,Male,East,Going Straight Ahead,Speed To Fast For Conditions,Alcohol,No Apparent Influence,33.0,Female,East,Stopped In Trafficway,No Improper Action,No Apparent Influence,No Apparent Influence,33.39288,-111.96087,2020-03-22,01:10:00
38636,3659523,2020,Baseline Rd,Priest Dr,0.0,Intersection Related 206,1.0,0.0,Suspected Minor Injury,Left Turn,Daylight,Clear,Dry,31.0,Female,East,Going Straight Ahead,Speed To Fast For Conditions,No Apparent Influence,No Apparent Influence,27.0,Male,Northwest,Making Left Turn,Made Improper Turn,No Apparent Influence,No Apparent Influence,33.37824,-111.96318,2020-03-22,19:22:00
38641,3657599,2020,Mill Ave,University Dr,0.0,Intersection 4 Way 202,1.0,0.0,Suspected Minor Injury,Left Turn,Daylight,Clear,Dry,48.0,Male,South,Making Left Turn,Other,No Apparent Influence,No Apparent Influence,21.0,Female,North,Going Straight Ahead,No Improper Action,No Apparent Influence,No Apparent Influence,33.42193,-111.94002,2020-03-24,17:23:00
38642,3658633,2020,Price Rd,Broadway Rd,0.0,Intersection 4 Way 202,0.0,0.0,No Injury,Left Turn,Daylight,Clear,Dry,30.0,Male,South,Making Left Turn,Unknown,No Apparent Influence,No Apparent Influence,67.0,Male,South,Making Left Turn,Unknown,No Apparent Influence,No Apparent Influence,33.4075,-111.892,2020-03-24,17:30:00
38647,3657619,2020,Warner Rd,Kyrene Rd,-65.0,Intersection Related 206,2.0,0.0,Suspected Minor Injury,Rear End,Daylight,Clear,Dry,51.0,Male,East,Going Straight Ahead,Speed To Fast For Conditions,No Apparent Influence,No Apparent Influence,55.0,Male,East,Stopped In Trafficway,No Improper Action,No Apparent Influence,No Apparent Influence,33.3346,-111.94587,2020-03-25,13:37:00
38648,3637911,2020,Mary St,Curry Rd,10.0,Not Junction Related,0.0,0.0,No Injury,Angle - Other Than Left Turn 2,Daylight,Clear,Dry,26.0,Male,East,Going Straight Ahead,Speed To Fast For Conditions,No Apparent Influence,No Apparent Influence,67.0,Female,East,Going Straight Ahead,No Improper Action,No Apparent Influence,No Apparent Influence,33.44043,-111.92426,2020-03-25,19:02:00
38649,3657616,2020,Lemon St,Rural Rd,-126.0,Intersection Related 206,0.0,0.0,No Injury,Rear End,Daylight,Clear,Dry,69.0,Male,East,Going Straight Ahead,Speed To Fast For Conditions,No Apparent Influence,No Apparent Influence,54.0,Male,East,Stopped In Trafficway,No Improper Action,No Apparent Influence,No Apparent Influence,33.41681,-111.92671,2020-03-25,19:58:00
38651,3658584,2020,Center Pkwy,Washington St,-30.0,Intersection Related 206,1.0,0.0,Suspected Minor Injury,Rear End,Dusk,Clear,Dry,68.0,Male,North,Going Straight Ahead,Speed To Fast For Conditions,No Apparent Influence,No Apparent Influence,42.0,Male,North,Stopped In Trafficway,No Improper Action,No Apparent Influence,No Apparent Influence,33.43923,-111.94887,2020-03-26,13:07:00
38653,3638268,2020,Hohokam Dr,University Dr,-90.0,Entrance Exit Ramp Interchange,0.0,0.0,No Injury,Rear End,Daylight,Clear,Dry,36.0,Male,South,Going Straight Ahead,Speed To Fast For Conditions,No Apparent Influence,No Apparent Influence,60.0,Male,South,Stopped In Trafficway,No Improper Action,No Apparent Influence,No Apparent Influence,33.42168,-111.9718,2020-03-26,20:33:00
38657,3658640,2020,Baseline Rd,Pointe Pkwy,135.0,Intersection Related 206,1.0,0.0,Suspected Minor Injury,Sideswipe Same Direction,Dark Lighted,Clear,Dry,38.0,Female,West,Changing Lanes,Unsafe Lane Change,No Apparent Influence,No Apparent Influence,19.0,Female,West,Going Straight Ahead,No Improper Action,No Apparent Influence,No Apparent Influence,33.37822,-111.97155,2020-03-28,04:02:00
38658,3658654,2020,Price Rd,Broadway Rd,0.0,Intersection 201,0.0,0.0,No Injury,Angle - Other Than Left Turn 2,Daylight,Clear,Dry,57.0,Male,North,Going Straight Ahead,Failed To Keep In Proper Lane,No Apparent Influence,No Apparent Influence,36.0,Female,North,Making Left Turn,No Improper Action,No Apparent Influence,No Apparent Influence,33.40748,-111.89033,2020-03-28,16:30:00
38659,3659657,2020,Baseline Rd,Terry Ln,0.0,Other,0.0,0.0,No Injury,Other,Daylight,Clear,Dry,29.0,Male,North,Making Left Turn,Failed To Yield Right Of Way,No Apparent Influence,No Apparent Influence,45.0,Female,East,Going Straight Ahead,No Improper Action,No Apparent Influence,No Apparent Influence,33.37823,-111.9554,2020-03-28,19:19:00
38660,3658652,2020,Guadalupe Rd,McClintock Dr,0.0,Intersection 4 Way 202,2.0,0.0,Suspected Minor Injury,Left Turn,Daylight,Clear,Dry,62.0,Male,East,Making Left Turn,Failed To Yield Right Of Way,No Apparent Influence,No Apparent Influence,61.0,Female,West,Going Straight Ahead,No Improper Action,No Apparent Influence,No Apparent Influence,33.36376,-111.91126,2020-03-29,01:03:00
38661,3658651,2020,Priest Dr,Washington St,0.0,Intersection 4 Way 202,2.0,0.0,Suspected Serious Injury,Angle - Other Than Left Turn 2,Daylight,Clear,Dry,25.0,Male,South,Going Straight Ahead,Disregarded Traffic Signal,No Apparent Influence,No Apparent Influence,33.0,Male,West,Going Straight Ahead,No Improper Action,No Apparent Influence,No Apparent Influence,33.44262,-111.95661,2020-03-29,01:45:00
38664,3659652,2020,Mill Ave,W Cottage Ln,32.0,Intersection Related 206,1.0,0.0,Possible Injury,Rear End,Daylight,Clear,Dry,28.0,Female,South,Going Straight Ahead,Speed To Fast For Conditions,No Apparent Influence,No Apparent Influence,28.0,Male,South,Making Right Turn,No Improper Action,No Apparent Influence,No Apparent Influence,33.4053,-111.93979,2020-03-30,01:18:00
38665,3658646,2020,Warner Rd,Priest Dr,-30.0,Intersection Related 206,0.0,0.0,No Injury,Rear End,Dawn,Clear,Dry,31.0,Male,East,Going Straight Ahead,Other,No Apparent Influence,No Apparent Influence,30.0,Male,East,Stopped In Trafficway,No Improper Action,No Apparent Influence,No Apparent Influence,33.33452,-111.96322,2020-03-30,12:34:00
38667,3659650,2020,Rockford Dr,Rio Salado Pkwy,0.0,Intersection 4 Way 202,1.0,0.0,Possible Injury,Angle - Other Than Left Turn 2,Daylight,Clear,Dry,26.0,Female,West,Going Straight Ahead,Unknown,No Apparent Influence,No Apparent Influence,29.0,Female,North,Going Straight Ahead,Unknown,No Apparent Influence,No Apparent Influence,33.42936,-111.89704,2020-03-30,23:03:00
38668,3658648,2020,Priest Dr,SR-202 Exit 5 J-Ramp,0.0,Intersection 201,2.0,0.0,Suspected Minor Injury,Left Turn,Dark Lighted,Clear,Dry,20.0,Male,South,Going Straight Ahead,Disregarded Traffic Signal,No Apparent Influence,No Apparent Influence,60.0,Male,North,Making Left Turn,No Improper Action,No Apparent Influence,No Apparent Influence,33.4385,-111.96084,2020-03-31,02:56:00
38669,3660911,2020,Apache Blvd,Lebanon Ln,-200.0,Not Junction Related,1.0,0.0,Possible Injury,Sideswipe Same Direction,Unknown 51,Unknown,Dry,39.0,Male,East,Changing Lanes,Unsafe Lane Change,Alcohol,No Apparent Influence,25.0,Male,East,Going Straight Ahead,No Improper Action,No Apparent Influence,No Apparent Influence,33.4148,-111.88692,2020-03-31,03:28:00
38672,3659659,2020,Rural Rd,US-60 Exit 174 C-Ramp,0.0,Intersection 4 Way 202,1.0,0.0,Suspected Minor Injury,Left Turn,Daylight,Clear,Dry,25.0,Male,North,Going Straight Ahead,Disregarded Traffic Signal,No Apparent Influence,No Apparent Influence,41.0,Male,West,Making Left Turn,No Improper Action,No Apparent Influence,No Apparent Influence,33.38618,-111.92647,2020-03-31,18:22:00
38673,3658642,2020,Rio Salado Pkwy,Price Rd,0.0,Intersection 4 Way 202,0.0,0.0,No Injury,Left Turn,Daylight,Cloudy,Dry,17.0,Male,West,Making Left Turn,Failed To Yield Right Of Way,No Apparent Influence,No Apparent Influence,32.0,Female,East,Going Straight Ahead,No Improper Action,No Apparent Influence,No Apparent Influence,33.42938,-111.89183,2020-03-31,21:35:00
38680,3659655,2020,Broadway Rd,Price Rd,0.0,Intersection 4 Way 202,0.0,0.0,No Injury,Angle - Other Than Left Turn 2,Daylight,Clear,Dry,24.0,Male,Northeast,Making Right Turn,Failed To Yield Right Of Way,No Apparent Influence,No Apparent Influence,58.0,Male,East,Going Straight Ahead,No Improper Action,No Apparent Influence,No Apparent Influence,33.40748,-111.89033,2020-04-02,14:05:00
38681,3660931,2020,McClintock Dr,E Tempe Marketplace,-100.0,Intersection Related 206,0.0,0.0,No Injury,Rear End,Daylight,Clear,Dry,29.0,Female,North,Going Straight Ahead,Speed To Fast For Conditions,No Apparent Influence,No Apparent Influence,62.0,Female,North,Stopped In Trafficway,No Improper Action,No Apparent Influence,No Apparent Influence,33.43181,-111.90926,2020-04-02,23:04:00
38682,3659636,2020,Rural Rd,McNair Dr,-10.0,Intersection Related 206,0.0,0.0,No Injury,Angle - Other Than Left Turn 2,Daylight,Clear,Dry,36.0,Female,North,Making Right Turn,Unsafe Lane Change,No Apparent Influence,No Apparent Influence,71.0,Female,North,Going Straight Ahead,No Improper Action,No Apparent Influence,No Apparent Influence,33.3514,-111.92851,2020-04-02,23:16:00
38683,3659516,2020,Price Rd,Broadway Rd,0.0,Intersection 201,1.0,0.0,Suspected Minor Injury,Angle - Other Than Left Turn 2,Daylight,Clear,Dry,60.0,Male,South,Going Straight Ahead,Disregarded Traffic Signal,No Apparent Influence,No Apparent Influence,24.0,Female,West,Going Straight Ahead,No Improper Action,No Apparent Influence,No Apparent Influence,33.4075,-111.892,2020-04-03,01:07:00
38685,3659654,2020,Broadway Rd,Rural Rd,-50.0,Intersection Related 206,0.0,0.0,No Injury,Sideswipe Same Direction,Daylight,Clear,Dry,70.0,Female,East,Changing Lanes,Unsafe Lane Change,No Apparent Influence,No Apparent Influence,25.0,Male,East,Going Straight Ahead,No Improper Action,No Apparent Influence,No Apparent Influence,33.40749,-111.92645,2020-04-03,14:05:00
38686,3659519,2020,Mill Ave,US-60 Exit 173 A-Ramp,0.0,Intersection 4 Way 202,2.0,0.0,Suspected Minor Injury,Angle - Other Than Left Turn 2,Daylight,Clear,Dry,22.0,Male,South,Going Straight Ahead,Disregarded Traffic Signal,No Apparent Influence,No Apparent Influence,36.0,Female,East,Making Left Turn,No Improper Action,No Apparent Influence,No Apparent Influence,33.38511,-111.93947,2020-04-03,18:32:00
38688,3659513,2020,McClintock Dr,Libra Dr,0.0,Intersection 4 Way 202,2.0,0.0,Possible Injury,Angle - Other Than Left Turn 2,Daylight,Clear,Dry,52.0,Male,East,Making Right Turn,Made Improper Turn,No Apparent Influence,No Apparent Influence,74.0,Male,Unknown,Going Straight Ahead,No Improper Action,No Apparent Influence,No Apparent Influence,33.36559,-111.91127,2020-04-03,19:26:00
38694,3659514,2020,Apache Blvd,Price Rd,0.0,Intersection 201,0.0,0.0,No Injury,Left Turn,Daylight,Clear,Dry,69.0,Male,East,Making U Turn,Failed To Yield Right Of Way,No Apparent Influence,No Apparent Influence,52.0,Male,West,Going Straight Ahead,No Improper Action,No Apparent Influence,No Apparent Influence,33.4148,-111.89195,2020-04-04,21:09:00
38699,3659411,2020,Rural Rd,University Dr,-145.0,Driveway Or Alley,0.0,0.0,No Injury,Angle - Other Than Left Turn 2,Daylight,Clear,Dry,35.0,Male,West,Going Straight Ahead,Failed To Yield Right Of Way,No Apparent Influence,No Apparent Influence,21.0,Male,North,Stopped In Trafficway,No Improper Action,No Apparent Influence,No Apparent Influence,33.42163,-111.92631,2020-04-06,21:58:00
38702,3659634,2020,Grove Pkwy,Priest Dr,0.0,Intersection T Inter 203,1.0,0.0,Possible Injury,Left Turn,Daylight,Clear,Dry,33.0,Male,Northeast,Making Left Turn,Failed To Yield Right Of Way,No Apparent Influence,No Apparent Influence,45.0,Female,Southwest,Going Straight Ahead,No Improper Action,No Apparent Influence,No Apparent Influence,33.35148,-111.96246,2020-04-07,21:10:00
38709,3660928,2020,Harl Ave,Drake Dr,0.0,Intersection 4 Way 202,0.0,0.0,No Injury,Angle - Other Than Left Turn 2,Daylight,Clear,Dry,22.0,Female,West,Going Straight Ahead,Other,No Apparent Influence,No Apparent Influence,25.0,Female,North,Going Straight Ahead,No Improper Action,No Apparent Influence,No Apparent Influence,33.3551,-111.9665,2020-04-09,20:06:00
38710,3659515,2020,Curry Rd,Stadem Dr,0.0,Intersection 4 Way 202,0.0,0.0,No Injury,Angle - Other Than Left Turn 2,Daylight,Clear,Dry,62.0,Male,North,Going Straight Ahead,Failed To Yield Right Of Way,No Apparent Influence,No Apparent Influence,56.0,Male,West,Going Straight Ahead,No Improper Action,No Apparent Influence,No Apparent Influence,33.44038,-111.91375,2020-04-09,20:24:00
38712,3659424,2020,Apache Blvd,Price Rd,0.0,Intersection 4 Way 202,0.0,0.0,No Injury,Left Turn,Dusk,Clear,Dry,60.0,Male,West,Making Left Turn,Failed To Yield Right Of Way,No Apparent Influence,Drugs,22.0,Female,North,Going Straight Ahead,No Improper Action,No Apparent Influence,No Apparent Influence,33.4148,-111.89195,2020-04-10,01:46:00
38713,3660929,2020,48th St,University Dr,60.0,Not Junction Related,0.0,0.0,No Injury,Rear End,Daylight,Clear,Dry,50.0,Male,South,Backing,Other,No Apparent Influence,No Apparent Influence,37.0,Male,South,Stopped In Trafficway,No Improper Action,No Apparent Influence,No Apparent Influence,33.42207,-111.97625,2020-04-10,14:48:00
38714,3660920,2020,Rural Rd,Todd Dr,23.0,Intersection Related 206,1.0,0.0,Suspected Minor Injury,Rear End,Daylight,Unknown,Dry,18.0,Male,South,Going Straight Ahead,Followed Too Closely,No Apparent Influence,No Apparent Influence,37.0,Female,South,Slowing In Trafficway,No Improper Action,No Apparent Influence,No Apparent Influence,33.35281,-111.92852,2020-04-10,18:36:00
38715,3660921,2020,Elliot Rd,Priest Dr,-35.0,Intersection Related 206,0.0,0.0,No Injury,Rear End,Daylight,Clear,Dry,26.0,Male,West,Slowing In Trafficway,Followed Too Closely,No Apparent Influence,No Apparent Influence,60.0,Female,West,Slowing In Trafficway,No Improper Action,No Apparent Influence,No Apparent Influence,33.3491,-111.96325,2020-04-10,20:06:00
38720,3660923,2020,Kyrene Rd,La Jolla Dr,0.0,Intersection 201,2.0,0.0,Suspected Minor Injury,Sideswipe Same Direction,Daylight,Clear,Dry,61.0,Male,South,Making Right Turn,Other,No Apparent Influence,No Apparent Influence,61.0,Male,South,Going Straight Ahead,No Improper Action,No Apparent Influence,No Apparent Influence,33.38993,-111.94369,2020-04-12,22:04:00
38721,3662370,2020,River Pkwy,Centennial Cir,0.0,Intersection 4 Way 202,2.0,0.0,Suspected Minor Injury,Left Turn,Daylight,Clear,Dry,39.0,Male,North,Going Straight Ahead,Unknown,No Apparent Influence,No Apparent Influence,61.0,Male,North,Making Left Turn,No Improper Action,No Apparent Influence,No Apparent Influence,33.33956,-111.89896,2020-04-13,13:23:00
38723,3660919,2020,McKellips Rd,College Ave,30.0,Intersection Related 206,1.0,0.0,Suspected Minor Injury,Rear End,Daylight,Cloudy,Dry,63.0,Male,West,Going Straight Ahead,Followed Too Closely,No Apparent Influence,No Apparent Influence,24.0,Male,West,Stopped In Trafficway,No Improper Action,No Apparent Influence,No Apparent Influence,33.4511,-111.93512,2020-04-13,23:02:00
38725,3662454,2020,Price Rd,Apache Blvd,0.0,Intersection Non Interchange,0.0,0.0,No Injury,Angle - Other Than Left Turn 2,Dawn,Clear,Dry,34.0,Male,North,Going Straight Ahead,Unknown,No Apparent Influence,No Apparent Influence,62.0,Male,East,Going Straight Ahead,Unknown,No Apparent Influence,No Apparent Influence,33.41479,-111.89073,2020-04-14,11:33:00
38727,3660918,2020,McClintock Dr,University Dr,25.0,Intersection Related 206,1.0,0.0,Possible Injury,Rear End,Daylight,Clear,Dry,42.0,Female,South,Going Straight Ahead,Speed To Fast For Conditions,No Apparent Influence,No Apparent Influence,53.0,Female,South,Slowing In Trafficway,No Improper Action,No Apparent Influence,No Apparent Influence,33.42205,-111.90909,2020-04-14,17:33:00
38728,3660933,2020,University Dr,S Athletes Pl,100.0,Intersection Related 206,0.0,0.0,No Injury,Rear End,Daylight,Clear,Dry,21.0,Female,East,Going Straight Ahead,Speed To Fast For Conditions,No Apparent Influence,No Apparent Influence,21.0,Female,East,Going Straight Ahead,No Improper Action,No Apparent Influence,No Apparent Influence,33.42202,-111.92257,2020-04-14,22:46:00
38729,3662376,2020,Washington St,Priest Dr,0.0,Intersection 4 Way 202,2.0,0.0,Possible Injury,Angle - Other Than Left Turn 2,Daylight,Clear,Dry,56.0,Female,West,Going Straight Ahead,Disregarded Traffic Signal,No Apparent Influence,No Apparent Influence,39.0,Female,South,Going Straight Ahead,No Improper Action,No Apparent Influence,No Apparent Influence,33.44262,-111.95661,2020-04-15,00:43:00
38730,3679992,2020,McKellips Rd,Hayden Rd,-50.0,Intersection Related Interchange,0.0,0.0,No Injury,Rear End,Daylight,Clear,Dry,19.0,Male,East,Going Straight Ahead,Speed To Fast For Conditions,No Apparent Influence,No Apparent Influence,64.0,Male,East,Stopped In Trafficway,No Improper Action,No Apparent Influence,No Apparent Influence,33.45126,-111.90946,2020-04-15,19:20:00
38732,3661541,2020,Southern Ave,Priest Dr,-89.0,Intersection Related 206,0.0,0.0,No Injury,Rear End,Daylight,Clear,Dry,29.0,Male,East,Going Straight Ahead,Speed To Fast For Conditions,Alcohol,No Apparent Influence,33.0,Female,East,Stopped In Trafficway,No Improper Action,No Apparent Influence,No Apparent Influence,33.39288,-111.96106,2020-04-16,13:47:00
38733,3661543,2020,Perry Ln,6th St,90.0,Driveway Or Alley,1.0,0.0,Suspected Minor Injury,Angle - Other Than Left Turn 2,Daylight,Clear,Dry,49.0,Male,East,Making Left Turn,Failed To Yield Right Of Way,No Apparent Influence,No Apparent Influence,31.0,Male,South,Going Straight Ahead,No Improper Action,No Apparent Influence,No Apparent Influence,33.42522,-111.90477,2020-04-16,18:35:00
38734,3661542,2020,Baseline Rd,Priest Dr,0.0,Intersection 4 Way 202,0.0,0.0,No Injury,Angle - Other Than Left Turn 2,Daylight,Clear,Dry,28.0,Male,West,Going Straight Ahead,Disregarded Traffic Signal,No Apparent Influence,No Apparent Influence,31.0,Female,South,Going Straight Ahead,No Improper Action,No Apparent Influence,No Apparent Influence,33.37824,-111.96318,2020-04-17,22:42:00
38737,3661535,2020,Broadway Rd,College Ave,0.0,Intersection 4 Way 202,0.0,0.0,No Injury,Angle - Other Than Left Turn 2,Daylight,Clear,Dry,26.0,Female,West,Going Straight Ahead,Disregarded Traffic Signal,No Apparent Influence,No Apparent Influence,71.0,Female,South,Going Straight Ahead,No Improper Action,No Apparent Influence,No Apparent Influence,33.40744,-111.93491,2020-04-20,19:02:00
38738,3643445,2020,Rio Salado Pkwy,Price Rd,-200.0,Intersection Related 206,2.0,0.0,Suspected Minor Injury,Left Turn,Daylight,Clear,Dry,76.0,Male,South,Making Left Turn,Failed To Yield Right Of Way,No Apparent Influence,No Apparent Influence,22.0,Female,Southwest,Going Straight Ahead,No Improper Action,No Apparent Influence,No Apparent Influence,33.42937,-111.89248,2020-04-20,19:50:00
38739,3642968,2020,Hardy Dr,Guadalupe Rd,0.0,Intersection Related 206,0.0,0.0,No Injury,Other,Daylight,Clear,Dry,51.0,Male,South,Making Left Turn,Other,No Apparent Influence,No Apparent Influence,39.0,Male,South,Stopped In Trafficway,No Improper Action,No Apparent Influence,No Apparent Influence,33.36369,-111.95453,2020-04-20,21:45:00
38741,3662374,2020,Baseline Rd,Calle Los Cerros,0.0,Intersection 201,0.0,0.0,No Injury,Sideswipe Same Direction,Unknown 51,Unknown,Dry,40.0,Male,West,Going Straight Ahead,Unknown,No Apparent Influence,No Apparent Influence,42.0,Male,West,Going Straight Ahead,Unknown,No Apparent Influence,No Apparent Influence,33.37821,-111.97409,2020-04-21,00:04:00
38743,3661538,2020,Priest Dr,Grove Pkwy,90.0,Not Junction Related,0.0,0.0,No Injury,Sideswipe Same Direction,Daylight,Clear,Dry,58.0,Male,South,Changing Lanes,Unsafe Lane Change,No Apparent Influence,No Apparent Influence,53.0,Female,South,Slowing In Trafficway,No Improper Action,No Apparent Influence,No Apparent Influence,33.35165,-111.96267,2020-04-21,19:26:00
38744,3644305,2020,Baseline Rd,I-10 Exit 155 J1-Ramp,-50.0,Entrance Exit Ramp 205,0.0,0.0,No Injury,Sideswipe Same Direction,Daylight,Clear,Dry,26.0,Male,East,Making Left Turn,Failed To Keep In Proper Lane,No Apparent Influence,No Apparent Influence,30.0,Male,East,Making Left Turn,No Improper Action,No Apparent Influence,No Apparent Influence,33.3783,-111.96754,2020-04-21,20:38:00
38747,3643616,2020,Price Rd,Rio Salado Pkwy,0.0,Intersection 4 Way 202,0.0,0.0,No Injury,Angle - Other Than Left Turn 2,Daylight,Clear,Dry,53.0,Male,North,Going Straight Ahead,Disregarded Traffic Signal,No Apparent Influence,No Apparent Influence,25.0,Female,Southwest,Going Straight Ahead,No Improper Action,No Apparent Influence,No Apparent Influence,33.42938,-111.89183,2020-04-22,22:17:00