,Incident ID,Year,Street Name,Cross Street,Distance,Junction Relation,Total Injuries,Total Fatalities,Injury Severity,Collision Manner,Light Condition,Weather,Surface Condition,Age Driver 1,Gender Driver 1,Travel Direction One,Unit Action One,Violation1_Drv1,Alcohol Use Driver 1,Drug Use Driver 1,Age Driver 2,Gender Driver 2,Travel Direction Two,Unit Action Two,Violation 1 Driver 2,Alcohol Use Driver 2,Drug Use Driver 2,Latitude,Longitude,Date,Time
38908,3670708,2020,Priest Dr,Alameda Dr,-30.0,Intersection 4 Way 202,2.0,0.0,Possible Injury,Rear End,Daylight,Clear,Dry,39.0,Male,North,Going Straight Ahead,Speed To Fast For Conditions,No Apparent Influence,No Apparent Influence,21.0,Male,North,Stopped In Trafficway,No Improper Action,No Apparent Influence,No Apparent Influence,33.40006,-111.96077,2020-05-25,20:11:00
38911,3670709,2020,Priest Dr,3rd St,-140.0,Intersection Related 206,1.0,0.0,Possible Injury,Rear End,Daylight,Clear,Dry,39.0,Female,North,Going Straight Ahead,Speed To Fast For Conditions,No Apparent Influence,No Apparent Influence,19.0,Male,North,Slowing In Trafficway,No Improper Action,No Apparent Influence,No Apparent Influence,33.42692,-111.96096,2020-05-26,20:39:00
38912,3667264,2020,Broadway Rd,River Dr,-218.0,Intersection Related 206,1.0,0.0,Possible Injury,Rear End,Daylight,Clear,Dry,48.0,Male,East,Going Straight Ahead,Speed To Fast For Conditions,No Apparent Influence,No Apparent Influence,48.0,Male,East,Stopped In Trafficway,No Improper Action,No Apparent Influence,No Apparent Influence,33.4075,-111.89846,2020-05-26,22:37:00
38913,3667245,2020,Alexander Blvd,La Rosa Dr,0.0,Intersection T Inter 203,1.0,0.0,Possible Injury,Left Turn,Daylight,Clear,Dry,23.0,Female,South,Making Left Turn,Failed To Yield Right Of Way,No Apparent Influence,No Apparent Influence,57.0,Female,West,Going Straight Ahead,No Improper Action,No Apparent Influence,No Apparent Influence,33.32351,-111.93166,2020-05-27,00:53:00
38917,3668612,2020,Broadway Rd,Kachina Dr,-50.0,Unknown,1.0,0.0,Suspected Minor Injury,Sideswipe Same Direction,Daylight,Clear,Dry,60.0,Male,West,Unknown,Unknown,No Apparent Influence,No Apparent Influence,63.0,Female,West,Unknown,Unknown,No Apparent Influence,No Apparent Influence,33.4075,-111.90688,2020-05-27,15:19:00
38921,3670722,2020,Broadway Rd,I-10 Cardinal Frontage,0.0,Intersection 4 Way 202,0.0,0.0,No Injury,Angle - Other Than Left Turn 2,Daylight,Clear,Dry,38.0,Female,West,Going Straight Ahead,Disregarded Traffic Signal,No Apparent Influence,No Apparent Influence,21.0,Male,South,Making Left Turn,No Improper Action,No Apparent Influence,No Apparent Influence,33.40845,-111.9736,2020-05-28,12:51:00
38922,3668618,2020,University Dr,Price Rd,-80.0,Intersection Related 206,0.0,0.0,No Injury,Rear End,Daylight,Clear,Dry,41.0,Male,West,Going Straight Ahead,Speed To Fast For Conditions,No Apparent Influence,No Apparent Influence,64.0,Male,West,Stopped In Trafficway,No Improper Action,No Apparent Influence,No Apparent Influence,33.42201,-111.89057,2020-05-28,15:42:00
38924,3670679,2020,Broadway Rd,Priest Dr,-35.0,Intersection Related 206,0.0,0.0,No Injury,Rear End,Daylight,Clear,Dry,29.0,Male,East,Going Straight Ahead,Followed Too Closely,Alcohol,No Apparent Influence,33.0,Female,East,Stopped In Trafficway,No Improper Action,No Apparent Influence,No Apparent Influence,33.40742,-111.9609,2020-05-28,19:23:00
38925,3670697,2020,Broadway Rd,55th St,-30.0,Intersection Related 206,0.0,0.0,No Injury,Rear End,Daylight,Clear,Dry,29.0,Male,West,Going Straight Ahead,Followed Too Closely,Alcohol,No Apparent Influence,37.0,Male,West,Stopped In Trafficway,No Improper Action,No Apparent Influence,No Apparent Influence,33.4076,-111.96592,2020-05-28,19:23:00
38926,3670684,2020,University Dr,Rural Rd,-96.0,Intersection Related 206,0.0,0.0,No Injury,Rear End,Daylight,Clear,Dry,33.0,Male,West,Backing,Other,No Apparent Influence,No Apparent Influence,26.0,Male,East,Stopped In Trafficway,No Improper Action,No Apparent Influence,No Apparent Influence,33.42203,-111.92663,2020-05-28,20:15:00
38928,3668620,2020,Baseline Rd,Lakeshore Dr,0.0,Intersection 4 Way 202,1.0,0.0,Possible Injury,Angle - Other Than Left Turn 2,Daylight,Clear,Dry,75.0,Female,East,Going Straight Ahead,Other,No Apparent Influence,No Apparent Influence,49.0,Female,South,Going Straight Ahead,No Improper Action,No Apparent Influence,No Apparent Influence,33.37832,-111.9205,2020-05-28,20:51:00
38929,3678328,2020,Baseline Rd,Price Rd,0.0,Intersection Related 206,1.0,0.0,Possible Injury,Angle - Other Than Left Turn 2,Dawn,Clear,Dry,46.0,Male,West,Going Straight Ahead,Unknown,No Apparent Influence,No Apparent Influence,31.0,Female,South,Going Straight Ahead,Unknown,No Apparent Influence,No Apparent Influence,33.37846,-111.89362,2020-05-29,13:33:00
38930,3668592,2020,Rural Rd,Guadalupe Rd,-88.0,Intersection Related 206,0.0,0.0,No Injury,Rear End,Daylight,Clear,Dry,78.0,Female,North,Going Straight Ahead,Followed Too Closely,No Apparent Influence,No Apparent Influence,26.0,Male,North,Stopped In Trafficway,No Improper Action,No Apparent Influence,No Apparent Influence,33.36351,-111.9286,2020-05-29,16:23:00
38931,3668621,2020,Rural Rd,6th St,200.0,Not Junction Related,0.0,0.0,No Injury,Sideswipe Same Direction,Daylight,Clear,Dry,62.0,Female,North,Changing Lanes,Unknown,No Apparent Influence,No Apparent Influence,40.0,Male,North,Going Straight Ahead,Unknown,No Apparent Influence,No Apparent Influence,33.42505,-111.9263,2020-05-29,17:10:00
38933,3668619,2020,Rural Rd,University Dr,0.0,Intersection Related 206,0.0,0.0,No Injury,Angle - Other Than Left Turn 2,Daylight,Clear,Dry,58.0,Male,North,Going Straight Ahead,Unknown,No Apparent Influence,No Apparent Influence,32.0,Male,West,Making Right Turn,Unknown,No Apparent Influence,No Apparent Influence,33.42203,-111.92631,2020-05-29,17:50:00
38935,3668567,2020,Kenwood Ln,Colgate Dr,0.0,Intersection 4 Way 202,1.0,0.0,Suspected Minor Injury,Angle - Other Than Left Turn 2,Daylight,Clear,Dry,33.0,Male,West,Going Straight Ahead,Failed To Yield Right Of Way,No Apparent Influence,No Apparent Influence,32.0,Male,South,Going Straight Ahead,No Improper Action,No Apparent Influence,No Apparent Influence,33.37546,-111.90279,2020-05-29,20:09:00
38936,3670685,2020,Guadalupe Rd,Lakeshore Dr,0.0,Intersection 4 Way 202,1.0,0.0,Suspected Minor Injury,Left Turn,Daylight,Clear,Dry,16.0,Female,East,Going Straight Ahead,Disregarded Traffic Signal,No Apparent Influence,No Apparent Influence,43.0,Male,North,Making Left Turn,No Improper Action,No Apparent Influence,No Apparent Influence,33.36376,-111.91991,2020-05-29,21:32:00
38937,3668603,2020,Scottsdale Rd,Playa Del Norte Dr,0.0,Intersection 4 Way 202,0.0,0.0,No Injury,Angle - Other Than Left Turn 2,Daylight,Clear,Dry,18.0,Female,North,Going Straight Ahead,Disregarded Traffic Signal,No Apparent Influence,No Apparent Influence,28.0,Male,East,Making Left Turn,No Improper Action,No Apparent Influence,No Apparent Influence,33.43403,-111.92626,2020-05-29,22:26:00
38938,3668595,2020,McClintock Dr,Guadalupe Rd,0.0,Intersection 4 Way 202,1.0,0.0,Possible Injury,Left Turn,Daylight,Clear,Dry,20.0,Male,Northwest,Making Left Turn,Failed To Yield Right Of Way,No Apparent Influence,No Apparent Influence,49.0,Female,South,Going Straight Ahead,No Improper Action,No Apparent Influence,No Apparent Influence,33.36376,-111.91126,2020-05-29,23:13:00
38939,3671691,2020,Broadway Rd,Price Rd,0.0,Intersection 4 Way 202,0.0,0.0,No Injury,Left Turn,Dark Lighted,Clear,Dry,66.0,Male,West,Going Straight Ahead,Disregarded Traffic Signal,No Apparent Influence,No Apparent Influence,24.0,Male,North,Making Left Turn,No Improper Action,No Apparent Influence,No Apparent Influence,33.40748,-111.89033,2020-05-30,03:45:00
38940,3668570,2020,10th Pl,Edward Dr,0.0,Intersection T Inter 203,0.0,0.0,No Injury,Sideswipe Same Direction,Daylight,Clear,Dry,34.0,Male,East,Making Right Turn,Unknown,No Apparent Influence,No Apparent Influence,17.0,Male,East,Going Straight Ahead,No Improper Action,No Apparent Influence,No Apparent Influence,33.41754,-111.96621,2020-05-30,17:09:00
38943,3668568,2020,Broadway Rd,Elm St,34.0,Intersection T Inter 203,2.0,0.0,Suspected Minor Injury,Rear End,Daylight,Clear,Dry,25.0,Female,West,Changing Lanes,Speed To Fast For Conditions,No Apparent Influence,No Apparent Influence,37.0,Male,West,Making Right Turn,No Improper Action,No Apparent Influence,No Apparent Influence,33.40751,-111.91313,2020-05-31,18:20:00
38944,3668571,2020,Southern Ave,Butte Ave,0.0,Intersection 4 Way 202,0.0,0.0,No Injury,Angle - Other Than Left Turn 2,Daylight,Clear,Dry,27.0,Male,West,Going Straight Ahead,Disregarded Traffic Signal,No Apparent Influence,No Apparent Influence,64.0,Male,South,Making Left Turn,No Improper Action,No Apparent Influence,No Apparent Influence,33.39299,-111.91141,2020-05-31,19:20:00
38948,3668569,2020,Broadway Rd,Dorsey Ln,0.0,Intersection 4 Way 202,2.0,0.0,Suspected Minor Injury,Angle - Other Than Left Turn 2,Daylight,Clear,Dry,62.0,Male,East,Going Straight Ahead,Disregarded Traffic Signal,No Apparent Influence,No Apparent Influence,21.0,Female,North,Going Straight Ahead,No Improper Action,No Apparent Influence,No Apparent Influence,33.40751,-111.9177,2020-06-01,17:10:00
38950,3668772,2020,Rural Rd,8th St,-102.0,Intersection Related 206,1.0,0.0,Possible Injury,Rear End,Daylight,Clear,Dry,19.0,Male,North,Going Straight Ahead,Speed To Fast For Conditions,No Apparent Influence,No Apparent Influence,37.0,Male,North,Stopped In Trafficway,No Improper Action,No Apparent Influence,No Apparent Influence,33.42072,-111.9263,2020-06-01,20:45:00
38951,3668598,2020,Price Rd,Southern Ave,118.0,Intersection Related 206,0.0,0.0,No Injury,Sideswipe Same Direction,Daylight,Clear,Dry,21.0,Female,West,Going Straight Ahead,Disregarded Traffic Signal,No Apparent Influence,No Apparent Influence,19.0,Male,North,Going Straight Ahead,Disregarded Traffic Signal,No Apparent Influence,No Apparent Influence,33.39328,-111.89203,2020-06-01,21:04:00
38952,3668599,2020,Priest Dr,Auto Dr,0.0,Intersection 4 Way 202,1.0,0.0,Suspected Minor Injury,Left Turn,Daylight,Clear,Dry,54.0,Male,North,Going Straight Ahead,Disregarded Traffic Signal,No Apparent Influence,No Apparent Influence,21.0,Female,West,Making Left Turn,No Improper Action,No Apparent Influence,No Apparent Influence,33.34548,-111.96315,2020-06-01,22:55:00
38953,3668566,2020,Price Rd,University Dr,90.0,Intersection Related 206,1.0,0.0,Possible Injury,Sideswipe Same Direction,Daylight,Clear,Dry,19.0,Female,South,Unknown,Unknown,No Apparent Influence,No Apparent Influence,37.0,Female,South,Unknown,Unknown,No Apparent Influence,No Apparent Influence,33.42226,-111.89195,2020-06-01,23:16:00
38954,3668616,2020,Scottsdale Rd,Continental Dr,-150.0,Driveway Or Alley,0.0,0.0,No Injury,Angle - Other Than Left Turn 2,Daylight,Clear,Dry,58.0,Male,East,Making Right Turn,Other,No Apparent Influence,No Apparent Influence,58.0,Male,East,Making Right Turn,Other,No Apparent Influence,No Apparent Influence,33.45808,-111.92636,2020-06-01,23:34:00
38957,3670686,2020,48th St,Southern Ave,-30.0,Intersection Related 206,1.0,0.0,Suspected Minor Injury,Rear End,Daylight,Clear,Dry,33.0,Female,North,Going Straight Ahead,Followed Too Closely,No Apparent Influence,No Apparent Influence,29.0,Female,North,Stopped In Trafficway,No Improper Action,No Apparent Influence,No Apparent Influence,33.39268,-111.97834,2020-06-02,01:15:00
38959,3670721,2020,Broadway Rd,Beck Ave,220.0,Intersection Related 206,1.0,0.0,Suspected Minor Injury,Rear End,Daylight,Clear,Dry,25.0,Male,West,Going Straight Ahead,Followed Too Closely,No Apparent Influence,No Apparent Influence,53.0,Male,West,Stopped In Trafficway,No Improper Action,No Apparent Influence,No Apparent Influence,33.4074,-111.95455,2020-06-02,21:07:00
38961,3670549,2020,Riviera Dr,Kenneth Pl,0.0,Intersection 4 Way 202,0.0,0.0,No Injury,Head On,Daylight,Clear,Dry,77.0,Female,Northeast,Making Left Turn,Drove Left Of Center Line,No Apparent Influence,No Apparent Influence,21.0,Male,South,Going Straight Ahead,No Improper Action,No Apparent Influence,No Apparent Influence,33.38652,-111.91838,2020-06-02,21:39:00
38963,3670705,2020,Warner Rd,Kyrene Rd,30.0,Intersection Related 206,1.0,0.0,Suspected Minor Injury,Rear End,Daylight,Clear,Dry,32.0,Female,West,Going Straight Ahead,Speed To Fast For Conditions,No Apparent Influence,Drugs,30.0,Male,West,Stopped In Trafficway,No Improper Action,No Apparent Influence,No Apparent Influence,33.3346,-111.94556,2020-06-02,22:44:00
38964,3668600,2020,Elliot Rd,McClintock Dr,-154.0,Intersection Related 206,1.0,0.0,Possible Injury,Rear End,Daylight,Clear,Dry,31.0,Female,East,Going Straight Ahead,Followed Too Closely,No Apparent Influence,No Apparent Influence,62.0,Female,East,Going Straight Ahead,No Improper Action,No Apparent Influence,No Apparent Influence,33.34913,-111.91169,2020-06-02,23:21:00
38965,3677356,2020,Kyrene Rd,Guadalupe Rd,0.0,Intersection 201,0.0,0.0,No Injury,Left Turn,Daylight,Clear,Dry,19.0,Male,South,Making Left Turn,Failed To Yield Right Of Way,No Apparent Influence,No Apparent Influence,27.0,Female,North,Going Straight Ahead,No Improper Action,No Apparent Influence,No Apparent Influence,33.36366,-111.94589,2020-06-03,00:55:00
38966,3670704,2020,Price Rd,Broadway Rd,25.0,Intersection Related 206,0.0,0.0,No Injury,Rear End,Dusk,Clear,Dry,42.0,Male,South,Going Straight Ahead,Followed Too Closely,No Apparent Influence,No Apparent Influence,57.0,Male,South,Stopped In Trafficway,No Improper Action,No Apparent Influence,No Apparent Influence,33.40757,-111.892,2020-06-03,01:32:00
38967,3670694,2020,Apache Blvd,Oak St,39.0,Intersection Related 206,1.0,0.0,Possible Injury,Angle - Other Than Left Turn 2,Dark Lighted,Clear,Dry,26.0,Male,East,Changing Lanes,Unsafe Lane Change,No Apparent Influence,No Apparent Influence,20.0,Female,East,Going Straight Ahead,No Improper Action,No Apparent Influence,No Apparent Influence,33.41477,-111.91414,2020-06-03,04:38:00
38968,3668614,2020,Elliot Rd,McClintock Dr,170.0,Intersection Related 206,0.0,0.0,No Injury,Rear End,Daylight,Clear,Dry,49.0,Female,West,Going Straight Ahead,Speed To Fast For Conditions,No Apparent Influence,No Apparent Influence,18.0,Male,West,Stopped In Trafficway,No Improper Action,No Apparent Influence,No Apparent Influence,33.34913,-111.91063,2020-06-03,14:59:00
38969,3668601,2020,Autoplex Loop,Test Dr,0.0,Intersection T Inter 203,0.0,0.0,No Injury,Left Turn,Daylight,Clear,Dry,65.0,Male,South,Making Left Turn,Failed To Yield Right Of Way,No Apparent Influence,No Apparent Influence,27.0,Female,West,Going Straight Ahead,No Improper Action,No Apparent Influence,No Apparent Influence,33.34727,-111.96702,2020-06-03,16:00:00
38971,3670714,2020,University Dr,May St,91.0,Intersection Related 206,1.0,0.0,Suspected Minor Injury,Rear End,Daylight,Clear,Dry,19.0,Female,West,Going Straight Ahead,Followed Too Closely,No Apparent Influence,No Apparent Influence,44.0,Male,West,Stopped In Trafficway,No Improper Action,No Apparent Influence,No Apparent Influence,33.42212,-111.87844,2020-06-03,20:30:00
38973,3670719,2020,Apache Blvd,Price Rd,-45.0,Intersection Related 206,0.0,0.0,No Injury,Rear End,Daylight,Clear,Dry,50.0,Male,East,Going Straight Ahead,Speed To Fast For Conditions,No Apparent Influence,No Apparent Influence,51.0,Male,East,Stopped In Trafficway,No Improper Action,No Apparent Influence,No Apparent Influence,33.4148,-111.89209,2020-06-03,23:09:00
38975,3670691,2020,Broadway Rd,Cutler Dr,-169.0,Driveway Or Alley,1.0,0.0,Possible Injury,Left Turn,Daylight,Clear,Dry,21.0,Male,West,Making Left Turn,Failed To Yield Right Of Way,No Apparent Influence,No Apparent Influence,48.0,Female,East,Going Straight Ahead,No Improper Action,No Apparent Influence,No Apparent Influence,33.40741,-111.95892,2020-06-04,01:42:00
38976,3670675,2020,Priest Dr,Warner Rd,-167.0,Driveway Or Alley,1.0,0.0,Possible Injury,Left Turn,Daylight,Clear,Dry,17.0,Female,East,Making Left Turn,Failed To Yield Right Of Way,No Apparent Influence,No Apparent Influence,18.0,Male,South,Going Straight Ahead,No Improper Action,No Apparent Influence,No Apparent Influence,33.33407,-111.96311,2020-06-04,15:57:00
38978,3670562,2020,Priest Dr,Southern Ave,-30.0,Intersection Related 206,1.0,0.0,Possible Injury,Rear End,Daylight,Clear,Dry,31.0,Male,North,Going Straight Ahead,Followed Too Closely,No Apparent Influence,No Apparent Influence,36.0,Female,North,Stopped In Trafficway,No Improper Action,No Apparent Influence,No Apparent Influence,33.3928,-111.96077,2020-06-04,16:30:00
38980,3670716,2020,Baseline Rd,56th St,-0.11,Intersection Related 206,0.0,0.0,No Injury,Rear End,Daylight,Clear,Dry,26.0,Male,West,Going Straight Ahead,Followed Too Closely,No Apparent Influence,No Apparent Influence,41.0,Male,West,Stopped In Trafficway,No Improper Action,No Apparent Influence,No Apparent Influence,33.37826,-111.96508,2020-06-04,17:47:00
38981,3670711,2020,McClintock Dr,University Dr,-30.0,Intersection Related 206,1.0,0.0,Possible Injury,Sideswipe Same Direction,Daylight,Clear,Dry,46.0,Female,South,Changing Lanes,Unsafe Lane Change,No Apparent Influence,No Apparent Influence,42.0,Female,South,Going Straight Ahead,No Improper Action,No Apparent Influence,No Apparent Influence,33.4219,-111.90909,2020-06-04,19:42:00
38982,3670720,2020,Elliot Rd,Price Rd,-104.0,Intersection Related 206,0.0,0.0,No Injury,Rear End,Daylight,Clear,Dry,72.0,Male,East,Going Straight Ahead,Speed To Fast For Conditions,No Apparent Influence,No Apparent Influence,51.0,Female,East,Stopped In Trafficway,No Improper Action,No Apparent Influence,No Apparent Influence,33.34934,-111.89471,2020-06-04,20:01:00
38986,3670715,2020,Broadway Rd,Priest Dr,30.0,Intersection Related 206,0.0,0.0,No Injury,Rear End,Daylight,Cloudy,Dry,26.0,Male,West,Going Straight Ahead,Followed Too Closely,No Apparent Influence,No Apparent Influence,20.0,Male,West,Stopped In Trafficway,No Improper Action,No Apparent Influence,No Apparent Influence,33.40742,-111.96068,2020-06-05,19:16:00
38988,3670702,2020,Southern Ave,Fairfield Dr,35.0,Intersection Related 206,0.0,0.0,No Injury,Left Turn,Daylight,Clear,Dry,56.0,Female,South,Making Left Turn,Failed To Yield Right Of Way,No Apparent Influence,No Apparent Influence,44.0,Male,East,Changing Lanes,No Improper Action,No Apparent Influence,No Apparent Influence,33.39298,-111.89876,2020-06-08,22:01:00
38989,3670710,2020,University Dr,Price Rd,0.0,Intersection 4 Way 202,2.0,0.0,Possible Injury,Angle - Other Than Left Turn 2,Dark Lighted,Clear,Dry,26.0,Male,West,Going Straight Ahead,Disregarded Traffic Signal,No Apparent Influence,No Apparent Influence,32.0,Female,South,Going Straight Ahead,No Improper Action,No Apparent Influence,No Apparent Influence,33.42201,-111.89195,2020-06-09,10:15:00
38994,3656451,2020,Country Club Way,Southern Ave,0.0,Intersection 201,0.0,0.0,No Injury,Left Turn,Dusk,Clear,Dry,53.0,Male,East,Going Straight Ahead,Disregarded Traffic Signal,No Apparent Influence,No Apparent Influence,74.0,Male,Northwest,Making Left Turn,No Improper Action,No Apparent Influence,No Apparent Influence,33.39298,-111.90056,2020-06-12,02:52:00
38995,3670563,2020,Rural Rd,Bell De Mar Dr,0.0,Intersection 4 Way 202,2.0,0.0,Possible Injury,Left Turn,Daylight,Clear,Dry,90.0,Female,South,Going Straight Ahead,Disregarded Traffic Signal,No Apparent Influence,No Apparent Influence,30.0,Male,East,Making Left Turn,No Improper Action,No Apparent Influence,No Apparent Influence,33.35796,-111.92855,2020-06-12,20:00:00
38996,3670558,2020,Apache Blvd,McClintock Dr,30.0,Intersection Related 206,0.0,0.0,No Injury,Rear End,Daylight,Clear,Dry,53.0,Male,West,Going Straight Ahead,Speed To Fast For Conditions,Alcohol,No Apparent Influence,46.0,Male,West,Stopped In Trafficway,No Improper Action,No Apparent Influence,No Apparent Influence,33.41476,-111.90903,2020-06-13,00:38:00
38997,3670564,2020,Baseline Rd,I-10 Exit 155 C2-Ramp,0.0,Intersection Related 206,0.0,0.0,No Injury,Angle - Other Than Left Turn 2,Daylight,Clear,Dry,29.0,Female,North,Making Right Turn,Unknown,No Apparent Influence,No Apparent Influence,70.0,Female,East,Going Straight Ahead,Unknown,No Apparent Influence,No Apparent Influence,33.3783,-111.96738,2020-06-13,16:39:00
38998,3673125,2020,Apache Blvd,McClintock Dr,122.0,Intersection Related 206,0.0,0.0,No Injury,Rear End,Daylight,Clear,Dry,28.0,Male,West,Going Straight Ahead,Speed To Fast For Conditions,No Apparent Influence,No Apparent Influence,57.0,Female,West,Going Straight Ahead,No Improper Action,No Apparent Influence,No Apparent Influence,33.41476,-111.90873,2020-06-14,00:24:00
38999,3673193,2020,Apache Blvd,McClintock Dr,130.0,Intersection Related 206,0.0,0.0,No Injury,Rear End,Daylight,Clear,Dry,28.0,Male,West,Going Straight Ahead,Speed To Fast For Conditions,No Apparent Influence,No Apparent Influence,57.0,Female,West,Going Straight Ahead,No Improper Action,No Apparent Influence,No Apparent Influence,33.41476,-111.90871,2020-06-14,00:24:00
39000,3670565,2020,Broadway Rd,Price Rd,0.0,Intersection 4 Way 202,1.0,0.0,Possible Injury,Angle - Other Than Left Turn 2,Daylight,Clear,Dry,59.0,Male,West,Going Straight Ahead,Disregarded Traffic Signal,No Apparent Influence,No Apparent Influence,39.0,Female,South,Going Straight Ahead,No Improper Action,No Apparent Influence,No Apparent Influence,33.4075,-111.892,2020-06-14,16:52:00
39001,3670566,2020,Scottsdale Rd,McKellips Rd,-185.0,Driveway Or Alley,1.0,0.0,Suspected Serious Injury,Left Turn,Daylight,Clear,Dry,50.0,Female,East,Making Left Turn,Failed To Yield Right Of Way,No Apparent Influence,No Apparent Influence,38.0,Male,South,Going Straight Ahead,No Improper Action,No Apparent Influence,No Apparent Influence,33.45073,-111.92647,2020-06-14,17:38:00
39002,3670561,2020,University Dr,Priest Dr,0.0,Intersection 4 Way 202,2.0,0.0,Possible Injury,Angle - Other Than Left Turn 2,Daylight,Clear,Dry,22.0,Female,West,Going Straight Ahead,Disregarded Traffic Signal,No Apparent Influence,No Apparent Influence,35.0,Male,South,Going Straight Ahead,No Improper Action,No Apparent Influence,No Apparent Influence,33.42194,-111.96092,2020-06-14,20:01:00
39003,3673174,2020,Broadway Rd,52nd St,0.0,Intersection 4 Way 202,0.0,0.0,No Injury,Angle - Other Than Left Turn 2,Dusk,Clear,Dry,61.0,Male,West,Going Straight Ahead,Disregarded Traffic Signal,No Apparent Influence,No Apparent Influence,61.0,Female,South,Making Right Turn,No Improper Action,No Apparent Influence,No Apparent Influence,33.40925,-111.96953,2020-06-15,02:29:00
39004,3670543,2020,Mill Ave,University Dr,0.0,Intersection 4 Way 202,1.0,0.0,Possible Injury,Angle - Other Than Left Turn 2,Daylight,Clear,Dry,25.0,Female,North,Going Straight Ahead,Unknown,No Apparent Influence,No Apparent Influence,31.0,Female,East,Going Straight Ahead,Unknown,No Apparent Influence,No Apparent Influence,33.42193,-111.94002,2020-06-15,19:07:00
39005,3670555,2020,Priest Dr,Ruby Dr,0.0,Intersection T Inter 203,2.0,0.0,Possible Injury,Left Turn,Daylight,Clear,Dry,70.0,Female,North,Making Left Turn,Failed To Yield Right Of Way,No Apparent Influence,No Apparent Influence,20.0,Male,South,Going Straight Ahead,No Improper Action,No Apparent Influence,No Apparent Influence,33.34017,-111.96314,2020-06-15,19:11:00
39006,3670552,2020,Broadway Rd,48th St,-30.0,Intersection Related 206,1.0,0.0,Suspected Minor Injury,Rear End,Daylight,Clear,Dry,32.0,Male,East,Going Straight Ahead,Followed Too Closely,No Apparent Influence,No Apparent Influence,50.0,Male,East,Stopped In Trafficway,No Improper Action,No Apparent Influence,No Apparent Influence,33.40733,-111.97839,2020-06-15,20:46:00
39007,3670544,2020,Southern Ave,Price Rd,0.0,Intersection Related 206,1.0,0.0,Possible Injury,Angle - Other Than Left Turn 2,Daylight,Clear,Dry,18.0,Female,South,Making Right Turn,Failed To Yield Right Of Way,No Apparent Influence,No Apparent Influence,42.0,Female,West,Going Straight Ahead,No Improper Action,No Apparent Influence,No Apparent Influence,33.39296,-111.89203,2020-06-15,21:14:00
39008,3670551,2020,Rural Rd,US-60 Exit 174 A-Ramp,0.0,Intersection 4 Way 202,0.0,0.0,No Injury,Sideswipe Same Direction,Daylight,Clear,Dry,29.0,Female,West,Making Left Turn,Unknown,No Apparent Influence,No Apparent Influence,48.0,Male,West,Making Left Turn,Unknown,No Apparent Influence,No Apparent Influence,33.38502,-111.92648,2020-06-16,00:10:00
39011,3670545,2020,McClintock Dr,E Tempe Marketplace,-208.0,Intersection Related 206,1.0,0.0,Possible Injury,Rear End,Daylight,Clear,Dry,21.0,Male,North,Going Straight Ahead,Followed Too Closely,No Apparent Influence,No Apparent Influence,33.0,Male,North,Stopped In Trafficway,No Improper Action,No Apparent Influence,No Apparent Influence,33.43152,-111.90924,2020-06-16,19:01:00
39014,3678396,2020,University Dr,52nd St,39.0,Intersection Related 206,0.0,0.0,No Injury,Rear End,Dark Lighted,Clear,Dry,37.0,Female,West,Stopped In Trafficway,No Improper Action,No Apparent Influence,No Apparent Influence,26.0,Female,West,Going Straight Ahead,Speed To Fast For Conditions,No Apparent Influence,No Apparent Influence,33.42194,-111.96946,2020-06-17,06:05:00
39018,3672135,2020,Baseline Rd,Wendler Dr,30.0,Intersection Related Non Interchange,1.0,0.0,Possible Injury,Rear End,Dark Lighted,Clear,Dry,61.0,Male,West,Going Straight Ahead,Speed To Fast For Conditions,No Apparent Influence,No Apparent Influence,43.0,Male,West,Going Straight Ahead,No Improper Action,No Apparent Influence,No Apparent Influence,33.37826,-111.96969,2020-06-21,03:29:00
39020,3672144,2020,48th St,Southern Ave,0.0,Intersection 4 Way 202,1.0,0.0,Suspected Minor Injury,Angle - Other Than Left Turn 2,Dark Lighted,Clear,Dry,20.0,Female,South,Making Left Turn,Failed To Yield Right Of Way,No Apparent Influence,No Apparent Influence,21.0,Female,North,Going Straight Ahead,No Improper Action,No Apparent Influence,Drugs,33.39277,-111.97834,2020-06-21,06:16:00
39022,3673195,2020,McClintock Dr,SR-202 Exit 8 A-Ramp,-200.0,Not Junction Related,0.0,0.0,No Injury,Head On,Dark Lighted,Clear,Dry,30.0,Male,South,Changing Lanes,Unsafe Lane Change,No Apparent Influence,No Apparent Influence,62.0,Male,North,Making Left Turn,No Improper Action,No Apparent Influence,No Apparent Influence,33.43591,-111.90959,2020-06-23,05:00:00
39025,3671699,2020,University Dr,Ash Ave,0.0,Intersection 4 Way 202,0.0,0.0,No Injury,Left Turn,Daylight,Clear,Dry,19.0,Male,East,Going Straight Ahead,Disregarded Traffic Signal,No Apparent Influence,No Apparent Influence,37.0,Male,West,Making Left Turn,Failed To Yield Right Of Way,No Apparent Influence,No Apparent Influence,33.42193,-111.9424,2020-06-25,01:50:00
39026,3688865,2020,Broadway Rd,McClintock Dr,-150.0,Not Junction Related,0.0,0.0,No Injury,Angle - Other Than Left Turn 2,Dark Lighted,Clear,Dry,20.0,Male,South,Making Right Turn,Failed To Yield Right Of Way,No Apparent Influence,No Apparent Influence,50.0,Male,West,Going Straight Ahead,No Improper Action,No Apparent Influence,No Apparent Influence,33.4075,-111.90962,2020-06-25,04:24:00
39028,3671686,2020,Rural Rd,University Dr,35.0,Intersection Related 206,0.0,0.0,No Injury,Rear End,Daylight,Clear,Dry,33.0,Female,South,Going Straight Ahead,Followed Too Closely,No Apparent Influence,Drugs,28.0,Male,South,Stopped In Trafficway,No Improper Action,No Apparent Influence,No Apparent Influence,33.42213,-111.92631,2020-06-25,14:12:00