,Incident ID,Year,Street Name,Cross Street,Distance,Junction Relation,Total Injuries,Total Fatalities,Injury Severity,Collision Manner,Light Condition,Weather,Surface Condition,Age Driver 1,Gender Driver 1,Travel Direction One,Unit Action One,Violation1_Drv1,Alcohol Use Driver 1,Drug Use Driver 1,Age Driver 2,Gender Driver 2,Travel Direction Two,Unit Action Two,Violation 1 Driver 2,Alcohol Use Driver 2,Drug Use Driver 2,Latitude,Longitude,Date,Time
39030,3671700,2020,Southern Ave,Mill Ave,0.0,Intersection 4 Way 202,2.0,0.0,Suspected Minor Injury,Left Turn,Daylight,Clear,Dry,33.0,Male,East,Going Straight Ahead,Disregarded Traffic Signal,No Apparent Influence,No Apparent Influence,23.0,Female,Northwest,Making Left Turn,No Improper Action,No Apparent Influence,No Apparent Influence,33.39286,-111.9396,2020-06-25,14:36:00
39031,3671692,2020,Priest Dr,Rio Salado Pkwy,0.0,Intersection 4 Way 202,0.0,0.0,No Injury,Left Turn,Daylight,Clear,Dry,20.0,Male,South,Making Left Turn,Unknown,No Apparent Influence,No Apparent Influence,31.0,Male,North,Going Straight Ahead,Unknown,No Apparent Influence,No Apparent Influence,33.42956,-111.96097,2020-06-25,15:23:00
39032,3672137,2020,University Dr,Perry Ln,-20.0,Intersection Related 206,2.0,0.0,Suspected Minor Injury,Rear End,Daylight,Clear,Dry,29.0,Male,East,Going Straight Ahead,Followed Too Closely,No Apparent Influence,No Apparent Influence,30.0,Male,East,Slowing In Trafficway,No Improper Action,No Apparent Influence,No Apparent Influence,33.42204,-111.90487,2020-06-25,16:01:00
39033,3672138,2020,Warner Rd,Taylor Dr,-123.0,Driveway Or Alley,2.0,0.0,Suspected Minor Injury,Rear End,Daylight,Clear,Dry,85.0,Female,South,Making Right Turn,Failed To Yield Right Of Way,No Apparent Influence,No Apparent Influence,37.0,Male,West,Going Straight Ahead,No Improper Action,No Apparent Influence,No Apparent Influence,33.33466,-111.90825,2020-06-25,16:29:00
39034,3672139,2020,Baseline Rd,Wendler Dr,-30.0,Intersection Related 206,0.0,0.0,No Injury,Rear End,Daylight,Clear,Dry,26.0,Male,East,Going Straight Ahead,Followed Too Closely,No Apparent Influence,No Apparent Influence,30.0,Male,East,Stopped In Trafficway,No Improper Action,No Apparent Influence,No Apparent Influence,33.37826,-111.96988,2020-06-25,19:52:00
39038,3671697,2020,Elliot Rd,Kachina Dr,-30.0,Intersection Related 206,1.0,0.0,Possible Injury,Sideswipe Same Direction,Daylight,Clear,Dry,18.0,Male,East,Changing Lanes,Unsafe Lane Change,No Apparent Influence,No Apparent Influence,27.0,Male,West,Going Straight Ahead,No Improper Action,No Apparent Influence,No Apparent Influence,33.34914,-111.90913,2020-06-26,17:02:00
39040,3672140,2020,University Dr,Hardy Dr,-205.0,Driveway Or Alley,1.0,0.0,Possible Injury,Rear End,Daylight,Clear,Dry,23.0,Male,West,Making Right Turn,Followed Too Closely,No Apparent Influence,No Apparent Influence,42.0,Male,West,Going Straight Ahead,No Improper Action,No Apparent Influence,No Apparent Influence,33.42191,-111.95289,2020-06-26,17:59:00
39043,3673175,2020,Apache Blvd,Terrace Rd,60.0,Intersection Related 206,0.0,0.0,No Injury,Other,Dark Lighted,Clear,Dry,55.0,Male,East,Backing,Other,No Apparent Influence,No Apparent Influence,22.0,Male,West,Other,No Improper Action,No Apparent Influence,No Apparent Influence,33.41477,-111.92024,2020-06-28,03:04:00
39046,3672141,2020,McClintock Dr,Southern Ave,80.0,Intersection Related 206,0.0,0.0,No Injury,Rear End,Daylight,Clear,Dry,59.0,Male,South,Going Straight Ahead,Followed Too Closely,Alcohol,No Apparent Influence,43.0,Male,South,Stopped In Trafficway,No Improper Action,No Apparent Influence,No Apparent Influence,33.39321,-111.90913,2020-06-29,19:49:00
39050,3672143,2020,Elliot Rd,Kyrene Rd,215.0,Intersection Related 206,0.0,0.0,No Injury,Sideswipe Same Direction,Daylight,Clear,Dry,49.0,Male,West,Changing Lanes,Unsafe Lane Change,No Apparent Influence,No Apparent Influence,34.0,Male,West,Going Straight Ahead,No Improper Action,No Apparent Influence,No Apparent Influence,33.3492,-111.94503,2020-06-30,17:57:00
39052,3672142,2020,Rural Rd,Minton Dr,0.0,Intersection 4 Way 202,1.0,0.0,Possible Injury,Angle - Other Than Left Turn 2,Daylight,Clear,Dry,20.0,Male,North,Going Straight Ahead,Disregarded Traffic Signal,No Apparent Influence,No Apparent Influence,24.0,Male,West,Making Left Turn,No Improper Action,No Apparent Influence,No Apparent Influence,33.37989,-111.92842,2020-06-30,20:08:00
39054,3671688,2020,Baseline Rd,Hardy Dr,0.0,Intersection 4 Way 202,2.0,0.0,Suspected Minor Injury,Left Turn,Daylight,Clear,Dry,30.0,Male,East,Going Straight Ahead,Disregarded Traffic Signal,No Apparent Influence,No Apparent Influence,57.0,Male,North,Making Left Turn,No Improper Action,No Apparent Influence,No Apparent Influence,33.37821,-111.95251,2020-06-30,22:38:00
39055,3673126,2020,Priest Dr,Southern Ave,-10.0,Intersection Related 206,0.0,0.0,No Injury,Rear End,Daylight,Clear,Dry,24.0,Male,East,Making Right Turn,Followed Too Closely,No Apparent Influence,No Apparent Influence,59.0,Male,East,Making Right Turn,No Improper Action,No Apparent Influence,No Apparent Influence,33.39286,-111.96077,2020-07-01,00:53:00
39058,3677350,2020,Priest Dr,Elliot Rd,30.0,Intersection Related 206,0.0,0.0,No Injury,Rear End,Dark Lighted,Clear,Dry,65.0,Female,South,Changing Lanes,Unsafe Lane Change,No Apparent Influence,No Apparent Influence,25.0,Male,South,Going Straight Ahead,No Improper Action,No Apparent Influence,No Apparent Influence,33.34919,-111.96314,2020-07-01,03:56:00
39059,3678382,2020,McClintock Dr,University Dr,87.0,Intersection Related 206,0.0,0.0,No Injury,Sideswipe Same Direction,Dark Lighted,Clear,Dry,24.0,Male,South,Changing Lanes,Unsafe Lane Change,No Apparent Influence,No Apparent Influence,33.0,Male,South,Going Straight Ahead,No Improper Action,No Apparent Influence,No Apparent Influence,33.42222,-111.9091,2020-07-01,03:57:00
39061,3673205,2020,Baseline Rd,Jentilly Ln,0.0,Intersection T Inter 203,0.0,0.0,No Injury,Left Turn,Daylight,Clear,Dry,45.0,Male,Southeast,Making Left Turn,Failed To Yield Right Of Way,No Apparent Influence,No Apparent Influence,73.0,Female,West,Going Straight Ahead,No Improper Action,No Apparent Influence,No Apparent Influence,33.37825,-111.92661,2020-07-01,19:31:00
39062,3677715,2020,48th St,University Dr,-56.0,Intersection Related 206,0.0,0.0,No Injury,Rear End,Daylight,Clear,Dry,61.0,Female,North,Making Right Turn,Followed Too Closely,No Apparent Influence,No Apparent Influence,61.0,Male,North,Stopped In Trafficway,No Improper Action,No Apparent Influence,No Apparent Influence,33.42175,-111.97625,2020-07-01,20:10:00
39064,3671689,2020,Southern Ave,McClintock Dr,230.0,Not Junction Related,0.0,0.0,No Injury,Rear End,Daylight,Clear,Dry,28.0,Female,East,Going Straight Ahead,Unknown,No Apparent Influence,No Apparent Influence,67.0,Male,East,Going Straight Ahead,Unknown,No Apparent Influence,No Apparent Influence,33.39299,-111.90837,2020-07-01,20:33:00
39066,3673185,2020,University Dr,Wilson St,-70.0,Intersection Related 206,0.0,0.0,No Injury,Rear End,Daylight,Clear,Dry,27.0,Male,East,Going Straight Ahead,Followed Too Closely,No Apparent Influence,No Apparent Influence,21.0,Female,East,Slowing In Trafficway,No Improper Action,No Apparent Influence,No Apparent Influence,33.4219,-111.94601,2020-07-01,23:44:00
39067,3673173,2020,Lemon St,Terrace Rd,155.0,Not Junction Related,0.0,0.0,No Injury,Rear End,Dark Lighted,Clear,Dry,18.0,Female,East,Going Straight Ahead,Followed Too Closely,No Apparent Influence,No Apparent Influence,33.0,Female,East,Slowing In Trafficway,No Improper Action,No Apparent Influence,No Apparent Influence,33.41675,-111.92191,2020-07-02,06:43:00
39068,3673188,2020,Broadway Rd,Hardy Dr,0.0,Intersection 4 Way 202,2.0,0.0,Suspected Minor Injury,Angle - Other Than Left Turn 2,Daylight,Clear,Dry,29.0,Male,West,Going Straight Ahead,Disregarded Traffic Signal,No Apparent Influence,No Apparent Influence,33.0,Male,South,Going Straight Ahead,No Improper Action,No Apparent Influence,No Apparent Influence,33.40739,-111.95217,2020-07-02,16:00:00
39069,3673201,2020,Rural Rd,US-60 Exit 174 A-Ramp,0.0,Intersection 4 Way 202,1.0,0.0,Suspected Minor Injury,Angle - Other Than Left Turn 2,Daylight,Clear,Dry,60.0,Male,South,Going Straight Ahead,Disregarded Traffic Signal,No Apparent Influence,No Apparent Influence,24.0,Female,East,Making Left Turn,No Improper Action,No Apparent Influence,No Apparent Influence,33.38502,-111.92648,2020-07-02,17:16:00
39070,3673202,2020,Broadway Rd,55th St,0.0,Intersection 4 Way 202,0.0,0.0,No Injury,Sideswipe Same Direction,Daylight,Clear,Dry,20.0,Female,East,Changing Lanes,Unsafe Lane Change,No Apparent Influence,No Apparent Influence,33.0,Male,East,Going Straight Ahead,No Improper Action,No Apparent Influence,No Apparent Influence,33.40758,-111.96582,2020-07-02,18:37:00
39071,3673200,2020,Warner Rd,I-10 Exit 158 J-Ramp,0.0,Intersection 4 Way 202,1.0,0.0,Possible Injury,Left Turn,Daylight,Clear,Dry,37.0,Male,West,Going Straight Ahead,Disregarded Traffic Signal,No Apparent Influence,No Apparent Influence,32.0,Male,East,Making Left Turn,No Improper Action,No Apparent Influence,No Apparent Influence,33.33436,-111.97151,2020-07-02,20:19:00
39072,3673183,2020,Baseline Rd,I-10 Exit 155 J1-Ramp,0.0,Intersection 4 Way 202,0.0,0.0,No Injury,Angle - Other Than Left Turn 2,Daylight,Clear,Dry,59.0,Male,West,Going Straight Ahead,Unknown,No Apparent Influence,No Apparent Influence,43.0,Female,Southeast,Making Left Turn,Unknown,No Apparent Influence,No Apparent Influence,33.3783,-111.96738,2020-07-03,15:36:00
39074,3673184,2020,Warner Rd,I-10 Exit 158 J-Ramp,-60.0,Intersection Related 206,0.0,0.0,No Injury,Rear End,Daylight,Clear,Dry,71.0,Female,West,Going Straight Ahead,Followed Too Closely,No Apparent Influence,No Apparent Influence,31.0,Female,West,Stopped In Trafficway,No Improper Action,No Apparent Influence,No Apparent Influence,33.33436,-111.9717,2020-07-03,18:12:00
39075,3673209,2020,Hardy Dr,Greenway Dr,0.0,Intersection T Inter 203,0.0,0.0,No Injury,Angle - Other Than Left Turn 2,Daylight,Clear,Dry,19.0,Female,East,Making Left Turn,Failed To Yield Right Of Way,No Apparent Influence,No Apparent Influence,47.0,Male,South,Going Straight Ahead,No Improper Action,No Apparent Influence,No Apparent Influence,33.38324,-111.95238,2020-07-03,20:55:00
39077,3673197,2020,University Dr,Rural Rd,-30.0,Intersection Related 206,0.0,0.0,No Injury,Rear End,Daylight,Clear,Dry,62.0,Male,East,Going Straight Ahead,Followed Too Closely,No Apparent Influence,No Apparent Influence,25.0,Male,East,Stopped In Trafficway,No Improper Action,No Apparent Influence,No Apparent Influence,33.42203,-111.92641,2020-07-04,00:03:00
39079,3678171,2020,Southern Ave,Clementine Dr,0.0,Not Junction Related,0.0,0.0,No Injury,Left Turn,Daylight,Clear,Dry,27.0,Female,Northwest,Making Left Turn,Made Improper Turn,No Apparent Influence,No Apparent Influence,33.0,Female,East,Going Straight Ahead,No Improper Action,No Apparent Influence,No Apparent Influence,33.39286,-111.96358,2020-07-04,15:18:00
39080,3673172,2020,Scottsdale Rd,Curry Rd,100.0,Intersection Related 206,0.0,0.0,No Injury,Rear End,Daylight,Clear,Dry,26.0,Male,South,Slowing In Trafficway,Speed To Fast For Conditions,No Apparent Influence,No Apparent Influence,69.0,Male,South,Slowing In Trafficway,No Improper Action,No Apparent Influence,No Apparent Influence,33.44057,-111.92634,2020-07-04,20:23:00
39081,3673191,2020,Warner Rd,McClintock Dr,0.0,Intersection 4 Way 202,1.0,0.0,Possible Injury,Angle - Other Than Left Turn 2,Daylight,Clear,Dry,58.0,Female,West,Going Straight Ahead,Disregarded Traffic Signal,No Apparent Influence,No Apparent Influence,24.0,Male,South,Going Straight Ahead,No Improper Action,No Apparent Influence,No Apparent Influence,33.33464,-111.91118,2020-07-04,22:24:00
39084,3678199,2020,Rio Salado Pkwy,Price Rd,0.0,Intersection 201,0.0,0.0,No Injury,Left Turn,Dark Lighted,Clear,Dry,25.0,Female,East,Making Left Turn,Made Improper Turn,Alcohol,No Apparent Influence,55.0,Female,East,Making Left Turn,No Improper Action,No Apparent Influence,No Apparent Influence,33.42938,-111.89183,2020-07-05,07:07:00
39086,3672983,2020,Rural Rd,Rio Salado Pkwy,-15.0,Intersection Related 206,1.0,0.0,Possible Injury,Rear End,Dusk,Clear,Dry,20.0,Female,North,Going Straight Ahead,Speed To Fast For Conditions,No Apparent Influence,No Apparent Influence,20.0,Female,North,Going Straight Ahead,No Improper Action,No Apparent Influence,No Apparent Influence,33.42881,-111.92629,2020-07-07,02:59:00
39087,3673204,2020,Washington St,Center Pkwy,0.0,Intersection 4 Way 202,0.0,0.0,No Injury,Angle - Other Than Left Turn 2,Daylight,Clear,Dry,20.0,Female,West,Going Straight Ahead,Disregarded Traffic Signal,No Apparent Influence,No Apparent Influence,31.0,Male,South,Going Straight Ahead,No Improper Action,No Apparent Influence,No Apparent Influence,33.43931,-111.94883,2020-07-07,13:23:00
39088,3673186,2020,Hardy Dr,2nd St,0.0,Intersection 4 Way 202,0.0,0.0,No Injury,Angle - Other Than Left Turn 2,Daylight,Clear,Dry,29.0,Male,East,Going Straight Ahead,Failed To Yield Right Of Way,No Apparent Influence,No Apparent Influence,35.0,Female,North,Going Straight Ahead,No Improper Action,No Apparent Influence,No Apparent Influence,33.42779,-111.95232,2020-07-08,01:49:00
39091,3672987,2020,Elliot Rd,Country Club Way,0.0,Intersection T Inter 203,1.0,0.0,Possible Injury,Rear End,Daylight,Clear,Dry,39.0,Male,East,Going Straight Ahead,Speed To Fast For Conditions,No Apparent Influence,No Apparent Influence,26.0,Male,East,Going Straight Ahead,No Improper Action,No Apparent Influence,No Apparent Influence,33.34922,-111.90251,2020-07-09,01:36:00
39097,3677295,2020,University Dr,McClintock Dr,-200.0,Not Junction Related,0.0,0.0,No Injury,Sideswipe Same Direction,Daylight,Clear,Dry,21.0,Male,East,Going Straight Ahead,Failed To Keep In Proper Lane,Alcohol,No Apparent Influence,20.0,Male,East,Going Straight Ahead,No Improper Action,No Apparent Influence,No Apparent Influence,33.42198,-111.90974,2020-07-11,02:11:00
39101,3721021,2020,Price Rd,Curry St,150.0,Not Junction Related,0.0,0.0,No Injury,Rear End,Daylight,Clear,Dry,23.0,Male,North,Going Straight Ahead,Speed To Fast For Conditions,No Apparent Influence,No Apparent Influence,27.0,Male,North,Going Straight Ahead,No Improper Action,No Apparent Influence,No Apparent Influence,33.35475,-111.89392,2020-07-12,02:14:00
39102,3677717,2020,University Dr,McClintock Dr,10.0,Intersection Related 206,0.0,0.0,No Injury,Rear End,Dark Lighted,Clear,Dry,26.0,Male,West,Slowing In Trafficway,Speed To Fast For Conditions,No Apparent Influence,No Apparent Influence,20.0,Male,West,Stopped In Trafficway,No Improper Action,No Apparent Influence,No Apparent Influence,33.42198,-111.90905,2020-07-12,06:47:00
39105,3677352,2020,Broadway Rd,Price Rd,0.0,Intersection 4 Way 202,0.0,0.0,No Injury,Left Turn,Dark Lighted,Clear,Dry,36.0,Female,West,Going Straight Ahead,Other,No Apparent Influence,No Apparent Influence,22.0,Female,North,Making Left Turn,No Improper Action,No Apparent Influence,No Apparent Influence,33.40748,-111.89033,2020-07-14,06:18:00
39107,3682738,2020,Scottsdale Rd,McKellips Rd,-30.0,Intersection Related Non Interchange,0.0,0.0,No Injury,Rear End,Daylight,Clear,Dry,18.0,Female,North,Going Straight Ahead,Speed To Fast For Conditions,No Apparent Influence,No Apparent Influence,38.0,Male,North,Stopped In Trafficway,No Improper Action,No Apparent Influence,No Apparent Influence,33.45116,-111.92647,2020-07-15,16:30:00
39109,3672980,2020,Rio Salado Pkwy,Rockford Dr,0.0,Intersection 4 Way 202,2.0,0.0,Possible Injury,Left Turn,Dark Lighted,Clear,Dry,44.0,Male,East,Making Left Turn,Made Improper Turn,Alcohol,No Apparent Influence,23.0,Male,West,Going Straight Ahead,No Improper Action,No Apparent Influence,No Apparent Influence,33.42936,-111.89704,2020-07-16,03:58:00
39112,3677366,2020,Scottsdale Rd,Hancock Ave,60.0,Intersection Related 206,1.0,0.0,Suspected Minor Injury,Rear End,Dark Lighted,Clear,Dry,25.0,Male,South,Going Straight Ahead,Speed To Fast For Conditions,No Apparent Influence,No Apparent Influence,22.0,Female,South,Stopped In Trafficway,No Improper Action,No Apparent Influence,No Apparent Influence,33.44682,-111.92646,2020-07-17,04:31:00
39113,3677355,2020,Baseline Rd,Pointe Pkwy,126.0,Intersection Related 206,0.0,0.0,No Injury,Sideswipe Same Direction,Daylight,Clear,Dry,64.0,Male,East,Other,Failed To Keep In Proper Lane,No Apparent Influence,No Apparent Influence,62.0,Male,East,Going Straight Ahead,No Improper Action,No Apparent Influence,No Apparent Influence,33.37822,-111.97158,2020-07-17,15:09:00
39117,3677724,2020,Price Rd,University Dr,-100.0,Not Junction Related,0.0,0.0,No Injury,Sideswipe Same Direction,Dark Lighted,Clear,Dry,37.0,Male,North,Changing Lanes,Unsafe Lane Change,No Apparent Influence,No Apparent Influence,23.0,Male,North,Going Straight Ahead,No Improper Action,No Apparent Influence,No Apparent Influence,33.42174,-111.89032,2020-07-18,03:25:00
39121,3678302,2020,Broadway Rd,Holbrook Ln,0.0,Intersection 4 Way 202,0.0,0.0,No Injury,Left Turn,Daylight,Cloudy,Dry,69.0,Male,South,Making Left Turn,Failed To Yield Right Of Way,No Apparent Influence,No Apparent Influence,33.0,Male,West,Going Straight Ahead,No Improper Action,No Apparent Influence,No Apparent Influence,33.4075,-111.90252,2020-07-20,13:15:00
39123,3677298,2020,Mill Ave,S Myrtle Ave,43.0,Intersection Related 206,0.0,0.0,No Injury,Rear End,Dark Lighted,Clear,Dry,22.0,Male,North,Going Straight Ahead,Speed To Fast For Conditions,No Apparent Influence,No Apparent Influence,22.0,Female,North,Going Straight Ahead,No Improper Action,No Apparent Influence,No Apparent Influence,33.40387,-111.93977,2020-07-21,05:23:00
39124,3677357,2020,Elliot Rd,McClintock Dr,-176.0,Driveway Or Alley,0.0,0.0,No Injury,Angle - Other Than Left Turn 2,Daylight,Clear,Dry,49.0,Male,South,Making Right Turn,Failed To Yield Right Of Way,No Apparent Influence,No Apparent Influence,52.0,Female,West,Going Straight Ahead,No Improper Action,No Apparent Influence,No Apparent Influence,33.34913,-111.91176,2020-07-21,20:29:00
39125,3677713,2020,Arizona Mills Cir,Arizona Mills S,71.0,Intersection Related 206,0.0,0.0,No Injury,Sideswipe Opposite Direction,Daylight,Clear,Dry,53.0,Female,East,Making Right Turn,Speed To Fast For Conditions,No Apparent Influence,No Apparent Influence,19.0,Male,West,Slowing In Trafficway,No Improper Action,No Apparent Influence,No Apparent Influence,33.37941,-111.96523,2020-07-21,21:25:00
39129,3677720,2020,Southern Ave,Priest Dr,0.0,Intersection 201,0.0,0.0,No Injury,Angle - Other Than Left Turn 2,Daylight,Clear,Dry,68.0,Male,Northeast,Making Right Turn,Failed To Yield Right Of Way,No Apparent Influence,No Apparent Influence,59.0,Female,East,Going Straight Ahead,No Improper Action,No Apparent Influence,No Apparent Influence,33.39288,-111.96077,2020-07-23,18:20:00
39135,3677365,2020,Priest Dr,Warner Rd,0.0,Intersection 4 Way 202,0.0,0.0,No Injury,Angle - Other Than Left Turn 2,Dusk,Rain,Wet,40.0,Male,North,Going Straight Ahead,Disregarded Traffic Signal,No Apparent Influence,No Apparent Influence,29.0,Female,East,Going Straight Ahead,No Improper Action,No Apparent Influence,No Apparent Influence,33.33453,-111.96312,2020-07-25,02:13:00
39136,3677354,2020,Emerald Dr,Jewell St,0.0,Intersection T Inter 203,0.0,0.0,No Injury,Angle - Other Than Left Turn 2,Dark Lighted,Rain,Wet,34.0,Female,North,Making Left Turn,Failed To Yield Right Of Way,No Apparent Influence,No Apparent Influence,74.0,Male,East,Going Straight Ahead,No Improper Action,No Apparent Influence,No Apparent Influence,33.33707,-111.96865,2020-07-25,02:34:00
39138,3678202,2020,Lakeshore Dr,Baseline Rd,0.0,Intersection 4 Way 202,1.0,0.0,Suspected Minor Injury,Angle - Other Than Left Turn 2,Daylight,Clear,Dry,27.0,Male,West,Going Straight Ahead,Disregarded Traffic Signal,No Apparent Influence,No Apparent Influence,64.0,Female,South,Making Left Turn,No Improper Action,No Apparent Influence,No Apparent Influence,33.37832,-111.9205,2020-07-25,20:10:00
39139,3678201,2020,Rural Rd,Spence Ave,-115.0,Intersection Related 206,0.0,0.0,No Injury,Rear End,Dark Lighted,Clear,Dry,18.0,Male,South,Making Left Turn,Unknown,No Apparent Influence,No Apparent Influence,18.0,Female,South,Going Straight Ahead,Unknown,No Apparent Influence,No Apparent Influence,33.41256,-111.92629,2020-07-26,04:33:00
39140,3677714,2020,48th St,I-10 Cardinal Frontage,0.0,Intersection 4 Way 202,1.0,0.0,Suspected Minor Injury,Angle - Other Than Left Turn 2,Daylight,Clear,Dry,88.0,Female,South,Going Straight Ahead,Disregarded Traffic Signal,No Apparent Influence,No Apparent Influence,35.0,Male,East,Making Left Turn,No Improper Action,No Apparent Influence,No Apparent Influence,33.40932,-111.97822,2020-07-26,20:17:00
39141,3678211,2020,Mill Ave,Baseline Rd,180.0,Driveway Or Alley,1.0,0.0,Suspected Minor Injury,Rear End,Daylight,Clear,Dry,22.0,Male,North,Going Straight Ahead,Followed Too Closely,No Apparent Influence,No Apparent Influence,22.0,Female,North,Making Left Turn,No Improper Action,No Apparent Influence,No Apparent Influence,33.3787,-111.93938,2020-07-26,22:53:00
39147,3677305,2020,Southern Ave,Mill Ave,0.0,Intersection 4 Way 202,0.0,0.0,No Injury,Angle - Other Than Left Turn 2,Daylight,Clear,Dry,54.0,Male,South,Making Left Turn,Unknown,Alcohol,No Apparent Influence,46.0,Male,East,Making Right Turn,Unknown,No Apparent Influence,No Apparent Influence,33.39286,-111.9396,2020-07-27,20:28:00
39148,3677716,2020,Baseline Rd,Priest Dr,-70.0,Intersection Related 206,0.0,0.0,No Injury,Angle - Other Than Left Turn 2,Daylight,Clear,Dry,26.0,Male,South,Making Right Turn,Made Improper Turn,No Apparent Influence,No Apparent Influence,18.0,Male,West,Going Straight Ahead,No Improper Action,No Apparent Influence,No Apparent Influence,33.37824,-111.9634,2020-07-27,23:12:00
39149,3677297,2020,Rio Salado Pkwy,Siesta Ln,170.0,Driveway Or Alley,1.0,0.0,Suspected Serious Injury,Angle - Other Than Left Turn 2,Daylight,Clear,Dry,16.0,Male,South,Making Left Turn,Failed To Yield Right Of Way,No Apparent Influence,No Apparent Influence,44.0,Female,West,Going Straight Ahead,No Improper Action,No Apparent Influence,No Apparent Influence,33.42937,-111.89306,2020-07-28,00:26:00
39150,3678185,2020,Rural Rd,Terrace Rd,0.0,Intersection 4 Way 202,2.0,0.0,Possible Injury,Left Turn,Daylight,Clear,Dry,21.0,Female,South,Making Left Turn,Failed To Yield Right Of Way,No Apparent Influence,No Apparent Influence,23.0,Female,North,Going Straight Ahead,No Improper Action,No Apparent Influence,No Apparent Influence,33.42028,-111.9263,2020-07-28,01:29:00
39151,3677296,2020,Rural Rd,Lakeshore Dr,225.0,Intersection Related 206,0.0,0.0,No Injury,Sideswipe Same Direction,Dark Lighted,Clear,Dry,63.0,Male,North,Going Straight Ahead,Unknown,No Apparent Influence,No Apparent Influence,27.0,Female,North,Going Straight Ahead,Unknown,No Apparent Influence,No Apparent Influence,33.38287,-111.92662,2020-07-28,03:04:00
39152,3678189,2020,Baseline Rd,McClintock Dr,0.0,Intersection 4 Way 202,1.0,0.0,Possible Injury,Left Turn,Dark Lighted,Clear,Dry,32.0,Male,Southwest,Making Left Turn,Failed To Yield Right Of Way,No Apparent Influence,Drugs,29.0,Male,East,Going Straight Ahead,No Improper Action,No Apparent Influence,No Apparent Influence,33.37842,-111.90926,2020-07-28,04:23:00
39156,3678173,2020,Guadalupe Rd,Maple Ave,0.0,Intersection T Inter 203,2.0,0.0,Possible Injury,Angle - Other Than Left Turn 2,Daylight,Cloudy,Unknown,32.0,Female,Unknown,Making Left Turn,Unknown,No Apparent Influence,No Apparent Influence,54.0,Female,Unknown,Going Straight Ahead,Unknown,No Apparent Influence,No Apparent Influence,33.3637,-111.93903,2020-07-29,19:40:00
39157,3677722,2020,52nd St,Medtronic Way,0.0,Intersection T Inter 203,1.0,0.0,Suspected Minor Injury,Left Turn,Daylight,Clear,Dry,24.0,Male,North,Making Left Turn,Failed To Yield Right Of Way,No Apparent Influence,No Apparent Influence,53.0,Male,South,Going Straight Ahead,No Improper Action,No Apparent Influence,No Apparent Influence,33.4179,-111.96954,2020-07-30,00:14:00
39159,3677308,2020,Baseline Rd,Wendler Dr,155.0,Intersection Related 206,1.0,0.0,Possible Injury,Rear End,Daylight,Clear,Dry,40.0,Female,West,Changing Lanes,Unsafe Lane Change,No Apparent Influence,No Apparent Influence,19.0,Female,West,Going Straight Ahead,No Improper Action,No Apparent Influence,No Apparent Influence,33.37826,-111.96928,2020-07-30,14:27:00
39160,3678174,2020,Price Rd,Southern Ave,0.0,Intersection 4 Way 202,0.0,0.0,No Injury,Angle - Other Than Left Turn 2,Daylight,Clear,Dry,25.0,Female,Northeast,Making U Turn,Disregarded Traffic Signal,No Apparent Influence,No Apparent Influence,19.0,Male,East,Going Straight Ahead,No Improper Action,No Apparent Influence,No Apparent Influence,33.39295,-111.89045,2020-07-30,19:43:00
39162,3678324,2020,Hardy Dr,Hermosa Dr,0.0,Intersection 4 Way 202,1.0,0.0,Suspected Minor Injury,Left Turn,Dark Lighted,Clear,Dry,21.0,Female,East,Making Left Turn,Failed To Yield Right Of Way,No Apparent Influence,No Apparent Influence,42.0,Male,South,Going Straight Ahead,Failed To Keep In Proper Lane,No Apparent Influence,No Apparent Influence,33.38864,-111.95253,2020-07-31,03:13:00
39167,3678194,2020,Rural Rd,Lemon St,60.0,Intersection Related 206,0.0,0.0,No Injury,Sideswipe Same Direction,Daylight,Clear,Dry,18.0,Female,South,Changing Lanes,Unsafe Lane Change,No Apparent Influence,No Apparent Influence,44.0,Male,South,Going Straight Ahead,No Improper Action,No Apparent Influence,No Apparent Influence,33.417,-111.9263,2020-08-01,00:54:00
39171,3678374,2020,Price Rd,Baseline Rd,-27.0,Intersection Related 206,0.0,0.0,No Injury,Rear End,Daylight,Clear,Dry,30.0,Male,Southeast,Going Straight Ahead,Speed To Fast For Conditions,No Apparent Influence,No Apparent Influence,42.0,Female,Southeast,Stopped In Trafficway,No Improper Action,No Apparent Influence,No Apparent Influence,33.37838,-111.89363,2020-08-01,21:55:00
39172,3678192,2020,Scottsdale Rd,Rio Salado Pkwy,0.0,Intersection 4 Way 202,0.0,0.0,No Injury,Rear End,Daylight,Clear,Dry,54.0,Female,North,Going Straight Ahead,Followed Too Closely,No Apparent Influence,No Apparent Influence,27.0,Male,North,Stopped In Trafficway,No Improper Action,No Apparent Influence,No Apparent Influence,33.42885,-111.92629,2020-08-01,22:31:00
39173,3677303,2020,Southern Ave,Hardy Dr,-94.0,Intersection Related 206,0.0,0.0,No Injury,Rear End,Daylight,Clear,Dry,65.0,Male,East,Going Straight Ahead,Speed To Fast For Conditions,No Apparent Influence,Drugs,29.0,Male,East,Stopped In Trafficway,No Improper Action,No Apparent Influence,No Apparent Influence,33.39286,-111.95229,2020-08-01,22:52:00
39176,3678372,2020,Baseline Rd,Pointe Pkwy,30.0,Intersection 4 Way 202,0.0,0.0,No Injury,Sideswipe Same Direction,Dark Lighted,Clear,Dry,33.0,Male,West,Making Left Turn,Unknown,No Apparent Influence,No Apparent Influence,17.0,Female,West,Making Left Turn,Unknown,No Apparent Influence,No Apparent Influence,33.37822,-111.9719,2020-08-03,04:28:00