,Incident ID,Year,Street Name,Cross Street,Distance,Junction Relation,Total Injuries,Total Fatalities,Injury Severity,Collision Manner,Light Condition,Weather,Surface Condition,Age Driver 1,Gender Driver 1,Travel Direction One,Unit Action One,Violation1_Drv1,Alcohol Use Driver 1,Drug Use Driver 1,Age Driver 2,Gender Driver 2,Travel Direction Two,Unit Action Two,Violation 1 Driver 2,Alcohol Use Driver 2,Drug Use Driver 2,Latitude,Longitude,Date,Time
39447,3693234,2020,Price Rd,Balboa Dr,81.0,Not Junction Related,2.0,0.0,Suspected Minor Injury,Rear End,Daylight,Clear,Dry,37.0,Male,North,Going Straight Ahead,Followed Too Closely,No Apparent Influence,No Apparent Influence,35.0,Male,North,Slowing In Trafficway,No Improper Action,No Apparent Influence,No Apparent Influence,33.40006,-111.89035,2020-09-23,15:57:00
39449,3700113,2020,Southern Ave,Priest Dr,92.0,Intersection Related 206,0.0,0.0,No Injury,Rear End,Daylight,Clear,Dry,76.0,Male,West,Going Straight Ahead,Speed To Fast For Conditions,No Apparent Influence,No Apparent Influence,22.0,Female,West,Avoiding Vehicle Object Pedestrian,No Improper Action,No Apparent Influence,No Apparent Influence,33.39288,-111.96047,2020-09-23,18:06:00
39452,3692088,2020,Mill Ave,Balboa Dr,-87.0,Not Junction Related,0.0,0.0,No Injury,Other,Dark Lighted,Clear,Dry,34.0,Female,South,Going Straight Ahead,No Improper Action,No Apparent Influence,No Apparent Influence,32.0,Male,South,Going Straight Ahead,No Improper Action,No Apparent Influence,No Apparent Influence,33.3991,-111.93969,2020-09-24,05:19:00
39453,3693236,2020,Broadway Rd,55th St,78.0,Intersection Related 206,0.0,0.0,No Injury,Sideswipe Same Direction,Daylight,Clear,Dry,32.0,Male,West,Making Left Turn,Unsafe Lane Change,No Apparent Influence,No Apparent Influence,34.0,Female,West,Going Straight Ahead,No Improper Action,No Apparent Influence,No Apparent Influence,33.40753,-111.96557,2020-09-24,19:44:00
39456,3700209,2020,Apache Blvd,McClintock Dr,50.0,Intersection Related 206,2.0,0.0,Possible Injury,Angle - Other Than Left Turn 2,Daylight,Clear,Dry,66.0,Female,West,Changing Lanes,Unsafe Lane Change,No Apparent Influence,No Apparent Influence,35.0,Male,West,Going Straight Ahead,No Improper Action,No Apparent Influence,No Apparent Influence,33.41476,-111.90897,2020-09-25,19:22:00
39458,3693235,2020,Broadway Rd,Price Rd,189.0,Intersection Related 206,2.0,0.0,Possible Injury,Rear End,Daylight,Clear,Dry,37.0,Female,West,Going Straight Ahead,Followed Too Closely,No Apparent Influence,No Apparent Influence,21.0,Female,West,Stopped In Trafficway,No Improper Action,No Apparent Influence,No Apparent Influence,33.40748,-111.89139,2020-09-26,00:34:00
39459,3693239,2020,Rio Salado Pkwy,Clark Dr,85.0,Intersection Related 206,1.0,0.0,Possible Injury,Rear End,Daylight,Clear,Dry,21.0,Female,West,Going Straight Ahead,Followed Too Closely,No Apparent Influence,No Apparent Influence,35.0,Male,West,Stopped In Trafficway,No Improper Action,No Apparent Influence,No Apparent Influence,33.42933,-111.89847,2020-09-26,00:51:00
39460,3693816,2020,Warner Rd,I-10 Exit 158 J-Ramp,0.0,Intersection 4 Way 202,1.0,0.0,Suspected Minor Injury,Left Turn,Daylight,Clear,Dry,67.0,Male,West,Going Straight Ahead,Disregarded Traffic Signal,No Apparent Influence,No Apparent Influence,42.0,Female,East,Making Left Turn,No Improper Action,No Apparent Influence,No Apparent Influence,33.33436,-111.97151,2020-09-26,01:00:00
39465,3708721,2020,Rural Rd,University Dr,0.0,Intersection 4 Way 202,2.0,0.0,Possible Injury,Left Turn,Dark Lighted,Clear,Dry,24.0,Male,West,Going Straight Ahead,No Improper Action,No Apparent Influence,No Apparent Influence,27.0,Male,Northwest,Making Left Turn,Disregarded Traffic Signal,No Apparent Influence,No Apparent Influence,33.42203,-111.92631,2020-09-27,07:02:00
39470,3693238,2020,Rural Rd,Woodman Dr,57.0,Driveway Or Alley,0.0,0.0,No Injury,Angle - Other Than Left Turn 2,Daylight,Clear,Dry,32.0,Male,West,Making Left Turn,Failed To Yield Right Of Way,No Apparent Influence,No Apparent Influence,19.0,Female,North,Going Straight Ahead,No Improper Action,No Apparent Influence,No Apparent Influence,33.36215,-111.92859,2020-09-28,17:00:00
39471,3693832,2020,University Dr,Lola Ln,-119.0,Driveway Or Alley,1.0,0.0,Suspected Minor Injury,Angle - Other Than Left Turn 2,Daylight,Clear,Dry,21.0,Female,South,Making Left Turn,Failed To Yield Right Of Way,No Apparent Influence,No Apparent Influence,38.0,Male,West,Going Straight Ahead,No Improper Action,No Apparent Influence,No Apparent Influence,33.42207,-111.89437,2020-09-28,22:47:00
39472,3700221,2020,Baseline Rd,S Roosevelt St,0.0,Intersection Related Non Interchange,0.0,0.0,No Injury,Sideswipe Opposite Direction,Daylight,Clear,Dry,53.0,Male,West,Making Left Turn,Unknown,No Apparent Influence,No Apparent Influence,23.0,Female,East,Making Left Turn,Unknown,No Apparent Influence,No Apparent Influence,33.3782,-111.94768,2020-09-29,00:18:00
39474,3700212,2020,Rural Rd,Rio Salado Pkwy,-200.0,Not Junction Related,0.0,0.0,No Injury,Rear End,Dark Lighted,Clear,Dry,19.0,Male,South,Slowing In Trafficway,Speed To Fast For Conditions,No Apparent Influence,No Apparent Influence,52.0,Male,South,Stopped In Trafficway,No Improper Action,No Apparent Influence,No Apparent Influence,33.4283,-111.92629,2020-09-29,02:52:00
39475,3693214,2020,Mill Ave,10th St,-50.0,Intersection Related 206,0.0,0.0,No Injury,Rear End,Dark Lighted,Clear,Dry,19.0,Female,South,Going Straight Ahead,Speed To Fast For Conditions,No Apparent Influence,No Apparent Influence,28.0,Male,South,Stopped In Trafficway,No Improper Action,No Apparent Influence,No Apparent Influence,33.41893,-111.93997,2020-09-29,03:05:00
39479,3693230,2020,Southern Ave,Country Club Way,166.0,Intersection Related 206,0.0,0.0,No Injury,Rear End,Daylight,Clear,Dry,39.0,Female,East,Going Straight Ahead,Speed To Fast For Conditions,No Apparent Influence,No Apparent Influence,45.0,Male,East,Stopped In Trafficway,No Improper Action,No Apparent Influence,No Apparent Influence,33.39298,-111.90001,2020-09-29,20:33:00
39480,3693240,2020,Apache Blvd,Price Rd,-61.0,Intersection Related 206,2.0,0.0,Possible Injury,Rear End,Daylight,Clear,Dry,54.0,Male,East,Going Straight Ahead,Followed Too Closely,No Apparent Influence,No Apparent Influence,64.0,Male,East,Stopped In Trafficway,No Improper Action,No Apparent Influence,No Apparent Influence,33.41479,-111.89093,2020-09-29,21:34:00
39481,3693241,2020,Price Rd,Broadway Rd,-131.0,Intersection Related 206,2.0,0.0,Possible Injury,Rear End,Daylight,Clear,Dry,38.0,Male,North,Going Straight Ahead,Followed Too Closely,No Apparent Influence,No Apparent Influence,30.0,Female,North,Stopped In Trafficway,No Improper Action,No Apparent Influence,No Apparent Influence,33.40712,-111.89033,2020-09-29,22:37:00
39483,3703028,2020,Baseline Rd,I-10 Exit 155 C2-Ramp,0.0,Intersection 4 Way 202,2.0,0.0,Possible Injury,Left Turn,Dark Lighted,Clear,Dry,22.0,Male,North,Making Left Turn,Unknown,No Apparent Influence,No Apparent Influence,22.0,Female,East,Making Left Turn,Unknown,No Apparent Influence,No Apparent Influence,33.3783,-111.96738,2020-09-30,01:47:00
39487,3693820,2020,Mill Ave,Baseline Rd,0.02,Driveway Or Alley,2.0,0.0,Possible Injury,Angle - Other Than Left Turn 2,Dawn,Clear,Dry,36.0,Female,West,Making Left Turn,Failed To Yield Right Of Way,No Apparent Influence,No Apparent Influence,25.0,Male,North,Going Straight Ahead,No Improper Action,No Apparent Influence,No Apparent Influence,33.3785,-111.93937,2020-09-30,12:58:00
39488,3689835,2020,Elliot Rd,I-10 Exit 157 J-Ramp,0.0,Intersection Related 206,0.0,0.0,No Injury,Sideswipe Same Direction,Daylight,Clear,Dry,43.0,Male,West,Making Right Turn,Made Improper Turn,No Apparent Influence,No Apparent Influence,44.0,Female,West,Making Right Turn,No Improper Action,No Apparent Influence,No Apparent Influence,33.3491,-111.97094,2020-09-30,15:50:00
39490,3700199,2020,Baseline Rd,Calle Los Cerros,82.0,Intersection Related 206,0.0,0.0,No Injury,Rear End,Daylight,Clear,Dry,26.0,Female,West,Going Straight Ahead,Followed Too Closely,No Apparent Influence,No Apparent Influence,64.0,Male,West,Slowing In Trafficway,No Improper Action,No Apparent Influence,No Apparent Influence,33.37821,-111.97382,2020-09-30,19:39:00
39491,3700204,2020,University Dr,Priest Dr,0.0,Intersection 4 Way 202,1.0,0.0,Possible Injury,Left Turn,Daylight,Clear,Dry,20.0,Female,West,Going Straight Ahead,Disregarded Traffic Signal,No Apparent Influence,No Apparent Influence,65.0,Female,East,Making Left Turn,No Improper Action,No Apparent Influence,No Apparent Influence,33.42194,-111.96092,2020-09-30,22:16:00
39492,3700207,2020,Elliot Rd,Kyrene Rd,0.0,Intersection 4 Way 202,1.0,0.0,Suspected Minor Injury,Left Turn,Dusk,Clear,Dry,38.0,Male,West,Making Left Turn,Failed To Yield Right Of Way,No Apparent Influence,No Apparent Influence,50.0,Male,East,Going Straight Ahead,No Improper Action,No Apparent Influence,No Apparent Influence,33.3492,-111.94573,2020-10-01,01:17:00
39494,3700205,2020,Kyrene Rd,Elliot Rd,0.0,Intersection 4 Way 202,2.0,0.0,Suspected Minor Injury,Left Turn,Dark Lighted,Clear,Dry,26.0,Female,North,Making Left Turn,Failed To Yield Right Of Way,No Apparent Influence,No Apparent Influence,25.0,Male,South,Going Straight Ahead,No Improper Action,No Apparent Influence,No Apparent Influence,33.3492,-111.94573,2020-10-01,01:43:00
39496,3700213,2020,Scottsdale Rd,SR-202 Exit 7 T-Ramp,-40.0,Intersection Related 206,0.0,0.0,No Injury,Sideswipe Same Direction,Daylight,Clear,Dry,19.0,Female,South,Making Right Turn,Failed To Keep In Proper Lane,No Apparent Influence,No Apparent Influence,55.0,Female,South,Going Straight Ahead,No Improper Action,No Apparent Influence,No Apparent Influence,33.43533,-111.92626,2020-10-01,14:28:00
39497,3700211,2020,University Dr,Hacienda Dr,-100.0,Intersection Related 206,0.0,0.0,No Injury,Rear End,Daylight,Clear,Dry,39.0,Female,East,Going Straight Ahead,Followed Too Closely,No Apparent Influence,No Apparent Influence,27.0,Male,East,Slowing In Trafficway,No Improper Action,No Apparent Influence,No Apparent Influence,33.42201,-111.90658,2020-10-01,18:11:00
39498,3700200,2020,Orchid Ln,Stacey Ln,0.0,Intersection 4 Way 202,2.0,0.0,Suspected Minor Injury,Left Turn,Daylight,Clear,Dry,53.0,Male,East,Making Left Turn,Failed To Yield Right Of Way,No Apparent Influence,No Apparent Influence,27.0,Female,South,Going Straight Ahead,No Improper Action,No Apparent Influence,No Apparent Influence,33.32359,-111.96304,2020-10-01,18:41:00
39502,3700110,2020,Rural Rd,6th St,-40.0,Intersection Related 206,1.0,0.0,Possible Injury,Rear End,Dark Lighted,Clear,Dry,25.0,Male,North,Going Straight Ahead,Speed To Fast For Conditions,No Apparent Influence,No Apparent Influence,19.0,Male,North,Going Straight Ahead,Speed To Fast For Conditions,No Apparent Influence,No Apparent Influence,33.42439,-111.9263,2020-10-02,05:21:00
39503,3703034,2020,Baseline Rd,Priest Dr,0.0,Intersection 4 Way 202,0.0,0.0,No Injury,Angle - Other Than Left Turn 2,Unknown 51,Unknown,Dry,21.0,Female,South,Going Straight Ahead,Unknown,No Apparent Influence,No Apparent Influence,30.0,Male,East,Going Straight Ahead,Unknown,No Apparent Influence,No Apparent Influence,33.37824,-111.96318,2020-10-02,08:26:00
39506,3700106,2020,Mill Ave,Southern Ave,178.0,Intersection Related 206,1.0,0.0,Possible Injury,Sideswipe Same Direction,Daylight,Clear,Dry,20.0,Male,South,Changing Lanes,Unsafe Lane Change,No Apparent Influence,No Apparent Influence,66.0,Male,South,Going Straight Ahead,No Improper Action,No Apparent Influence,No Apparent Influence,33.39335,-111.93961,2020-10-02,20:06:00
39509,3703016,2020,Southern Ave,Roosevelt St,35.0,Not Junction Related,0.0,0.0,No Injury,Head On,Daylight,Clear,Dry,45.0,Male,East,Going Straight Ahead,Drove Left Of Center Line,No Apparent Influence,No Apparent Influence,38.0,Male,West,Stopped In Trafficway,No Improper Action,No Apparent Influence,No Apparent Influence,33.39285,-111.94771,2020-10-03,00:37:00
39510,3700107,2020,McClintock Dr,Guadalupe Rd,-10.0,Intersection Related 206,0.0,0.0,No Injury,Angle - Other Than Left Turn 2,Dark Lighted,Clear,Dry,40.0,Male,East,Making Right Turn,Unsafe Lane Change,Alcohol,No Apparent Influence,38.0,Male,South,Going Straight Ahead,No Improper Action,No Apparent Influence,No Apparent Influence,33.36374,-111.91126,2020-10-03,02:17:00
39512,3700104,2020,Southern Ave,Kyrene Rd,94.0,Intersection Related 206,1.0,0.0,Possible Injury,Rear End,Daylight,Clear,Dry,32.0,Male,West,Making Left Turn,Followed Too Closely,No Apparent Influence,No Apparent Influence,58.0,Female,West,Stopped In Trafficway,No Improper Action,No Apparent Influence,No Apparent Influence,33.39284,-111.94338,2020-10-03,17:41:00
39514,3700220,2020,Mill Ave,US-60 Exit 173 J-Ramp,0.0,Intersection Related Non Interchange,1.0,0.0,Possible Injury,Sideswipe Same Direction,Daylight,Clear,Dry,74.0,Male,South,Making Right Turn,Made Improper Turn,No Apparent Influence,No Apparent Influence,59.0,Female,South,Going Straight Ahead,No Improper Action,No Apparent Influence,No Apparent Influence,33.38604,-111.93948,2020-10-03,19:28:00
39519,3700103,2020,McClintock Dr,Alameda Dr,0.0,Intersection 4 Way 202,0.0,0.0,No Injury,Angle - Other Than Left Turn 2,Daylight,Clear,Dry,64.0,Female,North,Going Straight Ahead,Disregarded Traffic Signal,No Apparent Influence,No Apparent Influence,55.0,Male,West,Going Straight Ahead,No Improper Action,No Apparent Influence,No Apparent Influence,33.40015,-111.90913,2020-10-05,15:15:00
39520,3700117,2020,Southern Ave,Mariana Cir,-50.0,Not Junction Related,2.0,0.0,Suspected Minor Injury,Rear End,Daylight,Clear,Dry,24.0,Male,East,Going Straight Ahead,Speed To Fast For Conditions,No Apparent Influence,No Apparent Influence,30.0,Male,East,Going Straight Ahead,No Improper Action,No Apparent Influence,No Apparent Influence,33.39297,-111.9202,2020-10-05,17:31:00
39521,3692129,2020,University Dr,48th St,0.0,Intersection Interchange,2.0,0.0,Possible Injury,Left Turn,Daylight,Clear,Dry,37.0,Male,East,Going Straight Ahead,Disregarded Traffic Signal,No Apparent Influence,No Apparent Influence,30.0,Male,West,Making Left Turn,No Improper Action,No Apparent Influence,No Apparent Influence,33.4219,-111.97625,2020-10-05,18:31:00
39522,3700108,2020,Baseline Rd,I-10 Exit 155 J1-Ramp,-60.0,Intersection Related 206,0.0,0.0,No Injury,Rear End,Daylight,Clear,Dry,29.0,Male,East,Going Straight Ahead,Speed To Fast For Conditions,No Apparent Influence,No Apparent Influence,55.0,Female,East,Stopped In Trafficway,No Improper Action,No Apparent Influence,No Apparent Influence,33.3783,-111.96758,2020-10-05,19:47:00
39523,3703024,2020,Price Rd,Broadway Rd,100.0,Intersection Related 206,1.0,0.0,Possible Injury,Rear End,Daylight,Clear,Dry,38.0,Male,South,Going Straight Ahead,Followed Too Closely,No Apparent Influence,No Apparent Influence,27.0,Male,South,Stopped In Trafficway,No Improper Action,No Apparent Influence,No Apparent Influence,33.40777,-111.892,2020-10-05,20:07:00
39525,3700116,2020,48th St,I-10 Cardinal Frontage,0.0,Intersection 201,0.0,0.0,No Injury,Angle - Other Than Left Turn 2,Daylight,Clear,Dry,18.0,Male,South,Making Left Turn,Other,No Apparent Influence,No Apparent Influence,34.0,Female,East,Going Straight Ahead,No Improper Action,No Apparent Influence,No Apparent Influence,33.40932,-111.97822,2020-10-05,23:36:00
39529,3703054,2020,McClintock Dr,Guadalupe Rd,-75.0,Intersection Related 206,0.0,0.0,No Injury,Angle - Other Than Left Turn 2,Dawn,Clear,Dry,21.0,Male,East,Making Right Turn,Drove Left Of Center Line,No Apparent Influence,No Apparent Influence,66.0,Male,North,Stopped In Trafficway,No Improper Action,No Apparent Influence,No Apparent Influence,33.36356,-111.91126,2020-10-06,12:47:00
39530,3700112,2020,Priest Dr,Fairmont Dr,-20.0,Intersection Related 206,0.0,0.0,No Injury,Sideswipe Same Direction,Daylight,Clear,Dry,19.0,Male,North,Going Straight Ahead,Followed Too Closely,No Apparent Influence,No Apparent Influence,24.0,Male,North,Slowing In Trafficway,No Improper Action,No Apparent Influence,No Apparent Influence,33.39644,-111.9608,2020-10-06,15:40:00
39531,3700073,2020,Baseline Rd,Hardy Dr,-170.0,Intersection Related 206,0.0,0.0,No Injury,Rear End,Daylight,Clear,Dry,58.0,Female,East,Going Straight Ahead,Followed Too Closely,No Apparent Influence,No Apparent Influence,26.0,Male,East,Stopped In Trafficway,No Improper Action,No Apparent Influence,No Apparent Influence,33.37822,-111.95307,2020-10-06,15:54:00
39532,3700114,2020,Rural Rd,Rio Salado Pkwy,0.0,Intersection 4 Way 202,2.0,0.0,Suspected Minor Injury,Left Turn,Daylight,Clear,Dry,25.0,Male,South,Making Left Turn,Failed To Yield Right Of Way,No Apparent Influence,No Apparent Influence,20.0,Female,North,Going Straight Ahead,No Improper Action,No Apparent Influence,No Apparent Influence,33.42885,-111.92629,2020-10-06,19:15:00
39533,3703022,2020,Rio Salado Pkwy,SR-101 Exit 51 J-Ramp,0.0,Intersection 201,0.0,0.0,No Injury,Angle - Other Than Left Turn 2,Dark Lighted,Clear,Dry,26.0,Female,East,Making Left Turn,Failed To Yield Right Of Way,No Apparent Influence,No Apparent Influence,19.0,Female,West,Going Straight Ahead,No Improper Action,No Apparent Influence,No Apparent Influence,33.42931,-111.89026,2020-10-07,01:37:00
39538,3703046,2020,Price Rd,Baseline Rd,0.0,Intersection 4 Way 202,2.0,0.0,Possible Injury,Angle - Other Than Left Turn 2,Daylight,Clear,Dry,29.0,Male,South,Going Straight Ahead,Disregarded Traffic Signal,No Apparent Influence,No Apparent Influence,26.0,Male,East,Going Straight Ahead,No Improper Action,No Apparent Influence,No Apparent Influence,33.37846,-111.89362,2020-10-07,19:34:00
39539,3705135,2020,University Dr,Lola Ln,75.0,Unknown,0.0,0.0,No Injury,Sideswipe Same Direction,Daylight,Clear,Dry,50.0,Female,East,Changing Lanes,Unsafe Lane Change,No Apparent Influence,No Apparent Influence,20.0,Female,East,Slowing In Trafficway,No Improper Action,No Apparent Influence,No Apparent Influence,33.42205,-111.89373,2020-10-07,20:22:00
39540,3700074,2020,Hardy Dr,24th St,115.0,Intersection Related 206,0.0,0.0,No Injury,Rear End,Daylight,Clear,Dry,41.0,Male,South,Going Straight Ahead,Followed Too Closely,No Apparent Influence,No Apparent Influence,68.0,Male,South,Stopped In Trafficway,Other,No Apparent Influence,No Apparent Influence,33.4032,-111.95215,2020-10-07,21:09:00
39542,3708718,2020,Mill Ave,Hermosa Dr,98.0,Not Junction Related,0.0,0.0,No Injury,Rear End,Dark Lighted,Clear,Dry,21.0,Male,South,Going Straight Ahead,Speed To Fast For Conditions,No Apparent Influence,No Apparent Influence,39.0,Female,South,Stopped In Trafficway,Unknown,No Apparent Influence,No Apparent Influence,33.38848,-111.93953,2020-10-08,03:15:00
39544,3703021,2020,Baseline Rd,Kyrene Rd,0.0,Intersection T Inter 203,0.0,0.0,No Injury,Left Turn,Daylight,Clear,Dry,60.0,Female,East,Making Left Turn,Failed To Yield Right Of Way,No Apparent Influence,No Apparent Influence,36.0,Female,West,Going Straight Ahead,No Improper Action,No Apparent Influence,No Apparent Influence,33.37822,-111.94389,2020-10-08,23:38:00
39545,3704953,2020,Rural Rd,Lemon St,-15.0,Intersection Related 206,0.0,0.0,No Injury,Rear End,Dark Lighted,Clear,Dry,18.0,Male,North,Going Straight Ahead,Speed To Fast For Conditions,No Apparent Influence,No Apparent Influence,19.0,Female,North,Slowing In Trafficway,No Improper Action,No Apparent Influence,No Apparent Influence,33.41679,-111.9263,2020-10-09,01:58:00
39546,3703026,2020,McClintock Dr,Warner Rd,0.0,Intersection 4 Way 202,1.0,0.0,Possible Injury,Angle - Other Than Left Turn 2,Daylight,Clear,Dry,17.0,Male,North,Going Straight Ahead,Disregarded Traffic Signal,No Apparent Influence,No Apparent Influence,72.0,Male,East,Going Straight Ahead,No Improper Action,No Apparent Influence,No Apparent Influence,33.33464,-111.91118,2020-10-09,16:48:00
39548,3703031,2020,Warner Rd,Juniper Dr,0.0,Intersection 201,1.0,0.0,Possible Injury,Left Turn,Daylight,Clear,Dry,68.0,Male,North,Making Left Turn,Failed To Yield Right Of Way,No Apparent Influence,No Apparent Influence,59.0,Male,East,Going Straight Ahead,No Improper Action,No Apparent Influence,No Apparent Influence,33.33467,-111.91548,2020-10-09,17:14:00
39549,3703025,2020,Baseline Rd,I-10 Exit 155 C2-Ramp,0.0,Intersection 4 Way 202,1.0,0.0,Possible Injury,Left Turn,Daylight,Clear,Dry,76.0,Male,West,Going Straight Ahead,Unknown,No Apparent Influence,No Apparent Influence,47.0,Male,North,Making Left Turn,Unknown,No Apparent Influence,No Apparent Influence,33.3783,-111.96738,2020-10-09,23:10:00
39560,3703020,2020,Roosevelt St,Fairmont Dr,0.0,Intersection Related 206,0.0,0.0,No Injury,Angle - Other Than Left Turn 2,Daylight,Clear,Dry,33.0,Male,South,Going Straight Ahead,No Improper Action,No Apparent Influence,No Apparent Influence,42.0,Male,East,Stopped In Trafficway,No Improper Action,No Apparent Influence,No Apparent Influence,33.39648,-111.94783,2020-10-12,12:55:00
39561,3704954,2020,McClintock Dr,Warner Rd,100.0,Intersection Related 206,2.0,0.0,Suspected Minor Injury,Head On,Daylight,Clear,Dry,76.0,Male,West,Making Right Turn,Speed To Fast For Conditions,No Apparent Influence,No Apparent Influence,48.0,Female,South,Stopped In Trafficway,No Improper Action,No Apparent Influence,No Apparent Influence,33.33488,-111.91118,2020-10-12,16:58:00
39564,3703035,2020,56th St,Washington St,0.0,Intersection 4 Way 202,2.0,0.0,Possible Injury,Angle - Other Than Left Turn 2,Daylight,Clear,Dry,26.0,Female,East,Going Straight Ahead,Disregarded Traffic Signal,No Apparent Influence,No Apparent Influence,25.0,Male,South,Going Straight Ahead,No Improper Action,No Apparent Influence,No Apparent Influence,33.4453,-111.96104,2020-10-13,18:18:00
39566,3704933,2020,Apache Blvd,Rural Rd,0.0,Intersection 201,0.0,0.0,No Injury,Sideswipe Same Direction,Dusk,Clear,Dry,25.0,Male,Southwest,Unknown,Failed To Keep In Proper Lane,No Apparent Influence,No Apparent Influence,24.0,Male,Southwest,Making Left Turn,No Improper Action,No Apparent Influence,No Apparent Influence,33.41476,-111.92629,2020-10-14,00:25:00
39567,3703040,2020,University Dr,Rural Rd,0.0,Intersection 4 Way 202,0.0,0.0,No Injury,Left Turn,Dark Lighted,Clear,Dry,23.0,Male,West,Making Left Turn,Failed To Yield Right Of Way,No Apparent Influence,No Apparent Influence,20.0,Male,East,Going Straight Ahead,No Improper Action,No Apparent Influence,No Apparent Influence,33.42203,-111.92631,2020-10-15,01:43:00
39569,3704969,2020,Broadway Rd,Priest Dr,-165.0,Driveway Or Alley,0.0,0.0,No Injury,Angle - Other Than Left Turn 2,Dusk,Clear,Dry,28.0,Male,West,Making Right Turn,Other,No Apparent Influence,No Apparent Influence,48.0,Female,West,Going Straight Ahead,No Improper Action,No Apparent Influence,No Apparent Influence,33.40742,-111.96132,2020-10-17,00:41:00
39572,3708716,2020,Rural Rd,Guadalupe Rd,0.0,Intersection 4 Way 202,0.0,0.0,No Injury,Left Turn,Dark Lighted,Clear,Dry,20.0,Male,West,Making Left Turn,Disregarded Traffic Signal,No Apparent Influence,No Apparent Influence,24.0,Male,East,Going Straight Ahead,Disregarded Traffic Signal,No Apparent Influence,No Apparent Influence,33.36375,-111.92861,2020-10-18,01:44:00
39573,3704918,2020,Rural Rd,Baseline Rd,-75.0,Intersection Related 206,1.0,0.0,Suspected Minor Injury,Rear End,Dark Lighted,Clear,Dry,18.0,Male,South,Going Straight Ahead,Speed To Fast For Conditions,No Apparent Influence,No Apparent Influence,27.0,Male,South,Slowing In Trafficway,No Improper Action,No Apparent Influence,No Apparent Influence,33.37804,-111.92869,2020-10-18,01:47:00
39574,3704971,2020,Apache Blvd,Rural Rd,0.11,Driveway Or Alley,1.0,0.0,Possible Injury,Angle - Other Than Left Turn 2,Dark Lighted,Clear,Dry,63.0,Female,North,Making Right Turn,Failed To Yield Right Of Way,No Apparent Influence,No Apparent Influence,20.0,Male,East,Going Straight Ahead,No Improper Action,No Apparent Influence,No Apparent Influence,33.41477,-111.92439,2020-10-18,02:26:00
39575,3708708,2020,Priest Dr,Rio Salado Pkwy,140.0,Intersection Related 206,0.0,0.0,No Injury,Angle - Other Than Left Turn 2,Dawn,Clear,Dry,41.0,Female,South,Going Straight Ahead,Failed To Keep In Proper Lane,No Apparent Influence,Drugs,50.0,Female,South,Going Straight Ahead,No Improper Action,No Apparent Influence,No Apparent Influence,33.42995,-111.96097,2020-10-18,13:07:00
39576,3704929,2020,Baseline Rd,Arizona Mills S,0.0,Intersection Related 206,0.0,0.0,No Injury,Rear End,Daylight,Clear,Dry,28.0,Male,East,Going Straight Ahead,Speed To Fast For Conditions,No Apparent Influence,No Apparent Influence,25.0,Male,East,Stopped In Trafficway,No Improper Action,No Apparent Influence,No Apparent Influence,33.37827,-111.96546,2020-10-18,18:31:00
39577,3727372,2020,Kyrene Rd,Warner Rd,0.0,Intersection 201,0.0,0.0,No Injury,Angle - Other Than Left Turn 2,Dusk,Clear,Dry,35.0,Female,South,Going Straight Ahead,Disregarded Traffic Signal,No Apparent Influence,No Apparent Influence,53.0,Male,East,Going Straight Ahead,No Improper Action,No Apparent Influence,No Apparent Influence,33.3346,-111.94566,2020-10-19,01:13:00
39579,3704937,2020,Price Rd,Elliot Rd,15.0,Intersection Related 206,1.0,0.0,Possible Injury,Rear End,Dark Lighted,Clear,Dry,27.0,Male,South,Going Straight Ahead,Speed To Fast For Conditions,Alcohol,No Apparent Influence,35.0,Male,South,Making Left Turn,No Improper Action,No Apparent Influence,No Apparent Influence,33.34938,-111.89437,2020-10-19,10:09:00
39580,3708577,2020,Broadway Rd,52nd St,-150.0,Intersection Related 206,0.0,0.0,No Injury,Sideswipe Same Direction,Dark Lighted,Clear,Dry,33.0,Male,West,Making Right Turn,Made Improper Turn,No Apparent Influence,No Apparent Influence,66.0,Female,West,Going Straight Ahead,No Improper Action,No Apparent Influence,No Apparent Influence,33.40933,-111.97002,2020-10-19,11:35:00
39582,3704934,2020,Baseline Rd,Dorsey Ln,0.0,Intersection T Inter 203,2.0,0.0,Suspected Minor Injury,Left Turn,Dark Unknown Lighting,Clear,Dry,20.0,Male,East,Making Left Turn,Failed To Yield Right Of Way,Alcohol,No Apparent Influence,19.0,Female,West,Going Straight Ahead,No Improper Action,No Apparent Influence,No Apparent Influence,33.37835,-111.91747,2020-10-20,01:20:00
39584,3704911,2020,Elliot Rd,Harl Ave,0.0,Intersection 4 Way 202,2.0,0.0,Suspected Minor Injury,Left Turn,Dusk,Clear,Dry,43.0,Male,East,Making Left Turn,Failed To Yield Right Of Way,No Apparent Influence,No Apparent Influence,28.0,Male,West,Going Straight Ahead,No Improper Action,No Apparent Influence,No Apparent Influence,33.34908,-111.96593,2020-10-21,00:33:00
39586,3704970,2020,Warner Rd,I-10 Exit 158 C-Ramp,-94.0,Intersection Related 206,2.0,0.0,Possible Injury,Left Turn,Daylight,Clear,Dry,28.0,Male,East,Changing Lanes,Unsafe Lane Change,No Apparent Influence,No Apparent Influence,57.0,Female,East,Going Straight Ahead,No Improper Action,No Apparent Influence,No Apparent Influence,33.33436,-111.97182,2020-10-21,14:54:00
39587,3704981,2020,Warner Rd,Rural Rd,-26.0,Intersection Related 206,0.0,0.0,No Injury,Rear End,Daylight,Clear,Dry,57.0,Male,East,Going Straight Ahead,Speed To Fast For Conditions,No Apparent Influence,No Apparent Influence,35.0,Female,East,Stopped In Trafficway,No Improper Action,No Apparent Influence,No Apparent Influence,33.33465,-111.9285,2020-10-21,14:54:00