,Incident ID,Year,Street Name,Cross Street,Distance,Junction Relation,Total Injuries,Total Fatalities,Injury Severity,Collision Manner,Light Condition,Weather,Surface Condition,Age Driver 1,Gender Driver 1,Travel Direction One,Unit Action One,Violation1_Drv1,Alcohol Use Driver 1,Drug Use Driver 1,Age Driver 2,Gender Driver 2,Travel Direction Two,Unit Action Two,Violation 1 Driver 2,Alcohol Use Driver 2,Drug Use Driver 2,Latitude,Longitude,Date,Time
39754,3716850,2020,University Dr,Rural Rd,168.0,Driveway Or Alley,2.0,0.0,Suspected Minor Injury,Angle - Other Than Left Turn 2,Daylight,Clear,Dry,21.0,Male,North,Making Left Turn,Failed To Yield Right Of Way,No Apparent Influence,No Apparent Influence,30.0,Female,East,Going Straight Ahead,No Improper Action,No Apparent Influence,No Apparent Influence,33.42203,-111.92576,2020-11-21,20:13:00
39755,3720531,2020,Washington St,Priest Dr,35.0,Intersection Related 206,0.0,0.0,No Injury,Rear End,Daylight,Clear,Dry,61.0,Female,Southeast,Going Straight Ahead,Followed Too Closely,No Apparent Influence,No Apparent Influence,25.0,Male,Southeast,Stopped In Trafficway,No Improper Action,No Apparent Influence,No Apparent Influence,33.4427,-111.95668,2020-11-21,20:23:00
39757,3716879,2020,Southern Ave,Price Rd,0.0,Intersection 4 Way 202,2.0,0.0,Suspected Minor Injury,Angle - Other Than Left Turn 2,Dusk,Clear,Dry,60.0,Female,East,Going Straight Ahead,Disregarded Traffic Signal,No Apparent Influence,No Apparent Influence,21.0,Female,South,Going Straight Ahead,No Improper Action,No Apparent Influence,No Apparent Influence,33.39296,-111.89203,2020-11-21,23:28:00
39758,3727253,2020,Mill Ave,Hermosa Dr,0.0,Intersection 4 Way 202,2.0,0.0,Suspected Minor Injury,Left Turn,Dark Lighted,Clear,Dry,29.0,Male,East,Making Left Turn,Unknown,No Apparent Influence,No Apparent Influence,19.0,Male,South,Going Straight Ahead,Unknown,No Apparent Influence,No Apparent Influence,33.38821,-111.93953,2020-11-23,03:41:00
39760,3726684,2020,Scottsdale Rd,Playa Del Norte Dr,0.0,Intersection Related 206,0.0,0.0,No Injury,Rear End,Dark Lighted,Clear,Dry,33.0,Female,North,Going Straight Ahead,Speed To Fast For Conditions,No Apparent Influence,No Apparent Influence,21.0,Female,North,Stopped In Trafficway,No Improper Action,No Apparent Influence,No Apparent Influence,33.43403,-111.92626,2020-11-24,03:36:00
39761,3720568,2020,University Dr,Lindon Ln,0.0,Intersection T Inter 203,0.0,0.0,No Injury,Left Turn,Daylight,Clear,Dry,19.0,Female,West,Making Left Turn,Failed To Yield Right Of Way,No Apparent Influence,No Apparent Influence,25.0,Female,East,Going Straight Ahead,No Improper Action,No Apparent Influence,No Apparent Influence,33.42194,-111.96524,2020-11-25,15:52:00
39762,3720559,2020,Mill Ave,Carter Dr,-56.0,Intersection Related 206,0.0,0.0,No Injury,Rear End,Daylight,Clear,Dry,46.0,Male,North,Going Straight Ahead,Followed Too Closely,Alcohol,No Apparent Influence,19.0,Male,North,Going Straight Ahead,No Improper Action,No Apparent Influence,No Apparent Influence,33.38313,-111.93945,2020-11-25,16:07:00
39765,3726743,2020,Broadway Rd,Mill Ave,0.0,Intersection 4 Way 202,0.0,0.0,No Injury,Angle - Other Than Left Turn 2,Dark Lighted,Clear,Dry,19.0,Male,South,Going Straight Ahead,Other,No Apparent Influence,No Apparent Influence,54.0,Male,East,Going Straight Ahead,No Improper Action,No Apparent Influence,No Apparent Influence,33.4074,-111.93983,2020-11-27,05:31:00
39767,3720570,2020,Rio Salado Pkwy,McClintock Dr,0.0,Intersection 4 Way 202,0.0,0.0,No Injury,Sideswipe Same Direction,Dark Lighted,Clear,Dry,21.0,Male,West,Going Straight Ahead,Followed Too Closely,No Apparent Influence,No Apparent Influence,21.0,Male,West,Going Straight Ahead,No Improper Action,No Apparent Influence,No Apparent Influence,33.42926,-111.90907,2020-11-28,03:37:00
39768,3726730,2020,Mill Ave,US-60 Exit 173 A-Ramp,0.0,Intersection Related 206,0.0,0.0,No Injury,Angle - Other Than Left Turn 2,Dark Lighted,Clear,Dry,22.0,Male,East,Making Right Turn,Made Improper Turn,Alcohol,No Apparent Influence,34.0,Female,South,Going Straight Ahead,No Improper Action,No Apparent Influence,No Apparent Influence,33.38511,-111.93947,2020-11-28,08:24:00
39769,3720557,2020,Geneva Dr,Mill Ave,45.0,Intersection Related 206,2.0,0.0,Suspected Minor Injury,Rear End,Dusk,Clear,Dry,27.0,Male,North,Going Straight Ahead,Speed To Fast For Conditions,Alcohol,No Apparent Influence,34.0,Female,North,Making Right Turn,No Improper Action,No Apparent Influence,No Apparent Influence,33.39551,-111.93949,2020-11-28,23:39:00
39770,3720539,2020,Minton Dr,McClintock Dr,-205.0,Not Junction Related,0.0,0.0,No Injury,Sideswipe Same Direction,Dark Not Lighted,Clear,Dry,83.0,Male,West,Going Straight Ahead,Speed To Fast For Conditions,No Apparent Influence,No Apparent Influence,25.0,Male,West,Properly Parked,No Improper Action,No Apparent Influence,No Apparent Influence,33.38183,-111.90991,2020-11-30,01:27:00
39771,3727239,2020,McClintock Dr,Harvard Dr,50.0,Intersection Related 206,0.0,0.0,No Injury,Sideswipe Same Direction,Daylight,Clear,Dry,47.0,Female,North,Changing Lanes,Unsafe Lane Change,No Apparent Influence,No Apparent Influence,46.0,Male,North,Going Straight Ahead,No Improper Action,No Apparent Influence,No Apparent Influence,33.37667,-111.90953,2020-11-30,21:37:00
39772,3720544,2020,Spence Ave,Terrace Rd,-35.0,Intersection Related 206,0.0,0.0,No Injury,Angle - Other Than Left Turn 2,Daylight,Clear,Dry,58.0,Male,East,Going Straight Ahead,Drove Left Of Center Line,No Apparent Influence,No Apparent Influence,36.0,Female,East,Making Left Turn,No Improper Action,No Apparent Influence,No Apparent Influence,33.41287,-111.92107,2020-12-02,16:40:00
39773,3720560,2020,University Dr,Priest Dr,0.0,Intersection 4 Way 202,0.0,0.0,No Injury,Left Turn,Daylight,Clear,Unknown,24.0,Male,East,Making Left Turn,Failed To Yield Right Of Way,Alcohol,No Apparent Influence,60.0,Male,West,Going Straight Ahead,No Improper Action,No Apparent Influence,No Apparent Influence,33.42194,-111.96092,2020-12-02,20:57:00
39774,3709675,2020,Elliot Rd,I-10 Exit 157 G-Ramp,0.0,Intersection 201,1.0,0.0,Possible Injury,Left Turn,Daylight,Clear,Dry,33.0,Female,East,Going Straight Ahead,Disregarded Traffic Signal,No Apparent Influence,No Apparent Influence,53.0,Female,West,Making Left Turn,No Improper Action,No Apparent Influence,No Apparent Influence,33.34907,-111.97283,2020-12-03,15:40:00
39776,3710231,2020,Rio Salado Pkwy,Price Rd,49.0,Intersection Related 206,0.0,0.0,No Injury,Rear End,Daylight,Clear,Dry,28.0,Male,East,Going Straight Ahead,Speed To Fast For Conditions,No Apparent Influence,No Apparent Influence,52.0,Female,West,Stopped In Trafficway,No Improper Action,No Apparent Influence,No Apparent Influence,33.42932,-111.8901,2020-12-03,21:39:00
39777,3727256,2020,Broadway Rd,College Ave,25.0,Intersection Related 206,1.0,0.0,Possible Injury,Rear End,Dark Lighted,Clear,Dry,42.0,Male,West,Making Right Turn,Made Improper Turn,No Apparent Influence,No Apparent Influence,70.0,Male,West,Going Straight Ahead,No Improper Action,No Apparent Influence,No Apparent Influence,33.40744,-111.93482,2020-12-04,00:36:00
39778,3720536,2020,Kyrene Rd,Elliot Rd,0.0,Intersection 201,1.0,0.0,Possible Injury,Left Turn,Dark Lighted,Clear,Dry,24.0,Male,East,Making Left Turn,Failed To Yield Right Of Way,No Apparent Influence,No Apparent Influence,25.0,Female,West,Going Straight Ahead,No Improper Action,No Apparent Influence,No Apparent Influence,33.3492,-111.94573,2020-12-04,04:04:00
39782,3727348,2020,48th St,Alameda Dr,0.0,Intersection 4 Way 202,2.0,0.0,Possible Injury,Head On,Dark Lighted,Clear,Dry,17.0,Female,South,Making Left Turn,Failed To Yield Right Of Way,No Apparent Influence,No Apparent Influence,21.0,Female,North,Going Straight Ahead,No Improper Action,No Apparent Influence,No Apparent Influence,33.40005,-111.97831,2020-12-05,02:02:00
39785,3727270,2020,Hardy Dr,Greenway Dr,-80.0,Not Junction Related,0.0,0.0,No Injury,Rear End,Daylight,Clear,Dry,38.0,Male,North,Going Straight Ahead,Speed To Fast For Conditions,No Apparent Influence,No Apparent Influence,51.0,Male,North,Going Straight Ahead,No Improper Action,No Apparent Influence,No Apparent Influence,33.38302,-111.95239,2020-12-05,16:48:00
39786,3727350,2020,Mill Ave,Southern Ave,-100.0,Driveway Or Alley,0.0,0.0,No Injury,Left Turn,Daylight,Clear,Dry,32.0,Male,West,Making Left Turn,Failed To Yield Right Of Way,No Apparent Influence,No Apparent Influence,82.0,Male,North,Going Straight Ahead,No Improper Action,No Apparent Influence,No Apparent Influence,33.39259,-111.9396,2020-12-06,01:27:00
39787,3720562,2020,Priest Dr,SR-202 Exit 5 A-Ramp,-15.0,Intersection Related 206,1.0,0.0,Possible Injury,Rear End,Daylight,Clear,Dry,19.0,Female,North,Going Straight Ahead,Speed To Fast For Conditions,No Apparent Influence,No Apparent Influence,26.0,Male,North,Stopped In Trafficway,Other,No Apparent Influence,No Apparent Influence,33.43711,-111.96094,2020-12-06,17:14:00
39788,3727378,2020,Baseline Rd,College Ave,150.0,Not Junction Related,1.0,0.0,Suspected Minor Injury,Unknown,Dark Lighted,Clear,Dry,41.0,Male,West,Going Straight Ahead,Unknown,Alcohol,Drugs,37.0,Male,West,Going Straight Ahead,Unknown,No Apparent Influence,No Apparent Influence,33.37823,-111.93476,2020-12-07,01:27:00
39789,3732263,2020,48th St,Hidalgo Ave,-48.0,Intersection Related 206,0.0,0.0,No Injury,Rear End,Dark Lighted,Clear,Dry,24.0,Male,South,Going Straight Ahead,Failed To Yield Right Of Way,No Apparent Influence,No Apparent Influence,24.0,Male,South,Going Straight Ahead,No Improper Action,No Apparent Influence,No Apparent Influence,33.39386,-111.97834,2020-12-07,01:31:00
39790,3726745,2020,E Lakeview Dr,Mill Ave,-200.0,Not Junction Related,0.0,0.0,No Injury,Angle - Other Than Left Turn 2,Dark Lighted,Clear,Dry,17.0,Male,West,Going Straight Ahead,Failed To Keep In Proper Lane,No Apparent Influence,No Apparent Influence,19.0,Male,South,Stopped In Trafficway,No Improper Action,No Apparent Influence,No Apparent Influence,33.43502,-111.94211,2020-12-07,04:59:00
39791,3739110,2020,Broadway Rd,Rural Rd,157.0,Intersection Related 206,1.0,0.0,Possible Injury,Sideswipe Same Direction,Daylight,Clear,Dry,20.0,Female,West,Unknown,Unknown,No Apparent Influence,No Apparent Influence,58.0,Male,West,Unknown,Unknown,No Apparent Influence,No Apparent Influence,33.40751,-111.92577,2020-12-07,16:58:00
39792,3720545,2020,Baseline Rd,I-10 Exit 155 C2-Ramp,0.0,Intersection 201,0.0,0.0,No Injury,Left Turn,Daylight,Cloudy,Dry,46.0,Male,East,Going Straight Ahead,Disregarded Traffic Signal,No Apparent Influence,No Apparent Influence,57.0,Male,North,Making Left Turn,No Improper Action,No Apparent Influence,No Apparent Influence,33.3783,-111.96738,2020-12-07,22:09:00
39793,3739109,2020,Broadway Rd,Dorsey Ln,0.0,Intersection 4 Way 202,1.0,0.0,Suspected Minor Injury,Left Turn,Dusk,Clear,Dry,35.0,Female,East,Making Left Turn,Failed To Yield Right Of Way,No Apparent Influence,No Apparent Influence,21.0,Male,West,Going Straight Ahead,No Improper Action,No Apparent Influence,No Apparent Influence,33.40751,-111.9177,2020-12-07,23:46:00
39799,3727369,2020,52nd St,Medtronic Way,12.0,Not Junction Related,0.0,0.0,No Injury,Left Turn,Dark Lighted,Clear,Dry,44.0,Male,South,Making Left Turn,Made Improper Turn,No Apparent Influence,No Apparent Influence,55.0,Female,North,Going Straight Ahead,No Improper Action,No Apparent Influence,No Apparent Influence,33.41793,-111.96954,2020-12-09,11:18:00
39803,3727356,2020,Mill Ave,Hermosa Dr,228.0,Not Junction Related,2.0,0.0,Suspected Minor Injury,Rear End,Daylight,Clear,Dry,47.0,Male,North,Going Straight Ahead,Speed To Fast For Conditions,No Apparent Influence,No Apparent Influence,39.0,Male,North,Going Straight Ahead,No Improper Action,No Apparent Influence,No Apparent Influence,33.38883,-111.93953,2020-12-09,23:28:00
39804,3727269,2020,Mill Ave,2nd St,-50.0,Intersection Related 206,2.0,0.0,Possible Injury,Rear End,Dark Lighted,Clear,Dry,27.0,Male,South,Going Straight Ahead,Speed To Fast For Conditions,No Apparent Influence,No Apparent Influence,38.0,Male,South,Slowing In Trafficway,Unknown,No Apparent Influence,No Apparent Influence,33.42837,-111.94004,2020-12-10,04:20:00
39806,3727260,2020,McClintock Dr,Fremont Dr,35.0,Intersection Related 206,1.0,0.0,Possible Injury,Rear End,Daylight,Cloudy,Wet,20.0,Male,South,Going Straight Ahead,Followed Too Closely,No Apparent Influence,No Apparent Influence,25.0,Female,South,Slowing In Trafficway,No Improper Action,No Apparent Influence,No Apparent Influence,33.38284,-111.90923,2020-12-10,14:28:00
39809,3720556,2020,Curry Rd,Scottsdale Rd,-35.0,Intersection Related 206,1.0,0.0,Possible Injury,Rear End,Daylight,Clear,Wet,69.0,Female,West,Going Straight Ahead,Followed Too Closely,No Apparent Influence,No Apparent Influence,33.0,Male,West,Stopped In Trafficway,No Improper Action,No Apparent Influence,No Apparent Influence,33.44029,-111.92645,2020-12-10,18:05:00
39813,3727265,2020,Southern Ave,McClintock Dr,0.0,Intersection 4 Way 202,0.0,0.0,No Injury,Angle - Other Than Left Turn 2,Dark Lighted,Clear,Dry,65.0,Male,West,Going Straight Ahead,Failed To Yield Right Of Way,No Apparent Influence,No Apparent Influence,23.0,Female,South,Going Straight Ahead,No Improper Action,No Apparent Influence,No Apparent Influence,33.39299,-111.90913,2020-12-11,08:24:00
39817,3727357,2020,McClintock Dr,Rio Salado Pkwy,85.0,Intersection Related 206,0.0,0.0,No Injury,Rear End,Dusk,Cloudy,Dry,25.0,Male,North,Going Straight Ahead,Speed To Fast For Conditions,No Apparent Influence,No Apparent Influence,68.0,Female,North,Stopped In Trafficway,No Improper Action,No Apparent Influence,No Apparent Influence,33.4295,-111.90908,2020-12-12,00:08:00
39819,3727264,2020,McClintock Dr,Elliot Rd,0.0,Intersection 4 Way 202,2.0,0.0,Suspected Minor Injury,Left Turn,Dawn,Clear,Dry,35.0,Male,South,Making Left Turn,Failed To Yield Right Of Way,No Apparent Influence,No Apparent Influence,25.0,Male,North,Going Straight Ahead,No Improper Action,No Apparent Influence,No Apparent Influence,33.34913,-111.91119,2020-12-12,13:55:00
39820,3727248,2020,McClintock Dr,Rio Salado Pkwy,0.0,Intersection 4 Way 202,0.0,0.0,No Injury,Rear End,Daylight,Clear,Dry,55.0,Male,North,Going Straight Ahead,Followed Too Closely,No Apparent Influence,No Apparent Influence,23.0,Male,North,Going Straight Ahead,No Improper Action,No Apparent Influence,No Apparent Influence,33.42926,-111.90907,2020-12-12,20:22:00
39821,3726729,2020,Baseline Rd,Wendler Dr,0.0,Intersection T Inter 203,1.0,0.0,Possible Injury,Left Turn,Daylight,Clear,Dry,16.0,Male,West,Going Straight Ahead,Other,No Apparent Influence,No Apparent Influence,48.0,Female,South,Making Left Turn,Unknown,No Apparent Influence,No Apparent Influence,33.37826,-111.96979,2020-12-12,21:02:00
39822,3727360,2020,McClintock Dr,Rio Salado Pkwy,200.0,Intersection Related 206,1.0,0.0,Possible Injury,Sideswipe Same Direction,Daylight,Clear,Dry,38.0,Female,South,Changing Lanes,Unsafe Lane Change,No Apparent Influence,No Apparent Influence,31.0,Female,South,Stopped In Trafficway,No Improper Action,No Apparent Influence,No Apparent Influence,33.42981,-111.9091,2020-12-12,22:28:00
39828,3726738,2020,Elliot Rd,Kyrene Rd,0.0,Not Junction Related,0.0,0.0,No Injury,Rear End,Dark Lighted,Clear,Dry,28.0,Female,South,Going Straight Ahead,Unknown,Alcohol,No Apparent Influence,33.0,Male,South,Going Straight Ahead,No Improper Action,No Apparent Influence,No Apparent Influence,33.3492,-111.94573,2020-12-14,12:40:00
39829,3727262,2020,Rural Rd,Apache Blvd,-30.0,Intersection Related 206,2.0,0.0,Suspected Minor Injury,Rear End,Daylight,Cloudy,Dry,24.0,Male,North,Going Straight Ahead,Followed Too Closely,No Apparent Influence,No Apparent Influence,23.0,Male,North,Stopped In Trafficway,No Improper Action,No Apparent Influence,No Apparent Influence,33.41468,-111.92629,2020-12-14,20:25:00
39830,3727259,2020,Hardy Dr,Manhatton Dr,0.0,Intersection 4 Way 202,0.0,0.0,No Injury,Angle - Other Than Left Turn 2,Daylight,Clear,Dry,28.0,Male,West,Going Straight Ahead,Failed To Yield Right Of Way,No Apparent Influence,No Apparent Influence,24.0,Female,South,Going Straight Ahead,No Improper Action,No Apparent Influence,No Apparent Influence,33.38939,-111.95255,2020-12-15,18:27:00
39833,3727368,2020,University Dr,Madison Dr,0.0,Intersection T Inter 203,0.0,0.0,No Injury,U Turn,Dark Lighted,Clear,Dry,64.0,Male,East,Making U Turn,Other,No Apparent Influence,No Apparent Influence,52.0,Male,West,Going Straight Ahead,No Improper Action,No Apparent Influence,No Apparent Influence,33.42192,-111.97333,2020-12-16,13:54:00
39840,3727257,2020,Price Rd,Guadalupe Rd,-200.0,Not Junction Related,0.0,0.0,No Injury,Rear End,Daylight,Clear,Dry,21.0,Female,South,Going Straight Ahead,Followed Too Closely,No Apparent Influence,No Apparent Influence,44.0,Female,South,Slowing In Trafficway,No Improper Action,No Apparent Influence,No Apparent Influence,33.36334,-111.89468,2020-12-17,00:40:00
39841,3727241,2020,Broadway Rd,Price Rd,0.0,Intersection 4 Way 202,0.0,0.0,No Injury,Left Turn,Dark Lighted,Clear,Dry,25.0,Male,East,Making Left Turn,Failed To Yield Right Of Way,No Apparent Influence,No Apparent Influence,26.0,Male,West,Going Straight Ahead,No Improper Action,No Apparent Influence,No Apparent Influence,33.40748,-111.89033,2020-12-17,01:59:00
39848,3727321,2020,Price Rd,Guadalupe Rd,0.0,Intersection 4 Way 202,1.0,0.0,Possible Injury,Angle - Other Than Left Turn 2,Daylight,Clear,Dry,23.0,Male,South,Going Straight Ahead,Disregarded Traffic Signal,No Apparent Influence,No Apparent Influence,68.0,Male,East,Going Straight Ahead,No Improper Action,No Apparent Influence,No Apparent Influence,33.36389,-111.89467,2020-12-18,18:34:00
39849,3732749,2020,Broadway Rd,Roosevelt St,-165.0,Intersection Related 206,0.0,0.0,No Injury,Rear End,Daylight,Clear,Dry,21.0,Male,East,Going Straight Ahead,Followed Too Closely,No Apparent Influence,No Apparent Influence,31.0,Female,East,Stopped In Trafficway,No Improper Action,No Apparent Influence,No Apparent Influence,33.40738,-111.94839,2020-12-18,19:37:00
39851,3730561,2020,McClintock Dr,Elliot Rd,0.0,Intersection 4 Way 202,1.0,0.0,Suspected Minor Injury,Left Turn,Dark Lighted,Clear,Dry,17.0,Male,Southeast,Making Left Turn,Failed To Yield Right Of Way,No Apparent Influence,No Apparent Influence,23.0,Male,North,Going Straight Ahead,No Improper Action,No Apparent Influence,No Apparent Influence,33.34913,-111.91119,2020-12-19,01:10:00
39852,3727276,2020,University Dr,Smith Rd,-70.0,Not Junction Related,2.0,0.0,Possible Injury,Left Turn,Dark Lighted,Clear,Dry,18.0,Female,South,Making Left Turn,Failed To Yield Right Of Way,No Apparent Influence,No Apparent Influence,23.0,Female,West,Going Straight Ahead,No Improper Action,No Apparent Influence,No Apparent Influence,33.42211,-111.90073,2020-12-19,01:22:00
39853,3732249,2020,Rural Rd,6th St,0.0,Intersection 4 Way 202,1.0,0.0,Suspected Minor Injury,Left Turn,Dark Lighted,Clear,Dry,20.0,Female,Southeast,Making Left Turn,Made Improper Turn,Alcohol,No Apparent Influence,38.0,Male,North,Going Straight Ahead,No Improper Action,No Apparent Influence,No Apparent Influence,33.4245,-111.9263,2020-12-19,08:03:00
39854,3727325,2020,Rural Rd,Lakeshore Dr,215.0,Intersection 4 Way 202,1.0,0.0,Possible Injury,Left Turn,Daylight,Clear,Dry,35.0,Male,South,Making Left Turn,Failed To Yield Right Of Way,No Apparent Influence,No Apparent Influence,20.0,Male,North,Going Straight Ahead,No Improper Action,No Apparent Influence,No Apparent Influence,33.38288,-111.92662,2020-12-19,18:04:00
39855,3732241,2020,McKellips Rd,Scottsdale Rd,-50.0,Intersection Related 206,1.0,0.0,Possible Injury,Angle - Other Than Left Turn 2,Daylight,Clear,Dry,20.0,Female,North,Making Left Turn,Made Improper Turn,No Apparent Influence,No Apparent Influence,27.0,Male,East,Going Straight Ahead,No Improper Action,No Apparent Influence,No Apparent Influence,33.45124,-111.92663,2020-12-19,21:02:00
39856,3726687,2020,Baseline Rd,Calle Los Cerros,-75.0,Not Junction Related,0.0,0.0,No Injury,Rear End,Dark Lighted,Clear,Dry,39.0,Male,East,Going Straight Ahead,Speed To Fast For Conditions,No Apparent Influence,No Apparent Influence,32.0,Female,East,Going Straight Ahead,No Improper Action,No Apparent Influence,No Apparent Influence,33.37821,-111.97433,2020-12-20,00:54:00
39857,3726701,2020,Scottsdale Rd,Cavalier Dr,0.0,Not Junction Related,1.0,0.0,Possible Injury,Angle - Other Than Left Turn 2,Dusk,Clear,Dry,69.0,Male,Southwest,Going Straight Ahead,Unknown,No Apparent Influence,No Apparent Influence,21.0,Male,North,Going Straight Ahead,Unknown,No Apparent Influence,No Apparent Influence,33.44901,-111.92647,2020-12-20,00:56:00
39858,3726702,2020,Cavalier Dr,Scottsdale Rd,-200.0,Driveway Or Alley,1.0,0.0,Possible Injury,Angle - Other Than Left Turn 2,Dusk,Clear,Dry,69.0,Male,Southwest,Going Straight Ahead,Unknown,No Apparent Influence,No Apparent Influence,21.0,Male,North,Going Straight Ahead,Unknown,No Apparent Influence,No Apparent Influence,33.44901,-111.92712,2020-12-20,00:56:00
39859,3727371,2020,Warner Rd,Kyrene Rd,0.0,Intersection 4 Way 202,0.0,0.0,No Injury,Left Turn,Dark Lighted,Clear,Dry,18.0,Female,East,Making Left Turn,Failed To Yield Right Of Way,No Apparent Influence,No Apparent Influence,27.0,Female,West,Going Straight Ahead,Disregarded Traffic Signal,No Apparent Influence,No Apparent Influence,33.3346,-111.94566,2020-12-20,01:02:00
39860,3727252,2020,Rio Salado Pkwy,Rural Rd,-15.0,Intersection Related 206,0.0,0.0,No Injury,Angle - Other Than Left Turn 2,Dark Lighted,Clear,Dry,21.0,Female,East,Making U Turn,Made Improper Turn,No Apparent Influence,No Apparent Influence,27.0,Male,South,Making Right Turn,No Improper Action,No Apparent Influence,No Apparent Influence,33.42885,-111.92634,2020-12-20,05:32:00
39861,3726696,2020,Smith Rd,Don Carlos Ave,-27.0,Intersection 4 Way 202,2.0,0.0,Possible Injury,Left Turn,Dark Lighted,Clear,Dry,28.0,Female,North,Going Straight Ahead,Ran Stop Sign,No Apparent Influence,No Apparent Influence,44.0,Female,South,Making Left Turn,No Improper Action,No Apparent Influence,No Apparent Influence,33.41748,-111.90049,2020-12-20,06:26:00
39863,3727322,2020,Broadway Rd,Priest Dr,0.0,Intersection 4 Way 202,1.0,0.0,Possible Injury,Angle - Other Than Left Turn 2,Daylight,Clear,Dry,21.0,Male,East,Going Straight Ahead,Disregarded Traffic Signal,No Apparent Influence,No Apparent Influence,21.0,Female,North,Making Left Turn,No Improper Action,No Apparent Influence,No Apparent Influence,33.40742,-111.96078,2020-12-20,18:30:00
39866,3727323,2020,Priest Dr,Broadway Rd,0.0,Intersection 4 Way 202,1.0,0.0,Possible Injury,Left Turn,Daylight,Clear,Dry,25.0,Female,West,Going Straight Ahead,Unknown,No Apparent Influence,No Apparent Influence,46.0,Female,East,Making Left Turn,Unknown,No Apparent Influence,No Apparent Influence,33.40742,-111.96078,2020-12-21,22:21:00
39868,3727278,2020,Baseline Rd,Calle Los Cerros,-56.0,Intersection Related 206,0.0,0.0,No Injury,Rear End,Daylight,Clear,Dry,24.0,Female,East,Going Straight Ahead,Followed Too Closely,No Apparent Influence,No Apparent Influence,62.0,Male,East,Stopped In Trafficway,No Improper Action,No Apparent Influence,No Apparent Influence,33.37821,-111.97427,2020-12-22,00:11:00
39869,3727352,2020,University Dr,Mill Ave,-66.0,Intersection Related 206,2.0,0.0,Suspected Minor Injury,Left Turn,Dark Lighted,Clear,Dry,20.0,Male,East,Changing Lanes,Passed In No Passing Zone,No Apparent Influence,No Apparent Influence,25.0,Male,East,Going Straight Ahead,No Improper Action,No Apparent Influence,No Apparent Influence,33.42193,-111.94023,2020-12-22,01:18:00
39873,3727361,2020,McClintock Dr,Don Carlos Ave,-185.0,Driveway Or Alley,0.0,0.0,No Injury,Angle - Other Than Left Turn 2,Dark Lighted,Clear,Dry,25.0,Male,East,Making Left Turn,Failed To Yield Right Of Way,No Apparent Influence,No Apparent Influence,22.0,Male,South,Going Straight Ahead,No Improper Action,No Apparent Influence,No Apparent Influence,33.41697,-111.90911,2020-12-22,13:06:00
39874,3721774,2020,McKellips Rd,Hayden Rd,-108.0,Not Junction Related,0.0,0.0,No Injury,Angle - Other Than Left Turn 2,Daylight,Cloudy,Dry,49.0,Male,South,Making Left Turn,Made Improper Turn,No Apparent Influence,No Apparent Influence,34.0,Female,West,Going Straight Ahead,No Improper Action,No Apparent Influence,No Apparent Influence,33.45127,-111.90965,2020-12-22,15:02:00
39876,3727353,2020,Bell De Mar Dr,Kyrene Rd,-40.0,Intersection Related 206,1.0,0.0,Suspected Serious Injury,Angle - Other Than Left Turn 2,Dark Lighted,Clear,Dry,25.0,Male,North,Going Straight Ahead,Other,No Apparent Influence,No Apparent Influence,50.0,Male,East,Making Right Turn,No Improper Action,No Apparent Influence,No Apparent Influence,33.35822,-111.94599,2020-12-23,00:40:00
39877,3727363,2020,Baseline Rd,Kyrene Rd,200.0,Intersection Related 206,0.0,0.0,No Injury,Rear End,Dark Lighted,Clear,Dry,35.0,Female,West,Going Straight Ahead,No Improper Action,Alcohol,No Apparent Influence,36.0,Male,West,Slowing In Trafficway,Followed Too Closely,No Apparent Influence,No Apparent Influence,33.3782,-111.94533,2020-12-23,01:45:00
39879,3727338,2020,Hardy Dr,9th St,106.0,Driveway Or Alley,0.0,0.0,No Injury,Angle - Other Than Left Turn 2,Daylight,Clear,Dry,21.0,Female,West,Making Left Turn,Failed To Yield Right Of Way,No Apparent Influence,No Apparent Influence,35.0,Male,South,Going Straight Ahead,No Improper Action,No Apparent Influence,No Apparent Influence,33.42141,-111.95222,2020-12-23,18:55:00
39881,3727375,2020,Mill Ave,Alameda Dr,0.0,Intersection 4 Way 202,2.0,0.0,Suspected Minor Injury,Left Turn,Daylight,Clear,Dry,63.0,Female,North,Making Left Turn,Failed To Yield Right Of Way,No Apparent Influence,No Apparent Influence,44.0,Male,South,Going Straight Ahead,No Improper Action,No Apparent Influence,No Apparent Influence,33.40011,-111.93971,2020-12-23,20:40:00
39884,3750445,2020,Scottsdale Rd,Weber Dr,0.0,Intersection 4 Way 202,1.0,0.0,Suspected Minor Injury,Left Turn,Dark Lighted,Clear,Dry,32.0,Male,South,Making Left Turn,Unknown,No Apparent Influence,No Apparent Influence,54.0,Male,North,Going Straight Ahead,Unknown,No Apparent Influence,No Apparent Influence,33.44399,-111.92644,2020-12-24,05:00:00
39887,3727351,2020,Southern Ave,McClintock Dr,0.0,Intersection 4 Way 202,0.0,0.0,No Injury,Angle - Other Than Left Turn 2,Unknown 51,Unknown,Dry,43.0,Female,West,Making Right Turn,Failed To Yield Right Of Way,No Apparent Influence,No Apparent Influence,56.0,Male,North,Going Straight Ahead,No Improper Action,No Apparent Influence,No Apparent Influence,33.39299,-111.90913,2020-12-25,02:09:00
39888,3732256,2020,Baseline Rd,Kyrene Rd,-100.0,Intersection Related 206,1.0,0.0,Possible Injury,Rear End,Dusk,Clear,Dry,39.0,Female,East,Going Straight Ahead,Speed To Fast For Conditions,No Apparent Influence,No Apparent Influence,29.0,Male,East,Stopped In Trafficway,No Improper Action,No Apparent Influence,No Apparent Influence,33.37821,-111.94422,2020-12-25,23:58:00