,Incident ID,Year,Street Name,Cross Street,Distance,Junction Relation,Total Injuries,Total Fatalities,Injury Severity,Collision Manner,Light Condition,Weather,Surface Condition,Age Driver 1,Gender Driver 1,Travel Direction One,Unit Action One,Violation1_Drv1,Alcohol Use Driver 1,Drug Use Driver 1,Age Driver 2,Gender Driver 2,Travel Direction Two,Unit Action Two,Violation 1 Driver 2,Alcohol Use Driver 2,Drug Use Driver 2,Latitude,Longitude,Date,Time
40234,3740115,2021,Scottsdale Rd,Gilbert Dr,0.0,Intersection 4 Way 202,1.0,0.0,Possible Injury,Left Turn,Daylight,Clear,Dry,26.0,Male,North,Making Left Turn,Failed To Yield Right Of Way,No Apparent Influence,No Apparent Influence,23.0,Male,South,Going Straight Ahead,No Improper Action,No Apparent Influence,No Apparent Influence,33.43756227,-111.9262752,2021-02-24,00:00:00
40235,3743840,2021,Baseline Rd,Calle Los Cerros,0.0,Not Junction Related,0.0,0.0,No Injury,Rear End,Daylight,Clear,Dry,24.0,Male,West,Stopped In Trafficway,No Improper Action,No Apparent Influence,No Apparent Influence,18.0,Male,West,Going Straight Ahead,Followed Too Closely,No Apparent Influence,No Apparent Influence,33.3781992,-111.9759899,2021-02-24,00:24:00
40238,3740236,2021,Mill Ave,Southern Ave,-117.0,Intersection Related 206,1.0,0.0,Possible Injury,Rear End,Dark Lighted,Clear,Dry,20.0,Female,North,Going Straight Ahead,Speed To Fast For Conditions,No Apparent Influence,No Apparent Influence,27.0,Male,North,Stopped In Trafficway,No Improper Action,No Apparent Influence,No Apparent Influence,33.39254183,-111.9395971,2021-02-24,03:58:00
40239,3740092,2021,Weber Dr,Mary St,0.0,Intersection T Inter 203,0.0,0.0,No Injury,Angle - Other Than Left Turn 2,Daylight,Clear,Dry,16.0,Male,East,Making U Turn,Failed To Yield Right Of Way,No Apparent Influence,No Apparent Influence,33.0,Female,East,Going Straight Ahead,No Improper Action,No Apparent Influence,No Apparent Influence,33.44403102,-111.9243185,2021-02-24,14:41:00
40240,3740080,2021,Baseline Rd,Calle Los Cerros,15.0,Intersection Related 206,0.0,0.0,No Injury,Rear End,Daylight,Clear,Dry,32.0,Male,West,Going Straight Ahead,Followed Too Closely,No Apparent Influence,No Apparent Influence,21.0,Female,West,Slowing In Trafficway,No Improper Action,No Apparent Influence,No Apparent Influence,33.37821145,-111.9740393,2021-02-24,17:28:00
40241,3739992,2021,Southern Ave,George Dr,0.0,Intersection 4 Way 202,0.0,0.0,No Injury,Angle - Other Than Left Turn 2,Daylight,Clear,Dry,37.0,Male,South,Making Right Turn,Failed To Yield Right Of Way,No Apparent Influence,No Apparent Influence,28.0,Female,West,Going Straight Ahead,No Improper Action,No Apparent Influence,No Apparent Influence,33.39301035,-111.8876933,2021-02-24,18:07:00
40243,3742828,2021,Baseline Rd,Kyrene Rd,217.0,Driveway Or Alley,0.0,0.0,No Injury,Left Turn,Dark Lighted,Clear,Dry,17.0,Male,West,Making Left Turn,Failed To Yield Right Of Way,No Apparent Influence,No Apparent Influence,41.0,Male,East,Going Straight Ahead,No Improper Action,No Apparent Influence,No Apparent Influence,33.37822261,-111.9431774,2021-02-25,03:21:00
40244,3740244,2021,Scottsdale Rd,Hancock Ave,-125.0,Intersection Related 206,0.0,0.0,No Injury,Rear End,Daylight,Clear,Dry,35.0,Female,North,Going Straight Ahead,Followed Too Closely,No Apparent Influence,No Apparent Influence,24.0,Male,North,Stopped In Trafficway,No Improper Action,No Apparent Influence,No Apparent Influence,33.44631335,-111.9264527,2021-02-25,14:53:00
40247,3743825,2021,McClintock Dr,Dunbar Dr,-38.0,Intersection Related 206,0.0,0.0,No Injury,Sideswipe Same Direction,Daylight,Clear,Dry,21.0,Female,South,Changing Lanes,Unsafe Lane Change,No Apparent Influence,No Apparent Influence,42.0,Female,South,Going Straight Ahead,No Improper Action,No Apparent Influence,No Apparent Influence,33.38016295,-111.9092505,2021-02-25,18:43:00
40250,3743361,2021,Baseline Rd,Calle Los Cerros,-35.0,Intersection Related 206,1.0,0.0,Possible Injury,Rear End,Daylight,Clear,Dry,21.0,Female,East,Going Straight Ahead,Followed Too Closely,No Apparent Influence,No Apparent Influence,32.0,Male,East,Stopped In Trafficway,No Improper Action,No Apparent Influence,No Apparent Influence,33.3782104,-111.974203,2021-02-25,22:52:00
40253,3746637,2021,Broadway Rd,Hardy Dr,0.0,Intersection 4 Way 202,0.0,0.0,No Injury,Angle - Other Than Left Turn 2,Dark Lighted,Clear,Dry,53.0,Male,East,Going Straight Ahead,Disregarded Traffic Signal,Alcohol,No Apparent Influence,74.0,Female,South,Going Straight Ahead,No Improper Action,No Apparent Influence,No Apparent Influence,33.40739301,-111.952165,2021-02-26,09:18:00
40256,3743381,2021,Mill Ave,Broadway Rd,-192.0,Intersection Related 206,1.0,0.0,Possible Injury,Rear End,Daylight,Clear,Dry,25.0,Female,North,Going Straight Ahead,Followed Too Closely,No Apparent Influence,No Apparent Influence,43.0,Male,North,Stopped In Trafficway,No Improper Action,No Apparent Influence,No Apparent Influence,33.40687141,-111.9398111,2021-02-26,23:13:00
40257,3750496,2021,McClintock Dr,12th St,42.0,Intersection Related 206,1.0,0.0,Possible Injury,Rear End,Dusk,Clear,Dry,27.0,Female,South,Going Straight Ahead,Followed Too Closely,No Apparent Influence,No Apparent Influence,20.0,Female,South,Stopped In Trafficway,No Improper Action,No Apparent Influence,No Apparent Influence,33.41626558,-111.9091172,2021-02-26,23:46:00
40258,3746606,2021,Miller Rd,Playa Del Norte Dr,0.0,Not Junction Related,1.0,0.0,Possible Injury,Head On,Dark Lighted,Clear,Dry,79.0,Female,Southwest,Negotiating A Curve,Speed To Fast For Conditions,Alcohol,No Apparent Influence,19.0,Male,Northwest,Negotiating A Curve,No Improper Action,No Apparent Influence,No Apparent Influence,33.43554744,-111.9201556,2021-02-27,04:37:00
40259,3743437,2021,Rural Rd,Southern Ave,175.0,Not Junction Related,0.0,0.0,No Injury,Left Turn,Dark Lighted,Clear,Dry,24.0,Female,East,Making Left Turn,Unknown,No Apparent Influence,No Apparent Influence,24.0,Female,West,Making Left Turn,Unknown,No Apparent Influence,No Apparent Influence,33.39344184,-111.9263264,2021-02-27,05:47:00
40263,3740242,2021,Baseline Rd,Darrow Dr,0.0,Intersection Related 206,0.0,0.0,No Injury,Rear End,Daylight,Clear,Dry,30.0,Male,West,Going Straight Ahead,Speed To Fast For Conditions,No Apparent Influence,No Apparent Influence,47.0,Female,West,Stopped In Trafficway,No Improper Action,No Apparent Influence,No Apparent Influence,33.37824425,-111.9611298,2021-02-27,22:08:00
40264,3743412,2021,Broadway Rd,Dorsey Ln,0.0,Intersection 201,2.0,0.0,Suspected Minor Injury,Left Turn,Daylight,Clear,Dry,82.0,Female,Southwest,Making Left Turn,Failed To Yield Right Of Way,No Apparent Influence,No Apparent Influence,19.0,Male,East,Going Straight Ahead,No Improper Action,No Apparent Influence,No Apparent Influence,33.40750558,-111.917697,2021-02-27,22:54:00
40266,3738174,2021,Baseline Rd,48th St,153.0,Intersection Related Interchange,1.0,0.0,Possible Injury,Rear End,Dark Lighted,Clear,Dry,41.0,Male,West,Slowing In Trafficway,Speed To Fast For Conditions,No Apparent Influence,No Apparent Influence,30.0,Female,West,Stopped In Trafficway,No Improper Action,No Apparent Influence,No Apparent Influence,33.37818712,-111.9779137,2021-02-28,01:37:00
40267,3743832,2021,Apache Blvd,McClintock Dr,0.0,Intersection 4 Way 202,0.0,0.0,No Injury,Rear End,Dark Lighted,Clear,Dry,24.0,Male,South,Making Left Turn,Failed To Yield Right Of Way,No Apparent Influence,No Apparent Influence,20.0,Female,East,Going Straight Ahead,No Improper Action,No Apparent Influence,No Apparent Influence,33.41475993,-111.9091326,2021-02-28,04:41:00
40270,3743411,2021,8th St,Una Ave,0.0,Intersection T Inter 203,2.0,0.0,Suspected Minor Injury,Left Turn,Daylight,Clear,Dry,19.0,Male,West,Overtaking Passing,Unsafe Lane Change,No Apparent Influence,No Apparent Influence,39.0,Female,West,Making Left Turn,No Improper Action,No Apparent Influence,No Apparent Influence,33.41950023,-111.9128152,2021-02-28,21:03:00
40271,3746635,2021,1st St,Beck Ave,190.0,Not Junction Related,1.0,0.0,Suspected Minor Injury,Left Turn,Daylight,Clear,Dry,18.0,Female,West,Making Left Turn,Made Improper Turn,No Apparent Influence,No Apparent Influence,21.0,Female,East,Going Straight Ahead,No Improper Action,No Apparent Influence,No Apparent Influence,33.42908741,-111.9561059,2021-02-28,22:58:00
40272,3742829,2021,Rural Rd,Guadalupe Rd,-103.0,Intersection Related 206,1.0,0.0,Suspected Minor Injury,Rear End,Daylight,Clear,Dry,19.0,Female,North,Going Straight Ahead,Followed Too Closely,No Apparent Influence,No Apparent Influence,68.0,Female,North,Slowing In Trafficway,No Improper Action,No Apparent Influence,No Apparent Influence,33.36346981,-111.9286017,2021-03-02,00:43:00
40278,3743827,2021,Rural Rd,Guadalupe Rd,25.0,Intersection 201,0.0,0.0,No Injury,Angle - Other Than Left Turn 2,Dark Lighted,Clear,Dry,52.0,Female,North,Going Straight Ahead,Speed To Fast For Conditions,No Apparent Influence,No Apparent Influence,19.0,Male,South,Stopped In Trafficway,No Improper Action,No Apparent Influence,No Apparent Influence,33.36382125,-111.9286058,2021-03-03,03:32:00
40280,3743833,2021,Loyola Dr,Rural Rd,108.0,Driveway Or Alley,0.0,0.0,No Injury,Sideswipe Same Direction,Daylight,Clear,Dry,52.0,Male,West,Going Straight Ahead,Speed To Fast For Conditions,No Apparent Influence,No Apparent Influence,24.0,Male,West,Overtaking Passing,No Improper Action,No Apparent Influence,No Apparent Influence,33.39696678,-111.9259657,2021-03-03,15:01:00
40281,3743383,2021,McClintock Dr,Larkspur Ln,100.0,Intersection Related 206,2.0,0.0,Possible Injury,Head On,Daylight,Clear,Dry,69.0,Male,South,Changing Lanes,Unknown,No Apparent Influence,No Apparent Influence,30.0,Female,North,Going Straight Ahead,Unknown,No Apparent Influence,No Apparent Influence,33.45014958,-111.9093267,2021-03-03,17:58:00
40284,3743352,2021,Southern Ave,College Ave,0.0,Intersection 4 Way 202,0.0,0.0,No Injury,Angle - Other Than Left Turn 2,Daylight,Clear,Dry,60.0,Female,West,Going Straight Ahead,Disregarded Traffic Signal,No Apparent Influence,No Apparent Influence,36.0,Female,North,Going Straight Ahead,No Improper Action,No Apparent Influence,No Apparent Influence,33.39290712,-111.9349183,2021-03-04,00:17:00
40285,3746663,2021,Baseline Rd,Terry Ln,50.0,Intersection Related 206,0.0,0.0,No Injury,Left Turn,Dark Lighted,Clear,Dry,21.0,Male,North,Making Left Turn,Failed To Yield Right Of Way,No Apparent Influence,No Apparent Influence,39.0,Male,West,Going Straight Ahead,No Improper Action,No Apparent Influence,No Apparent Influence,33.37822514,-111.9552374,2021-03-04,02:44:00
40290,3743128,2021,Guadalupe Rd,El Camino Dr,64.0,Intersection T Inter 203,0.0,0.0,No Injury,Head On,Daylight,Clear,Dry,63.0,Male,East,Making Left Turn,Unknown,No Apparent Influence,No Apparent Influence,44.0,Female,West,Making Left Turn,Unknown,No Apparent Influence,No Apparent Influence,33.36373346,-111.9329752,2021-03-04,21:01:00
40291,3743818,2021,Mill Ave,Curry Rd,-25.0,Intersection Related 206,1.0,0.0,Possible Injury,Rear End,Daylight,Clear,Dry,21.0,Male,North,Going Straight Ahead,Followed Too Closely,No Apparent Influence,No Apparent Influence,20.0,Female,North,Stopped In Trafficway,No Improper Action,No Apparent Influence,No Apparent Influence,33.43756027,-111.9432735,2021-03-04,22:16:00
40293,3743821,2021,Southern Ave,Mill Ave,-137.0,Intersection Related 206,1.0,0.0,Suspected Minor Injury,Sideswipe Same Direction,Daylight,Clear,Dry,54.0,Male,East,Changing Lanes,Unsafe Lane Change,No Apparent Influence,No Apparent Influence,27.0,Male,East,Going Straight Ahead,No Improper Action,No Apparent Influence,No Apparent Influence,33.39285903,-111.9400528,2021-03-04,23:28:00
40296,3743820,2021,Harl Ave,Elliot Rd,0.0,Intersection 4 Way 202,0.0,0.0,No Injury,Angle - Other Than Left Turn 2,Daylight,Clear,Dry,23.0,Male,East,Going Straight Ahead,Disregarded Traffic Signal,No Apparent Influence,No Apparent Influence,23.0,Male,South,Going Straight Ahead,No Improper Action,No Apparent Influence,No Apparent Influence,33.34908146,-111.9659282,2021-03-05,17:27:00
40297,3744667,2021,University Dr,Priest Dr,-152.0,Intersection Related 206,0.0,0.0,No Injury,Left Turn,Daylight,Clear,Dry,20.0,Male,South,Making Left Turn,Failed To Yield Right Of Way,No Apparent Influence,No Apparent Influence,48.0,Female,East,Going Straight Ahead,No Improper Action,No Apparent Influence,No Apparent Influence,33.42194204,-111.9614216,2021-03-05,19:01:00
40298,3744672,2021,Rural Rd,University Dr,160.0,Intersection Related 206,1.0,0.0,Possible Injury,Rear End,Daylight,Clear,Dry,46.0,Male,North,Backing,Followed Too Closely,No Apparent Influence,No Apparent Influence,35.0,Male,South,Stopped In Trafficway,No Improper Action,No Apparent Influence,No Apparent Influence,33.42246874,-111.9263116,2021-03-05,19:19:00
40300,3745193,2021,Broadway Rd,Roosevelt Rd,-15.0,Intersection Related 206,0.0,0.0,No Injury,Rear End,Daylight,Clear,Dry,27.0,Male,East,Going Straight Ahead,Speed To Fast For Conditions,No Apparent Influence,Drugs,28.0,Male,East,Stopped In Trafficway,No Improper Action,No Apparent Influence,No Apparent Influence,33.40754242,-111.8832977,2021-03-05,21:23:00
40303,3746640,2021,Rio Salado Pkwy,Rural Rd,0.0,Intersection 4 Way 202,1.0,0.0,Possible Injury,Left Turn,Dark Lighted,Clear,Dry,21.0,Male,East,Going Straight Ahead,Unknown,No Apparent Influence,No Apparent Influence,23.0,Female,West,Making Left Turn,Unknown,No Apparent Influence,No Apparent Influence,33.42884843,-111.9262892,2021-03-06,03:57:00
40306,3746672,2021,Baseline Rd,Pointe Pkwy,-55.0,Intersection Related 206,2.0,0.0,Possible Injury,Rear End,Daylight,Clear,Dry,29.0,Male,East,Going Straight Ahead,Speed To Fast For Conditions,No Apparent Influence,No Apparent Influence,36.0,Female,East,Going Straight Ahead,No Improper Action,No Apparent Influence,No Apparent Influence,33.37821478,-111.9721749,2021-03-06,21:24:00
40307,3746630,2021,Kyrene Rd,Warner Rd,-87.0,Not Junction Related,0.0,0.0,No Injury,Rear End,Daylight,Clear,Dry,21.0,Male,North,Going Straight Ahead,Speed To Fast For Conditions,No Apparent Influence,No Apparent Influence,30.0,Female,North,Stopped In Trafficway,No Improper Action,No Apparent Influence,No Apparent Influence,33.33436272,-111.9456589,2021-03-06,23:32:00
40308,3743824,2021,48th St,Broadway Rd,0.0,Intersection 201,0.0,0.0,No Injury,Angle - Other Than Left Turn 2,Daylight,Clear,Dry,18.0,Female,North,Going Straight Ahead,Disregarded Traffic Signal,No Apparent Influence,No Apparent Influence,57.0,Female,East,Going Straight Ahead,Unknown,No Apparent Influence,No Apparent Influence,33.40732886,-111.9782876,2021-03-06,23:39:00
40309,3750524,2021,University Dr,Rural Rd,0.0,Intersection 4 Way 202,0.0,0.0,No Injury,Left Turn,Dark Lighted,Clear,Dry,19.0,Male,South,Making Left Turn,Disregarded Traffic Signal,No Apparent Influence,No Apparent Influence,24.0,Female,East,Going Straight Ahead,No Improper Action,No Apparent Influence,No Apparent Influence,33.42202914,-111.9263124,2021-03-07,02:09:00
40310,3746628,2021,Baseline Rd,Kyrene Rd,-130.0,Not Junction Related,1.0,0.0,Suspected Minor Injury,Angle - Other Than Left Turn 2,Daylight,Clear,Dry,59.0,Male,West,Unknown,Unknown,No Apparent Influence,No Apparent Influence,33.0,Female,South,Making U Turn,Made Improper Turn,No Apparent Influence,No Apparent Influence,33.37819932,-111.9464144,2021-03-07,17:39:00
40311,3763164,2021,Pointe Pkwy,Baseline Rd,105.0,Intersection Related 206,0.0,0.0,No Injury,Rear End,Daylight,Clear,Dry,31.0,Female,North,Going Straight Ahead,Speed To Fast For Conditions,Alcohol,No Apparent Influence,39.0,Female,North,Stopped In Trafficway,No Improper Action,No Apparent Influence,No Apparent Influence,33.37792793,-111.9719962,2021-03-07,23:39:00
40315,3743823,2021,Broadway Rd,55th St,-35.0,Intersection Related 206,0.0,0.0,No Injury,Rear End,Dark Lighted,Clear,Dry,18.0,Female,East,Going Straight Ahead,Speed To Fast For Conditions,No Apparent Influence,No Apparent Influence,34.0,Male,East,Stopped In Trafficway,No Improper Action,No Apparent Influence,No Apparent Influence,33.40760308,-111.9659331,2021-03-08,04:54:00
40319,3769737,2021,Scottsdale Rd,Cavalier Dr,-100.0,Not Junction Related,0.0,0.0,No Injury,Left Turn,Dark Lighted,Clear,Dry,41.0,Male,Northwest,Making Left Turn,Failed To Yield Right Of Way,No Apparent Influence,No Apparent Influence,19.0,Male,South,Going Straight Ahead,No Improper Action,No Apparent Influence,No Apparent Influence,33.44873878,-111.9264661,2021-03-09,05:44:00
40323,3744669,2021,Dorsey Ln,University Dr,-25.0,Intersection Related 206,0.0,0.0,No Injury,Sideswipe Same Direction,Daylight,Clear,Dry,18.0,Male,North,Making Right Turn,Other,No Apparent Influence,No Apparent Influence,30.0,Male,North,Stopped In Trafficway,No Improper Action,No Apparent Influence,No Apparent Influence,33.42195003,-111.9176894,2021-03-09,21:30:00
40327,3750516,2021,Madison Dr,University Dr,44.0,Intersection Related 206,0.0,0.0,No Injury,Sideswipe Same Direction,Daylight,Clear,Dry,59.0,Male,South,Making Right Turn,Other,No Apparent Influence,No Apparent Influence,27.0,Female,South,Stopped In Trafficway,No Improper Action,No Apparent Influence,No Apparent Influence,33.42203732,-111.9733295,2021-03-10,22:02:00
40328,3746632,2021,Warner Rd,McClintock Dr,-95.0,Intersection Related 206,0.0,0.0,No Injury,Rear End,Daylight,Clear,Dry,37.0,Male,East,Going Straight Ahead,Followed Too Closely,No Apparent Influence,No Apparent Influence,38.0,Female,East,Stopped In Trafficway,No Improper Action,No Apparent Influence,No Apparent Influence,33.33462388,-111.9114865,2021-03-10,22:26:00
40330,3750336,2021,University Dr,Hardy Dr,0.0,Intersection 4 Way 202,1.0,0.0,Possible Injury,Left Turn,Dark Lighted,Clear,Dry,20.0,Female,West,Making Left Turn,Failed To Yield Right Of Way,No Apparent Influence,No Apparent Influence,20.0,Male,East,Going Straight Ahead,No Improper Action,No Apparent Influence,No Apparent Influence,33.42191004,-111.9522234,2021-03-11,03:58:00
40331,3750506,2021,Baseline Rd,48th St,93.0,Intersection Related 206,0.0,0.0,No Injury,Sideswipe Same Direction,Daylight,Clear,Dry,26.0,Female,East,Changing Lanes,Unsafe Lane Change,No Apparent Influence,No Apparent Influence,22.0,Male,East,Going Straight Ahead,No Improper Action,No Apparent Influence,No Apparent Influence,33.37818587,-111.9781116,2021-03-11,17:36:00
40333,3750471,2021,Los Feliz Dr,Citation Ln,0.0,Intersection 4 Way 202,0.0,0.0,No Injury,Angle - Other Than Left Turn 2,Daylight,Clear,Dry,42.0,Female,East,Going Straight Ahead,Failed To Yield Right Of Way,No Apparent Influence,No Apparent Influence,56.0,Male,South,Going Straight Ahead,No Improper Action,No Apparent Influence,No Apparent Influence,33.3445628,-111.9051264,2021-03-11,22:23:00
40334,3746633,2021,Broadway Rd,48th St,0.0,Intersection 4 Way 202,2.0,0.0,Possible Injury,Left Turn,Daylight,Clear,Dry,22.0,Male,East,Making Left Turn,Failed To Yield Right Of Way,No Apparent Influence,No Apparent Influence,43.0,Female,West,Going Straight Ahead,No Improper Action,No Apparent Influence,No Apparent Influence,33.40732886,-111.9782876,2021-03-11,23:34:00
40340,3746634,2021,Warner Rd,Hardy Dr,-128.0,Intersection Related 206,0.0,0.0,No Injury,Rear End,Daylight,Cloudy,Wet,51.0,Female,East,Going Straight Ahead,Followed Too Closely,No Apparent Influence,No Apparent Influence,57.0,Female,East,Going Straight Ahead,No Improper Action,No Apparent Influence,No Apparent Influence,33.33456603,-111.9547568,2021-03-12,15:55:00
40343,3750515,2021,Baseline Rd,Kyrene Rd,-108.0,Intersection Related 206,1.0,0.0,Possible Injury,Rear End,Daylight,Cloudy,Dry,23.0,Male,East,Going Straight Ahead,Followed Too Closely,No Apparent Influence,No Apparent Influence,24.0,Male,East,Slowing In Trafficway,No Improper Action,No Apparent Influence,No Apparent Influence,33.37819943,-111.9463423,2021-03-13,00:19:00
40346,3750339,2021,Rural Rd,Guadalupe Rd,-5.0,Intersection 4 Way 202,0.0,0.0,No Injury,Sideswipe Same Direction,Dark Lighted,Clear,Dry,37.0,Male,South,Unknown,Unknown,No Apparent Influence,No Apparent Influence,31.0,Female,South,Properly Parked,No Improper Action,No Apparent Influence,No Apparent Influence,33.36373894,-111.9286048,2021-03-13,16:29:00
40348,3750426,2021,Scottsdale Rd,Curry Rd,0.0,Not Junction Related,1.0,0.0,Suspected Minor Injury,Other,Daylight,Cloudy,Dry,27.0,Male,South,Going Straight Ahead,Speed To Fast For Conditions,No Apparent Influence,No Apparent Influence,39.0,Female,South,Going Straight Ahead,No Improper Action,No Apparent Influence,No Apparent Influence,33.44029348,-111.9263369,2021-03-13,22:32:00
40349,3750526,2021,Baseline Rd,Darrow Dr,0.0,Intersection T Inter 203,0.0,0.0,No Injury,Left Turn,Daylight,Cloudy,Dry,20.0,Female,East,Making Left Turn,Made Improper Turn,No Apparent Influence,No Apparent Influence,24.0,Female,West,Going Straight Ahead,No Improper Action,No Apparent Influence,No Apparent Influence,33.37824425,-111.9611298,2021-03-13,22:48:00
40352,3777154,2021,Mill Ave,6th St,0.0,Not Junction Related,0.0,0.0,No Injury,Sideswipe Same Direction,Dark Lighted,Clear,Dry,24.0,Male,North,Going Straight Ahead,Speed To Fast For Conditions,No Apparent Influence,Drugs,41.0,Male,North,Properly Parked,No Improper Action,No Apparent Influence,No Apparent Influence,33.42434667,-111.940015,2021-03-14,09:38:00
40360,3750505,2021,Southern Ave,Kyrene Rd,54.0,Intersection Related 206,1.0,0.0,Possible Injury,Angle - Other Than Left Turn 2,Daylight,Clear,Dry,59.0,Male,North,Making Right Turn,Failed To Yield Right Of Way,No Apparent Influence,No Apparent Influence,58.0,Male,East,Going Straight Ahead,No Improper Action,No Apparent Influence,No Apparent Influence,33.39283691,-111.9435079,2021-03-15,21:18:00
40362,3750439,2021,Rio Salado Pkwy,Perry Ln,0.0,Driveway Or Alley,1.0,0.0,Possible Injury,Left Turn,Dark Lighted,Clear,Dry,18.0,Male,East,Making Left Turn,Failed To Yield Right Of Way,No Apparent Influence,No Apparent Influence,27.0,Male,West,Going Straight Ahead,No Improper Action,No Apparent Influence,No Apparent Influence,33.42923899,-111.904765,2021-03-16,02:10:00
40363,3752651,2021,Rural Rd,McNair Dr,-10.0,Not Junction Related,0.0,0.0,No Injury,Rear End,Dark Lighted,Clear,Dry,22.0,Female,North,Going Straight Ahead,Unknown,No Apparent Influence,No Apparent Influence,16.0,Female,North,Going Straight Ahead,No Improper Action,No Apparent Influence,No Apparent Influence,33.35140418,-111.9285054,2021-03-16,04:09:00
40364,3750342,2021,Rural Rd,Lemon St,15.0,Intersection Related 206,1.0,0.0,Possible Injury,Sideswipe Same Direction,Dark Lighted,Clear,Dry,21.0,Male,South,Changing Lanes,Unsafe Lane Change,No Apparent Influence,No Apparent Influence,17.0,Male,South,Going Straight Ahead,No Improper Action,No Apparent Influence,No Apparent Influence,33.41687618,-111.9262972,2021-03-16,06:16:00
40365,3750435,2021,Priest Dr,Warner Rd,0.0,Intersection 4 Way 202,2.0,0.0,Suspected Minor Injury,Left Turn,Daylight,Clear,Dry,73.0,Female,North,Making Left Turn,Failed To Yield Right Of Way,No Apparent Influence,No Apparent Influence,46.0,Male,South,Going Straight Ahead,No Improper Action,No Apparent Influence,No Apparent Influence,33.33452529,-111.9631174,2021-03-16,21:08:00
40366,3750434,2021,University Dr,Evergreen Rd,0.0,Intersection 4 Way 202,0.0,0.0,No Injury,Left Turn,Dark Lighted,Clear,Dry,26.0,Female,East,Making Left Turn,Failed To Yield Right Of Way,No Apparent Influence,No Apparent Influence,24.0,Female,West,Going Straight Ahead,No Improper Action,No Apparent Influence,No Apparent Influence,33.42210668,-111.8830158,2021-03-17,02:00:00
40367,3750437,2021,Mill Ave,Balboa Dr,-40.0,Driveway Or Alley,1.0,0.0,Suspected Minor Injury,Rear End,Dark Lighted,Clear,Dry,24.0,Female,South,Going Straight Ahead,Speed To Fast For Conditions,No Apparent Influence,No Apparent Influence,24.0,Male,South,Slowing In Trafficway,No Improper Action,No Apparent Influence,No Apparent Influence,33.39922516,-111.9396888,2021-03-17,03:25:00
40371,3750521,2021,University Dr,Smith Rd,0.0,Intersection 4 Way 202,0.0,0.0,No Injury,Left Turn,Daylight,Clear,Dry,23.0,Female,West,Making Left Turn,Failed To Yield Right Of Way,No Apparent Influence,No Apparent Influence,20.0,Female,East,Going Straight Ahead,No Improper Action,No Apparent Influence,No Apparent Influence,33.42210728,-111.9004976,2021-03-17,21:48:00
40374,3773538,2021,Southern Ave,College Ave,70.0,Intersection Related 206,0.0,0.0,No Injury,Rear End,Dark Lighted,Unknown,Dry,37.0,Female,South,Going Straight Ahead,Speed To Fast For Conditions,No Apparent Influence,No Apparent Influence,32.0,Male,South,Going Straight Ahead,No Improper Action,No Apparent Influence,No Apparent Influence,33.39290938,-111.9346891,2021-03-18,02:04:00
40375,3750428,2021,Southern Ave,Kyrene Rd,0.0,Intersection T Inter 203,1.0,0.0,Suspected Minor Injury,Left Turn,Daylight,Clear,Dry,42.0,Female,West,Making Left Turn,Failed To Yield Right Of Way,No Apparent Influence,No Apparent Influence,26.0,Female,East,Going Straight Ahead,No Improper Action,No Apparent Influence,No Apparent Influence,33.39283734,-111.9436848,2021-03-18,22:55:00
40376,3750514,2021,Southern Ave,Kyrene Rd,-71.0,Intersection Related 206,0.0,0.0,No Injury,Other,Daylight,Clear,Dry,61.0,Male,West,Going Straight Ahead,Other,No Apparent Influence,No Apparent Influence,42.0,Male,Northwest,Backing,No Improper Action,No Apparent Influence,No Apparent Influence,33.39283779,-111.9439174,2021-03-18,23:10:00
40377,3750495,2021,University Dr,Hardy Dr,0.0,Intersection 4 Way 202,1.0,0.0,Possible Injury,Left Turn,Daylight,Clear,Dry,23.0,Female,South,Making Left Turn,Failed To Yield Right Of Way,No Apparent Influence,No Apparent Influence,24.0,Female,North,Going Straight Ahead,No Improper Action,No Apparent Influence,No Apparent Influence,33.42191004,-111.9522234,2021-03-18,23:43:00
40378,3755468,2021,Elliot Rd,River Pkwy,0.0,Intersection 4 Way 202,1.0,0.0,Possible Injury,Left Turn,Daylight,Clear,Dry,54.0,Male,Southwest,Making Left Turn,Disregarded Traffic Signal,No Apparent Influence,No Apparent Influence,19.0,Female,East,Going Straight Ahead,No Improper Action,No Apparent Influence,No Apparent Influence,33.34927691,-111.897908,2021-03-19,14:23:00
40379,3755459,2021,University Dr,Casitas Dr,-199.0,Driveway Or Alley,2.0,0.0,Possible Injury,Left Turn,Daylight,Clear,Dry,19.0,Female,North,Making Left Turn,Failed To Yield Right Of Way,No Apparent Influence,No Apparent Influence,34.0,Female,East,Going Straight Ahead,No Improper Action,No Apparent Influence,No Apparent Influence,33.42199765,-111.9079472,2021-03-19,18:43:00
40380,3759676,2021,University Dr,Roosevelt St,0.0,Intersection T Inter 203,0.0,0.0,No Injury,Rear End,Daylight,Clear,Dry,60.0,Male,West,Going Straight Ahead,Speed To Fast For Conditions,No Apparent Influence,No Apparent Influence,68.0,Female,West,Stopped In Trafficway,No Improper Action,No Apparent Influence,No Apparent Influence,33.42190087,-111.9472942,2021-03-19,18:54:00
40381,3750540,2021,Scottsdale Rd,McKellips Rd,-174.0,Intersection Related 206,0.0,0.0,No Injury,Left Turn,Daylight,Clear,Dry,28.0,Female,North,Making Left Turn,Other,No Apparent Influence,No Apparent Influence,27.0,Male,South,Going Straight Ahead,No Improper Action,No Apparent Influence,No Apparent Influence,33.4507628,-111.9264693,2021-03-19,19:28:00