,Incident ID,Year,Street Name,Cross Street,Distance,Junction Relation,Total Injuries,Total Fatalities,Injury Severity,Collision Manner,Light Condition,Weather,Surface Condition,Age Driver 1,Gender Driver 1,Travel Direction One,Unit Action One,Violation1_Drv1,Alcohol Use Driver 1,Drug Use Driver 1,Age Driver 2,Gender Driver 2,Travel Direction Two,Unit Action Two,Violation 1 Driver 2,Alcohol Use Driver 2,Drug Use Driver 2,Latitude,Longitude,Date,Time
40383,3750523,2021,Southern Ave,College Ave,0.0,Intersection 4 Way 202,2.0,0.0,Possible Injury,Left Turn,Daylight,Clear,Dry,31.0,Male,West,Going Straight Ahead,Disregarded Traffic Signal,No Apparent Influence,No Apparent Influence,70.0,Female,Southeast,Making Left Turn,No Improper Action,No Apparent Influence,No Apparent Influence,33.39290712,-111.9349183,2021-03-19,19:45:00
40384,3752658,2021,Warner Rd,McClintock Dr,-43.0,Driveway Or Alley,2.0,0.0,Possible Injury,Left Turn,Daylight,Clear,Dry,20.0,Female,Northwest,Making Left Turn,Failed To Yield Right Of Way,No Apparent Influence,No Apparent Influence,40.0,Female,East,Going Straight Ahead,No Improper Action,No Apparent Influence,No Apparent Influence,33.33463619,-111.9113175,2021-03-19,23:18:00
40385,3750537,2021,Southern Ave,Roosevelt St,-130.0,Intersection Related 206,1.0,0.0,Possible Injury,Rear End,Daylight,Clear,Dry,23.0,Female,East,Going Straight Ahead,Followed Too Closely,No Apparent Influence,No Apparent Influence,34.0,Male,East,Stopped In Trafficway,No Improper Action,No Apparent Influence,No Apparent Influence,33.39284702,-111.9482541,2021-03-19,23:57:00
40387,3750491,2021,Baseline Rd,Lakeshore Dr,0.0,Intersection 4 Way 202,2.0,0.0,Possible Injury,Angle - Other Than Left Turn 2,Daylight,Unknown,Dry,19.0,Male,West,Going Straight Ahead,Disregarded Traffic Signal,No Apparent Influence,No Apparent Influence,49.0,Male,Unknown,Going Straight Ahead,Unknown,No Apparent Influence,No Apparent Influence,33.37832308,-111.9205025,2021-03-20,01:17:00
40390,3752657,2021,McClintock Dr,Randall Dr,120.0,Driveway Or Alley,0.0,0.0,No Injury,Angle - Other Than Left Turn 2,Daylight,Clear,Dry,26.0,Male,East,Making Left Turn,Failed To Yield Right Of Way,No Apparent Influence,No Apparent Influence,29.0,Male,South,Going Straight Ahead,No Improper Action,No Apparent Influence,No Apparent Influence,33.41852456,-111.9091029,2021-03-20,17:30:00
40391,3768970,2021,Rio Salado Pkwy,Smith Rd,0.0,Intersection 4 Way 202,1.0,0.0,Suspected Minor Injury,Angle - Other Than Left Turn 2,Daylight,Clear,Dry,35.0,Female,East,Going Straight Ahead,Disregarded Traffic Signal,No Apparent Influence,No Apparent Influence,32.0,Female,North,Going Straight Ahead,No Improper Action,No Apparent Influence,No Apparent Influence,33.42928299,-111.9004564,2021-03-20,19:20:00
40392,3750341,2021,Priest Dr,Broadway Rd,0.0,Intersection 4 Way 202,2.0,0.0,Suspected Minor Injury,Angle - Other Than Left Turn 2,Dark Lighted,Clear,Dry,79.0,Female,West,Going Straight Ahead,Disregarded Traffic Signal,No Apparent Influence,No Apparent Influence,20.0,Female,South,Making Left Turn,Unknown,No Apparent Influence,No Apparent Influence,33.40742082,-111.9607804,2021-03-21,06:25:00
40395,3768443,2021,Lakeshore Dr,Baseline Rd,-197.0,Intersection Related 206,0.0,0.0,No Injury,U Turn,Daylight,Clear,Dry,42.0,Male,East,Making U Turn,Other,No Apparent Influence,No Apparent Influence,38.0,Female,South,Going Straight Ahead,No Improper Action,No Apparent Influence,No Apparent Influence,33.3777877,-111.9204198,2021-03-21,20:37:00
40397,3750543,2021,Priest Dr,Ruby Dr,25.0,Intersection Related 206,0.0,0.0,No Injury,Angle - Other Than Left Turn 2,Daylight,Clear,Dry,33.0,Male,South,Changing Lanes,Unsafe Lane Change,No Apparent Influence,No Apparent Influence,18.0,Male,South,Going Straight Ahead,No Improper Action,No Apparent Influence,No Apparent Influence,33.34023821,-111.9631418,2021-03-21,22:58:00
40406,3752656,2021,Rural Rd,University Dr,-150.0,Intersection Related 206,1.0,0.0,Possible Injury,Rear End,Daylight,Clear,Dry,29.0,Male,North,Going Straight Ahead,Followed Too Closely,No Apparent Influence,No Apparent Influence,36.0,Male,North,Stopped In Trafficway,No Improper Action,No Apparent Influence,No Apparent Influence,33.42161696,-111.9263119,2021-03-22,21:40:00
40407,3750538,2021,Mill Ave,Fairmont Dr,150.0,Not Junction Related,0.0,0.0,No Injury,Rear End,Daylight,Clear,Dry,32.0,Male,South,Going Straight Ahead,Followed Too Closely,No Apparent Influence,No Apparent Influence,28.0,Male,South,Stopped In Trafficway,No Improper Action,No Apparent Influence,No Apparent Influence,33.39667769,-111.939656,2021-03-22,22:32:00
40410,3750475,2021,Packard Dr,Rio Salado Pkwy,0.0,Intersection 4 Way 202,2.0,0.0,Suspected Minor Injury,Angle - Other Than Left Turn 2,Daylight,Clear,Dry,20.0,Male,North,Making Left Turn,Disregarded Traffic Signal,No Apparent Influence,No Apparent Influence,21.0,Female,East,Going Straight Ahead,No Improper Action,No Apparent Influence,No Apparent Influence,33.42872637,-111.9292906,2021-03-22,23:42:00
40416,3752654,2021,University Dr,Ash Ave,-75.0,Intersection Related 206,1.0,0.0,Possible Injury,Rear End,Daylight,Cloudy,Dry,19.0,Male,East,Going Straight Ahead,Followed Too Closely,No Apparent Influence,No Apparent Influence,21.0,Female,East,Stopped In Trafficway,No Improper Action,No Apparent Influence,No Apparent Influence,33.42193161,-111.9426456,2021-03-23,19:23:00
40417,3752660,2021,48th St,La Salle St,0.0,Intersection T Inter 203,0.0,0.0,No Injury,Left Turn,Daylight,Cloudy,Dry,27.0,Male,Northeast,Making Left Turn,Failed To Yield Right Of Way,No Apparent Influence,No Apparent Influence,25.0,Male,South,Going Straight Ahead,No Improper Action,No Apparent Influence,No Apparent Influence,33.39798477,-111.9783229,2021-03-23,22:25:00
40418,3750535,2021,Baseline Rd,River Dr,0.0,Intersection 4 Way 202,0.0,0.0,No Injury,Angle - Other Than Left Turn 2,Daylight,Clear,Dry,31.0,Male,Northeast,Making Left Turn,Failed To Yield Right Of Way,No Apparent Influence,No Apparent Influence,31.0,Female,East,Going Straight Ahead,No Improper Action,No Apparent Influence,No Apparent Influence,33.37845198,-111.8972136,2021-03-23,23:27:00
40419,3759206,2021,Rural Rd,University Dr,-40.0,Not Junction Related,0.0,0.0,No Injury,Left Turn,Dark Lighted,Clear,Dry,26.0,Male,South,Making Left Turn,Made Improper Turn,No Apparent Influence,No Apparent Influence,40.0,Male,North,Going Straight Ahead,No Improper Action,No Apparent Influence,No Apparent Influence,33.42191926,-111.9263122,2021-03-24,09:45:00
40423,3755524,2021,Rural Rd,Elliot Rd,0.0,Intersection 201,0.0,0.0,No Injury,Left Turn,Daylight,Cloudy,Dry,38.0,Female,Southeast,Making Left Turn,Failed To Yield Right Of Way,No Apparent Influence,No Apparent Influence,43.0,Female,North,Going Straight Ahead,No Improper Action,No Apparent Influence,No Apparent Influence,33.34919065,-111.9284771,2021-03-25,16:45:00
40424,3750490,2021,Southern Ave,College Ave,0.0,Intersection 4 Way 202,2.0,0.0,Possible Injury,Left Turn,Daylight,Clear,Dry,91.0,Female,West,Making Left Turn,Failed To Yield Right Of Way,No Apparent Influence,No Apparent Influence,32.0,Female,East,Going Straight Ahead,No Improper Action,No Apparent Influence,No Apparent Influence,33.39290712,-111.9349183,2021-03-25,20:30:00
40428,3747926,2021,Broadway Rd,48th St,-40.0,Not Junction Related,1.0,0.0,Possible Injury,Angle - Other Than Left Turn 2,Dark Lighted,Clear,Dry,53.0,Male,Northeast,Unknown,Failed To Yield Right Of Way,No Apparent Influence,No Apparent Influence,59.0,Male,East,Stopped In Trafficway,No Improper Action,No Apparent Influence,No Apparent Influence,33.40732744,-111.9784186,2021-03-26,04:02:00
40430,3759209,2021,University Dr,Rural Rd,0.0,Intersection 201,2.0,0.0,Possible Injury,Left Turn,Daylight,Clear,Dry,43.0,Male,North,Making Left Turn,Failed To Yield Right Of Way,No Apparent Influence,No Apparent Influence,19.0,Male,West,Going Straight Ahead,No Improper Action,No Apparent Influence,No Apparent Influence,33.42202914,-111.9263124,2021-03-26,15:42:00
40432,3752653,2021,College Ave,Weber Dr,0.0,Intersection T Inter 203,2.0,0.0,Possible Injury,Angle - Other Than Left Turn 2,Daylight,Cloudy,Dry,21.0,Male,West,Going Straight Ahead,Failed To Yield Right Of Way,No Apparent Influence,No Apparent Influence,28.0,Female,South,Going Straight Ahead,No Improper Action,No Apparent Influence,No Apparent Influence,33.44240972,-111.9314836,2021-03-26,22:18:00
40435,3768319,2021,Baseline Rd,Pointe Pkwy,0.0,Intersection 4 Way 202,1.0,0.0,Possible Injury,Left Turn,Dawn,Clear,Dry,80.0,Male,West,Going Straight Ahead,Made Improper Turn,No Apparent Influence,No Apparent Influence,33.0,Male,South,Making Left Turn,No Improper Action,No Apparent Influence,No Apparent Influence,33.37821687,-111.9719949,2021-03-27,13:40:00
40437,3768992,2021,Rural Rd,Terrace Rd,-50.0,Intersection Related 206,0.0,0.0,No Injury,Rear End,Daylight,Unknown,Dry,22.0,Female,North,Going Straight Ahead,Unknown,No Apparent Influence,No Apparent Influence,23.0,Female,North,Stopped In Trafficway,Unknown,No Apparent Influence,No Apparent Influence,33.42013816,-111.9263003,2021-03-27,23:25:00
40438,3755521,2021,Baseline Rd,Pointe Pkwy,0.0,Intersection 4 Way 202,0.0,0.0,No Injury,Left Turn,Daylight,Clear,Dry,19.0,Male,West,Making Left Turn,Failed To Yield Right Of Way,No Apparent Influence,No Apparent Influence,31.0,Female,East,Going Straight Ahead,Unknown,No Apparent Influence,No Apparent Influence,33.37821687,-111.9719949,2021-03-28,01:30:00
40443,3759278,2021,Mill Ave,Ellis Dr,195.0,Intersection Related 206,0.0,0.0,No Injury,Rear End,Dark Lighted,Clear,Dry,22.0,Male,South,Going Straight Ahead,Speed To Fast For Conditions,No Apparent Influence,No Apparent Influence,20.0,Male,South,Stopped In Trafficway,No Improper Action,No Apparent Influence,No Apparent Influence,33.3811713,-111.939415,2021-03-28,09:20:00
40449,3759277,2021,Apache Blvd,Lebanon Ln,0.0,Intersection T Inter 203,0.0,0.0,No Injury,Angle - Other Than Left Turn 2,Dusk,Clear,Dry,33.0,Male,West,Going Straight Ahead,Disregarded Traffic Signal,No Apparent Influence,No Apparent Influence,41.0,Female,South,Making Left Turn,No Improper Action,No Apparent Influence,No Apparent Influence,33.41480296,-111.8862664,2021-03-29,01:19:00
40450,3763498,2021,Priest Dr,14th St,-60.0,Not Junction Related,1.0,0.0,Possible Injury,Left Turn,Dark Lighted,Clear,Dry,62.0,Male,South,Making Left Turn,Made Improper Turn,No Apparent Influence,No Apparent Influence,43.0,Male,North,Going Straight Ahead,No Improper Action,No Apparent Influence,No Apparent Influence,33.41300457,-111.9608161,2021-03-29,03:05:00
40451,3752631,2021,Priest Dr,Broadway Rd,0.0,Intersection 4 Way 202,1.0,0.0,Possible Injury,Angle - Other Than Left Turn 2,Daylight,Clear,Dry,49.0,Male,West,Going Straight Ahead,Speed To Fast For Conditions,No Apparent Influence,No Apparent Influence,52.0,Female,South,Going Straight Ahead,No Improper Action,No Apparent Influence,No Apparent Influence,33.40742082,-111.9607804,2021-03-29,13:44:00
40454,3755469,2021,Lakeshore Dr,Baseline Rd,200.0,Not Junction Related,0.0,0.0,No Injury,U Turn,Daylight,Clear,Dry,25.0,Male,South,Making U Turn,Made Improper Turn,No Apparent Influence,No Apparent Influence,40.0,Male,North,Going Straight Ahead,No Improper Action,No Apparent Influence,No Apparent Influence,33.37887235,-111.9205116,2021-03-29,22:47:00
40455,3763495,2021,Broadway Rd,McClintock Dr,0.0,Not Junction Related,2.0,0.0,Possible Injury,Left Turn,Daylight,Clear,Dry,76.0,Male,West,Making Left Turn,Failed To Yield Right Of Way,No Apparent Influence,No Apparent Influence,30.0,Male,East,Going Straight Ahead,No Improper Action,No Apparent Influence,No Apparent Influence,33.4075002,-111.909125,2021-03-29,22:47:00
40456,3759294,2021,Hayden Ln,Kenwood Cir,-75.0,Not Junction Related,0.0,0.0,No Injury,Angle - Other Than Left Turn 2,Daylight,Clear,Dry,26.0,Male,West,Making Right Turn,Failed To Yield Right Of Way,No Apparent Influence,No Apparent Influence,53.0,Male,West,Going Straight Ahead,No Improper Action,No Apparent Influence,No Apparent Influence,33.41927684,-111.9018813,2021-03-30,01:07:00
40457,3779851,2021,University Dr,McAllister Ave,0.0,Intersection 4 Way 202,0.0,0.0,No Injury,Angle - Other Than Left Turn 2,Dark Lighted,Clear,Dry,23.0,Male,East,Changing Lanes,Unsafe Lane Change,No Apparent Influence,No Apparent Influence,35.0,Male,East,Going Straight Ahead,No Improper Action,No Apparent Influence,No Apparent Influence,33.42201895,-111.9289394,2021-03-30,05:26:00
40461,3752648,2021,McClintock Dr,Hermosa Dr,0.0,Intersection T Inter 203,1.0,0.0,Possible Injury,Angle - Other Than Left Turn 2,Daylight,Clear,Dry,20.0,Male,East,Making Left Turn,Failed To Yield Right Of Way,No Apparent Influence,No Apparent Influence,52.0,Male,South,Stopped In Trafficway,No Improper Action,No Apparent Influence,No Apparent Influence,33.38767905,-111.9091823,2021-03-30,20:51:00
40462,3752646,2021,Elliot Rd,Rural Rd,0.0,Intersection 4 Way 202,1.0,0.0,Possible Injury,Left Turn,Daylight,Clear,Dry,55.0,Male,West,Making U Turn,Made Improper Turn,No Apparent Influence,No Apparent Influence,49.0,Female,East,Going Straight Ahead,No Improper Action,No Apparent Influence,No Apparent Influence,33.34919067,-111.928477,2021-03-30,22:19:00
40465,3758940,2021,Rural Rd,6th St,65.0,Intersection Related 206,0.0,0.0,No Injury,Rear End,Dark Lighted,Clear,Dry,43.0,Male,South,Going Straight Ahead,Followed Too Closely,No Apparent Influence,No Apparent Influence,20.0,Female,South,Stopped In Trafficway,No Improper Action,No Apparent Influence,No Apparent Influence,33.42467643,-111.9263013,2021-03-31,03:52:00
40467,3752642,2021,River Dr,E Howe Ave,171.0,Driveway Or Alley,2.0,0.0,Possible Injury,Angle - Other Than Left Turn 2,Daylight,Clear,Dry,31.0,Male,East,Making Left Turn,Failed To Yield Right Of Way,No Apparent Influence,No Apparent Influence,35.0,Male,South,Going Straight Ahead,No Improper Action,No Apparent Influence,No Apparent Influence,33.41707984,-111.8962092,2021-03-31,21:24:00
40469,3755540,2021,Baseline Rd,Lakeshore Dr,0.0,Intersection 4 Way 202,0.0,0.0,No Injury,Left Turn,Daylight,Clear,Dry,83.0,Male,West,Making Left Turn,Failed To Yield Right Of Way,No Apparent Influence,No Apparent Influence,44.0,Male,East,Going Straight Ahead,No Improper Action,No Apparent Influence,No Apparent Influence,33.37832308,-111.9205025,2021-04-01,00:46:00
40470,3763497,2021,Guadalupe Rd,Rural Rd,0.0,Intersection 4 Way 202,0.0,0.0,No Injury,Angle - Other Than Left Turn 2,Daylight,Clear,Dry,42.0,Female,East,Going Straight Ahead,Disregarded Traffic Signal,Alcohol,No Apparent Influence,50.0,Male,North,Making Left Turn,No Improper Action,No Apparent Influence,No Apparent Influence,33.36375268,-111.9286049,2021-04-01,01:23:00
40475,3759212,2021,Priest Dr,5th St,0.0,Intersection 4 Way 202,2.0,0.0,Suspected Minor Injury,Angle - Other Than Left Turn 2,Dusk,Clear,Dry,28.0,Male,South,Going Straight Ahead,Disregarded Traffic Signal,No Apparent Influence,No Apparent Influence,50.0,Female,West,Going Straight Ahead,No Improper Action,No Apparent Influence,No Apparent Influence,33.42562034,-111.9609749,2021-04-02,01:15:00
40481,3755457,2021,University Dr,Perry Ln,211.0,Not Junction Related,0.0,0.0,No Injury,Angle - Other Than Left Turn 2,Daylight,Cloudy,Dry,28.0,Male,East,Going Straight Ahead,Other,No Apparent Influence,No Apparent Influence,19.0,Female,East,Making Right Turn,No Improper Action,No Apparent Influence,No Apparent Influence,33.42205483,-111.904178,2021-04-02,21:15:00
40482,3768425,2021,Priest Dr,Center Pkwy,0.0,Intersection 4 Way 202,1.0,0.0,Possible Injury,Angle - Other Than Left Turn 2,Daylight,Clear,Dry,27.0,Male,North,Going Straight Ahead,Disregarded Traffic Signal,No Apparent Influence,No Apparent Influence,52.0,Male,West,Making Left Turn,No Improper Action,No Apparent Influence,No Apparent Influence,33.44452237,-111.9549209,2021-04-02,21:43:00
40483,3755523,2021,Rural Rd,Encanto Dr,-25.0,Intersection Related 206,0.0,0.0,No Injury,Angle - Other Than Left Turn 2,Daylight,Clear,Dry,58.0,Male,East,Making Left Turn,Failed To Yield Right Of Way,No Apparent Influence,No Apparent Influence,21.0,Female,South,Going Straight Ahead,No Improper Action,No Apparent Influence,No Apparent Influence,33.40969677,-111.9262839,2021-04-02,21:48:00
40484,3759286,2021,McClintock Dr,Broadway Rd,173.0,Intersection Related 206,0.0,0.0,No Injury,Sideswipe Same Direction,Daylight,Clear,Dry,22.0,Male,South,Changing Lanes,Passed In No Passing Zone,No Apparent Influence,No Apparent Influence,19.0,Male,South,Going Straight Ahead,No Improper Action,No Apparent Influence,No Apparent Influence,33.40797553,-111.9091239,2021-04-02,22:18:00
40490,3755547,2021,Rural Rd,Lemon St,50.0,Driveway Or Alley,2.0,0.0,Possible Injury,Left Turn,Dark Lighted,Unknown,Dry,18.0,Female,West,Making Left Turn,Failed To Yield Right Of Way,No Apparent Influence,No Apparent Influence,20.0,Female,North,Going Straight Ahead,No Improper Action,No Apparent Influence,No Apparent Influence,33.41697238,-111.9262973,2021-04-03,03:10:00
40492,3763500,2021,Baseline Rd,Mill Ave,-100.0,Not Junction Related,1.0,0.0,Suspected Minor Injury,Left Turn,Daylight,Clear,Dry,22.0,Female,South,Making Left Turn,Failed To Yield Right Of Way,No Apparent Influence,No Apparent Influence,54.0,Male,West,Going Straight Ahead,No Improper Action,No Apparent Influence,No Apparent Influence,33.37821953,-111.9396931,2021-04-03,14:32:00
40497,3763492,2021,Rio Salado Pkwy,Rockford Dr,20.0,Intersection Related 206,0.0,0.0,No Injury,Rear End,Dusk,Clear,Dry,30.0,Female,West,Going Straight Ahead,Speed To Fast For Conditions,No Apparent Influence,No Apparent Influence,22.0,Female,West,Going Straight Ahead,No Improper Action,No Apparent Influence,No Apparent Influence,33.42935557,-111.8969744,2021-04-04,00:25:00
40498,3759213,2021,Priest Dr,Alameda Dr,-110.0,Intersection Related 206,0.0,0.0,No Injury,Rear End,Daylight,Clear,Dry,26.0,Male,Unknown,Going Straight Ahead,Speed To Fast For Conditions,Alcohol,No Apparent Influence,36.0,Female,North,Going Straight Ahead,Unknown,No Apparent Influence,No Apparent Influence,33.39983836,-111.9607754,2021-04-04,01:21:00
40503,3759275,2021,Baseline Rd,Hardy Dr,-20.0,Intersection Related Non Interchange,0.0,0.0,No Injury,Rear End,Daylight,Clear,Dry,22.0,Male,East,Stopped In Trafficway,Speed To Fast For Conditions,No Apparent Influence,No Apparent Influence,36.0,Male,East,Slowing In Trafficway,No Improper Action,No Apparent Influence,No Apparent Influence,33.37821391,-111.9525782,2021-04-05,00:09:00
40507,3768983,2021,Rural Rd,Rio Salado Pkwy,0.0,Intersection 4 Way 202,0.0,0.0,No Injury,Left Turn,Daylight,Clear,Dry,26.0,Male,Northwest,Making U Turn,No Improper Action,No Apparent Influence,No Apparent Influence,23.0,Male,South,Going Straight Ahead,No Improper Action,No Apparent Influence,No Apparent Influence,33.42884843,-111.9262892,2021-04-05,15:42:00
40510,3755527,2021,Rural Rd,University Dr,100.0,Intersection Related 206,0.0,0.0,No Injury,Rear End,Daylight,Clear,Dry,58.0,Male,South,Changing Lanes,Speed To Fast For Conditions,No Apparent Influence,No Apparent Influence,36.0,Male,South,Stopped In Trafficway,No Improper Action,No Apparent Influence,No Apparent Influence,33.42230392,-111.9263127,2021-04-05,21:11:00
40511,3759279,2021,21st St,Roosevelt St,0.0,Intersection T Inter 203,0.0,0.0,No Injury,Sideswipe Same Direction,Daylight,Clear,Dry,31.0,Male,North,Making Left Turn,Made Improper Turn,No Apparent Influence,No Apparent Influence,41.0,Male,North,Going Straight Ahead,No Improper Action,No Apparent Influence,No Apparent Influence,33.40556922,-111.9478477,2021-04-05,21:11:00
40513,3759288,2021,Guadalupe Rd,McClintock Dr,0.0,Intersection 4 Way 202,0.0,0.0,No Injury,Angle - Other Than Left Turn 2,Daylight,Clear,Dry,18.0,Male,West,Going Straight Ahead,Disregarded Traffic Signal,No Apparent Influence,No Apparent Influence,80.0,Female,East,Making Left Turn,No Improper Action,No Apparent Influence,No Apparent Influence,33.36376447,-111.9112567,2021-04-06,14:46:00
40514,3755531,2021,McClintock Dr,Ellis Dr,-218.0,Intersection Related 206,1.0,0.0,Possible Injury,Rear End,Daylight,Clear,Dry,22.0,Male,South,Going Straight Ahead,Followed Too Closely,No Apparent Influence,No Apparent Influence,46.0,Female,South,Going Straight Ahead,No Improper Action,No Apparent Influence,No Apparent Influence,33.38004564,-111.9092526,2021-04-06,16:04:00
40515,3759211,2021,Priest Dr,Auto Dr,181.0,Driveway Or Alley,0.0,0.0,No Injury,Angle - Other Than Left Turn 2,Daylight,Clear,Dry,64.0,Male,West,Making Left Turn,Failed To Yield Right Of Way,No Apparent Influence,No Apparent Influence,51.0,Male,South,Going Straight Ahead,No Improper Action,No Apparent Influence,No Apparent Influence,33.34597878,-111.9631484,2021-04-06,18:29:00
40518,3759290,2021,La Corta Dr,Southern Ave,-131.0,Intersection Related 206,0.0,0.0,No Injury,Other,Daylight,Clear,Dry,59.0,Male,Southeast,Backing,Other,No Apparent Influence,No Apparent Influence,20.0,Female,North,Properly Parked,No Improper Action,No Apparent Influence,No Apparent Influence,33.39256532,-111.9324496,2021-04-06,22:51:00
40519,3763486,2021,University Dr,Forest Ave,102.0,Intersection Related 206,0.0,0.0,No Injury,Rear End,Daylight,Clear,Dry,18.0,Female,West,Going Straight Ahead,Followed Too Closely,No Apparent Influence,No Apparent Influence,22.0,Male,West,Stopped In Trafficway,No Improper Action,No Apparent Influence,No Apparent Influence,33.42195107,-111.936321,2021-04-07,01:26:00
40521,3763488,2021,University Dr,Priest Dr,-200.0,Not Junction Related,1.0,0.0,Possible Injury,Left Turn,Daylight,Clear,Dry,26.0,Female,Southeast,Making Left Turn,Failed To Yield Right Of Way,No Apparent Influence,No Apparent Influence,22.0,Male,West,Going Straight Ahead,No Improper Action,No Apparent Influence,No Apparent Influence,33.42194177,-111.9615789,2021-04-07,19:24:00
40522,3777159,2021,Hardy Dr,Southern Ave,-88.0,Intersection Related 206,0.0,0.0,No Injury,Rear End,Daylight,Clear,Dry,32.0,Male,North,Going Straight Ahead,Followed Too Closely,No Apparent Influence,No Apparent Influence,36.0,Female,North,Stopped In Trafficway,No Improper Action,No Apparent Influence,No Apparent Influence,33.392616,-111.9519824,2021-04-07,22:07:00
40523,3777158,2021,Broadway Rd,McClintock Dr,-120.0,Intersection Related 206,0.0,0.0,No Injury,Rear End,Daylight,Clear,Dry,32.0,Male,Unknown,Going Straight Ahead,Followed Too Closely,No Apparent Influence,No Apparent Influence,29.0,Female,East,Stopped In Trafficway,No Improper Action,No Apparent Influence,No Apparent Influence,33.40750024,-111.9095182,2021-04-07,22:20:00
40526,3768355,2021,McClintock Dr,Carson Dr,25.0,Intersection Related 206,0.0,0.0,No Injury,Sideswipe Same Direction,Dark Lighted,Clear,Dry,63.0,Female,North,Making Left Turn,Failed To Yield Right Of Way,No Apparent Influence,No Apparent Influence,61.0,Male,North,Going Straight Ahead,No Improper Action,No Apparent Influence,No Apparent Influence,33.38395071,-111.9092108,2021-04-08,11:57:00
40527,3759296,2021,University Dr,Smith Rd,0.0,Intersection 4 Way 202,1.0,0.0,Possible Injury,Angle - Other Than Left Turn 2,Daylight,Clear,Dry,20.0,Male,North,Going Straight Ahead,Unknown,No Apparent Influence,No Apparent Influence,25.0,Male,East,Going Straight Ahead,Unknown,No Apparent Influence,No Apparent Influence,33.42210728,-111.9004976,2021-04-08,14:25:00
40530,3763487,2021,Rio Salado Pkwy,Perry Ln,-61.0,Intersection Related 206,0.0,0.0,No Injury,Rear End,Daylight,Clear,Dry,32.0,Female,East,Going Straight Ahead,Followed Too Closely,No Apparent Influence,No Apparent Influence,19.0,Female,East,Stopped In Trafficway,No Improper Action,No Apparent Influence,No Apparent Influence,33.42923821,-111.9049649,2021-04-08,18:31:00
40531,3759199,2021,Southern Ave,College Ave,-216.0,Driveway Or Alley,2.0,0.0,Possible Injury,Left Turn,Daylight,Clear,Dry,21.0,Male,Northwest,Making Left Turn,Failed To Yield Right Of Way,No Apparent Influence,No Apparent Influence,20.0,Male,East,Going Straight Ahead,No Improper Action,No Apparent Influence,No Apparent Influence,33.39290014,-111.9356253,2021-04-08,18:35:00
40532,3763511,2021,Southern Ave,Los Feliz Dr,0.0,Intersection 4 Way 202,0.0,0.0,No Injury,Left Turn,Daylight,Clear,Dry,59.0,Female,East,Making Left Turn,Failed To Yield Right Of Way,No Apparent Influence,No Apparent Influence,22.0,Male,West,Going Straight Ahead,No Improper Action,No Apparent Influence,No Apparent Influence,33.39297024,-111.9048537,2021-04-08,18:36:00
40533,3768469,2021,Baseline Rd,48th St,200.0,Driveway Or Alley,0.0,0.0,No Injury,Angle - Other Than Left Turn 2,Dusk,Clear,Dry,79.0,Male,North,Making Right Turn,Failed To Yield Right Of Way,No Apparent Influence,No Apparent Influence,37.0,Female,East,Going Straight Ahead,No Improper Action,No Apparent Influence,No Apparent Influence,33.37818808,-111.9777613,2021-04-09,01:35:00
40535,3763509,2021,Kyrene Rd,Guadalupe Rd,45.0,Intersection Related 206,0.0,0.0,No Injury,Other,Dawn,Clear,Dry,46.0,Male,North,Backing,Other,No Apparent Influence,No Apparent Influence,25.0,Female,South,Stopped In Trafficway,No Improper Action,No Apparent Influence,No Apparent Influence,33.36378283,-111.9458949,2021-04-09,13:30:00
40538,3778379,2021,Rural Rd,Lakeshore Dr,0.0,Intersection T Inter 203,2.0,0.0,Possible Injury,Left Turn,Daylight,Clear,Dry,78.0,Female,West,Making Left Turn,Failed To Yield Right Of Way,No Apparent Influence,No Apparent Influence,40.0,Female,North,Going Straight Ahead,No Improper Action,No Apparent Influence,No Apparent Influence,33.3822837,-111.9268294,2021-04-09,20:01:00
40540,3769729,2021,McClintock Dr,Minton Dr,70.0,Intersection Related 206,0.0,0.0,No Injury,Rear End,Daylight,Clear,Dry,33.0,Female,South,Going Straight Ahead,Unknown,No Apparent Influence,No Apparent Influence,28.0,Male,South,Stopped In Trafficway,No Improper Action,No Apparent Influence,No Apparent Influence,33.3820254,-111.9092334,2021-04-10,00:00:00
40542,3768467,2021,Mill Ave,Baseline Rd,32.0,Intersection 4 Way 202,0.0,0.0,No Injury,Left Turn,Dark Lighted,Clear,Dry,51.0,Male,East,Making Left Turn,Drove Left Of Center Line,Alcohol,No Apparent Influence,38.0,Female,South,Stopped In Trafficway,No Improper Action,No Apparent Influence,No Apparent Influence,33.37829896,-111.9393664,2021-04-10,02:22:00
40543,3759201,2021,McClintock Dr,Randall Dr,20.0,Not Junction Related,0.0,0.0,No Injury,Left Turn,Dark Lighted,Clear,Dry,28.0,Male,North,Making Left Turn,Failed To Yield Right Of Way,No Apparent Influence,No Apparent Influence,42.0,Male,South,Going Straight Ahead,No Improper Action,No Apparent Influence,No Apparent Influence,33.41824979,-111.9091039,2021-04-10,08:56:00
40545,3769728,2021,Baseline Rd,Wendler Dr,-37.0,Intersection Related 206,0.0,0.0,No Injury,Rear End,Daylight,Clear,Dry,36.0,Male,East,Going Straight Ahead,Followed Too Closely,No Apparent Influence,No Apparent Influence,30.0,Male,East,Stopped In Trafficway,No Improper Action,No Apparent Influence,No Apparent Influence,33.37825588,-111.9699069,2021-04-10,15:21:00