,Incident ID,Year,Street Name,Cross Street,Distance,Junction Relation,Total Injuries,Total Fatalities,Injury Severity,Collision Manner,Light Condition,Weather,Surface Condition,Age Driver 1,Gender Driver 1,Travel Direction One,Unit Action One,Violation1_Drv1,Alcohol Use Driver 1,Drug Use Driver 1,Age Driver 2,Gender Driver 2,Travel Direction Two,Unit Action Two,Violation 1 Driver 2,Alcohol Use Driver 2,Drug Use Driver 2,Latitude,Longitude,Date,Time
40546,3768969,2021,Priest Dr,14th St,84.0,Intersection Related 206,2.0,0.0,Suspected Minor Injury,Head On,Daylight,Clear,Dry,42.0,Male,South,Going Straight Ahead,Drove Left Of Center Line,No Apparent Influence,Drugs,37.0,Male,North,Going Straight Ahead,No Improper Action,No Apparent Influence,No Apparent Influence,33.41340024,-111.9608171,2021-04-10,17:09:00
40547,3783723,2021,Baseline Rd,Pointe Pkwy,200.0,Intersection Related 206,0.0,0.0,No Injury,Sideswipe Same Direction,Daylight,Clear,Dry,23.0,Male,West,Changing Lanes,Unsafe Lane Change,No Apparent Influence,No Apparent Influence,56.0,Female,West,Going Straight Ahead,No Improper Action,No Apparent Influence,No Apparent Influence,33.37822639,-111.9713399,2021-04-10,18:26:00
40549,3768450,2021,University Dr,Priest Dr,120.0,Intersection Related 206,0.0,0.0,No Injury,Left Turn,Daylight,Clear,Dry,47.0,Male,Northeast,Making Left Turn,Made Improper Turn,No Apparent Influence,No Apparent Influence,21.0,Female,West,Going Straight Ahead,No Improper Action,No Apparent Influence,No Apparent Influence,33.42194094,-111.9605303,2021-04-10,21:06:00
40551,3769716,2021,Baseline Rd,Terry Ln,60.0,Intersection Related 206,0.0,0.0,No Injury,Rear End,Daylight,Clear,Dry,22.0,Male,West,Going Straight Ahead,Followed Too Closely,No Apparent Influence,No Apparent Influence,58.0,Male,West,Stopped In Trafficway,No Improper Action,No Apparent Influence,No Apparent Influence,33.37822492,-111.9552045,2021-04-11,00:48:00
40555,3769738,2021,University Dr,Rural Rd,0.0,Intersection 4 Way 202,0.0,0.0,No Injury,Left Turn,Dark Lighted,Clear,Dry,19.0,Female,East,Making Left Turn,Failed To Yield Right Of Way,No Apparent Influence,No Apparent Influence,21.0,Male,West,Going Straight Ahead,No Improper Action,No Apparent Influence,No Apparent Influence,33.42202914,-111.9263124,2021-04-11,08:41:00
40556,3768445,2021,Kyrene Rd,Guadalupe Rd,-213.0,Intersection Related 206,1.0,0.0,Possible Injury,Left Turn,Daylight,Clear,Dry,21.0,Female,East,Making Left Turn,Failed To Yield Right Of Way,No Apparent Influence,No Apparent Influence,22.0,Female,South,Going Straight Ahead,No Improper Action,No Apparent Influence,No Apparent Influence,33.36307414,-111.9458903,2021-04-11,19:01:00
40559,3787138,2021,Baseline Rd,Darrow Dr,10.0,Intersection Related 206,1.0,0.0,Possible Injury,Sideswipe Same Direction,Daylight,Clear,Dry,47.0,Female,West,Changing Lanes,Unsafe Lane Change,No Apparent Influence,No Apparent Influence,73.0,Female,West,Going Straight Ahead,No Improper Action,No Apparent Influence,No Apparent Influence,33.37824417,-111.961097,2021-04-11,22:34:00
40560,3768424,2021,College Ave,15th St,0.0,Intersection 4 Way 202,0.0,0.0,No Injury,Left Turn,Daylight,Cloudy,Dry,21.0,Female,North,Making Left Turn,Failed To Yield Right Of Way,No Apparent Influence,No Apparent Influence,34.0,Male,South,Going Straight Ahead,No Improper Action,No Apparent Influence,No Apparent Influence,33.41197285,-111.9349302,2021-04-11,23:13:00
40561,3770393,2021,Roosevelt St,Scottsdale Rd,0.0,Intersection Non Interchange,1.0,0.0,Possible Injury,Angle - Other Than Left Turn 2,Daylight,Clear,Dry,20.0,Male,South,Going Straight Ahead,Unknown,No Apparent Influence,No Apparent Influence,54.0,Female,Northwest,Making Left Turn,Unknown,No Apparent Influence,No Apparent Influence,33.4584903,-111.9263507,2021-04-12,15:21:00
40563,3763508,2021,Rio Salado Pkwy,Smith Rd,-79.0,Intersection Related 206,1.0,0.0,Suspected Minor Injury,Rear End,Daylight,Clear,Dry,37.0,Male,East,Going Straight Ahead,Speed To Fast For Conditions,No Apparent Influence,No Apparent Influence,20.0,Male,East,Stopped In Trafficway,No Improper Action,No Apparent Influence,No Apparent Influence,33.42928373,-111.9007152,2021-04-12,21:01:00
40565,3758374,2021,Rural Rd,6th St,132.0,Not Junction Related,0.0,0.0,No Injury,Angle - Other Than Left Turn 2,Dark Lighted,Clear,Dry,32.0,Male,South,Going Straight Ahead,Unsafe Lane Change,No Apparent Influence,No Apparent Influence,26.0,Female,South,Going Straight Ahead,No Improper Action,No Apparent Influence,No Apparent Influence,33.42486052,-111.9263007,2021-04-13,06:24:00
40566,3768415,2021,Rural Rd,Spence Ave,-15.0,Intersection Related 206,2.0,0.0,Possible Injury,Angle - Other Than Left Turn 2,Daylight,Clear,Dry,20.0,Male,North,Going Straight Ahead,Speed To Fast For Conditions,No Apparent Influence,No Apparent Influence,27.0,Male,East,Making Right Turn,No Improper Action,No Apparent Influence,No Apparent Influence,33.41283322,-111.9262871,2021-04-13,13:26:00
40568,3763490,2021,Elliot Rd,Priest Dr,0.0,Intersection 4 Way 202,0.0,0.0,No Injury,Rear End,Daylight,Clear,Dry,25.0,Female,West,Making Left Turn,Speed To Fast For Conditions,No Apparent Influence,No Apparent Influence,43.0,Male,West,Making Left Turn,No Improper Action,No Apparent Influence,No Apparent Influence,33.34910387,-111.9631335,2021-04-13,20:23:00
40573,3768792,2021,Price Rd,University Dr,-100.0,Not Junction Related,0.0,0.0,No Injury,Sideswipe Same Direction,Dark Lighted,Clear,Dry,38.0,Male,North,Changing Lanes,Unsafe Lane Change,No Apparent Influence,No Apparent Influence,24.0,Female,North,Going Straight Ahead,No Improper Action,No Apparent Influence,No Apparent Influence,33.42174321,-111.8903222,2021-04-14,02:14:00
40574,3768430,2021,Guadalupe Rd,La Rosa Dr,0.0,Intersection T Inter 203,2.0,0.0,Possible Injury,Angle - Other Than Left Turn 2,Dark Lighted,Clear,Dry,25.0,Male,South,Making Left Turn,Failed To Yield Right Of Way,No Apparent Influence,No Apparent Influence,16.0,Female,West,Going Straight Ahead,No Improper Action,No Apparent Influence,No Apparent Influence,33.36375072,-111.9308788,2021-04-14,05:52:00
40575,3777153,2021,Scottsdale Rd,Playa Del Norte Dr,-178.0,Not Junction Related,0.0,0.0,No Injury,Rear End,Dark Lighted,Clear,Dry,23.0,Male,South,Going Straight Ahead,Speed To Fast For Conditions,No Apparent Influence,No Apparent Influence,21.0,Female,South,Going Straight Ahead,No Improper Action,No Apparent Influence,No Apparent Influence,33.43354564,-111.926267,2021-04-14,06:55:00
40576,3768966,2021,Elliot Rd,Willow Dr,0.0,Intersection 201,0.0,0.0,No Injury,Angle - Other Than Left Turn 2,Daylight,Clear,Dry,23.0,Female,South,Making Right Turn,Failed To Yield Right Of Way,No Apparent Influence,No Apparent Influence,66.0,Male,West,Going Straight Ahead,No Improper Action,No Apparent Influence,No Apparent Influence,33.3491311,-111.9148515,2021-04-14,15:06:00
40577,3768965,2021,Guadalupe Rd,McClintock Dr,60.0,Intersection Related 206,0.0,0.0,No Injury,Sideswipe Same Direction,Daylight,Clear,Dry,26.0,Female,West,Going Straight Ahead,Failed To Keep In Proper Lane,No Apparent Influence,No Apparent Influence,44.0,Female,West,Going Straight Ahead,No Improper Action,No Apparent Influence,No Apparent Influence,33.36376128,-111.9110607,2021-04-14,16:05:00
40582,3768465,2021,Southern Ave,Clementine Dr,0.0,Intersection Related 206,0.0,0.0,No Injury,Sideswipe Same Direction,Daylight,Clear,Dry,27.0,Female,East,Changing Lanes,Unsafe Lane Change,No Apparent Influence,No Apparent Influence,67.0,Male,East,Going Straight Ahead,No Improper Action,No Apparent Influence,No Apparent Influence,33.39286354,-111.9635849,2021-04-15,19:00:00
40584,3768495,2021,Elliot Rd,Priest Dr,-130.0,Intersection Related 206,0.0,0.0,No Injury,Rear End,Daylight,Cloudy,Dry,22.0,Female,East,Going Straight Ahead,Followed Too Closely,No Apparent Influence,No Apparent Influence,37.0,Male,East,Slowing In Trafficway,No Improper Action,No Apparent Influence,No Apparent Influence,33.34909641,-111.9635584,2021-04-15,19:21:00
40586,3768793,2021,Broadway Rd,Ventura Dr,0.0,Intersection T Inter 203,0.0,0.0,No Injury,Angle - Other Than Left Turn 2,Daylight,Clear,Dry,26.0,Male,South,Making Left Turn,Failed To Yield Right Of Way,No Apparent Influence,No Apparent Influence,17.0,Female,West,Going Straight Ahead,No Improper Action,No Apparent Influence,No Apparent Influence,33.40748202,-111.9301199,2021-04-15,22:16:00
40589,3768497,2021,Baseline Rd,Hardy Dr,150.0,Intersection Related 206,1.0,0.0,Possible Injury,Sideswipe Same Direction,Daylight,Clear,Dry,46.0,Female,West,Changing Lanes,Unsafe Lane Change,No Apparent Influence,No Apparent Influence,41.0,Male,West,Going Straight Ahead,No Improper Action,No Apparent Influence,No Apparent Influence,33.37821157,-111.9520214,2021-04-15,23:21:00
40591,3768498,2021,Warner Rd,Dromedary Dr,230.0,Not Junction Related,0.0,0.0,No Injury,Rear End,Daylight,Clear,Dry,26.0,Female,West,Going Straight Ahead,Followed Too Closely,No Apparent Influence,No Apparent Influence,26.0,Male,West,Stopped In Trafficway,No Improper Action,No Apparent Influence,No Apparent Influence,33.33461737,-111.9425253,2021-04-16,00:09:00
40594,3777152,2021,University Dr,Rural Rd,24.0,Intersection Related 206,0.0,0.0,No Injury,Rear End,Dawn,Clear,Dry,38.0,Male,South,Going Straight Ahead,Speed To Fast For Conditions,No Apparent Influence,No Apparent Influence,26.0,Female,South,Stopped In Trafficway,No Improper Action,No Apparent Influence,No Apparent Influence,33.4220289,-111.9262338,2021-04-16,11:50:00
40595,3755644,2021,Curry Rd,Mary St,15.0,Intersection 201,0.0,0.0,No Injury,Left Turn,Daylight,Clear,Dry,35.0,Male,North,Making Left Turn,Failed To Yield Right Of Way,No Apparent Influence,No Apparent Influence,27.0,Male,East,Going Straight Ahead,No Improper Action,No Apparent Influence,No Apparent Influence,33.44040859,-111.9236557,2021-04-16,21:13:00
40596,3769751,2021,Curry Rd,Scottsdale Rd,136.0,Intersection Related 206,2.0,0.0,Suspected Minor Injury,Angle - Other Than Left Turn 2,Daylight,Clear,Dry,19.0,Female,Northeast,Making Right Turn,Failed To Yield Right Of Way,No Apparent Influence,No Apparent Influence,34.0,Female,East,Going Straight Ahead,No Improper Action,No Apparent Influence,No Apparent Influence,33.44030225,-111.9258921,2021-04-16,23:08:00
40597,3769711,2021,Baseline Rd,Kyrene Rd,-40.0,Intersection Related 206,0.0,0.0,No Injury,Rear End,Daylight,Clear,Dry,28.0,Male,East,Going Straight Ahead,Followed Too Closely,No Apparent Influence,No Apparent Influence,40.0,Male,East,Stopped In Trafficway,No Improper Action,No Apparent Influence,No Apparent Influence,33.37819977,-111.9461196,2021-04-16,23:30:00
40600,3779901,2021,Priest Dr,Washington St,-55.0,Intersection Related 206,0.0,0.0,No Injury,Rear End,Daylight,Clear,Dry,34.0,Female,North,Going Straight Ahead,Followed Too Closely,No Apparent Influence,No Apparent Influence,36.0,Female,North,Stopped In Trafficway,No Improper Action,No Apparent Influence,No Apparent Influence,33.44253544,-111.9567531,2021-04-17,00:43:00
40601,3769746,2021,McClintock Dr,University Dr,-123.0,Driveway Or Alley,2.0,0.0,Suspected Minor Injury,Angle - Other Than Left Turn 2,Dusk,Clear,Dry,19.0,Female,West,Making Right Turn,Failed To Yield Right Of Way,No Apparent Influence,No Apparent Influence,33.0,Male,North,Going Straight Ahead,No Improper Action,No Apparent Influence,No Apparent Influence,33.42164493,-111.9090914,2021-04-17,01:07:00
40603,3773593,2021,Baseline Rd,McClintock Dr,-20.0,Intersection Related 206,0.0,0.0,No Injury,Rear End,Dark Lighted,Clear,Dry,25.0,Female,East,Going Straight Ahead,Speed To Fast For Conditions,No Apparent Influence,No Apparent Influence,47.0,Female,East,Stopped In Trafficway,No Improper Action,No Apparent Influence,No Apparent Influence,33.37842421,-111.9093269,2021-04-17,03:27:00
40605,3768357,2021,Warner Rd,Kyrene Rd,0.0,Intersection 4 Way 202,1.0,0.0,Possible Injury,Angle - Other Than Left Turn 2,Dark Lighted,Clear,Dry,30.0,Male,East,Going Straight Ahead,Other,Alcohol,No Apparent Influence,26.0,Male,North,Going Straight Ahead,No Improper Action,No Apparent Influence,No Apparent Influence,33.33460174,-111.9456572,2021-04-17,07:55:00
40606,3773674,2021,Scottsdale Rd,Fillmore St,0.0,Driveway Or Alley,0.0,0.0,No Injury,Sideswipe Opposite Direction,Dark Lighted,Clear,Dry,32.0,Female,West,Making Left Turn,Failed To Yield Right Of Way,No Apparent Influence,No Apparent Influence,31.0,Female,South,Going Straight Ahead,Speed To Fast For Conditions,No Apparent Influence,No Apparent Influence,33.45241624,-111.9264543,2021-04-17,09:20:00
40612,3777325,2021,Broadway Rd,Rural Rd,0.0,Intersection 4 Way 202,0.0,0.0,No Injury,Sideswipe Same Direction,Daylight,Clear,Dry,31.0,Male,West,Avoiding Vehicle Object Pedestrian,Other,No Apparent Influence,No Apparent Influence,28.0,Male,West,Going Straight Ahead,No Improper Action,No Apparent Influence,No Apparent Influence,33.40750178,-111.9262829,2021-04-17,22:00:00
40613,3768419,2021,Rio Salado Pkwy,Perry Ln,0.0,Intersection 4 Way 202,0.0,0.0,No Injury,Left Turn,Dark Lighted,Clear,Dry,21.0,Male,West,Going Straight Ahead,Disregarded Traffic Signal,No Apparent Influence,No Apparent Influence,35.0,Male,East,Making Left Turn,No Improper Action,No Apparent Influence,No Apparent Influence,33.42923899,-111.904765,2021-04-17,23:35:00
40617,3768325,2021,University Dr,Roosevelt St,150.0,Driveway Or Alley,2.0,0.0,Suspected Minor Injury,Left Turn,Daylight,Clear,Dry,22.0,Female,West,Making Left Turn,Failed To Yield Right Of Way,No Apparent Influence,No Apparent Influence,31.0,Male,East,Going Straight Ahead,No Improper Action,No Apparent Influence,No Apparent Influence,33.42189948,-111.9468027,2021-04-18,02:36:00
40618,3777432,2021,Guadalupe Rd,El Camino Dr,-20.0,Intersection Related 206,2.0,0.0,Suspected Minor Injury,Rear End,Dark Lighted,Clear,Dry,17.0,Male,East,Making Right Turn,Unknown,No Apparent Influence,No Apparent Influence,68.0,Male,East,Going Straight Ahead,Unknown,No Apparent Influence,No Apparent Influence,33.36373083,-111.9332503,2021-04-18,04:44:00
40619,3777151,2021,Rural Rd,Lemon St,-100.0,Not Junction Related,2.0,0.0,Possible Injury,Angle - Other Than Left Turn 2,Dark Lighted,Clear,Dry,24.0,Male,West,Making Left Turn,Failed To Yield Right Of Way,No Apparent Influence,No Apparent Influence,20.0,Female,North,Going Straight Ahead,No Improper Action,No Apparent Influence,No Apparent Influence,33.41656022,-111.9262972,2021-04-18,07:46:00
40622,3768449,2021,Broadway Rd,Rural Rd,0.0,Intersection Related 206,0.0,0.0,No Injury,Left Turn,Daylight,Clear,Dry,25.0,Female,West,Making Left Turn,Failed To Yield Right Of Way,No Apparent Influence,No Apparent Influence,20.0,Male,East,Going Straight Ahead,No Improper Action,No Apparent Influence,No Apparent Influence,33.40750178,-111.9262829,2021-04-18,18:08:00
40625,3779914,2021,Baseline Rd,Rural Rd,0.0,Intersection 4 Way 202,2.0,0.0,Possible Injury,Angle - Other Than Left Turn 2,Daylight,Clear,Dry,49.0,Male,East,Going Straight Ahead,Failed To Yield Right Of Way,No Apparent Influence,No Apparent Influence,19.0,Female,North,Going Straight Ahead,Failed To Yield Right Of Way,No Apparent Influence,No Apparent Influence,33.37824921,-111.9286869,2021-04-19,01:12:00
40626,3769745,2021,McClintock Dr,Apache Blvd,50.0,Intersection Related 206,0.0,0.0,No Injury,Rear End,Dark Lighted,Cloudy,Dry,47.0,Female,North,Going Straight Ahead,Speed To Fast For Conditions,No Apparent Influence,No Apparent Influence,28.0,Male,North,Stopped In Trafficway,No Improper Action,No Apparent Influence,No Apparent Influence,33.41489727,-111.9091323,2021-04-19,01:50:00
40627,3769744,2021,Rural Rd,Vista Del Cerro Dr,75.0,Intersection Related 206,0.0,0.0,No Injury,Sideswipe Same Direction,Dark Lighted,Cloudy,Dry,18.0,Male,South,Going Straight Ahead,Speed To Fast For Conditions,No Apparent Influence,No Apparent Influence,19.0,Female,South,Slowing In Trafficway,No Improper Action,No Apparent Influence,No Apparent Influence,33.41032777,-111.9262842,2021-04-19,02:58:00
40630,3777150,2021,McClintock Dr,Rio Salado Pkwy,115.0,Not Junction Related,0.0,0.0,No Injury,Rear End,Dark Lighted,Clear,Dry,25.0,Male,North,Going Straight Ahead,Speed To Fast For Conditions,No Apparent Influence,No Apparent Influence,27.0,Male,North,Going Straight Ahead,No Improper Action,No Apparent Influence,No Apparent Influence,33.42957766,-111.9090848,2021-04-19,04:26:00
40631,3768853,2021,Southern Ave,Roosevelt St,0.0,Intersection 4 Way 202,0.0,0.0,No Injury,Left Turn,Daylight,Clear,Dry,27.0,Male,West,Making Left Turn,Failed To Yield Right Of Way,No Apparent Influence,No Apparent Influence,36.0,Male,East,Going Straight Ahead,No Improper Action,No Apparent Influence,No Apparent Influence,33.39284564,-111.9478283,2021-04-19,15:27:00
40632,3768988,2021,Elliot Rd,S La Corta Dr,0.0,Intersection 201,0.0,0.0,No Injury,Sideswipe Same Direction,Daylight,Clear,Dry,45.0,Male,North,Making Left Turn,Aggressive Driving,No Apparent Influence,No Apparent Influence,43.0,Male,West,Going Straight Ahead,No Improper Action,No Apparent Influence,No Apparent Influence,33.34919131,-111.9306112,2021-04-19,16:46:00
40633,3840166,2021,Terrace Rd,Broadway Rd,0.0,Intersection 4 Way 202,0.0,0.0,No Injury,Angle - Other Than Left Turn 2,Daylight,Clear,Dry,16.0,Male,South,Making Right Turn,Disregarded Traffic Signal,No Apparent Influence,No Apparent Influence,72.0,Female,West,Going Straight Ahead,No Improper Action,No Apparent Influence,No Apparent Influence,33.40751129,-111.9226147,2021-04-19,18:49:00
40637,3777283,2021,2nd St,Hardy Dr,84.0,Intersection Related 206,0.0,0.0,No Injury,Sideswipe Same Direction,Daylight,Clear,Dry,28.0,Male,East,Going Straight Ahead,Drove Left Of Center Line,No Apparent Influence,No Apparent Influence,26.0,Female,East,Making Left Turn,No Improper Action,No Apparent Influence,No Apparent Influence,33.42778679,-111.9520416,2021-04-19,21:52:00
40641,3768437,2021,Rio Salado Pkwy,1st St,0.0,Intersection T Inter 203,0.0,0.0,No Injury,Angle - Other Than Left Turn 2,Daylight,Clear,Dry,27.0,Female,North,Making Left Turn,Failed To Yield Right Of Way,No Apparent Influence,No Apparent Influence,33.0,Male,West,Going Straight Ahead,No Improper Action,No Apparent Influence,No Apparent Influence,33.43018301,-111.9594868,2021-04-20,17:24:00
40642,3768934,2021,McClintock Dr,Center Ln,-45.0,Intersection Related 206,1.0,0.0,Suspected Minor Injury,Left Turn,Daylight,Clear,Dry,22.0,Female,West,Making Left Turn,Failed To Yield Right Of Way,No Apparent Influence,No Apparent Influence,20.0,Female,South,Going Straight Ahead,No Improper Action,No Apparent Influence,No Apparent Influence,33.4207445,-111.9091086,2021-04-20,18:11:00
40643,3768856,2021,Priest Dr,Rio Salado Pkwy,100.0,Intersection Related 206,0.0,0.0,No Injury,Sideswipe Same Direction,Daylight,Clear,Dry,35.0,Male,South,Making Left Turn,Unknown,No Apparent Influence,No Apparent Influence,58.0,Male,South,Stopped In Trafficway,Unknown,No Apparent Influence,No Apparent Influence,33.42983514,-111.9609721,2021-04-20,20:49:00
40646,3773562,2021,Miller Rd,Weber Dr,0.0,Intersection 4 Way 202,0.0,0.0,No Injury,Angle - Other Than Left Turn 2,Daylight,Clear,Dry,17.0,Male,West,Making Left Turn,Failed To Yield Right Of Way,No Apparent Influence,No Apparent Influence,28.0,Female,North,Going Straight Ahead,No Improper Action,No Apparent Influence,No Apparent Influence,33.44403218,-111.9179474,2021-04-20,21:51:00
40647,3768933,2021,McClintock Dr,Guadalupe Rd,0.0,Intersection 4 Way 202,1.0,0.0,Possible Injury,Left Turn,Daylight,Clear,Dry,74.0,Male,South,Making Left Turn,Failed To Yield Right Of Way,No Apparent Influence,No Apparent Influence,45.0,Female,North,Going Straight Ahead,No Improper Action,No Apparent Influence,No Apparent Influence,33.36376447,-111.9112568,2021-04-20,23:04:00
40650,3773547,2021,Southern Ave,Kyrene Rd,0.0,Intersection T Inter 203,0.0,0.0,No Injury,Sideswipe Same Direction,Daylight,Clear,Dry,50.0,Male,North,Making Left Turn,Unknown,No Apparent Influence,No Apparent Influence,54.0,Male,North,Making Left Turn,Unknown,No Apparent Influence,No Apparent Influence,33.39283734,-111.9436848,2021-04-21,15:34:00
40652,3768938,2021,Guadalupe Rd,La Rosa Dr,85.0,Driveway Or Alley,0.0,0.0,No Injury,Rear End,Daylight,Clear,Dry,31.0,Male,East,Going Straight Ahead,Speed To Fast For Conditions,No Apparent Influence,No Apparent Influence,18.0,Female,East,Going Straight Ahead,No Improper Action,No Apparent Influence,No Apparent Influence,33.36375057,-111.9306004,2021-04-21,17:20:00
40654,3768932,2021,McClintock Dr,La Vieve Ln,223.0,Not Junction Related,0.0,0.0,No Injury,Rear End,Daylight,Clear,Dry,40.0,Female,North,Going Straight Ahead,Followed Too Closely,No Apparent Influence,No Apparent Influence,56.0,Male,North,Stopped In Trafficway,No Improper Action,No Apparent Influence,No Apparent Influence,33.33207758,-111.9111648,2021-04-21,22:37:00
40655,3768950,2021,Priest Dr,University Dr,-178.0,Intersection Related 206,0.0,0.0,No Injury,Sideswipe Same Direction,Daylight,Clear,Dry,46.0,Male,North,Changing Lanes,Unsafe Lane Change,No Apparent Influence,No Apparent Influence,24.0,Male,North,Going Straight Ahead,No Improper Action,No Apparent Influence,No Apparent Influence,33.42145358,-111.9609004,2021-04-22,00:07:00
40656,3769750,2021,Rio Salado Pkwy,McClintock Dr,-38.0,Intersection Related 206,1.0,0.0,Possible Injury,Rear End,Daylight,Clear,Dry,20.0,Male,East,Going Straight Ahead,Speed To Fast For Conditions,No Apparent Influence,No Apparent Influence,32.0,Female,East,Stopped In Trafficway,No Improper Action,No Apparent Influence,No Apparent Influence,33.42924659,-111.9091923,2021-04-22,03:32:00
40657,3768356,2021,Baseline Rd,Kyrene Rd,0.0,Intersection T Inter 203,0.0,0.0,No Injury,Left Turn,Dark Lighted,Clear,Dry,43.0,Male,South,Making Left Turn,Failed To Yield Right Of Way,No Apparent Influence,No Apparent Influence,18.0,Male,East,Going Straight Ahead,No Improper Action,No Apparent Influence,No Apparent Influence,33.37819996,-111.9459886,2021-04-22,05:46:00
40659,3777413,2021,Los Feliz Dr,Elliot Rd,-24.0,Intersection Related 206,0.0,0.0,No Injury,Rear End,Daylight,Clear,Dry,72.0,Female,North,Going Straight Ahead,Followed Too Closely,No Apparent Influence,No Apparent Influence,35.0,Male,North,Stopped In Trafficway,No Improper Action,No Apparent Influence,No Apparent Influence,33.34910297,-111.9068475,2021-04-22,16:45:00
40660,3773926,2021,Farmer Ave,University Dr,-35.0,Intersection Related 206,0.0,0.0,No Injury,Rear End,Daylight,Unknown,Dry,23.0,Male,South,Backing,Other,No Apparent Influence,No Apparent Influence,20.0,Female,North,Stopped In Trafficway,No Improper Action,No Apparent Influence,No Apparent Influence,33.42180061,-111.9442545,2021-04-22,17:17:00
40661,3773561,2021,Guadalupe Rd,McClintock Dr,212.0,Not Junction Related,0.0,0.0,No Injury,Sideswipe Same Direction,Daylight,Clear,Dry,80.0,Male,East,Making Left Turn,Made Improper Turn,No Apparent Influence,No Apparent Influence,72.0,Female,East,Going Straight Ahead,No Improper Action,No Apparent Influence,No Apparent Influence,33.36376253,-111.9105629,2021-04-22,17:31:00
40663,3769739,2021,McClintock Dr,Center Ln,-70.0,Intersection Related 206,0.0,0.0,No Injury,Rear End,Daylight,Clear,Dry,23.0,Male,North,Going Straight Ahead,Followed Too Closely,No Apparent Influence,No Apparent Influence,55.0,Male,North,Slowing In Trafficway,No Improper Action,No Apparent Influence,No Apparent Influence,33.42067582,-111.9091083,2021-04-22,18:58:00
40666,3773564,2021,Southern Ave,Clementine Dr,-141.0,Intersection Related 206,0.0,0.0,No Injury,U Turn,Daylight,Clear,Dry,42.0,Female,West,Making U Turn,Other,No Apparent Influence,No Apparent Influence,22.0,Male,East,Going Straight Ahead,No Improper Action,No Apparent Influence,No Apparent Influence,33.39285923,-111.9640465,2021-04-22,23:57:00
40672,3779902,2021,Rural Rd,Lemon St,150.0,Not Junction Related,0.0,0.0,No Injury,Rear End,Daylight,Clear,Dry,23.0,Female,North,Going Straight Ahead,Speed To Fast For Conditions,No Apparent Influence,No Apparent Influence,48.0,Female,North,Stopped In Trafficway,No Improper Action,No Apparent Influence,No Apparent Influence,33.41724841,-111.9262965,2021-04-23,15:08:00
40673,3768479,2021,Broadway Rd,Cottonwood Dr,230.0,Driveway Or Alley,0.0,0.0,No Injury,Angle - Other Than Left Turn 2,Daylight,Clear,Dry,20.0,Male,South,Making Right Turn,Failed To Yield Right Of Way,No Apparent Influence,No Apparent Influence,53.0,Male,West,Stopped In Trafficway,No Improper Action,No Apparent Influence,No Apparent Influence,33.40752121,-111.8886236,2021-04-23,19:37:00
40674,3769747,2021,University Dr,Priest Dr,-218.0,Intersection Related 206,1.0,0.0,Possible Injury,Left Turn,Daylight,Clear,Dry,21.0,Female,South,Making Left Turn,Failed To Yield Right Of Way,No Apparent Influence,No Apparent Influence,19.0,Male,West,Going Straight Ahead,No Improper Action,No Apparent Influence,No Apparent Influence,33.42194166,-111.9616379,2021-04-23,20:06:00
40676,3773571,2021,Mill Ave,Oxford Dr,0.0,Intersection T Inter 203,0.0,0.0,No Injury,Angle - Other Than Left Turn 2,Daylight,Clear,Dry,18.0,Male,South,Leaving Parking Position,Unsafe Lane Change,No Apparent Influence,No Apparent Influence,67.0,Male,South,Going Straight Ahead,No Improper Action,No Apparent Influence,No Apparent Influence,33.37368587,-111.9375423,2021-04-23,23:51:00
40679,3769741,2021,Baseline Rd,McClintock Dr,35.0,Intersection Related 206,0.0,0.0,No Injury,Sideswipe Same Direction,Dark Lighted,Clear,Dry,41.0,Male,West,Changing Lanes,Unsafe Lane Change,No Apparent Influence,No Apparent Influence,62.0,Male,West,Going Straight Ahead,No Improper Action,No Apparent Influence,No Apparent Influence,33.37842436,-111.9091468,2021-04-24,03:52:00
40685,3756921,2021,Broadway Rd,48th St,65.0,Intersection Related Interchange,0.0,0.0,No Injury,Rear End,Daylight,Clear,Dry,17.0,Male,West,Making Right Turn,Speed To Fast For Conditions,No Apparent Influence,No Apparent Influence,32.0,Male,West,Stopped In Trafficway,No Improper Action,No Apparent Influence,No Apparent Influence,33.4073252,-111.9780746,2021-04-24,21:14:00
40686,3777314,2021,McClintock Dr,Curry Rd,0.0,Intersection T Inter 203,1.0,0.0,Suspected Minor Injury,Left Turn,Daylight,Clear,Dry,16.0,Female,North,Making Left Turn,Failed To Yield Right Of Way,No Apparent Influence,No Apparent Influence,20.0,Female,South,Going Straight Ahead,No Improper Action,No Apparent Influence,No Apparent Influence,33.44040376,-111.9095616,2021-04-24,23:30:00
40690,3777286,2021,College Ave,Veterans Way,-100.0,Intersection Related 206,0.0,0.0,No Injury,Rear End,Dark Lighted,Clear,Dry,62.0,Male,North,Going Straight Ahead,Speed To Fast For Conditions,No Apparent Influence,No Apparent Influence,21.0,Female,North,Stopped In Trafficway,No Improper Action,No Apparent Influence,No Apparent Influence,33.42512515,-111.9349782,2021-04-25,05:31:00
40691,3779849,2021,Rural Rd,6th St,-65.0,Intersection Related 206,1.0,0.0,Possible Injury,Rear End,Dark Lighted,Clear,Dry,20.0,Female,South,Going Straight Ahead,Speed To Fast For Conditions,No Apparent Influence,No Apparent Influence,20.0,Female,South,Stopped In Trafficway,No Improper Action,No Apparent Influence,No Apparent Influence,33.42431932,-111.9263024,2021-04-25,05:45:00