,Incident ID,Year,Street Name,Cross Street,Distance,Junction Relation,Total Injuries,Total Fatalities,Injury Severity,Collision Manner,Light Condition,Weather,Surface Condition,Age Driver 1,Gender Driver 1,Travel Direction One,Unit Action One,Violation1_Drv1,Alcohol Use Driver 1,Drug Use Driver 1,Age Driver 2,Gender Driver 2,Travel Direction Two,Unit Action Two,Violation 1 Driver 2,Alcohol Use Driver 2,Drug Use Driver 2,Latitude,Longitude,Date,Time
40693,3773563,2021,McClintock Dr,8th St,0.0,Intersection T Inter 203,0.0,0.0,No Injury,Rear End,Dark Lighted,Clear,Dry,76.0,Male,South,Slowing In Trafficway,Followed Too Closely,No Apparent Influence,No Apparent Influence,21.0,Female,South,Making Right Turn,No Improper Action,No Apparent Influence,No Apparent Influence,33.41952142,-111.9090983,2021-04-25,07:29:00
40698,3768937,2021,Broadway Rd,Priest Dr,-132.0,Intersection Related 206,0.0,0.0,No Injury,Rear End,Daylight,Cloudy,Dry,27.0,Male,East,Going Straight Ahead,Followed Too Closely,No Apparent Influence,No Apparent Influence,34.0,Male,East,Stopped In Trafficway,No Improper Action,No Apparent Influence,No Apparent Influence,33.40742178,-111.9612129,2021-04-26,17:51:00
40700,3768974,2021,Southern Ave,Terrace Rd,-135.0,Intersection Related 206,2.0,0.0,Possible Injury,Rear End,Daylight,Cloudy,Dry,57.0,Female,West,Going Straight Ahead,Speed To Fast For Conditions,No Apparent Influence,No Apparent Influence,22.0,Female,West,Stopped In Trafficway,No Improper Action,No Apparent Influence,No Apparent Influence,33.39296285,-111.9234681,2021-04-26,21:08:00
40701,3777418,2021,Guadalupe Rd,Juniper St,0.0,Intersection Related 206,0.0,0.0,No Injury,Rear End,Daylight,Cloudy,Dry,16.0,Female,East,Going Straight Ahead,Followed Too Closely,No Apparent Influence,No Apparent Influence,54.0,Female,East,Stopped In Trafficway,No Improper Action,No Apparent Influence,No Apparent Influence,33.36376612,-111.9149886,2021-04-26,21:55:00
40703,3773658,2021,Southern Ave,McClintock Dr,38.0,Intersection Related 206,0.0,0.0,No Injury,Rear End,Daylight,Cloudy,Dry,62.0,Female,West,Going Straight Ahead,Followed Too Closely,No Apparent Influence,No Apparent Influence,30.0,Female,West,Stopped In Trafficway,No Improper Action,No Apparent Influence,No Apparent Influence,33.39299158,-111.9090022,2021-04-26,23:21:00
40704,3773592,2021,College Ave,Gilbert Dr,128.0,Intersection Related 206,0.0,0.0,No Injury,Sideswipe Same Direction,Daylight,Cloudy,Dry,28.0,Female,North,Leaving Parking Position,Unsafe Lane Change,No Apparent Influence,No Apparent Influence,49.0,Female,North,Going Straight Ahead,No Improper Action,No Apparent Influence,No Apparent Influence,33.43680157,-111.9300636,2021-04-26,23:46:00
40705,3773157,2021,Fairmont Dr,Roosevelt St,0.0,Intersection 4 Way 202,1.0,0.0,Suspected Minor Injury,Angle - Other Than Left Turn 2,Daylight,Cloudy,Dry,23.0,Female,East,Going Straight Ahead,Ran Stop Sign,No Apparent Influence,No Apparent Influence,28.0,Male,South,Going Straight Ahead,No Improper Action,No Apparent Influence,No Apparent Influence,33.39647646,-111.9478271,2021-04-27,01:03:00
40706,3783871,2021,Baseline Rd,Mill Ave,-90.0,Not Junction Related,1.0,0.0,Possible Injury,Left Turn,Dark Lighted,Clear,Dry,25.0,Female,East,Making Left Turn,Failed To Yield Right Of Way,No Apparent Influence,No Apparent Influence,26.0,Female,West,Going Straight Ahead,No Improper Action,No Apparent Influence,No Apparent Influence,33.37821889,-111.9396597,2021-04-27,03:00:00
40707,3773565,2021,Baseline Rd,Hardy Dr,75.0,Intersection Related 206,0.0,0.0,No Injury,Rear End,Daylight,Cloudy,Dry,31.0,Male,East,Going Straight Ahead,Speed To Fast For Conditions,No Apparent Influence,No Apparent Influence,61.0,Female,East,Stopped In Trafficway,No Improper Action,No Apparent Influence,No Apparent Influence,33.37821214,-111.9522672,2021-04-27,14:03:00
40715,3777353,2021,Willow Dr,Bell De Mar Dr,-40.0,Intersection Related 206,0.0,0.0,No Injury,Rear End,Daylight,Clear,Dry,30.0,Female,North,Going Straight Ahead,Speed To Fast For Conditions,No Apparent Influence,No Apparent Influence,26.0,Female,North,Stopped In Trafficway,No Improper Action,No Apparent Influence,No Apparent Influence,33.35957629,-111.9154813,2021-04-27,22:49:00
40717,3778399,2021,Rural Rd,Terrace Rd,-80.0,Intersection Related 206,0.0,0.0,No Injury,Rear End,Daylight,Clear,Dry,22.0,Female,North,Going Straight Ahead,Followed Too Closely,No Apparent Influence,No Apparent Influence,30.0,Female,North,Slowing In Trafficway,No Improper Action,No Apparent Influence,No Apparent Influence,33.42005574,-111.9262999,2021-04-27,23:30:00
40718,3777357,2021,McClintock Dr,E Tempe Marketplace,-195.0,Intersection Related 206,0.0,0.0,No Injury,Rear End,Daylight,Clear,Dry,40.0,Female,North,Going Straight Ahead,Followed Too Closely,No Apparent Influence,No Apparent Influence,23.0,Male,North,Stopped In Trafficway,No Improper Action,No Apparent Influence,No Apparent Influence,33.43155142,-111.9092382,2021-04-28,00:52:00
40719,3773908,2021,Price Rd,Victory Dr,-40.0,Intersection Related 206,0.0,0.0,No Injury,Sideswipe Same Direction,Daylight,Clear,Dry,25.0,Female,North,Changing Lanes,Unsafe Lane Change,No Apparent Influence,No Apparent Influence,37.0,Female,North,Going Straight Ahead,No Improper Action,No Apparent Influence,No Apparent Influence,33.41832027,-111.8906136,2021-04-28,01:13:00
40722,3773594,2021,University Dr,River Dr,0.0,Intersection T Inter 203,0.0,0.0,No Injury,Sideswipe Same Direction,Daylight,Clear,Dry,17.0,Female,North,Making Left Turn,Failed To Yield Right Of Way,No Apparent Influence,No Apparent Influence,54.0,Male,West,Going Straight Ahead,No Improper Action,No Apparent Influence,No Apparent Influence,33.42209204,-111.8961946,2021-04-28,16:31:00
40724,3777354,2021,Apache Blvd,Martin Ln,60.0,Intersection Related 206,0.0,0.0,No Injury,Rear End,Daylight,Clear,Dry,67.0,Female,West,Going Straight Ahead,Speed To Fast For Conditions,No Apparent Influence,No Apparent Influence,21.0,Male,West,Stopped In Trafficway,No Improper Action,No Apparent Influence,No Apparent Influence,33.41477169,-111.9013721,2021-04-28,19:36:00
40729,3777360,2021,Kyrene Rd,Guadalupe Rd,0.0,Intersection 4 Way 202,1.0,0.0,Suspected Minor Injury,Left Turn,Daylight,Clear,Dry,27.0,Male,North,Making Left Turn,Failed To Yield Right Of Way,No Apparent Influence,No Apparent Influence,27.0,Male,Southeast,Going Straight Ahead,No Improper Action,No Apparent Influence,No Apparent Influence,33.36365928,-111.9458941,2021-04-29,13:34:00
40731,3777342,2021,Broadway Rd,I-10 Exit 153 G-Ramp,125.0,Intersection Related 206,0.0,0.0,No Injury,Rear End,Daylight,Clear,Dry,48.0,Male,West,Going Straight Ahead,Speed To Fast For Conditions,No Apparent Influence,No Apparent Influence,39.0,Female,West,Stopped In Trafficway,No Improper Action,No Apparent Influence,No Apparent Influence,33.40859061,-111.9732245,2021-04-29,16:20:00
40732,3773675,2021,48th St,Southern Ave,0.0,Intersection 4 Way 202,1.0,0.0,Possible Injury,Left Turn,Daylight,Clear,Dry,53.0,Female,South,Making Left Turn,Failed To Yield Right Of Way,No Apparent Influence,No Apparent Influence,45.0,Male,North,Going Straight Ahead,No Improper Action,No Apparent Influence,No Apparent Influence,33.39276724,-111.9783383,2021-04-29,20:26:00
40735,3773682,2021,Baseline Rd,Priest Dr,157.0,Intersection Related 206,0.0,0.0,No Injury,Sideswipe Same Direction,Daylight,Clear,Dry,51.0,Female,West,Changing Lanes,Unsafe Lane Change,No Apparent Influence,No Apparent Influence,59.0,Male,West,Going Straight Ahead,No Improper Action,No Apparent Influence,No Apparent Influence,33.3782437,-111.9626608,2021-04-30,00:18:00
40736,3773900,2021,Broadway Rd,La Rosa Dr,0.0,Intersection T Inter 203,0.0,0.0,No Injury,Rear End,Daylight,Clear,Dry,30.0,Male,East,Going Straight Ahead,Followed Too Closely,No Apparent Influence,No Apparent Influence,22.0,Female,East,Slowing In Trafficway,No Improper Action,No Apparent Influence,No Apparent Influence,33.40748798,-111.9290139,2021-04-30,00:21:00
40737,3773670,2021,Warner Rd,Hardy Dr,0.0,Intersection 4 Way 202,0.0,0.0,No Injury,Left Turn,Dusk,Clear,Dry,31.0,Male,East,Making Left Turn,Failed To Yield Right Of Way,No Apparent Influence,No Apparent Influence,23.0,Male,West,Going Straight Ahead,No Improper Action,No Apparent Influence,No Apparent Influence,33.33456763,-111.9543378,2021-04-30,02:02:00
40739,3773907,2021,Broadway Rd,Cutler Dr,0.0,Intersection 4 Way 202,2.0,0.0,Possible Injury,Angle - Other Than Left Turn 2,Dark Lighted,Clear,Dry,24.0,Female,North,Making Left Turn,Failed To Yield Right Of Way,No Apparent Influence,No Apparent Influence,53.0,Female,West,Going Straight Ahead,No Improper Action,No Apparent Influence,No Apparent Influence,33.40741289,-111.9583705,2021-04-30,03:40:00
40740,3778329,2021,Broadway Rd,Rural Rd,0.0,Intersection 4 Way 202,0.0,0.0,No Injury,Angle - Other Than Left Turn 2,Dark Lighted,Clear,Dry,22.0,Female,South,Making Left Turn,Failed To Yield Right Of Way,No Apparent Influence,No Apparent Influence,23.0,Male,East,Going Straight Ahead,No Improper Action,No Apparent Influence,No Apparent Influence,33.40750178,-111.9262829,2021-04-30,07:06:00
40741,3777147,2021,Rural Rd,Bell De Mar Dr,60.0,Not Junction Related,1.0,0.0,Suspected Minor Injury,Sideswipe Same Direction,Dark Lighted,Clear,Dry,54.0,Female,North,Overtaking Passing,Speed To Fast For Conditions,No Apparent Influence,No Apparent Influence,47.0,Male,North,Going Straight Ahead,No Improper Action,No Apparent Influence,No Apparent Influence,33.35812609,-111.9285554,2021-04-30,07:08:00
40742,3773543,2021,Rural Rd,Bell De Mar Dr,0.0,Intersection 4 Way 202,1.0,0.0,Possible Injury,Rear End,Daylight,Clear,Wet,31.0,Male,North,Going Straight Ahead,Followed Too Closely,No Apparent Influence,No Apparent Influence,31.0,Male,North,Making Right Turn,No Improper Action,No Apparent Influence,No Apparent Influence,33.3579614,-111.9285534,2021-04-30,18:14:00
40743,3779541,2021,Broadway Rd,Hardy Dr,40.0,Intersection Related 206,0.0,0.0,No Injury,Sideswipe Same Direction,Daylight,Clear,Dry,20.0,Male,West,Changing Lanes,Unsafe Lane Change,No Apparent Influence,No Apparent Influence,44.0,Female,West,Going Straight Ahead,No Improper Action,No Apparent Influence,No Apparent Influence,33.40739242,-111.952034,2021-04-30,19:26:00
40744,3778416,2021,McClintock Dr,Southern Ave,230.0,Intersection Related 206,1.0,0.0,Possible Injury,Rear End,Daylight,Clear,Dry,40.0,Male,North,Going Straight Ahead,Speed To Fast For Conditions,No Apparent Influence,No Apparent Influence,35.0,Female,North,Stopped In Trafficway,No Improper Action,No Apparent Influence,No Apparent Influence,33.39362425,-111.9091271,2021-04-30,21:26:00
40748,3777416,2021,Warner Rd,Kyrene Rd,0.0,Intersection 4 Way 202,0.0,0.0,No Injury,Angle - Other Than Left Turn 2,Daylight,Clear,Dry,22.0,Male,North,Making Right Turn,Failed To Yield Right Of Way,No Apparent Influence,No Apparent Influence,28.0,Male,East,Going Straight Ahead,No Improper Action,No Apparent Influence,No Apparent Influence,33.33460174,-111.9456572,2021-05-01,00:53:00
40750,3787115,2021,University Dr,McClintock Dr,-90.0,Intersection Related 206,0.0,0.0,No Injury,Rear End,Daylight,Clear,Dry,20.0,Male,East,Going Straight Ahead,Speed To Fast For Conditions,Alcohol,No Apparent Influence,27.0,Male,East,Stopped In Trafficway,No Improper Action,No Apparent Influence,No Apparent Influence,33.4219817,-111.9093812,2021-05-01,01:45:00
40752,3787137,2021,Rio Salado Pkwy,Perry Ln,0.0,Intersection 4 Way 202,0.0,0.0,No Injury,Angle - Other Than Left Turn 2,Dark Lighted,Clear,Dry,28.0,Female,West,Going Straight Ahead,Disregarded Traffic Signal,No Apparent Influence,No Apparent Influence,20.0,Male,South,Making Left Turn,No Improper Action,No Apparent Influence,No Apparent Influence,33.42923899,-111.904765,2021-05-01,03:33:00
40754,3773673,2021,Rural Rd,6th St,42.0,Intersection Related 206,0.0,0.0,No Injury,Rear End,Dark Lighted,Clear,Dry,16.0,Female,South,Going Straight Ahead,Disregarded Traffic Signal,No Apparent Influence,No Apparent Influence,21.0,Female,South,Stopped In Trafficway,No Improper Action,No Apparent Influence,No Apparent Influence,33.42461323,-111.9263016,2021-05-01,04:17:00
40755,3778403,2021,Broadway Rd,McClintock Dr,220.0,Intersection Related 206,0.0,0.0,No Injury,Head On,Daylight,Clear,Dry,48.0,Male,South,Making Left Turn,Other,No Apparent Influence,No Apparent Influence,38.0,Male,North,Making Left Turn,No Improper Action,No Apparent Influence,No Apparent Influence,33.4074999,-111.9084041,2021-05-01,15:36:00
40756,3778402,2021,Priest Dr,US-60 Exit 172 G-Ramp,-70.0,Intersection Related 206,0.0,0.0,No Injury,Rear End,Daylight,Cloudy,Dry,65.0,Male,North,Going Straight Ahead,Followed Too Closely,No Apparent Influence,No Apparent Influence,68.0,Female,North,Stopped In Trafficway,No Improper Action,No Apparent Influence,No Apparent Influence,33.38657582,-111.9609338,2021-05-01,18:37:00
40757,3778401,2021,Farmer Ave,9th St,0.0,Intersection Related 206,0.0,0.0,No Injury,Sideswipe Same Direction,Daylight,Clear,Dry,27.0,Male,South,Backing,Other,No Apparent Influence,No Apparent Influence,31.0,Male,North,Going Straight Ahead,No Improper Action,No Apparent Influence,No Apparent Influence,33.42063168,-111.9442524,2021-05-01,22:43:00
40758,3777272,2021,Rural Rd,Vista Del Cerro Dr,-25.0,Intersection Related 206,0.0,0.0,No Injury,Rear End,Dark Lighted,Clear,Dry,43.0,Male,North,Going Straight Ahead,Followed Too Closely,No Apparent Influence,No Apparent Influence,24.0,Male,North,Stopped In Trafficway,No Improper Action,No Apparent Influence,No Apparent Influence,33.41005303,-111.9262842,2021-05-02,08:00:00
40760,3773681,2021,Broadway Rd,Hardy Dr,0.0,Intersection 4 Way 202,0.0,0.0,No Injury,Left Turn,Daylight,Clear,Dry,51.0,Male,West,Making Left Turn,Failed To Yield Right Of Way,No Apparent Influence,No Apparent Influence,23.0,Male,East,Going Straight Ahead,No Improper Action,No Apparent Influence,No Apparent Influence,33.40739301,-111.952165,2021-05-03,16:35:00
40763,3773683,2021,Baseline Rd,Elm St,116.0,Intersection Related 206,1.0,0.0,Possible Injury,Rear End,Daylight,Clear,Dry,34.0,Female,West,Going Straight Ahead,Followed Too Closely,No Apparent Influence,No Apparent Influence,86.0,Female,West,Stopped In Trafficway,No Improper Action,No Apparent Influence,No Apparent Influence,33.37839526,-111.9134173,2021-05-03,19:48:00
40764,3778352,2021,Broadway Rd,College Ave,0.0,Intersection 4 Way 202,2.0,0.0,Suspected Minor Injury,Left Turn,Daylight,Clear,Dry,25.0,Female,West,Making Left Turn,Failed To Yield Right Of Way,No Apparent Influence,No Apparent Influence,22.0,Male,East,Going Straight Ahead,No Improper Action,No Apparent Influence,No Apparent Influence,33.40743675,-111.9349064,2021-05-03,20:55:00
40769,3778351,2021,Rural Rd,Lemon St,0.0,Railway Grade Crossing,1.0,0.0,Possible Injury,Rear End,Daylight,Clear,Dry,19.0,Male,East,Making Right Turn,Failed To Yield Right Of Way,No Apparent Influence,No Apparent Influence,20.0,Female,South,Going Straight Ahead,No Improper Action,No Apparent Influence,No Apparent Influence,33.41683505,-111.9262972,2021-05-04,01:28:00
40770,3779084,2021,Mill Ave,Broadway Rd,0.0,Intersection 4 Way 202,1.0,0.0,Possible Injury,Left Turn,Daylight,Clear,Dry,19.0,Female,North,Going Straight Ahead,Disregarded Traffic Signal,No Apparent Influence,No Apparent Influence,30.0,Male,South,Making Left Turn,No Improper Action,No Apparent Influence,No Apparent Influence,33.407398,-111.9398263,2021-05-04,02:22:00
40772,3777436,2021,Apache Blvd,Rural Rd,200.0,Intersection Related 206,0.0,0.0,No Injury,Sideswipe Same Direction,Dark Lighted,Clear,Dry,27.0,Male,East,Going Straight Ahead,Failed To Keep In Proper Lane,Alcohol,No Apparent Influence,48.0,Male,East,Stopped In Trafficway,No Improper Action,No Apparent Influence,No Apparent Influence,33.41475958,-111.9256373,2021-05-04,07:59:00
40775,3773899,2021,Baseline Rd,Arizona Mills S,84.0,Intersection Related 206,0.0,0.0,No Injury,Rear End,Daylight,Clear,Dry,36.0,Male,West,Going Straight Ahead,Followed Too Closely,No Apparent Influence,No Apparent Influence,62.0,Female,West,Stopped In Trafficway,No Improper Action,No Apparent Influence,No Apparent Influence,33.37826505,-111.9651804,2021-05-04,19:16:00
40776,3777122,2021,McClintock Dr,E Tempe Marketplace,-38.0,Intersection Related 206,0.0,0.0,No Injury,Rear End,Dark Lighted,Clear,Dry,27.0,Female,North,Going Straight Ahead,Speed To Fast For Conditions,No Apparent Influence,No Apparent Influence,21.0,Female,North,Stopped In Trafficway,No Improper Action,No Apparent Influence,No Apparent Influence,33.43198036,-111.909273,2021-05-05,03:03:00
40779,3773903,2021,McClintock Dr,University Dr,0.0,Intersection 4 Way 202,0.0,0.0,No Injury,Sideswipe Same Direction,Daylight,Clear,Dry,74.0,Male,North,Making Left Turn,Unknown,No Apparent Influence,No Apparent Influence,22.0,Male,North,Making Left Turn,Unknown,No Apparent Influence,No Apparent Influence,33.42198261,-111.9090862,2021-05-05,14:21:00
40781,3773663,2021,Baseline Rd,Hardy Dr,60.0,Intersection Related 206,0.0,0.0,No Injury,Rear End,Daylight,Clear,Dry,78.0,Female,West,Going Straight Ahead,Speed To Fast For Conditions,No Apparent Influence,No Apparent Influence,66.0,Female,West,Stopped In Trafficway,No Improper Action,No Apparent Influence,No Apparent Influence,33.37821242,-111.9523163,2021-05-05,17:52:00
40783,3773685,2021,Baseline Rd,College Ave,-35.0,Intersection Related 206,1.0,0.0,Possible Injury,Rear End,Daylight,Clear,Dry,32.0,Female,East,Going Straight Ahead,Followed Too Closely,No Apparent Influence,No Apparent Influence,23.0,Male,East,Stopped In Trafficway,No Improper Action,No Apparent Influence,No Apparent Influence,33.37822565,-111.9353638,2021-05-05,23:55:00
40784,3777123,2021,Baseline Rd,Rural Rd,-90.0,Intersection Related 206,0.0,0.0,No Injury,Rear End,Daylight,Clear,Dry,49.0,Female,East,Going Straight Ahead,Followed Too Closely,No Apparent Influence,No Apparent Influence,45.0,Female,East,Stopped In Trafficway,No Improper Action,No Apparent Influence,No Apparent Influence,33.37824755,-111.9289816,2021-05-06,00:41:00
40786,3778378,2021,Kyrene Rd,Elliot Rd,0.0,Intersection 4 Way 202,0.0,0.0,No Injury,Left Turn,Dark Lighted,Clear,Dry,39.0,Male,North,Slowing In Trafficway,Disregarded Traffic Signal,No Apparent Influence,No Apparent Influence,21.0,Male,South,Making Left Turn,No Improper Action,No Apparent Influence,No Apparent Influence,33.34919914,-111.9457347,2021-05-06,02:58:00
40787,3777430,2021,Warner Rd,Beck Ave,-25.0,Intersection Related 206,0.0,0.0,No Injury,Rear End,Dark Lighted,Clear,Dry,18.0,Female,East,Going Straight Ahead,Speed To Fast For Conditions,No Apparent Influence,No Apparent Influence,42.0,Male,East,Making Right Turn,No Improper Action,No Apparent Influence,No Apparent Influence,33.33454898,-111.9587061,2021-05-06,02:59:00
40790,3777274,2021,Priest Dr,Southern Ave,-140.0,Intersection Related 206,0.0,0.0,No Injury,Sideswipe Same Direction,Daylight,Clear,Dry,23.0,Male,North,Changing Lanes,Unsafe Lane Change,No Apparent Influence,No Apparent Influence,29.0,Female,North,Going Straight Ahead,No Improper Action,No Apparent Influence,No Apparent Influence,33.39249963,-111.9607755,2021-05-06,19:40:00
40791,3777129,2021,Baseline Rd,McClintock Dr,-90.0,Intersection Related 206,1.0,0.0,Possible Injury,Rear End,Daylight,Clear,Dry,52.0,Male,East,Going Straight Ahead,Followed Too Closely,No Apparent Influence,No Apparent Influence,57.0,Female,East,Stopped In Trafficway,No Improper Action,No Apparent Influence,No Apparent Influence,33.378424,-111.9095562,2021-05-06,23:05:00
40792,3777126,2021,McClintock Dr,12th St,0.0,Intersection T Inter 203,2.0,0.0,Possible Injury,Left Turn,Daylight,Clear,Dry,62.0,Male,Northwest,Making Left Turn,Failed To Yield Right Of Way,No Apparent Influence,No Apparent Influence,25.0,Male,South,Going Straight Ahead,No Improper Action,No Apparent Influence,No Apparent Influence,33.41615033,-111.909118,2021-05-06,23:32:00
40793,3777266,2021,Elliot Rd,Harl Ave,125.0,Intersection Related 206,0.0,0.0,No Injury,Rear End,Daylight,Clear,Dry,41.0,Female,East,Going Straight Ahead,Speed To Fast For Conditions,No Apparent Influence,No Apparent Influence,26.0,Male,East,Stopped In Trafficway,No Improper Action,No Apparent Influence,No Apparent Influence,33.34908402,-111.9655192,2021-05-06,23:34:00
40794,3777447,2021,Rural Rd,Broadway Rd,35.0,Intersection Related 206,1.0,0.0,Possible Injury,Rear End,Daylight,Clear,Dry,78.0,Male,South,Going Straight Ahead,Followed Too Closely,No Apparent Influence,No Apparent Influence,44.0,Male,South,Stopped In Trafficway,No Improper Action,No Apparent Influence,No Apparent Influence,33.40759792,-111.9262829,2021-05-07,00:05:00
40796,3777427,2021,University Dr,George Dr,-140.0,Intersection Related 206,1.0,0.0,Possible Injury,Sideswipe Same Direction,Dark Lighted,Clear,Dry,20.0,Male,East,Making Left Turn,Unsafe Lane Change,No Apparent Influence,No Apparent Influence,27.0,Male,East,Going Straight Ahead,No Improper Action,No Apparent Influence,No Apparent Influence,33.42208714,-111.8878835,2021-05-07,05:26:00
40798,3779095,2021,Broadway Rd,Mill Ave,0.0,Intersection 4 Way 202,0.0,0.0,No Injury,Angle - Other Than Left Turn 2,Dark Lighted,Clear,Dry,20.0,Male,East,Going Straight Ahead,Speed To Fast For Conditions,Alcohol,No Apparent Influence,35.0,Male,South,Going Straight Ahead,No Improper Action,No Apparent Influence,No Apparent Influence,33.40739797,-111.9398263,2021-05-07,11:05:00
40800,3777135,2021,Elliot Rd,Priest Dr,0.0,Intersection 4 Way 202,2.0,0.0,Possible Injury,Left Turn,Daylight,Clear,Dry,19.0,Female,West,Going Straight Ahead,Disregarded Traffic Signal,No Apparent Influence,Drugs,64.0,Female,South,Making Left Turn,No Improper Action,No Apparent Influence,No Apparent Influence,33.34910387,-111.9631335,2021-05-07,14:40:00
40801,3777134,2021,Priest Dr,Warner Rd,0.0,Intersection 201,0.0,0.0,No Injury,Angle - Other Than Left Turn 2,Daylight,Clear,Dry,38.0,Female,Northwest,Making Right Turn,Other,No Apparent Influence,No Apparent Influence,38.0,Male,North,Going Straight Ahead,No Improper Action,No Apparent Influence,No Apparent Influence,33.33452529,-111.9631174,2021-05-07,17:00:00
40804,3777142,2021,Kyrene Rd,Diamond Dr,0.0,Intersection T Inter 203,2.0,0.0,Possible Injury,Rear End,Daylight,Clear,Dry,19.0,Male,North,Making Right Turn,Speed To Fast For Conditions,No Apparent Influence,No Apparent Influence,33.0,Female,North,Going Straight Ahead,No Improper Action,No Apparent Influence,No Apparent Influence,33.35743049,-111.9458546,2021-05-07,20:05:00
40807,3777444,2021,Broadway Rd,McClintock Dr,150.0,Driveway Or Alley,2.0,0.0,Suspected Serious Injury,Left Turn,Daylight,Clear,Dry,35.0,Female,South,Making Left Turn,Failed To Yield Right Of Way,No Apparent Influence,No Apparent Influence,37.0,Male,West,Going Straight Ahead,No Improper Action,No Apparent Influence,No Apparent Influence,33.40750017,-111.9086335,2021-05-07,20:45:00
40811,3854419,2021,Rural Rd,Encanto Dr,0.0,Intersection T Inter 203,0.0,0.0,No Injury,Sideswipe Same Direction,Daylight,Clear,Dry,35.0,Female,South,Changing Lanes,Unsafe Lane Change,No Apparent Influence,No Apparent Influence,39.0,Male,South,Going Straight Ahead,No Improper Action,No Apparent Influence,No Apparent Influence,33.40976547,-111.926284,2021-05-08,23:03:00
40812,3777371,2021,Southern Ave,Terrace Rd,0.0,Intersection 4 Way 202,0.0,0.0,No Injury,Angle - Other Than Left Turn 2,Daylight,Clear,Dry,21.0,Male,North,Going Straight Ahead,Unknown,No Apparent Influence,No Apparent Influence,70.0,Male,East,Going Straight Ahead,Unknown,No Apparent Influence,No Apparent Influence,33.39296326,-111.9230258,2021-05-09,00:38:00
40813,3777377,2021,Darrow Dr,Priest Dr,0.0,Intersection 4 Way 202,0.0,0.0,No Injury,Left Turn,Dark Lighted,Clear,Dry,28.0,Female,North,Making Left Turn,Disregarded Traffic Signal,No Apparent Influence,No Apparent Influence,44.0,Male,West,Going Straight Ahead,No Improper Action,No Apparent Influence,No Apparent Influence,33.38067475,-111.9615884,2021-05-09,03:20:00
40815,3777137,2021,Curry Rd,Scottsdale Rd,-70.0,Intersection Related 206,1.0,0.0,Possible Injury,Angle - Other Than Left Turn 2,Dark Lighted,Clear,Dry,20.0,Male,South,Making Right Turn,Unknown,No Apparent Influence,No Apparent Influence,38.0,Male,North,Making Left Turn,Unknown,No Apparent Influence,No Apparent Influence,33.44029088,-111.9265663,2021-05-09,06:27:00
40822,3777155,2021,Guadalupe Rd,All America Way,0.0,Intersection T Inter 203,0.0,0.0,No Injury,Angle - Other Than Left Turn 2,Daylight,Clear,Dry,54.0,Male,South,Making Right Turn,Failed To Yield Right Of Way,No Apparent Influence,No Apparent Influence,65.0,Female,West,Going Straight Ahead,No Improper Action,No Apparent Influence,No Apparent Influence,33.36370836,-111.936645,2021-05-10,19:48:00
40823,3777259,2021,Elliot Rd,Priest Dr,0.0,Intersection 4 Way 202,1.0,0.0,Possible Injury,Left Turn,Daylight,Clear,Dry,48.0,Male,East,Going Straight Ahead,Unknown,No Apparent Influence,No Apparent Influence,40.0,Male,West,Making Left Turn,Unknown,No Apparent Influence,No Apparent Influence,33.34910387,-111.9631335,2021-05-10,20:06:00
40825,3778330,2021,Southern Ave,Stanley Pl,-143.0,Intersection Related 206,1.0,0.0,Possible Injury,Rear End,Daylight,Clear,Dry,26.0,Male,West,Going Straight Ahead,Followed Too Closely,No Apparent Influence,No Apparent Influence,66.0,Male,West,Stopped In Trafficway,No Improper Action,No Apparent Influence,No Apparent Influence,33.39296311,-111.921541,2021-05-10,20:33:00
40827,3777143,2021,Elliot Rd,Harl Ave,100.0,Intersection Related Non Interchange,0.0,0.0,No Injury,Rear End,Daylight,Clear,Dry,18.0,Male,East,Slowing In Trafficway,Speed To Fast For Conditions,No Apparent Influence,No Apparent Influence,30.0,Female,East,Stopped In Trafficway,No Improper Action,No Apparent Influence,No Apparent Influence,33.34908352,-111.965601,2021-05-10,23:16:00
40828,3777156,2021,Scottsdale Rd,McKellips Rd,138.0,Intersection Related 206,1.0,0.0,Possible Injury,Rear End,Daylight,Clear,Dry,22.0,Female,South,Going Straight Ahead,Followed Too Closely,No Apparent Influence,No Apparent Influence,29.0,Male,South,Stopped In Trafficway,No Improper Action,No Apparent Influence,No Apparent Influence,33.4516198,-111.926465,2021-05-11,00:13:00
40830,3777144,2021,Southern Ave,Rural Rd,0.0,Intersection 4 Way 202,0.0,0.0,No Injury,Left Turn,Dark Lighted,Clear,Dry,27.0,Male,East,Going Straight Ahead,Disregarded Traffic Signal,No Apparent Influence,No Apparent Influence,23.0,Female,West,Making Left Turn,No Improper Action,No Apparent Influence,No Apparent Influence,33.39296099,-111.9263256,2021-05-11,04:18:00
40831,3778342,2021,Elliot Rd,Hardy Dr,148.0,Not Junction Related,2.0,0.0,Suspected Serious Injury,Rear End,Daylight,Clear,Dry,20.0,Male,East,Going Straight Ahead,Followed Too Closely,No Apparent Influence,No Apparent Influence,19.0,Male,East,Slowing In Trafficway,No Improper Action,No Apparent Influence,No Apparent Influence,33.34915945,-111.9539964,2021-05-11,15:50:00