,Incident ID,Year,Street Name,Cross Street,Distance,Junction Relation,Total Injuries,Total Fatalities,Injury Severity,Collision Manner,Light Condition,Weather,Surface Condition,Age Driver 1,Gender Driver 1,Travel Direction One,Unit Action One,Violation1_Drv1,Alcohol Use Driver 1,Drug Use Driver 1,Age Driver 2,Gender Driver 2,Travel Direction Two,Unit Action Two,Violation 1 Driver 2,Alcohol Use Driver 2,Drug Use Driver 2,Latitude,Longitude,Date,Time
40833,3779825,2021,Baseline Rd,Pointe Pkwy,0.0,Intersection Non Interchange,0.0,0.0,No Injury,Sideswipe Opposite Direction,Daylight,Clear,Dry,32.0,Male,South,Making Left Turn,Unknown,No Apparent Influence,No Apparent Influence,31.0,Female,West,Going Straight Ahead,Unknown,No Apparent Influence,No Apparent Influence,33.37821687,-111.9719948,2021-05-11,18:01:00
40835,3779114,2021,Lakeshore Dr,Rural Rd,122.0,Intersection Related 206,1.0,0.0,Possible Injury,Rear End,Daylight,Clear,Dry,70.0,Female,West,Going Straight Ahead,Speed To Fast For Conditions,No Apparent Influence,No Apparent Influence,42.0,Female,West,Stopped In Trafficway,No Improper Action,No Apparent Influence,No Apparent Influence,33.38215967,-111.9264592,2021-05-11,19:46:00
40836,3778340,2021,Broadway Rd,Kachina Dr,0.0,Driveway Or Alley,2.0,0.0,Possible Injury,Angle - Other Than Left Turn 2,Daylight,Clear,Dry,33.0,Male,North,Making Left Turn,Failed To Yield Right Of Way,No Apparent Influence,No Apparent Influence,51.0,Male,West,Going Straight Ahead,No Improper Action,No Apparent Influence,No Apparent Influence,33.40749848,-111.9067143,2021-05-11,21:04:00
40837,3778337,2021,Scottsdale Rd,Continental Dr,-167.0,Not Junction Related,1.0,0.0,Suspected Minor Injury,U Turn,Daylight,Clear,Dry,76.0,Male,South,Making U Turn,Other,No Apparent Influence,No Apparent Influence,19.0,Female,North,Going Straight Ahead,No Improper Action,No Apparent Influence,No Apparent Influence,33.45803144,-111.9263571,2021-05-11,21:40:00
40838,3779104,2021,Broadway Rd,48th St,180.0,Intersection Related 206,0.0,0.0,No Injury,Sideswipe Same Direction,Daylight,Clear,Dry,20.0,Male,East,Changing Lanes,Unsafe Lane Change,No Apparent Influence,No Apparent Influence,40.0,Male,East,Going Straight Ahead,No Improper Action,No Apparent Influence,No Apparent Influence,33.40732825,-111.9776981,2021-05-11,22:50:00
40840,3778332,2021,Southern Ave,Butte Ave,0.0,Intersection T Inter 203,2.0,0.0,Possible Injury,Left Turn,Daylight,Clear,Dry,28.0,Male,East,Making Left Turn,Failed To Yield Right Of Way,No Apparent Influence,No Apparent Influence,51.0,Male,West,Going Straight Ahead,No Improper Action,No Apparent Influence,No Apparent Influence,33.39298856,-111.9114058,2021-05-11,23:21:00
40841,3779898,2021,Rural Rd,Minton Dr,0.0,Intersection 4 Way 202,0.0,0.0,No Injury,Angle - Other Than Left Turn 2,Daylight,Clear,Dry,64.0,Female,South,Making Right Turn,Failed To Yield Right Of Way,No Apparent Influence,No Apparent Influence,21.0,Male,West,Going Straight Ahead,No Improper Action,No Apparent Influence,No Apparent Influence,33.37989071,-111.9284213,2021-05-11,23:27:00
40846,3779824,2021,Baseline Rd,Kyrene Rd,90.0,Intersection Related 206,0.0,0.0,No Injury,Sideswipe Same Direction,Daylight,Clear,Dry,24.0,Male,West,Going Straight Ahead,Other,No Apparent Influence,No Apparent Influence,50.0,Female,West,Stopped In Trafficway,No Improper Action,No Apparent Influence,No Apparent Influence,33.37819975,-111.9456938,2021-05-12,14:12:00
40853,3778347,2021,Rural Rd,Southern Ave,183.0,Not Junction Related,0.0,0.0,No Injury,Angle - Other Than Left Turn 2,Daylight,Clear,Dry,21.0,Female,East,Making Left Turn,Failed To Yield Right Of Way,No Apparent Influence,No Apparent Influence,24.0,Female,South,Going Straight Ahead,No Improper Action,No Apparent Influence,No Apparent Influence,33.39346383,-111.9263264,2021-05-12,19:41:00
40854,3778353,2021,Broadway Rd,Cottonwood Dr,-50.0,Not Junction Related,1.0,0.0,Possible Injury,Sideswipe Same Direction,Daylight,Clear,Dry,20.0,Female,West,Changing Lanes,Unsafe Lane Change,No Apparent Influence,No Apparent Influence,40.0,Male,West,Going Straight Ahead,No Improper Action,No Apparent Influence,No Apparent Influence,33.40749571,-111.8895398,2021-05-12,19:55:00
40855,3778101,2021,Broadway Rd,Terrace Rd,-45.0,Intersection Related 206,0.0,0.0,No Injury,Rear End,Daylight,Clear,Dry,38.0,Female,East,Going Straight Ahead,Speed To Fast For Conditions,No Apparent Influence,No Apparent Influence,36.0,Male,East,Stopped In Trafficway,No Improper Action,No Apparent Influence,No Apparent Influence,33.40750462,-111.9227615,2021-05-12,21:02:00
40859,3779845,2021,Southern Ave,Country Club Way,50.0,Intersection Related 206,0.0,0.0,No Injury,Angle - Other Than Left Turn 2,Daylight,Clear,Dry,66.0,Male,West,Changing Lanes,Made Improper Turn,No Apparent Influence,No Apparent Influence,34.0,Female,West,Going Straight Ahead,No Improper Action,No Apparent Influence,No Apparent Influence,33.39298085,-111.9003919,2021-05-12,22:43:00
40860,3778328,2021,Baseline Rd,Pointe Pkwy,145.0,Intersection Related 206,0.0,0.0,No Injury,Sideswipe Same Direction,Daylight,Clear,Dry,21.0,Male,West,Changing Lanes,Unknown,No Apparent Influence,No Apparent Influence,23.0,Male,West,Going Straight Ahead,Unknown,No Apparent Influence,No Apparent Influence,33.37822334,-111.9715203,2021-05-12,23:02:00
40863,3785770,2021,McClintock Dr,Broadway Rd,200.0,Intersection Related 206,0.0,0.0,No Injury,Rear End,Daylight,Clear,Dry,30.0,Male,South,Slowing In Trafficway,Speed To Fast For Conditions,No Apparent Influence,No Apparent Influence,60.0,Male,South,Stopped In Trafficway,No Improper Action,No Apparent Influence,No Apparent Influence,33.40804972,-111.9091236,2021-05-12,23:30:00
40865,3779103,2021,Warner Rd,Jewell St,22.0,Intersection Related 206,0.0,0.0,No Injury,Sideswipe Same Direction,Dark Lighted,Clear,Dry,26.0,Male,East,Changing Lanes,Unsafe Lane Change,No Apparent Influence,No Apparent Influence,29.0,Female,East,Going Straight Ahead,No Improper Action,No Apparent Influence,No Apparent Influence,33.33452612,-111.9682238,2021-05-13,02:57:00
40866,3800547,2021,Rural Rd,Vista Del Cerro Dr,-154.0,Intersection T Inter 203,0.0,0.0,No Injury,U Turn,Dark Lighted,Clear,Dry,20.0,Male,North,Going Straight Ahead,Unknown,No Apparent Influence,No Apparent Influence,64.0,Male,North,Going Straight Ahead,Unknown,No Apparent Influence,No Apparent Influence,33.40969848,-111.9262839,2021-05-13,05:27:00
40869,3778335,2021,Rural Rd,Encanto Dr,0.0,Not Junction Related,0.0,0.0,No Injury,Rear End,Dark Lighted,Clear,Dry,21.0,Male,South,Going Straight Ahead,Speed To Fast For Conditions,No Apparent Influence,No Apparent Influence,28.0,Male,South,Stopped In Trafficway,No Improper Action,No Apparent Influence,No Apparent Influence,33.40976547,-111.926284,2021-05-13,05:43:00
40871,3778432,2021,Baseline Rd,Arizona Mills S,65.0,Intersection Related 206,1.0,0.0,Possible Injury,Sideswipe Same Direction,Daylight,Clear,Dry,24.0,Male,West,Changing Lanes,Unsafe Lane Change,No Apparent Influence,No Apparent Influence,23.0,Female,West,Going Straight Ahead,No Improper Action,No Apparent Influence,No Apparent Influence,33.3782662,-111.9652425,2021-05-13,16:05:00
40872,3778415,2021,Mill Ave,Baseline Rd,50.0,Intersection Related 206,0.0,0.0,No Injury,Rear End,Daylight,Clear,Dry,62.0,Male,South,Going Straight Ahead,Followed Too Closely,No Apparent Influence,No Apparent Influence,21.0,Female,South,Stopped In Trafficway,No Improper Action,No Apparent Influence,No Apparent Influence,33.37834834,-111.9393677,2021-05-13,21:27:00
40873,3779844,2021,Baseline Rd,Priest Dr,-215.0,Not Junction Related,0.0,0.0,No Injury,Sideswipe Same Direction,Daylight,Clear,Dry,18.0,Female,West,Changing Lanes,Unsafe Lane Change,No Apparent Influence,No Apparent Influence,23.0,Male,West,Going Straight Ahead,No Improper Action,No Apparent Influence,No Apparent Influence,33.37824534,-111.9638791,2021-05-13,21:35:00
40874,3778334,2021,University Dr,Forest Ave,108.0,Intersection Related 206,0.0,0.0,No Injury,U Turn,Daylight,Clear,Dry,59.0,Male,East,Making U Turn,Failed To Yield Right Of Way,No Apparent Influence,No Apparent Influence,19.0,Male,West,Going Straight Ahead,No Improper Action,No Apparent Influence,No Apparent Influence,33.42195113,-111.9363014,2021-05-13,21:51:00
40876,3778433,2021,Rural Rd,Southern Ave,-90.0,Intersection Related 206,0.0,0.0,No Injury,Rear End,Daylight,Clear,Dry,27.0,Female,North,Going Straight Ahead,Speed To Fast For Conditions,No Apparent Influence,No Apparent Influence,57.0,Male,North,Stopped In Trafficway,No Improper Action,No Apparent Influence,No Apparent Influence,33.39271397,-111.9263299,2021-05-13,23:49:00
40881,3779878,2021,Jentilly Ln,Broadway Rd,14.0,Intersection Related 206,0.0,0.0,No Injury,Other,Daylight,Clear,Dry,20.0,Male,South,Backing,Other,No Apparent Influence,No Apparent Influence,65.0,Male,South,Stopped In Trafficway,No Improper Action,No Apparent Influence,No Apparent Influence,33.4075427,-111.9237205,2021-05-14,15:33:00
40884,3778413,2021,Broadway Rd,Hardy Dr,225.0,Intersection Related 206,0.0,0.0,No Injury,Sideswipe Same Direction,Daylight,Clear,Dry,29.0,Male,West,Changing Lanes,Unsafe Lane Change,No Apparent Influence,No Apparent Influence,20.0,Male,West,Going Straight Ahead,No Improper Action,No Apparent Influence,No Apparent Influence,33.4073897,-111.9514281,2021-05-14,19:52:00
40885,3779887,2021,McClintock Dr,E Tempe Marketplace,-101.0,Intersection Related 206,0.0,0.0,No Injury,Rear End,Daylight,Clear,Dry,45.0,Female,North,Going Straight Ahead,Followed Too Closely,No Apparent Influence,No Apparent Influence,27.0,Male,North,Slowing In Trafficway,No Improper Action,No Apparent Influence,No Apparent Influence,33.43180824,-111.9092591,2021-05-14,20:35:00
40888,3779547,2021,Baseline Rd,Rural Rd,112.0,Intersection Related 206,1.0,0.0,Possible Injury,Rear End,Daylight,Clear,Dry,67.0,Female,West,Going Straight Ahead,Speed To Fast For Conditions,Alcohol,No Apparent Influence,51.0,Female,West,Stopped In Trafficway,No Improper Action,No Apparent Influence,No Apparent Influence,33.37825085,-111.92832,2021-05-14,22:15:00
40889,3780320,2021,McClintock Dr,Apache Blvd,80.0,Intersection Related 206,0.0,0.0,No Injury,Angle - Other Than Left Turn 2,Daylight,Clear,Dry,19.0,Female,West,Making Right Turn,Failed To Yield Right Of Way,No Apparent Influence,No Apparent Influence,18.0,Male,North,Going Straight Ahead,No Improper Action,No Apparent Influence,No Apparent Influence,33.41497971,-111.9091322,2021-05-14,22:37:00
40891,3778431,2021,Baseline Rd,Pointe Pkwy,56.0,Intersection Related 206,2.0,0.0,Possible Injury,Sideswipe Same Direction,Daylight,Clear,Dry,33.0,Male,West,Changing Lanes,Unsafe Lane Change,No Apparent Influence,No Apparent Influence,22.0,Male,West,Going Straight Ahead,No Improper Action,No Apparent Influence,No Apparent Influence,33.37821897,-111.9718117,2021-05-14,23:17:00
40895,3778422,2021,Broadway Rd,Priest Dr,0.0,Intersection 4 Way 202,1.0,0.0,Possible Injury,Sideswipe Opposite Direction,Dark Lighted,Clear,Dry,17.0,Male,West,Going Straight Ahead,Disregarded Traffic Signal,No Apparent Influence,No Apparent Influence,23.0,Female,South,Going Straight Ahead,No Improper Action,No Apparent Influence,No Apparent Influence,33.40742082,-111.9607805,2021-05-15,05:35:00
40899,3779888,2021,Elliot Rd,River Pkwy,0.0,Intersection 4 Way 202,0.0,0.0,No Injury,Angle - Other Than Left Turn 2,Daylight,Clear,Dry,20.0,Male,North,Going Straight Ahead,Disregarded Traffic Signal,No Apparent Influence,No Apparent Influence,41.0,Male,East,Making Left Turn,No Improper Action,No Apparent Influence,No Apparent Influence,33.34927691,-111.897908,2021-05-15,20:57:00
40901,3779897,2021,48th St,Broadway Rd,-107.0,Intersection Related 206,0.0,0.0,No Injury,Rear End,Dark Lighted,Clear,Dry,39.0,Female,North,Going Straight Ahead,Speed To Fast For Conditions,No Apparent Influence,No Apparent Influence,44.0,Female,North,Making Left Turn,No Improper Action,No Apparent Influence,No Apparent Influence,33.4070349,-111.978289,2021-05-16,02:57:00
40907,3785771,2021,Rio Salado Pkwy,Mill Ave,60.0,Intersection Related 206,0.0,0.0,No Injury,Rear End,Dark Lighted,Clear,Dry,23.0,Male,West,Going Straight Ahead,Speed To Fast For Conditions,No Apparent Influence,No Apparent Influence,23.0,Male,West,Stopped In Trafficway,No Improper Action,No Apparent Influence,No Apparent Influence,33.42964512,-111.9398536,2021-05-17,03:58:00
40908,3779530,2021,Mill Ave,Broadway Rd,0.0,Not Junction Related,2.0,0.0,Suspected Minor Injury,Rear End,Dark Lighted,Clear,Dry,40.0,Female,North,Going Straight Ahead,Speed To Fast For Conditions,Alcohol,No Apparent Influence,25.0,Female,North,Going Straight Ahead,No Improper Action,No Apparent Influence,No Apparent Influence,33.407398,-111.9398263,2021-05-17,06:13:00
40913,3778410,2021,McClintock Dr,Broadway Rd,42.0,Intersection Related 206,1.0,0.0,Possible Injury,Rear End,Daylight,Clear,Dry,36.0,Male,South,Going Straight Ahead,Followed Too Closely,No Apparent Influence,No Apparent Influence,44.0,Male,South,Stopped In Trafficway,No Improper Action,No Apparent Influence,No Apparent Influence,33.40761556,-111.9091249,2021-05-18,17:12:00
40914,3778408,2021,52nd St,Campus Dr,-90.0,Intersection Related 206,0.0,0.0,No Injury,Rear End,Daylight,Clear,Dry,24.0,Male,North,Backing,Other,No Apparent Influence,No Apparent Influence,58.0,Male,South,Stopped In Trafficway,No Improper Action,No Apparent Influence,No Apparent Influence,33.39863785,-111.9712906,2021-05-18,17:25:00
40915,3778420,2021,Avenida Del Yaqui,Mineral Rd,139.0,Intersection Related 206,2.0,0.0,Possible Injury,Rear End,Daylight,Clear,Dry,31.0,Male,South,Going Straight Ahead,Followed Too Closely,No Apparent Influence,No Apparent Influence,41.0,Male,South,Stopped In Trafficway,No Improper Action,No Apparent Influence,No Apparent Influence,33.35679768,-111.9631614,2021-05-18,22:40:00
40917,3778419,2021,Guadalupe Rd,Price Rd,-150.0,Intersection Related 206,2.0,0.0,Possible Injury,Rear End,Daylight,Clear,Dry,29.0,Female,East,Going Straight Ahead,Speed To Fast For Conditions,No Apparent Influence,No Apparent Influence,18.0,Male,East,Stopped In Trafficway,No Improper Action,No Apparent Influence,No Apparent Influence,33.36387472,-111.8951582,2021-05-18,23:30:00
40918,3779890,2021,Priest Dr,University Dr,0.0,Intersection 4 Way 202,2.0,0.0,Possible Injury,Left Turn,Daylight,Clear,Dry,65.0,Male,South,Going Straight Ahead,Disregarded Traffic Signal,No Apparent Influence,No Apparent Influence,29.0,Male,North,Making Left Turn,No Improper Action,No Apparent Influence,No Apparent Influence,33.42194197,-111.9609234,2021-05-18,23:32:00
40919,3778421,2021,McClintock Dr,Harvard Dr,-61.0,Intersection Related 206,0.0,0.0,No Injury,Sideswipe Same Direction,Daylight,Clear,Dry,26.0,Female,South,Changing Lanes,Unsafe Lane Change,No Apparent Influence,No Apparent Influence,17.0,Female,South,Going Straight Ahead,No Improper Action,No Apparent Influence,No Apparent Influence,33.37639495,-111.9096735,2021-05-19,01:24:00
40922,3779819,2021,Priest Dr,23rd St,-200.0,Intersection Related 206,0.0,0.0,No Injury,Sideswipe Same Direction,Daylight,Clear,Dry,26.0,Male,North,Unknown,Unknown,No Apparent Influence,No Apparent Influence,44.0,Male,North,Unknown,Unknown,No Apparent Influence,No Apparent Influence,33.40313043,-111.9607766,2021-05-19,18:52:00
40924,3779891,2021,Baseline Rd,McClintock Dr,-25.0,Intersection Related 206,0.0,0.0,No Injury,Angle - Other Than Left Turn 2,Daylight,Clear,Dry,68.0,Female,South,Making Right Turn,Failed To Yield Right Of Way,No Apparent Influence,No Apparent Influence,73.0,Male,North,Making Left Turn,No Improper Action,No Apparent Influence,No Apparent Influence,33.37842419,-111.9093433,2021-05-19,20:53:00
40925,3779557,2021,Rural Rd,Rio Salado Pkwy,-40.0,Intersection Related 206,0.0,0.0,No Injury,Sideswipe Same Direction,Dark Lighted,Clear,Dry,23.0,Male,North,Changing Lanes,Failed To Keep In Proper Lane,Alcohol,No Apparent Influence,24.0,Male,North,Stopped In Trafficway,No Improper Action,No Apparent Influence,No Apparent Influence,33.42873857,-111.9262895,2021-05-20,03:26:00
40926,3779840,2021,Mill Ave,Southern Ave,-162.0,Driveway Or Alley,0.0,0.0,No Injury,Angle - Other Than Left Turn 2,Daylight,Clear,Dry,34.0,Male,East,Making Left Turn,Failed To Yield Right Of Way,No Apparent Influence,No Apparent Influence,22.0,Male,South,Going Straight Ahead,No Improper Action,No Apparent Influence,No Apparent Influence,33.39241835,-111.9395944,2021-05-20,14:58:00
40927,3779097,2021,Baseline Rd,Kyrene Rd,160.0,Intersection Related 206,1.0,0.0,Suspected Minor Injury,Rear End,Daylight,Clear,Dry,26.0,Male,East,Going Straight Ahead,Speed To Fast For Conditions,No Apparent Influence,No Apparent Influence,24.0,Female,East,Stopped In Trafficway,No Improper Action,No Apparent Influence,No Apparent Influence,33.37820206,-111.9454647,2021-05-20,19:08:00
40929,3779096,2021,Curry Rd,Sickles Dr,0.0,Intersection T Inter 203,1.0,0.0,Suspected Minor Injury,Left Turn,Daylight,Clear,Dry,36.0,Male,East,Making Left Turn,Failed To Yield Right Of Way,No Apparent Influence,No Apparent Influence,22.0,Female,West,Going Straight Ahead,No Improper Action,No Apparent Influence,No Apparent Influence,33.44039227,-111.9116646,2021-05-20,20:32:00
40930,3781101,2021,McKellips Rd,Scottsdale Rd,50.0,Intersection Related Non Interchange,0.0,0.0,No Injury,Sideswipe Opposite Direction,Dark Lighted,Clear,Dry,70.0,Female,East,Going Straight Ahead,Failed To Keep In Proper Lane,Alcohol,No Apparent Influence,29.0,Male,West,Stopped In Trafficway,No Improper Action,No Apparent Influence,No Apparent Influence,33.4512415,-111.9263039,2021-05-21,02:05:00
40931,3779534,2021,Vaughn St,Roosevelt St,116.0,Not Junction Related,0.0,0.0,No Injury,Sideswipe Same Direction,Dusk,Rain,Wet,46.0,Female,East,Going Straight Ahead,Unknown,No Apparent Influence,No Apparent Influence,38.0,Male,East,Entering Parking Position,Unknown,No Apparent Influence,No Apparent Influence,33.36108286,-111.9489854,2021-05-21,03:25:00
40932,3779839,2021,Southern Ave,Country Club Way,-60.0,Intersection Related 206,2.0,0.0,Suspected Minor Injury,Rear End,Dark Lighted,Cloudy,Dry,30.0,Female,East,Going Straight Ahead,Speed To Fast For Conditions,Alcohol,No Apparent Influence,53.0,Female,East,Making Right Turn,No Improper Action,No Apparent Influence,No Apparent Influence,33.39298012,-111.9007522,2021-05-21,03:29:00
40935,3779100,2021,University Dr,Rural Rd,0.0,Driveway Or Alley,1.0,0.0,Suspected Minor Injury,Left Turn,Dark Lighted,Rain,Dry,29.0,Male,South,Making Left Turn,Failed To Yield Right Of Way,Alcohol,No Apparent Influence,22.0,Male,West,Going Straight Ahead,No Improper Action,No Apparent Influence,No Apparent Influence,33.42202618,-111.9244089,2021-05-21,05:12:00
40939,3779896,2021,Warner Rd,Priest Dr,225.0,Driveway Or Alley,0.0,0.0,No Injury,Angle - Other Than Left Turn 2,Daylight,Clear,Dry,30.0,Female,Northwest,Making Left Turn,Failed To Yield Right Of Way,No Apparent Influence,No Apparent Influence,25.0,Female,West,Going Straight Ahead,No Improper Action,No Apparent Influence,No Apparent Influence,33.33453317,-111.9623814,2021-05-22,00:11:00
40940,3779098,2021,Mill Ave,US-60 Exit 173 J-Ramp,215.0,Not Junction Related,0.0,0.0,No Injury,Rear End,Dark Lighted,Clear,Dry,27.0,Female,North,Going Straight Ahead,Speed To Fast For Conditions,No Apparent Influence,No Apparent Influence,37.0,Male,North,Stopped In Trafficway,No Improper Action,No Apparent Influence,No Apparent Influence,33.38663437,-111.9395139,2021-05-22,05:09:00
40941,3778336,2021,University Dr,Veterans Way,-51.0,Intersection Related 206,0.0,0.0,No Injury,Rear End,Dark Lighted,Clear,Dry,24.0,Male,East,Going Straight Ahead,Followed Too Closely,Alcohol,No Apparent Influence,22.0,Male,East,Stopped In Trafficway,No Improper Action,No Apparent Influence,No Apparent Influence,33.42201697,-111.9291063,2021-05-22,05:23:00
40944,3779834,2021,Avenida Del Yaqui,Bell De Mar Dr,80.0,Intersection Related 206,0.0,0.0,No Injury,Sideswipe Same Direction,Daylight,Clear,Dry,31.0,Female,North,Making Right Turn,Unsafe Lane Change,No Apparent Influence,No Apparent Influence,56.0,Male,North,Going Straight Ahead,No Improper Action,No Apparent Influence,No Apparent Influence,33.35827214,-111.9631674,2021-05-22,13:30:00
40950,3779930,2021,Baseline Rd,Kyrene Rd,-181.0,Intersection Related 206,1.0,0.0,Possible Injury,Rear End,Daylight,Clear,Dry,23.0,Male,East,Going Straight Ahead,Followed Too Closely,No Apparent Influence,Drugs,56.0,Male,East,Stopped In Trafficway,No Improper Action,No Apparent Influence,No Apparent Influence,33.37819907,-111.9465814,2021-05-23,16:05:00
40959,3779832,2021,Priest Dr,Arizona Mills Access E,-75.0,Intersection Related 206,0.0,0.0,No Injury,Rear End,Daylight,Clear,Dry,21.0,Female,North,Going Straight Ahead,Speed To Fast For Conditions,No Apparent Influence,No Apparent Influence,23.0,Male,North,Stopped In Trafficway,No Improper Action,No Apparent Influence,No Apparent Influence,33.3844606,-111.9609548,2021-05-24,20:50:00
40960,3779830,2021,52nd St,4th St,0.0,Intersection 4 Way 202,1.0,0.0,Possible Injury,Angle - Other Than Left Turn 2,Daylight,Clear,Dry,50.0,Male,West,Making Left Turn,Failed To Yield Right Of Way,No Apparent Influence,No Apparent Influence,32.0,Female,North,Going Straight Ahead,No Improper Action,No Apparent Influence,No Apparent Influence,33.42643132,-111.9696473,2021-05-24,21:52:00
40962,3779536,2021,Baseline Rd,Wendler Dr,-180.0,Intersection Related 206,0.0,0.0,No Injury,Sideswipe Same Direction,Daylight,Clear,Dry,21.0,Female,East,Changing Lanes,Unsafe Lane Change,No Apparent Influence,No Apparent Influence,29.0,Female,East,Going Straight Ahead,No Improper Action,No Apparent Influence,No Apparent Influence,33.37824626,-111.9703744,2021-05-25,14:25:00
40963,3779537,2021,Price Rd,University Dr,-86.0,Intersection Related 206,0.0,0.0,No Injury,Rear End,Daylight,Clear,Dry,77.0,Male,North,Going Straight Ahead,Followed Too Closely,No Apparent Influence,No Apparent Influence,72.0,Female,North,Stopped In Trafficway,No Improper Action,No Apparent Influence,No Apparent Influence,33.42178154,-111.8903201,2021-05-25,23:57:00
40964,3779932,2021,Hardy Dr,Elliot Rd,0.0,Intersection 4 Way 202,1.0,0.0,Possible Injury,Angle - Other Than Left Turn 2,Daylight,Clear,Dry,31.0,Male,West,Going Straight Ahead,Disregarded Traffic Signal,No Apparent Influence,No Apparent Influence,67.0,Female,South,Going Straight Ahead,No Improper Action,No Apparent Influence,No Apparent Influence,33.34915642,-111.9544807,2021-05-26,00:51:00
40968,3779855,2021,Evergreen Rd,University Dr,30.0,Intersection Related 206,1.0,0.0,Possible Injury,Sideswipe Opposite Direction,Daylight,Clear,Dry,18.0,Female,West,Making Right Turn,Speed To Fast For Conditions,No Apparent Influence,No Apparent Influence,21.0,Male,South,Stopped In Trafficway,No Improper Action,No Apparent Influence,No Apparent Influence,33.42218902,-111.8830159,2021-05-26,17:52:00
40970,3779922,2021,Southern Ave,Evergreen Rd,94.0,Intersection Related 206,1.0,0.0,Possible Injury,Rear End,Daylight,Cloudy,Dry,39.0,Female,West,Going Straight Ahead,Followed Too Closely,No Apparent Influence,No Apparent Influence,37.0,Male,West,Slowing In Trafficway,No Improper Action,No Apparent Influence,No Apparent Influence,33.39302926,-111.8829764,2021-05-27,00:13:00
40971,3779940,2021,Southern Ave,McClintock Dr,215.0,Driveway Or Alley,1.0,0.0,Possible Injury,Angle - Other Than Left Turn 2,Daylight,Cloudy,Dry,22.0,Male,South,Making Left Turn,Failed To Yield Right Of Way,No Apparent Influence,No Apparent Influence,43.0,Male,West,Going Straight Ahead,No Improper Action,No Apparent Influence,No Apparent Influence,33.39298858,-111.9084226,2021-05-27,00:16:00
40976,3785794,2021,Rural Rd,Baseline Rd,-35.0,Intersection 4 Way 202,0.0,0.0,No Injury,Angle - Other Than Left Turn 2,Dark Lighted,Clear,Dry,61.0,Male,East,Making Right Turn,Speed To Fast For Conditions,No Apparent Influence,Drugs,32.0,Male,North,Stopped In Trafficway,No Improper Action,No Apparent Influence,No Apparent Influence,33.37815303,-111.9286871,2021-05-27,09:52:00
40977,3780311,2021,University Dr,Mill Ave,125.0,Intersection Related 206,0.0,0.0,No Injury,Rear End,Daylight,Clear,Dry,21.0,Male,West,Going Straight Ahead,Speed To Fast For Conditions,No Apparent Influence,No Apparent Influence,35.0,Female,West,Slowing In Trafficway,No Improper Action,No Apparent Influence,No Apparent Influence,33.42193773,-111.9396076,2021-05-27,16:59:00
40978,3779895,2021,Baseline Rd,Calle Los Cerros,173.0,Intersection Related 206,2.0,0.0,Suspected Minor Injury,Angle - Other Than Left Turn 2,Daylight,Clear,Dry,35.0,Female,East,Making U Turn,Unsafe Lane Change,No Apparent Influence,No Apparent Influence,41.0,Male,East,Going Straight Ahead,No Improper Action,No Apparent Influence,No Apparent Influence,33.37821173,-111.9735217,2021-05-27,20:38:00
40979,3779912,2021,Southern Ave,Evergreen Rd,0.0,Intersection 4 Way 202,1.0,0.0,Possible Injury,Angle - Other Than Left Turn 2,Daylight,Clear,Dry,21.0,Female,East,Going Straight Ahead,Disregarded Traffic Signal,No Apparent Influence,No Apparent Influence,80.0,Female,North,Going Straight Ahead,No Improper Action,No Apparent Influence,No Apparent Influence,33.39302814,-111.8832842,2021-05-27,21:32:00
40980,3779911,2021,McClintock Dr,Laguna Dr,0.0,Intersection T Inter 203,2.0,0.0,Possible Injury,Left Turn,Daylight,Clear,Dry,50.0,Male,North,Making Left Turn,Failed To Yield Right Of Way,No Apparent Influence,No Apparent Influence,32.0,Male,South,Going Straight Ahead,No Improper Action,No Apparent Influence,No Apparent Influence,33.39073855,-111.9091599,2021-05-27,22:51:00
40982,3779924,2021,Broadway Rd,Priest Dr,179.0,Intersection Related 206,0.0,0.0,No Injury,Rear End,Daylight,Clear,Dry,25.0,Male,West,Changing Lanes,Followed Too Closely,No Apparent Influence,No Apparent Influence,32.0,Female,West,Stopped In Trafficway,No Improper Action,No Apparent Influence,No Apparent Influence,33.40741947,-111.9601941,2021-05-27,23:36:00
40983,3779813,2021,Butte Ave,Verlea Dr,0.0,Intersection T Inter 203,0.0,0.0,No Injury,Angle - Other Than Left Turn 2,Daylight,Clear,Dry,39.0,Male,South,Making U Turn,Failed To Yield Right Of Way,No Apparent Influence,No Apparent Influence,33.0,Female,South,Going Straight Ahead,No Improper Action,No Apparent Influence,No Apparent Influence,33.40343646,-111.9106058,2021-05-28,00:53:00
40984,3779913,2021,Warner Rd,Priest Dr,0.0,Intersection 4 Way 202,0.0,0.0,No Injury,Left Turn,Dark Lighted,Clear,Dry,36.0,Male,East,Going Straight Ahead,Unknown,No Apparent Influence,No Apparent Influence,20.0,Female,West,Making Left Turn,Unknown,No Apparent Influence,No Apparent Influence,33.33452532,-111.9631173,2021-05-28,03:02:00
40986,3785776,2021,McClintock Dr,Guadalupe Rd,-87.0,Intersection Related 206,0.0,0.0,No Injury,Angle - Other Than Left Turn 2,Daylight,Clear,Dry,26.0,Female,West,Making Left Turn,Failed To Yield Right Of Way,No Apparent Influence,No Apparent Influence,40.0,Female,North,Going Straight Ahead,No Improper Action,No Apparent Influence,No Apparent Influence,33.36352546,-111.9112554,2021-05-28,15:19:00