,Incident ID,Year,Street Name,Cross Street,Distance,Junction Relation,Total Injuries,Total Fatalities,Injury Severity,Collision Manner,Light Condition,Weather,Surface Condition,Age Driver 1,Gender Driver 1,Travel Direction One,Unit Action One,Violation1_Drv1,Alcohol Use Driver 1,Drug Use Driver 1,Age Driver 2,Gender Driver 2,Travel Direction Two,Unit Action Two,Violation 1 Driver 2,Alcohol Use Driver 2,Drug Use Driver 2,Latitude,Longitude,Date,Time
40987,3779909,2021,Apache Blvd,Dorsey Ln,0.0,Intersection T Inter 203,2.0,0.0,Possible Injury,Left Turn,Daylight,Clear,Dry,27.0,Female,East,Making Left Turn,Other,No Apparent Influence,No Apparent Influence,20.0,Female,West,Going Straight Ahead,No Improper Action,No Apparent Influence,No Apparent Influence,33.41476428,-111.9176987,2021-05-28,17:41:00
40988,3862042,2021,Rural Rd,Rio Salado Pkwy,-110.0,Intersection 4 Way 202,0.0,0.0,No Injury,Rear End,Daylight,Clear,Dry,25.0,Female,North,Going Straight Ahead,Followed Too Closely,No Apparent Influence,No Apparent Influence,19.0,Male,North,Going Straight Ahead,No Improper Action,No Apparent Influence,No Apparent Influence,33.42854622,-111.92629,2021-05-28,18:25:00
40989,3785773,2021,Broadway Rd,River Dr,0.0,Intersection 201,1.0,0.0,Possible Injury,Left Turn,Daylight,Clear,Dry,68.0,Male,East,Making Left Turn,Failed To Yield Right Of Way,No Apparent Influence,No Apparent Influence,39.0,Male,West,Going Straight Ahead,No Improper Action,No Apparent Influence,No Apparent Influence,33.40749554,-111.8977485,2021-05-28,19:13:00
40990,3785775,2021,Southern Ave,Butte Ave,0.0,Intersection 4 Way 202,1.0,0.0,Possible Injury,Angle - Other Than Left Turn 2,Daylight,Clear,Dry,33.0,Female,West,Going Straight Ahead,Unknown,No Apparent Influence,No Apparent Influence,35.0,Female,South,Going Straight Ahead,Unknown,No Apparent Influence,No Apparent Influence,33.39298856,-111.9114058,2021-05-28,20:29:00
40993,3785796,2021,Rural Rd,Rio Salado Pkwy,0.0,Intersection 4 Way 202,0.0,0.0,No Injury,Left Turn,Daylight,Clear,Dry,24.0,Male,South,Going Straight Ahead,Unknown,No Apparent Influence,No Apparent Influence,31.0,Male,North,Making Left Turn,Unknown,No Apparent Influence,No Apparent Influence,33.42884843,-111.9262892,2021-05-29,11:25:00
40995,3779908,2021,Elliot Rd,Harl Ave,0.0,Intersection 4 Way 202,2.0,0.0,Suspected Minor Injury,Angle - Other Than Left Turn 2,Daylight,Clear,Dry,30.0,Male,West,Going Straight Ahead,Unknown,No Apparent Influence,No Apparent Influence,27.0,Male,North,Going Straight Ahead,No Improper Action,No Apparent Influence,No Apparent Influence,33.34908149,-111.9659282,2021-05-29,20:30:00
40999,3779535,2021,Southern Ave,Butte Ave,30.0,Intersection Related 206,0.0,0.0,No Injury,Rear End,Daylight,Clear,Dry,30.0,Female,West,Going Straight Ahead,Speed To Fast For Conditions,No Apparent Influence,No Apparent Influence,19.0,Female,West,Stopped In Trafficway,No Improper Action,No Apparent Influence,No Apparent Influence,33.39298875,-111.9113076,2021-05-31,01:00:00
41002,3827496,2021,Curry Rd,Mill Ave,0.0,Intersection 4 Way 202,0.0,0.0,No Injury,Angle - Other Than Left Turn 2,Dark Lighted,Clear,Dry,20.0,Female,South,Going Straight Ahead,Failed To Yield Right Of Way,No Apparent Influence,No Apparent Influence,25.0,Female,West,Going Straight Ahead,No Improper Action,No Apparent Influence,No Apparent Influence,33.43762587,-111.9432967,2021-05-31,07:00:00
41003,3780312,2021,Priest Dr,University Dr,0.0,Intersection 201,1.0,0.0,Possible Injury,Angle - Other Than Left Turn 2,Daylight,Clear,Dry,24.0,Female,North,Going Straight Ahead,Disregarded Traffic Signal,No Apparent Influence,No Apparent Influence,40.0,Female,West,Going Straight Ahead,No Improper Action,No Apparent Influence,No Apparent Influence,33.42194197,-111.9609234,2021-05-31,12:31:00
41004,3780314,2021,McClintock Dr,Broadway Rd,45.0,Intersection Related 206,1.0,0.0,Possible Injury,Rear End,Daylight,Clear,Dry,25.0,Male,South,Going Straight Ahead,Speed To Fast For Conditions,No Apparent Influence,No Apparent Influence,52.0,Female,South,Stopped In Trafficway,No Improper Action,No Apparent Influence,No Apparent Influence,33.40762381,-111.9091249,2021-05-31,18:52:00
41005,3783938,2021,Rural Rd,Guadalupe Rd,0.0,Not Junction Related,0.0,0.0,No Injury,Angle - Other Than Left Turn 2,Daylight,Unknown,Dry,35.0,Male,South,Going Straight Ahead,Disregarded Traffic Signal,No Apparent Influence,No Apparent Influence,22.0,Male,East,Going Straight Ahead,No Improper Action,No Apparent Influence,No Apparent Influence,33.36375267,-111.928605,2021-05-31,20:39:00
41008,3780315,2021,5th St,Smith Rd,0.0,Intersection 4 Way 202,0.0,0.0,No Injury,Angle - Other Than Left Turn 2,Daylight,Clear,Dry,20.0,Male,East,Making Left Turn,Failed To Yield Right Of Way,No Apparent Influence,No Apparent Influence,40.0,Female,North,Going Straight Ahead,No Improper Action,No Apparent Influence,No Apparent Influence,33.42569823,-111.9004714,2021-06-01,20:42:00
41009,3790833,2021,Broadway Rd,Hardy Dr,0.0,Intersection 4 Way 202,0.0,0.0,No Injury,Left Turn,Dark Lighted,Clear,Dry,58.0,Male,West,Making Left Turn,Failed To Yield Right Of Way,No Apparent Influence,No Apparent Influence,26.0,Male,East,Going Straight Ahead,No Improper Action,No Apparent Influence,No Apparent Influence,33.40739301,-111.952165,2021-06-02,04:47:00
41010,3787212,2021,Scottsdale Rd,Weber Dr,0.0,Intersection 4 Way 202,2.0,0.0,Possible Injury,Left Turn,Dark Lighted,Clear,Dry,42.0,Male,North,Making Left Turn,Made Improper Turn,No Apparent Influence,No Apparent Influence,17.0,Male,South,Going Straight Ahead,No Improper Action,No Apparent Influence,No Apparent Influence,33.44398868,-111.926438,2021-06-02,05:20:00
41013,3780317,2021,McClintock Dr,Southern Ave,-94.0,Intersection Related 206,0.0,0.0,No Injury,Rear End,Daylight,Clear,Dry,54.0,Female,North,Going Straight Ahead,Followed Too Closely,No Apparent Influence,No Apparent Influence,17.0,Female,North,Slowing In Trafficway,No Improper Action,No Apparent Influence,No Apparent Influence,33.39273417,-111.9091304,2021-06-02,23:33:00
41014,3783942,2021,Grove Pkwy,Kyrene Rd,0.0,Intersection 201,1.0,0.0,Possible Injury,Angle - Other Than Left Turn 2,Dark Lighted,Clear,Dry,34.0,Male,East,Making Left Turn,Disregarded Traffic Signal,Alcohol,No Apparent Influence,51.0,Female,South,Going Straight Ahead,No Improper Action,No Apparent Influence,No Apparent Influence,33.35482123,-111.9458396,2021-06-03,04:24:00
41017,3780323,2021,McClintock Dr,Don Carlos Ave,0.0,Intersection 4 Way 202,2.0,0.0,Possible Injury,Left Turn,Daylight,Clear,Dry,20.0,Female,North,Making Left Turn,Failed To Yield Right Of Way,No Apparent Influence,No Apparent Influence,22.0,Male,South,Going Straight Ahead,No Improper Action,No Apparent Influence,No Apparent Influence,33.41748004,-111.9091089,2021-06-04,00:10:00
41018,3780318,2021,Rural Rd,Watson Dr,0.0,Intersection T Inter 203,0.0,0.0,No Injury,Left Turn,Dawn,Clear,Dry,21.0,Male,East,Making Left Turn,Failed To Yield Right Of Way,No Apparent Influence,No Apparent Influence,33.0,Male,South,Going Straight Ahead,No Improper Action,No Apparent Influence,No Apparent Influence,33.36944071,-111.9286453,2021-06-04,02:29:00
41020,3780310,2021,Priest Dr,Washington St,0.0,Intersection 4 Way 202,2.0,0.0,Possible Injury,Angle - Other Than Left Turn 2,Daylight,Clear,Dry,21.0,Female,South,Going Straight Ahead,Disregarded Traffic Signal,No Apparent Influence,No Apparent Influence,40.0,Male,East,Going Straight Ahead,No Improper Action,No Apparent Influence,No Apparent Influence,33.44262371,-111.9566069,2021-06-04,15:23:00
41021,3785868,2021,Scottsdale Rd,Gilbert Dr,150.0,Not Junction Related,0.0,0.0,No Injury,Rear End,Daylight,Clear,Dry,37.0,Female,North,Going Straight Ahead,Speed To Fast For Conditions,No Apparent Influence,No Apparent Influence,28.0,Male,North,Stopped In Trafficway,No Improper Action,No Apparent Influence,No Apparent Influence,33.43797305,-111.926289,2021-06-04,20:32:00
41022,3790832,2021,Scottsdale Rd,McKellips Rd,0.0,Intersection 4 Way 202,1.0,0.0,Suspected Minor Injury,Angle - Other Than Left Turn 2,Daylight,Cloudy,Dry,56.0,Male,South,Going Straight Ahead,Disregarded Traffic Signal,No Apparent Influence,No Apparent Influence,16.0,Male,East,Going Straight Ahead,No Improper Action,No Apparent Influence,No Apparent Influence,33.45124082,-111.9264677,2021-06-04,20:36:00
41023,3783831,2021,Rural Rd,Elliot Rd,17.0,Intersection 4 Way 202,0.0,0.0,No Injury,Rear End,Daylight,Clear,Dry,29.0,Female,South,Going Straight Ahead,Speed To Fast For Conditions,No Apparent Influence,No Apparent Influence,64.0,Female,South,Stopped In Trafficway,No Improper Action,No Apparent Influence,No Apparent Influence,33.34923724,-111.9284782,2021-06-05,00:44:00
41025,3785866,2021,Guadalupe Rd,Kyrene Rd,0.0,Intersection 4 Way 202,0.0,0.0,No Injury,Left Turn,Dark Lighted,Clear,Dry,19.0,Male,South,Making Left Turn,Failed To Yield Right Of Way,No Apparent Influence,No Apparent Influence,36.0,Female,East,Going Straight Ahead,No Improper Action,No Apparent Influence,No Apparent Influence,33.3636593,-111.9458942,2021-06-05,05:32:00
41026,3782990,2021,Mill Ave,Southern Ave,-133.0,Intersection Related 206,0.0,0.0,No Injury,Left Turn,Dark Lighted,Clear,Dry,23.0,Male,North,Making Left Turn,Failed To Yield Right Of Way,No Apparent Influence,No Apparent Influence,23.0,Male,South,Going Straight Ahead,No Improper Action,No Apparent Influence,No Apparent Influence,33.39249793,-111.9395961,2021-06-05,07:09:00
41028,3783824,2021,Mill Ave,9th St,0.0,Intersection 4 Way 202,0.0,0.0,No Injury,Angle - Other Than Left Turn 2,Daylight,Clear,Dry,20.0,Female,North,Going Straight Ahead,Disregarded Traffic Signal,No Apparent Influence,No Apparent Influence,70.0,Female,East,Making Left Turn,No Improper Action,No Apparent Influence,No Apparent Influence,33.42049119,-111.9399767,2021-06-05,17:30:00
41029,3783899,2021,Priest Dr,US-60 Exit 172 C2-Ramp,50.0,Intersection Related Non Interchange,0.0,0.0,No Injury,Rear End,Daylight,Clear,Dry,62.0,Male,South,Going Straight Ahead,Speed To Fast For Conditions,No Apparent Influence,No Apparent Influence,29.0,Male,Unknown,Stopped In Trafficway,No Improper Action,No Apparent Influence,No Apparent Influence,33.38818533,-111.9609102,2021-06-05,17:49:00
41030,3782999,2021,Priest Dr,Auto Dr,0.0,Intersection 201,0.0,0.0,No Injury,Angle - Other Than Left Turn 2,Daylight,Clear,Dry,18.0,Female,North,Going Straight Ahead,Disregarded Traffic Signal,No Apparent Influence,No Apparent Influence,32.0,Male,East,Going Straight Ahead,No Improper Action,No Apparent Influence,No Apparent Influence,33.3454814,-111.9631486,2021-06-05,22:32:00
41031,3779919,2021,Rural Rd,Minton Dr,65.0,Not Junction Related,0.0,0.0,No Injury,Sideswipe Same Direction,Daylight,Clear,Dry,29.0,Female,South,Going Straight Ahead,Failed To Keep In Proper Lane,Alcohol,No Apparent Influence,46.0,Male,South,Going Straight Ahead,No Improper Action,No Apparent Influence,No Apparent Influence,33.38005685,-111.9283442,2021-06-05,23:42:00
41032,3798173,2021,Baseline Rd,El Dorado,0.0,Intersection Related 206,0.0,0.0,No Injury,Angle - Other Than Left Turn 2,Dusk,Clear,Dry,62.0,Female,North,Going Straight Ahead,Failed To Yield Right Of Way,No Apparent Influence,No Apparent Influence,29.0,Male,West,Going Straight Ahead,No Improper Action,No Apparent Influence,No Apparent Influence,33.37850824,-111.8858027,2021-06-06,00:42:00
41034,3790831,2021,Rural Rd,Guadalupe Rd,0.0,Intersection 4 Way 202,1.0,0.0,Suspected Minor Injury,Left Turn,Dark Lighted,Clear,Dry,24.0,Male,East,Making Left Turn,Failed To Yield Right Of Way,No Apparent Influence,No Apparent Influence,60.0,Female,North,Going Straight Ahead,No Improper Action,No Apparent Influence,No Apparent Influence,33.36375267,-111.928605,2021-06-06,05:31:00
41035,3828318,2021,University Dr,Lindon Ln,-147.0,Intersection Related 206,0.0,0.0,No Injury,Rear End,Dark Lighted,Clear,Dry,30.0,Female,West,Going Straight Ahead,Speed To Fast For Conditions,No Apparent Influence,No Apparent Influence,19.0,Female,West,Going Straight Ahead,No Improper Action,No Apparent Influence,No Apparent Influence,33.42194376,-111.9657227,2021-06-06,07:12:00
41040,3780325,2021,Broadway Rd,52nd St,0.0,Intersection 201,1.0,0.0,Possible Injury,Angle - Other Than Left Turn 2,Daylight,Clear,Dry,37.0,Female,West,Going Straight Ahead,Disregarded Traffic Signal,No Apparent Influence,No Apparent Influence,26.0,Male,North,Going Straight Ahead,No Improper Action,No Apparent Influence,No Apparent Influence,33.40924596,-111.9695349,2021-06-07,17:09:00
41041,3780328,2021,Broadway Rd,Roosevelt St,0.0,Intersection 4 Way 202,0.0,0.0,No Injury,Left Turn,Daylight,Clear,Dry,46.0,Female,East,Making Left Turn,Failed To Yield Right Of Way,No Apparent Influence,No Apparent Influence,19.0,Male,West,Going Straight Ahead,No Improper Action,No Apparent Influence,No Apparent Influence,33.40737681,-111.9478531,2021-06-07,19:52:00
41043,3783940,2021,52nd St,Fairmont Dr,0.0,Intersection Non Interchange,0.0,0.0,No Injury,Other,Daylight,Clear,Dry,38.0,Female,West,Going Straight Ahead,Speed To Fast For Conditions,No Apparent Influence,No Apparent Influence,20.0,Female,South,Going Straight Ahead,No Improper Action,No Apparent Influence,No Apparent Influence,33.39644219,-111.9706663,2021-06-07,21:35:00
41044,3780326,2021,McClintock Dr,Baseline Rd,0.0,Intersection 4 Way 202,0.0,0.0,No Injury,Head On,Daylight,Clear,Dry,41.0,Male,North,Making Left Turn,Disregarded Traffic Signal,No Apparent Influence,No Apparent Influence,24.0,Male,South,Going Straight Ahead,No Improper Action,No Apparent Influence,No Apparent Influence,33.37842427,-111.9092613,2021-06-07,22:59:00
41046,3825424,2021,Priest Dr,University Dr,0.0,Intersection 4 Way 202,2.0,0.0,Possible Injury,Left Turn,Dark Lighted,Clear,Dry,25.0,Male,Southwest,Making Left Turn,Failed To Yield Right Of Way,No Apparent Influence,No Apparent Influence,25.0,Male,East,Going Straight Ahead,No Improper Action,No Apparent Influence,No Apparent Influence,33.42194197,-111.9609234,2021-06-08,03:47:00
41048,3782984,2021,McClintock Dr,Curry Rd,0.0,Intersection T Inter 203,2.0,0.0,Suspected Minor Injury,Left Turn,Daylight,Clear,Dry,59.0,Male,East,Making Left Turn,Unknown,No Apparent Influence,No Apparent Influence,50.0,Male,South,Going Straight Ahead,Unknown,No Apparent Influence,No Apparent Influence,33.44040376,-111.9095616,2021-06-08,13:02:00
41056,3782998,2021,McArthur Dr,Cottonwood Dr,-59.0,Not Junction Related,0.0,0.0,No Injury,Sideswipe Same Direction,Daylight,Clear,Dry,30.0,Female,West,Leaving Parking Position,Failed To Yield Right Of Way,No Apparent Influence,No Apparent Influence,38.0,Female,West,Going Straight Ahead,No Improper Action,No Apparent Influence,No Apparent Influence,33.41664003,-111.8901696,2021-06-09,16:49:00
41057,3785865,2021,Huntington Dr,Park Dr,182.0,Not Junction Related,2.0,0.0,Suspected Minor Injury,Head On,Daylight,Clear,Dry,57.0,Male,West,Going Straight Ahead,Failed To Yield Right Of Way,Alcohol,No Apparent Influence,26.0,Female,East,Going Straight Ahead,No Improper Action,No Apparent Influence,No Apparent Influence,33.39419418,-111.9734218,2021-06-09,20:40:00
41058,3782997,2021,Elliot Rd,Harl Ave,-86.0,Intersection Related 206,0.0,0.0,No Injury,Rear End,Daylight,Clear,Dry,23.0,Female,East,Going Straight Ahead,Followed Too Closely,No Apparent Influence,No Apparent Influence,63.0,Female,East,Stopped In Trafficway,No Improper Action,No Apparent Influence,No Apparent Influence,33.34907971,-111.9662096,2021-06-09,23:49:00
41059,3782979,2021,Baseline Rd,Wendler Dr,-80.0,Intersection Related 206,1.0,0.0,Possible Injury,Rear End,Daylight,Clear,Dry,47.0,Male,East,Going Straight Ahead,Followed Too Closely,No Apparent Influence,No Apparent Influence,78.0,Male,East,Slowing In Trafficway,No Improper Action,No Apparent Influence,No Apparent Influence,33.37825299,-111.9700475,2021-06-09,23:59:00
41060,3783925,2021,Guadalupe Rd,McClintock Dr,0.0,Intersection 4 Way 202,2.0,0.0,Suspected Minor Injury,Left Turn,Daylight,Clear,Dry,50.0,Male,East,Making Left Turn,Failed To Yield Right Of Way,No Apparent Influence,No Apparent Influence,22.0,Male,West,Going Straight Ahead,No Improper Action,No Apparent Influence,No Apparent Influence,33.36376447,-111.9112567,2021-06-10,00:09:00
41062,3779959,2021,Rural Rd,6th St,61.0,Intersection Related 206,2.0,0.0,Possible Injury,Rear End,Dusk,Clear,Dry,24.0,Female,South,Going Straight Ahead,Followed Too Closely,No Apparent Influence,No Apparent Influence,23.0,Male,South,Going Straight Ahead,No Improper Action,No Apparent Influence,No Apparent Influence,33.42466544,-111.9263014,2021-06-10,02:19:00
41063,3776400,2021,Caroline Ln,Priest Dr,80.0,Intersection Related 206,0.0,0.0,No Injury,Left Turn,Dark Lighted,Clear,Dry,44.0,Female,South,Making Left Turn,Made Improper Turn,No Apparent Influence,No Apparent Influence,58.0,Male,West,Making Left Turn,No Improper Action,No Apparent Influence,No Apparent Influence,33.32978591,-111.9628568,2021-06-10,03:30:00
41068,3782995,2021,Rural Rd,Guadalupe Rd,-146.0,Intersection Related 206,0.0,0.0,No Injury,Rear End,Daylight,Clear,Dry,27.0,Male,North,Going Straight Ahead,Other,No Apparent Influence,No Apparent Influence,43.0,Male,North,Going Straight Ahead,No Improper Action,No Apparent Influence,No Apparent Influence,33.36335173,-111.9286004,2021-06-10,23:26:00
41070,3790835,2021,University Dr,Rural Rd,0.0,Intersection 4 Way 202,0.0,0.0,No Injury,Left Turn,Dark Lighted,Clear,Dry,30.0,Male,West,Making Left Turn,Failed To Yield Right Of Way,No Apparent Influence,No Apparent Influence,18.0,Female,East,Going Straight Ahead,No Improper Action,No Apparent Influence,No Apparent Influence,33.42202914,-111.9263124,2021-06-11,02:56:00
41072,3782985,2021,Rio Salado Pkwy,Siesta Ln,-136.0,Intersection Related 206,0.0,0.0,No Injury,Rear End,Daylight,Clear,Dry,23.0,Female,West,Going Straight Ahead,Speed To Fast For Conditions,No Apparent Influence,No Apparent Influence,43.0,Male,West,Stopped In Trafficway,No Improper Action,No Apparent Influence,No Apparent Influence,33.42936605,-111.8940638,2021-06-11,23:22:00
41073,3785860,2021,Baseline Rd,Pointe Pkwy,-67.0,Intersection Related 206,1.0,0.0,Possible Injury,Sideswipe Same Direction,Daylight,Clear,Dry,71.0,Male,East,Overtaking Passing,Speed To Fast For Conditions,No Apparent Influence,No Apparent Influence,60.0,Female,East,Going Straight Ahead,No Improper Action,No Apparent Influence,No Apparent Influence,33.37821433,-111.9722141,2021-06-11,23:22:00
41075,3792991,2021,Orange St,Stanley Pl,60.0,Not Junction Related,1.0,0.0,Possible Injury,Rear End,Dusk,Clear,Dry,28.0,Female,West,Going Straight Ahead,Other,No Apparent Influence,No Apparent Influence,22.0,Male,West,Improperly Parked,No Improper Action,No Apparent Influence,No Apparent Influence,33.41869836,-111.9203689,2021-06-12,02:25:00
41076,3790805,2021,Rural Rd,Terrace Rd,-150.0,Intersection Related 206,1.0,0.0,Possible Injury,Rear End,Dark Lighted,Clear,Dry,36.0,Male,North,Going Straight Ahead,Speed To Fast For Conditions,Alcohol,No Apparent Influence,19.0,Female,North,Stopped In Trafficway,No Improper Action,No Apparent Influence,No Apparent Influence,33.41986341,-111.9262991,2021-06-12,03:13:00
41078,3795456,2021,Broadway Rd,Priest Dr,-15.0,Not Junction Related,0.0,0.0,No Injury,Sideswipe Same Direction,Dark Lighted,Clear,Dry,19.0,Female,West,Going Straight Ahead,Unsafe Lane Change,No Apparent Influence,No Apparent Influence,51.0,Male,West,Going Straight Ahead,No Improper Action,No Apparent Influence,No Apparent Influence,33.40742093,-111.9608296,2021-06-12,04:28:00
41079,3787131,2021,Lemon St,Stanley Pl,0.0,Intersection T Inter 203,0.0,0.0,No Injury,Left Turn,Dark Lighted,Clear,Dry,58.0,Female,East,Making Left Turn,Failed To Yield Right Of Way,No Apparent Influence,No Apparent Influence,20.0,Male,West,Going Straight Ahead,No Improper Action,No Apparent Influence,No Apparent Influence,33.41672332,-111.9205785,2021-06-12,05:05:00
41081,3785788,2021,Rural Rd,Rio Salado Pkwy,0.0,Intersection 4 Way 202,1.0,0.0,Suspected Minor Injury,Left Turn,Dark Lighted,Clear,Dry,56.0,Male,East,Making Left Turn,Made Improper Turn,No Apparent Influence,No Apparent Influence,28.0,Male,North,Going Straight Ahead,Unknown,No Apparent Influence,No Apparent Influence,33.42884843,-111.9262892,2021-06-12,06:05:00
41082,3790830,2021,University Dr,Hardy Dr,0.0,Intersection Related 206,0.0,0.0,No Injury,Rear End,Dark Lighted,Clear,Dry,41.0,Female,East,Going Straight Ahead,Speed To Fast For Conditions,No Apparent Influence,No Apparent Influence,26.0,Male,East,Going Straight Ahead,No Improper Action,No Apparent Influence,No Apparent Influence,33.42191004,-111.9522234,2021-06-12,06:28:00
41083,3785858,2021,Mill Ave,5th St,-52.0,Intersection Related 206,0.0,0.0,No Injury,Rear End,Dark Lighted,Clear,Dry,20.0,Male,South,Going Straight Ahead,Speed To Fast For Conditions,No Apparent Influence,No Apparent Influence,24.0,Female,South,Going Straight Ahead,No Improper Action,No Apparent Influence,No Apparent Influence,33.42536066,-111.9400193,2021-06-12,07:02:00
41085,3790820,2021,McClintock Dr,Hayden Ln,0.0,Intersection T Inter 203,1.0,0.0,Suspected Minor Injury,Left Turn,Daylight,Clear,Dry,33.0,Female,West,Making Left Turn,Made Improper Turn,No Apparent Influence,No Apparent Influence,23.0,Female,North,Going Straight Ahead,No Improper Action,No Apparent Influence,No Apparent Influence,33.41898273,-111.9090996,2021-06-12,15:28:00
41090,3787106,2021,Mill Ave,Fairmont Dr,-90.0,Not Junction Related,0.0,0.0,No Injury,Sideswipe Same Direction,Dark Lighted,Clear,Dry,29.0,Female,North,Changing Lanes,Failed To Keep In Proper Lane,No Apparent Influence,Drugs,32.0,Male,North,Going Straight Ahead,No Improper Action,No Apparent Influence,No Apparent Influence,33.39601892,-111.9396452,2021-06-13,04:34:00
41094,3785856,2021,Baseline Rd,Wendler Dr,0.0,Intersection Non Interchange,0.0,0.0,No Injury,Other,Daylight,Clear,Dry,75.0,Male,West,Slowing In Trafficway,Disregarded Traffic Signal,No Apparent Influence,No Apparent Influence,22.0,Male,South,Making Left Turn,No Improper Action,No Apparent Influence,No Apparent Influence,33.37825837,-111.9697859,2021-06-13,16:00:00
41095,3785767,2021,Elliot Rd,Rural Rd,0.0,Intersection 4 Way 202,0.0,0.0,No Injury,Angle - Other Than Left Turn 2,Daylight,Clear,Dry,21.0,Female,East,Going Straight Ahead,Other,No Apparent Influence,No Apparent Influence,19.0,Female,South,Going Straight Ahead,No Improper Action,No Apparent Influence,No Apparent Influence,33.34919067,-111.928477,2021-06-13,21:31:00
41096,3819309,2021,University Dr,Lola Ln,25.0,Intersection Related 206,2.0,0.0,Suspected Minor Injury,Angle - Other Than Left Turn 2,Daylight,Clear,Dry,28.0,Female,West,Going Straight Ahead,No Improper Action,No Apparent Influence,No Apparent Influence,27.0,Male,East,Making Left Turn,No Improper Action,No Apparent Influence,No Apparent Influence,33.42205944,-111.8938974,2021-06-13,23:50:00
41097,3785857,2021,Rio Salado Pkwy,Mill Ave,0.0,Intersection 4 Way 202,0.0,0.0,No Injury,Left Turn,Dark Lighted,Clear,Dry,17.0,Female,East,Making Left Turn,Disregarded Traffic Signal,No Apparent Influence,No Apparent Influence,30.0,Female,West,Going Straight Ahead,No Improper Action,No Apparent Influence,No Apparent Influence,33.42962509,-111.9400482,2021-06-14,05:40:00
41106,3787203,2021,Hohokam Dr,University Dr,0.0,Intersection T Inter 203,2.0,0.0,Possible Injury,Angle - Other Than Left Turn 2,Daylight,Clear,Dry,64.0,Male,North,Making Left Turn,Failed To Yield Right Of Way,No Apparent Influence,No Apparent Influence,22.0,Female,East,Going Straight Ahead,No Improper Action,No Apparent Influence,No Apparent Influence,33.42193125,-111.9718008,2021-06-15,20:58:00
41107,3787198,2021,Broadway Rd,Rural Rd,200.0,Driveway Or Alley,0.0,0.0,No Injury,Left Turn,Daylight,Clear,Dry,43.0,Female,South,Making Left Turn,Failed To Yield Right Of Way,No Apparent Influence,No Apparent Influence,28.0,Male,West,Going Straight Ahead,No Improper Action,No Apparent Influence,No Apparent Influence,33.40751231,-111.9256279,2021-06-15,21:17:00
41109,3795481,2021,University Dr,Priest Dr,0.0,Intersection Related 206,2.0,0.0,Suspected Minor Injury,Rear End,Dawn,Clear,Dry,30.0,Female,East,Going Straight Ahead,Exceeded Lawful Speed,No Apparent Influence,No Apparent Influence,25.0,Male,East,Stopped In Trafficway,No Improper Action,No Apparent Influence,No Apparent Influence,33.42194195,-111.9609234,2021-06-16,12:50:00
41110,3787129,2021,Elliot Rd,Harl Ave,0.0,Intersection 4 Way 202,0.0,0.0,No Injury,Left Turn,Daylight,Unknown,Dry,71.0,Male,Northeast,Making Left Turn,Failed To Yield Right Of Way,No Apparent Influence,No Apparent Influence,37.0,Male,West,Going Straight Ahead,No Improper Action,No Apparent Influence,No Apparent Influence,33.34908149,-111.9659281,2021-06-16,15:24:00
41111,3787098,2021,Southern Ave,Stanley Pl,104.0,Not Junction Related,0.0,0.0,No Injury,Sideswipe Same Direction,Daylight,Clear,Dry,30.0,Male,East,Changing Lanes,Unsafe Lane Change,No Apparent Influence,No Apparent Influence,25.0,Female,East,Going Straight Ahead,No Improper Action,No Apparent Influence,No Apparent Influence,33.39296385,-111.920732,2021-06-16,16:08:00
41112,3787099,2021,University Dr,McClintock Dr,-89.0,Intersection Related 206,1.0,0.0,Possible Injury,Rear End,Daylight,Clear,Dry,28.0,Male,East,Going Straight Ahead,Speed To Fast For Conditions,No Apparent Influence,No Apparent Influence,30.0,Male,East,Stopped In Trafficway,No Improper Action,No Apparent Influence,No Apparent Influence,33.42198169,-111.9093779,2021-06-16,16:23:00
41113,3782325,2021,University Dr,McClintock Dr,0.0,Intersection 4 Way 202,0.0,0.0,No Injury,Angle - Other Than Left Turn 2,Daylight,Clear,Dry,17.0,Male,South,Going Straight Ahead,Failed To Yield Right Of Way,No Apparent Influence,No Apparent Influence,25.0,Male,South,Other,No Improper Action,No Apparent Influence,No Apparent Influence,33.42198255,-111.9090862,2021-06-16,23:03:00
41114,3787120,2021,McClintock Dr,University Dr,0.0,Intersection 4 Way 202,0.0,0.0,No Injury,Angle - Other Than Left Turn 2,Daylight,Fog Smog Smoke,Dry,17.0,Male,South,Going Straight Ahead,Failed To Yield Right Of Way,No Apparent Influence,No Apparent Influence,25.0,Male,West,Going Straight Ahead,No Improper Action,No Apparent Influence,No Apparent Influence,33.42198261,-111.9090862,2021-06-16,23:07:00
41115,3787100,2021,Rio Salado Pkwy,Smith Rd,0.0,Intersection 4 Way 202,1.0,0.0,Possible Injury,Angle - Other Than Left Turn 2,Dusk,Cloudy,Dry,19.0,Female,West,Going Straight Ahead,Disregarded Traffic Signal,No Apparent Influence,No Apparent Influence,24.0,Male,North,Making Left Turn,No Improper Action,No Apparent Influence,No Apparent Influence,33.42928299,-111.9004564,2021-06-17,02:04:00
41116,3785774,2021,University Dr,McAllister Ave,0.0,Intersection 4 Way 202,0.0,0.0,No Injury,Angle - Other Than Left Turn 2,Daylight,Clear,Dry,21.0,Female,West,Going Straight Ahead,Disregarded Traffic Signal,No Apparent Influence,No Apparent Influence,24.0,Male,South,Making Left Turn,No Improper Action,No Apparent Influence,No Apparent Influence,33.42201895,-111.9289394,2021-06-17,02:09:00