,Incident ID,Year,Street Name,Cross Street,Distance,Junction Relation,Total Injuries,Total Fatalities,Injury Severity,Collision Manner,Light Condition,Weather,Surface Condition,Age Driver 1,Gender Driver 1,Travel Direction One,Unit Action One,Violation1_Drv1,Alcohol Use Driver 1,Drug Use Driver 1,Age Driver 2,Gender Driver 2,Travel Direction Two,Unit Action Two,Violation 1 Driver 2,Alcohol Use Driver 2,Drug Use Driver 2,Latitude,Longitude,Date,Time
41118,3785769,2021,Baseline Rd,Wendler Dr,-75.0,Intersection Related 206,0.0,0.0,No Injury,Rear End,Daylight,Clear,Dry,17.0,Male,East,Going Straight Ahead,Speed To Fast For Conditions,No Apparent Influence,No Apparent Influence,24.0,Male,East,Stopped In Trafficway,No Improper Action,No Apparent Influence,No Apparent Influence,33.37825333,-111.9700311,2021-06-18,01:38:00
41121,3787114,2021,Warner Rd,Priest Dr,0.0,Intersection 4 Way 202,0.0,0.0,No Injury,Left Turn,Daylight,Clear,Dry,21.0,Female,Northeast,Making Left Turn,Failed To Yield Right Of Way,No Apparent Influence,No Apparent Influence,19.0,Female,West,Going Straight Ahead,No Improper Action,No Apparent Influence,No Apparent Influence,33.33452532,-111.9631173,2021-06-18,15:54:00
41122,3787023,2021,Priest Dr,Southern Ave,0.0,Intersection 4 Way 202,2.0,0.0,Possible Injury,Angle - Other Than Left Turn 2,Daylight,Clear,Dry,22.0,Female,North,Going Straight Ahead,Disregarded Traffic Signal,No Apparent Influence,No Apparent Influence,71.0,Male,West,Going Straight Ahead,No Improper Action,No Apparent Influence,No Apparent Influence,33.39288398,-111.9607698,2021-06-18,20:06:00
41124,3796469,2021,48th St,Southern Ave,-60.0,Intersection Related 206,1.0,0.0,Possible Injury,Rear End,Daylight,Clear,Dry,80.0,Female,North,Slowing In Trafficway,Speed To Fast For Conditions,No Apparent Influence,No Apparent Influence,52.0,Female,North,Stopped In Trafficway,No Improper Action,No Apparent Influence,No Apparent Influence,33.39260248,-111.9783401,2021-06-19,00:46:00
41126,3787216,2021,Apache Blvd,Lebanon Ln,0.0,Intersection T Inter 203,2.0,0.0,Possible Injury,Angle - Other Than Left Turn 2,Daylight,Clear,Dry,30.0,Female,West,Going Straight Ahead,Disregarded Traffic Signal,No Apparent Influence,No Apparent Influence,39.0,Female,South,Making Left Turn,No Improper Action,No Apparent Influence,No Apparent Influence,33.41480296,-111.8862664,2021-06-19,21:52:00
41127,3795506,2021,Rio Salado Pkwy,Perry Ln,0.0,Intersection Related 206,0.0,0.0,No Injury,Angle - Other Than Left Turn 2,Daylight,Clear,Dry,32.0,Male,East,Changing Lanes,Unsafe Lane Change,No Apparent Influence,No Apparent Influence,35.0,Male,East,Making Left Turn,No Improper Action,No Apparent Influence,No Apparent Influence,33.42923899,-111.904765,2021-06-19,22:13:00
41128,3787113,2021,Baseline Rd,Darrow Dr,0.0,Not Junction Related,1.0,0.0,Possible Injury,Left Turn,Daylight,Clear,Dry,26.0,Female,East,Making Left Turn,Failed To Yield Right Of Way,No Apparent Influence,No Apparent Influence,25.0,Female,West,Going Straight Ahead,No Improper Action,No Apparent Influence,No Apparent Influence,33.37824425,-111.9611298,2021-06-19,22:19:00
41129,3795515,2021,Hardy Dr,Southern Ave,0.0,Intersection 4 Way 202,0.0,0.0,No Injury,Left Turn,Daylight,Clear,Dry,43.0,Female,North,Making Left Turn,Failed To Yield Right Of Way,No Apparent Influence,No Apparent Influence,41.0,Male,South,Going Straight Ahead,No Improper Action,No Apparent Influence,No Apparent Influence,33.39285776,-111.9519838,2021-06-19,23:02:00
41130,3811305,2021,Hardy Dr,University Dr,-5.0,Intersection 4 Way 202,1.0,0.0,Possible Injury,Angle - Other Than Left Turn 2,Dark Lighted,Clear,Dry,19.0,Male,South,Making Right Turn,Made Improper Turn,No Apparent Influence,No Apparent Influence,41.0,Male,South,Going Straight Ahead,No Improper Action,No Apparent Influence,No Apparent Influence,33.42189634,-111.9522232,2021-06-20,03:52:00
41137,3787112,2021,Warner Rd,Priest Dr,0.0,Not Junction Related,2.0,0.0,Possible Injury,Left Turn,Daylight,Clear,Dry,45.0,Male,East,Making Left Turn,Failed To Yield Right Of Way,No Apparent Influence,No Apparent Influence,37.0,Male,West,Going Straight Ahead,No Improper Action,No Apparent Influence,No Apparent Influence,33.33452532,-111.9631173,2021-06-20,22:09:00
41139,3820557,2021,Rural Rd,La Jolla Dr,0.0,Intersection 201,0.0,0.0,No Injury,Angle - Other Than Left Turn 2,Daylight,Clear,Dry,26.0,Female,Southeast,Making Right Turn,Failed To Yield Right Of Way,No Apparent Influence,No Apparent Influence,34.0,Male,South,Going Straight Ahead,No Improper Action,No Apparent Influence,No Apparent Influence,33.38938085,-111.9264156,2021-06-21,15:30:00
41140,3787199,2021,Guadalupe Rd,Rural Rd,50.0,Not Junction Related,0.0,0.0,No Injury,Rear End,Daylight,Clear,Dry,72.0,Female,West,Going Straight Ahead,Unknown,No Apparent Influence,No Apparent Influence,16.0,Male,West,Going Straight Ahead,No Improper Action,No Apparent Influence,No Apparent Influence,33.36375349,-111.9284414,2021-06-21,20:00:00
41144,3787117,2021,Baseline Rd,Mill Ave,0.0,Intersection Related 206,0.0,0.0,No Injury,Left Turn,Daylight,Clear,Dry,38.0,Female,East,Making Left Turn,Disregarded Traffic Signal,No Apparent Influence,No Apparent Influence,32.0,Female,West,Going Straight Ahead,No Improper Action,No Apparent Influence,No Apparent Influence,33.37821114,-111.9393657,2021-06-21,22:00:00
41145,3787124,2021,Priest Dr,Geneva Dr,51.0,Intersection Related 206,0.0,0.0,No Injury,Rear End,Daylight,Clear,Dry,48.0,Male,South,Going Straight Ahead,Followed Too Closely,No Apparent Influence,No Apparent Influence,60.0,Male,South,Stopped In Trafficway,No Improper Action,No Apparent Influence,No Apparent Influence,33.39516066,-111.9607767,2021-06-22,00:28:00
41147,3792966,2021,Apache Blvd,Rural Rd,0.0,Intersection 201,0.0,0.0,No Injury,Left Turn,Dark Lighted,Clear,Dry,63.0,Male,West,Going Straight Ahead,Disregarded Traffic Signal,No Apparent Influence,No Apparent Influence,19.0,Female,South,Making Left Turn,No Improper Action,No Apparent Influence,No Apparent Influence,33.41476221,-111.9262928,2021-06-22,04:12:00
41151,3787201,2021,Miller Rd,Weber Dr,0.0,Intersection 4 Way 202,1.0,0.0,Possible Injury,Angle - Other Than Left Turn 2,Daylight,Clear,Dry,17.0,Male,East,Making Left Turn,Other,No Apparent Influence,No Apparent Influence,46.0,Female,South,Going Straight Ahead,No Improper Action,No Apparent Influence,No Apparent Influence,33.44403218,-111.9179474,2021-06-22,18:45:00
41155,3787202,2021,Rio Salado Pkwy,McClintock Dr,184.0,Intersection Related 206,1.0,0.0,Possible Injury,Rear End,Daylight,Cloudy,Dry,21.0,Female,West,Going Straight Ahead,Speed To Fast For Conditions,No Apparent Influence,No Apparent Influence,24.0,Male,West,Stopped In Trafficway,No Improper Action,No Apparent Influence,No Apparent Influence,33.42930956,-111.9084706,2021-06-22,23:43:00
41156,3795510,2021,8th St,Gary Dr,100.0,Not Junction Related,0.0,0.0,No Injury,Angle - Other Than Left Turn 2,Dusk,Cloudy,Dry,64.0,Female,South,Making Left Turn,Failed To Yield Right Of Way,No Apparent Influence,No Apparent Influence,43.0,Male,West,Going Straight Ahead,No Improper Action,No Apparent Influence,No Apparent Influence,33.41945926,-111.9143753,2021-06-23,02:30:00
41158,3790840,2021,Mill Ave,Southern Ave,-30.0,Intersection Related 206,0.0,0.0,No Injury,Rear End,Dark Lighted,Cloudy,Dry,28.0,Male,North,Going Straight Ahead,Speed To Fast For Conditions,No Apparent Influence,No Apparent Influence,23.0,Female,North,Stopped In Trafficway,No Improper Action,No Apparent Influence,No Apparent Influence,33.39278058,-111.9396022,2021-06-23,11:10:00
41159,3790842,2021,Priest Dr,University Dr,182.0,Intersection Related 206,1.0,0.0,Possible Injury,Rear End,Daylight,Clear,Wet,55.0,Female,South,Going Straight Ahead,Speed To Fast For Conditions,No Apparent Influence,No Apparent Influence,27.0,Male,South,Going Straight Ahead,No Improper Action,No Apparent Influence,No Apparent Influence,33.42244061,-111.9609558,2021-06-23,13:45:00
41162,3790815,2021,Elliot Rd,River Pkwy,0.0,Intersection 4 Way 202,1.0,0.0,Suspected Minor Injury,Left Turn,Daylight,Cloudy,Wet,55.0,Male,East,Going Straight Ahead,Disregarded Traffic Signal,No Apparent Influence,No Apparent Influence,60.0,Male,North,Making Left Turn,No Improper Action,No Apparent Influence,No Apparent Influence,33.34927691,-111.897908,2021-06-23,19:49:00
41165,3790838,2021,Broadway Rd,Priest Dr,-65.0,Intersection Related 206,0.0,0.0,No Injury,Rear End,Dark Lighted,Clear,Dry,25.0,Male,East,Going Straight Ahead,Speed To Fast For Conditions,No Apparent Influence,No Apparent Influence,24.0,Male,East,Stopped In Trafficway,No Improper Action,No Apparent Influence,No Apparent Influence,33.40742129,-111.9609934,2021-06-24,03:01:00
41166,3820559,2021,Hardy Dr,Baseline Rd,-175.0,Driveway Or Alley,1.0,0.0,Suspected Minor Injury,Angle - Other Than Left Turn 2,Dark Lighted,Clear,Dry,39.0,Female,East,Other,Speed To Fast For Conditions,Alcohol,No Apparent Influence,60.0,Male,North,Slowing In Trafficway,No Improper Action,No Apparent Influence,No Apparent Influence,33.37773275,-111.9525136,2021-06-24,03:10:00
41167,3790866,2021,Rural Rd,Carter Dr,0.0,Intersection 201,1.0,0.0,Suspected Minor Injury,Left Turn,Daylight,Clear,Dry,63.0,Female,North,Making Left Turn,Failed To Yield Right Of Way,No Apparent Influence,No Apparent Influence,68.0,Male,South,Going Straight Ahead,No Improper Action,No Apparent Influence,No Apparent Influence,33.3811298,-111.9276021,2021-06-24,14:35:00
41169,3790865,2021,Mill Ave,10th St,0.0,Intersection 4 Way 202,2.0,0.0,Suspected Minor Injury,Angle - Other Than Left Turn 2,Daylight,Clear,Dry,73.0,Female,South,Going Straight Ahead,Disregarded Traffic Signal,No Apparent Influence,No Apparent Influence,45.0,Male,East,Going Straight Ahead,No Improper Action,No Apparent Influence,No Apparent Influence,33.4190646,-111.9399669,2021-06-24,19:23:00
41170,3790863,2021,Rural Rd,Carter Dr,0.0,Intersection 4 Way 202,2.0,0.0,Possible Injury,Left Turn,Daylight,Clear,Dry,61.0,Male,North,Making Left Turn,Failed To Keep In Proper Lane,No Apparent Influence,No Apparent Influence,22.0,Female,South,Going Straight Ahead,No Improper Action,No Apparent Influence,No Apparent Influence,33.3811298,-111.9276021,2021-06-24,21:24:00
41171,3792955,2021,Hardy Dr,University Dr,130.0,Driveway Or Alley,0.0,0.0,No Injury,Rear End,Daylight,Clear,Dry,24.0,Male,South,Going Straight Ahead,Followed Too Closely,Alcohol,No Apparent Influence,30.0,Male,South,Stopped In Trafficway,No Improper Action,No Apparent Influence,No Apparent Influence,33.42226691,-111.9522288,2021-06-24,22:03:00
41172,3790864,2021,McClintock Dr,Apache Blvd,-190.0,Intersection Related 206,1.0,0.0,Suspected Minor Injury,Rear End,Dark Lighted,Clear,Dry,25.0,Male,North,Going Straight Ahead,Speed To Fast For Conditions,No Apparent Influence,No Apparent Influence,21.0,Male,North,Slowing In Trafficway,No Improper Action,No Apparent Influence,No Apparent Influence,33.41423787,-111.9091314,2021-06-25,03:23:00
41173,3792962,2021,Elliot Rd,Kyrene Rd,-25.0,Intersection Related 206,0.0,0.0,No Injury,Rear End,Dark Lighted,Clear,Dry,72.0,Female,West,Making Right Turn,Made Improper Turn,No Apparent Influence,No Apparent Influence,50.0,Female,West,Going Straight Ahead,No Improper Action,No Apparent Influence,No Apparent Influence,33.34919866,-111.9458165,2021-06-25,03:39:00
41178,3790794,2021,Apache Blvd,McClintock Dr,0.0,Driveway Or Alley,0.0,0.0,No Injury,Left Turn,Daylight,Clear,Dry,30.0,Female,East,Going Straight Ahead,Disregarded Traffic Signal,No Apparent Influence,No Apparent Influence,48.0,Male,West,Making Left Turn,No Improper Action,No Apparent Influence,No Apparent Influence,33.41476696,-111.906537,2021-06-25,19:07:00
41183,3790795,2021,Priest Dr,Ray Rd,215.0,Intersection Related 206,0.0,0.0,No Injury,Sideswipe Same Direction,Daylight,Clear,Dry,28.0,Female,South,Changing Lanes,Unsafe Lane Change,No Apparent Influence,No Apparent Influence,54.0,Male,South,Going Straight Ahead,No Improper Action,No Apparent Influence,No Apparent Influence,33.32045425,-111.9631011,2021-06-25,21:54:00
41187,3820535,2021,Scottsdale Rd,Gilbert Dr,40.0,Intersection Related 206,2.0,0.0,Possible Injury,Rear End,Dark Lighted,Clear,Dry,25.0,Male,West,Going Straight Ahead,Speed To Fast For Conditions,No Apparent Influence,No Apparent Influence,33.0,Male,North,Going Straight Ahead,No Improper Action,No Apparent Influence,No Apparent Influence,33.43767194,-111.9262724,2021-06-26,11:21:00
41189,3792978,2021,Warner Rd,Priest Dr,-150.0,Intersection Related 206,2.0,0.0,Possible Injury,Rear End,Daylight,Clear,Dry,28.0,Female,West,Going Straight Ahead,Followed Too Closely,No Apparent Influence,No Apparent Influence,26.0,Male,West,Stopped In Trafficway,No Improper Action,No Apparent Influence,No Apparent Influence,33.33452252,-111.9636084,2021-06-26,18:25:00
41190,3792968,2021,Apache Blvd,Una Butte Ave,110.0,Intersection Related 206,0.0,0.0,No Injury,Rear End,Daylight,Clear,Dry,82.0,Male,West,Going Straight Ahead,Followed Too Closely,No Apparent Influence,No Apparent Influence,22.0,Female,West,Stopped In Trafficway,No Improper Action,No Apparent Influence,No Apparent Influence,33.41476258,-111.9119832,2021-06-26,21:11:00
41192,3795490,2021,Broadway Rd,Farmer Ave,-110.0,Not Junction Related,1.0,0.0,Suspected Minor Injury,Angle - Other Than Left Turn 2,Dark Lighted,Cloudy,Dry,57.0,Female,South,Making Left Turn,Made Improper Turn,No Apparent Influence,No Apparent Influence,19.0,Male,East,Going Straight Ahead,No Improper Action,No Apparent Influence,No Apparent Influence,33.40736376,-111.9443095,2021-06-27,04:36:00
41193,3787195,2021,Rural Rd,Carter Dr,-5.0,Intersection 4 Way 202,0.0,0.0,No Injury,Angle - Other Than Left Turn 2,Dark Lighted,Clear,Dry,27.0,Male,East,Making Left Turn,Failed To Yield Right Of Way,Alcohol,Drugs,22.0,Female,South,Going Straight Ahead,No Improper Action,No Apparent Influence,No Apparent Influence,33.38111797,-111.9276104,2021-06-27,05:55:00
41197,3790810,2021,Warner Rd,70th St,30.0,Intersection Related 206,1.0,0.0,Suspected Minor Injury,Rear End,Daylight,Clear,Dry,24.0,Male,West,Going Straight Ahead,Exceeded Lawful Speed,No Apparent Influence,No Apparent Influence,31.0,Male,West,Slowing In Trafficway,No Improper Action,No Apparent Influence,No Apparent Influence,33.3346465,-111.9325726,2021-06-28,14:49:00
41198,3787192,2021,Priest Dr,Broadway Rd,0.0,Intersection 4 Way 202,2.0,0.0,Suspected Minor Injury,Angle - Other Than Left Turn 2,Daylight,Clear,Dry,53.0,Female,South,Going Straight Ahead,Disregarded Traffic Signal,No Apparent Influence,No Apparent Influence,29.0,Female,East,Going Straight Ahead,No Improper Action,No Apparent Influence,No Apparent Influence,33.40742082,-111.9607804,2021-06-28,17:24:00
41200,3787194,2021,Scottsdale Rd,Hancock Ave,-61.0,Intersection Related 206,0.0,0.0,No Injury,Sideswipe Same Direction,Daylight,Clear,Dry,22.0,Female,North,Changing Lanes,Unsafe Lane Change,No Apparent Influence,No Apparent Influence,25.0,Male,North,Slowing In Trafficway,No Improper Action,No Apparent Influence,No Apparent Influence,33.44648922,-111.926453,2021-06-28,20:37:00
41201,3792923,2021,Scottsdale Rd,Continental Dr,-50.0,Intersection Related 206,0.0,0.0,No Injury,Sideswipe Same Direction,Daylight,Clear,Dry,31.0,Female,North,Changing Lanes,Unsafe Lane Change,No Apparent Influence,No Apparent Influence,26.0,Female,North,Going Straight Ahead,No Improper Action,No Apparent Influence,No Apparent Influence,33.45835311,-111.9263526,2021-06-29,02:06:00
41204,3825427,2021,Baseline Rd,Jentilly Ln,0.0,Intersection T Inter 203,0.0,0.0,No Injury,Angle - Other Than Left Turn 2,Dark Lighted,Clear,Dry,22.0,Female,South,Going Straight Ahead,Failed To Yield Right Of Way,No Apparent Influence,No Apparent Influence,76.0,Male,West,Going Straight Ahead,No Improper Action,No Apparent Influence,No Apparent Influence,33.37825352,-111.9266069,2021-06-29,04:40:00
41206,3792970,2021,Broadway Rd,Dorsey Ln,0.0,Intersection 4 Way 202,1.0,0.0,Possible Injury,Angle - Other Than Left Turn 2,Daylight,Clear,Dry,20.0,Female,West,Going Straight Ahead,Disregarded Traffic Signal,No Apparent Influence,No Apparent Influence,21.0,Male,South,Making Left Turn,No Improper Action,No Apparent Influence,No Apparent Influence,33.40750558,-111.917697,2021-06-29,22:33:00
41207,3792552,2021,Priest Dr,Warner Rd,0.0,Intersection 4 Way 202,0.0,0.0,No Injury,Left Turn,Daylight,Clear,Dry,19.0,Male,North,Making Left Turn,Failed To Yield Right Of Way,No Apparent Influence,No Apparent Influence,41.0,Male,South,Going Straight Ahead,No Improper Action,No Apparent Influence,No Apparent Influence,33.33452529,-111.9631174,2021-06-30,15:28:00
41208,3790844,2021,Priest Dr,Broadway Rd,127.0,Intersection Related 206,0.0,0.0,No Injury,Rear End,Daylight,Clear,Dry,16.0,Male,South,Going Straight Ahead,Followed Too Closely,No Apparent Influence,No Apparent Influence,22.0,Female,South,Stopped In Trafficway,No Improper Action,No Apparent Influence,No Apparent Influence,33.4077697,-111.9607878,2021-06-30,19:45:00
41210,3790790,2021,Weber Dr,McAllister Ave,75.0,Not Junction Related,0.0,0.0,No Injury,Rear End,Daylight,Clear,Dry,19.0,Female,East,Going Straight Ahead,Speed To Fast For Conditions,No Apparent Influence,No Apparent Influence,36.0,Male,East,Slowing In Trafficway,No Improper Action,No Apparent Influence,No Apparent Influence,33.44380465,-111.928849,2021-07-01,16:45:00
41213,3790114,2021,Gilbert Dr,Scottsdale Rd,0.0,Not Junction Related,0.0,0.0,No Injury,Sideswipe Same Direction,Daylight,Clear,Dry,28.0,Male,East,Leaving Parking Position,Speed To Fast For Conditions,No Apparent Influence,No Apparent Influence,48.0,Male,East,Going Straight Ahead,No Improper Action,No Apparent Influence,No Apparent Influence,33.43676335,-111.9253432,2021-07-02,00:03:00
41217,3792554,2021,Elliot Rd,Priest Dr,150.0,Intersection Related 206,0.0,0.0,No Injury,Rear End,Daylight,Clear,Dry,23.0,Male,East,Going Straight Ahead,Speed To Fast For Conditions,No Apparent Influence,No Apparent Influence,19.0,Male,East,Stopped In Trafficway,No Improper Action,No Apparent Influence,No Apparent Influence,33.3491097,-111.9626426,2021-07-02,19:00:00
41218,3792964,2021,Kyrene Rd,Baseline Rd,100.0,Intersection Related 206,0.0,0.0,No Injury,Rear End,Daylight,Clear,Dry,33.0,Male,South,Going Straight Ahead,Unknown,No Apparent Influence,No Apparent Influence,22.0,Female,South,Going Straight Ahead,Unknown,No Apparent Influence,No Apparent Influence,33.3784917,-111.9438815,2021-07-02,19:05:00
41219,3792965,2021,Elliot Rd,Priest Dr,67.0,Intersection Related 206,1.0,0.0,Possible Injury,Rear End,Daylight,Clear,Dry,17.0,Male,East,Going Straight Ahead,Speed To Fast For Conditions,No Apparent Influence,No Apparent Influence,60.0,Female,East,Stopped In Trafficway,No Improper Action,No Apparent Influence,No Apparent Influence,33.34910768,-111.9629146,2021-07-02,19:48:00
41220,3792950,2021,Lemon St,Stanley Pl,0.0,Intersection T Inter 203,0.0,0.0,No Injury,Left Turn,Daylight,Clear,Dry,21.0,Male,East,Making Left Turn,Failed To Yield Right Of Way,No Apparent Influence,No Apparent Influence,25.0,Male,West,Going Straight Ahead,No Improper Action,No Apparent Influence,No Apparent Influence,33.41672332,-111.9205785,2021-07-02,20:47:00
41221,3792882,2021,Rio Salado Pkwy,Siesta Ln,74.0,Intersection Related 206,2.0,0.0,Possible Injury,Rear End,Daylight,Clear,Dry,27.0,Male,East,Going Straight Ahead,Speed To Fast For Conditions,No Apparent Influence,No Apparent Influence,52.0,Female,East,Slowing In Trafficway,No Improper Action,No Apparent Influence,No Apparent Influence,33.42936884,-111.8933758,2021-07-02,23:24:00
41222,3792901,2021,Rural Rd,Terrace Rd,-20.0,Intersection Related 206,0.0,0.0,No Injury,U Turn,Dark Lighted,Cloudy,Dry,22.0,Male,South,Making U Turn,Made Improper Turn,No Apparent Influence,No Apparent Influence,28.0,Female,South,Going Straight Ahead,No Improper Action,No Apparent Influence,No Apparent Influence,33.42022059,-111.9263007,2021-07-03,02:39:00
41224,3792557,2021,Guadalupe Rd,McClintock Dr,0.0,Intersection 4 Way 202,2.0,0.0,Suspected Minor Injury,Left Turn,Daylight,Cloudy,Dry,69.0,Male,East,Making Left Turn,Failed To Yield Right Of Way,No Apparent Influence,No Apparent Influence,43.0,Male,West,Going Straight Ahead,No Improper Action,No Apparent Influence,No Apparent Influence,33.36376447,-111.9112567,2021-07-03,15:37:00
41226,3792555,2021,Guadalupe Rd,McClintock Dr,48.0,Intersection Related 206,0.0,0.0,No Injury,Rear End,Daylight,Clear,Dry,45.0,Male,West,Going Straight Ahead,Followed Too Closely,No Apparent Influence,No Apparent Influence,36.0,Female,West,Stopped In Trafficway,No Improper Action,No Apparent Influence,No Apparent Influence,33.36376192,-111.9111,2021-07-03,17:55:00
41227,3803741,2021,Broadway Rd,Hardy Dr,0.0,Intersection 4 Way 202,1.0,0.0,Suspected Minor Injury,Left Turn,Daylight,Clear,Dry,25.0,Male,Southwest,Making Left Turn,Failed To Yield Right Of Way,No Apparent Influence,No Apparent Influence,30.0,Male,East,Going Straight Ahead,No Improper Action,No Apparent Influence,No Apparent Influence,33.40739301,-111.952165,2021-07-03,23:48:00
41229,3795521,2021,Southern Ave,Mill Ave,-100.0,Not Junction Related,0.0,0.0,No Injury,Sideswipe Same Direction,Dark Lighted,Rain,Wet,32.0,Male,West,Changing Lanes,Unsafe Lane Change,No Apparent Influence,No Apparent Influence,20.0,Male,West,Going Straight Ahead,No Improper Action,No Apparent Influence,No Apparent Influence,33.39285999,-111.9399313,2021-07-04,05:05:00
41230,3803716,2021,Mill Ave,3rd St,-90.0,Not Junction Related,0.0,0.0,No Injury,Rear End,Dark Lighted,Clear,Dry,23.0,Male,South,Going Straight Ahead,Speed To Fast For Conditions,Alcohol,No Apparent Influence,17.0,Male,South,Stopped In Trafficway,No Improper Action,No Apparent Influence,No Apparent Influence,33.42714521,-111.9400316,2021-07-04,09:15:00
41232,3792875,2021,University Dr,McClintock Dr,30.0,Intersection Related 206,1.0,0.0,Suspected Minor Injury,Rear End,Daylight,Clear,Dry,73.0,Male,West,Going Straight Ahead,Speed To Fast For Conditions,No Apparent Influence,No Apparent Influence,35.0,Male,West,Stopped In Trafficway,No Improper Action,No Apparent Influence,No Apparent Influence,33.42198508,-111.9089882,2021-07-04,19:06:00
41234,3792873,2021,Scottsdale Rd,Weber Dr,20.0,Intersection Related 206,0.0,0.0,No Injury,Rear End,Daylight,Clear,Wet,33.0,Male,South,Going Straight Ahead,Speed To Fast For Conditions,No Apparent Influence,No Apparent Influence,41.0,Male,East,Stopped In Trafficway,No Improper Action,No Apparent Influence,No Apparent Influence,33.44404348,-111.9264385,2021-07-04,21:27:00
41237,3820536,2021,Rural Rd,8th St,78.0,Driveway Or Alley,0.0,0.0,No Injury,Angle - Other Than Left Turn 2,Dark Lighted,Clear,Dry,21.0,Male,West,Making Left Turn,Made Improper Turn,Alcohol,No Apparent Influence,29.0,Male,North,Going Straight Ahead,No Improper Action,No Apparent Influence,No Apparent Influence,33.42121677,-111.9263092,2021-07-05,07:52:00
41238,3785903,2021,Roosevelt St,12th St,0.0,Intersection 4 Way 202,0.0,0.0,No Injury,Angle - Other Than Left Turn 2,Dark Lighted,Clear,Dry,32.0,Female,East,Going Straight Ahead,Failed To Yield Right Of Way,No Apparent Influence,No Apparent Influence,36.0,Male,South,Going Straight Ahead,No Improper Action,No Apparent Influence,No Apparent Influence,33.41607206,-111.9472702,2021-07-06,02:47:00
41239,3792934,2021,Kyrene Rd,Baseline Rd,-65.0,Intersection Related 206,0.0,0.0,No Injury,Rear End,Dark Lighted,Clear,Dry,50.0,Male,North,Changing Lanes,Unsafe Lane Change,No Apparent Influence,No Apparent Influence,19.0,Male,North,Going Straight Ahead,No Improper Action,No Apparent Influence,No Apparent Influence,33.3780216,-111.9459845,2021-07-06,03:45:00
41241,3792949,2021,Rural Rd,Guadalupe Rd,33.0,Intersection Related 206,0.0,0.0,No Injury,Angle - Other Than Left Turn 2,Dark Lighted,Clear,Dry,30.0,Female,South,Making Left Turn,Unsafe Lane Change,No Apparent Influence,No Apparent Influence,28.0,Male,South,Going Straight Ahead,No Improper Action,No Apparent Influence,No Apparent Influence,33.36384322,-111.928606,2021-07-06,04:52:00
41242,3792967,2021,Baseline Rd,Calle Los Cerros,-55.0,Intersection Related 206,1.0,0.0,Possible Injury,Rear End,Daylight,Clear,Dry,18.0,Female,East,Going Straight Ahead,Speed To Fast For Conditions,No Apparent Influence,No Apparent Influence,53.0,Male,East,Stopped In Trafficway,No Improper Action,No Apparent Influence,No Apparent Influence,33.37820999,-111.9742685,2021-07-06,16:26:00
41243,3792953,2021,McClintock Dr,Campus Dr,0.0,Intersection 201,0.0,0.0,No Injury,Left Turn,Daylight,Clear,Dry,21.0,Male,South,Going Straight Ahead,Unknown,No Apparent Influence,No Apparent Influence,84.0,Female,East,Making Left Turn,Unknown,No Apparent Influence,No Apparent Influence,33.39835182,-111.9091294,2021-07-06,17:43:00
41244,3795507,2021,Hardy Dr,13th St,0.0,Intersection 4 Way 202,0.0,0.0,No Injury,Angle - Other Than Left Turn 2,Daylight,Clear,Dry,19.0,Female,East,Going Straight Ahead,Unknown,No Apparent Influence,No Apparent Influence,22.0,Male,North,Going Straight Ahead,Unknown,No Apparent Influence,No Apparent Influence,33.41464794,-111.9521907,2021-07-06,19:50:00
41248,3792872,2021,University Dr,Lola Ln,-120.0,Driveway Or Alley,2.0,0.0,Suspected Minor Injury,Left Turn,Daylight,Clear,Dry,22.0,Female,South,Making Left Turn,Failed To Yield Right Of Way,No Apparent Influence,No Apparent Influence,52.0,Male,West,Going Straight Ahead,No Improper Action,No Apparent Influence,No Apparent Influence,33.4220708,-111.8943718,2021-07-07,15:30:00
41249,3795511,2021,Broadway Rd,Dorsey Ln,-55.0,Intersection Related 206,0.0,0.0,No Injury,Sideswipe Same Direction,Daylight,Clear,Dry,27.0,Female,West,Changing Lanes,Other,No Apparent Influence,No Apparent Influence,61.0,Male,West,Going Straight Ahead,No Improper Action,No Apparent Influence,No Apparent Influence,33.40750588,-111.9178772,2021-07-07,19:58:00
41250,3795454,2021,Broadway Rd,McClintock Dr,115.0,Intersection Related 206,0.0,0.0,No Injury,Rear End,Daylight,Clear,Dry,56.0,Male,West,Going Straight Ahead,Followed Too Closely,No Apparent Influence,No Apparent Influence,49.0,Male,West,Stopped In Trafficway,No Improper Action,No Apparent Influence,No Apparent Influence,33.40750017,-111.9087482,2021-07-07,20:59:00
41252,3792982,2021,Baseline Rd,56th St,-93.0,Intersection Related 206,0.0,0.0,No Injury,Rear End,Daylight,Clear,Dry,64.0,Male,East,Going Straight Ahead,Speed To Fast For Conditions,No Apparent Influence,No Apparent Influence,20.0,Male,East,Going Straight Ahead,No Improper Action,No Apparent Influence,No Apparent Influence,33.37824449,-111.9634795,2021-07-08,02:13:00
41254,3795519,2021,Broadway Rd,Dorsey Ln,0.0,Intersection 4 Way 202,2.0,0.0,Suspected Minor Injury,Left Turn,Dark Lighted,Clear,Dry,18.0,Female,West,Making Left Turn,Failed To Yield Right Of Way,No Apparent Influence,No Apparent Influence,40.0,Male,East,Going Straight Ahead,No Improper Action,No Apparent Influence,No Apparent Influence,33.40750558,-111.917697,2021-07-08,03:57:00