,Incident ID,Year,Street Name,Cross Street,Distance,Junction Relation,Total Injuries,Total Fatalities,Injury Severity,Collision Manner,Light Condition,Weather,Surface Condition,Age Driver 1,Gender Driver 1,Travel Direction One,Unit Action One,Violation1_Drv1,Alcohol Use Driver 1,Drug Use Driver 1,Age Driver 2,Gender Driver 2,Travel Direction Two,Unit Action Two,Violation 1 Driver 2,Alcohol Use Driver 2,Drug Use Driver 2,Latitude,Longitude,Date,Time
41255,3800037,2021,Warner Rd,Kyrene Rd,0.0,Intersection 4 Way 202,1.0,0.0,Suspected Minor Injury,Left Turn,Dark Lighted,Clear,Dry,18.0,Male,East,Making Left Turn,Failed To Yield Right Of Way,No Apparent Influence,No Apparent Influence,29.0,Female,West,Going Straight Ahead,No Improper Action,No Apparent Influence,No Apparent Influence,33.33460174,-111.9456572,2021-07-08,06:26:00
41258,3820548,2021,Elliot Rd,Hardy Dr,0.0,Intersection 4 Way 202,1.0,0.0,Possible Injury,Angle - Other Than Left Turn 2,Daylight,Clear,Dry,48.0,Male,Northeast,Making Left Turn,Failed To Yield Right Of Way,Alcohol,No Apparent Influence,51.0,Male,West,Going Straight Ahead,No Improper Action,No Apparent Influence,No Apparent Influence,33.34915645,-111.9544806,2021-07-08,21:08:00
41270,3795491,2021,Rural Rd,Rio Salado Pkwy,-20.0,Intersection Related 206,2.0,0.0,Suspected Minor Injury,Rear End,Dark Lighted,Cloudy,Dry,28.0,Male,North,Going Straight Ahead,Speed To Fast For Conditions,Alcohol,No Apparent Influence,60.0,Male,North,Stopped In Trafficway,No Improper Action,No Apparent Influence,No Apparent Influence,33.42879353,-111.9262893,2021-07-12,07:43:00
41271,3795522,2021,Scottsdale Rd,Hancock Ave,30.0,Intersection Related 206,0.0,0.0,No Injury,Rear End,Dark Lighted,Clear,Dry,37.0,Male,South,Going Straight Ahead,Speed To Fast For Conditions,No Apparent Influence,No Apparent Influence,24.0,Male,South,Stopped In Trafficway,No Improper Action,No Apparent Influence,No Apparent Influence,33.44673912,-111.926456,2021-07-12,10:22:00
41272,3795514,2021,Southshore Dr,Rocky Point Rd,0.0,Intersection T Inter 203,0.0,0.0,No Injury,Left Turn,Daylight,Clear,Dry,23.0,Female,South,Making Left Turn,Failed To Yield Right Of Way,No Apparent Influence,No Apparent Influence,77.0,Male,West,Going Straight Ahead,No Improper Action,No Apparent Influence,No Apparent Influence,33.37124476,-111.9177652,2021-07-12,15:55:00
41273,3795464,2021,McClintock Dr,Baseline Rd,-90.0,Intersection Related 206,1.0,0.0,Possible Injury,Rear End,Daylight,Clear,Dry,70.0,Female,North,Going Straight Ahead,Followed Too Closely,No Apparent Influence,No Apparent Influence,39.0,Female,North,Stopped In Trafficway,No Improper Action,No Apparent Influence,No Apparent Influence,33.37817701,-111.9092629,2021-07-12,17:10:00
41274,3803740,2021,Scottsdale Rd,Lilac Dr,230.0,Not Junction Related,0.0,0.0,No Injury,Rear End,Daylight,Clear,Dry,24.0,Female,North,Going Straight Ahead,No Improper Action,No Apparent Influence,No Apparent Influence,25.0,Male,North,Slowing In Trafficway,No Improper Action,No Apparent Influence,No Apparent Influence,33.44939077,-111.9264661,2021-07-13,00:30:00
41276,3795449,2021,Kyrene Rd,Vaughn St,0.0,Intersection Related 206,0.0,0.0,No Injury,Angle - Other Than Left Turn 2,Daylight,Clear,Dry,60.0,Male,West,Making Left Turn,Failed To Yield Right Of Way,No Apparent Influence,No Apparent Influence,28.0,Male,North,Going Straight Ahead,No Improper Action,No Apparent Influence,No Apparent Influence,33.36147239,-111.9458797,2021-07-13,12:24:00
41279,3795509,2021,University Dr,Perry Ln,213.0,Not Junction Related,1.0,0.0,Suspected Minor Injury,Left Turn,Daylight,Clear,Dry,24.0,Female,North,Making Left Turn,Failed To Yield Right Of Way,No Apparent Influence,No Apparent Influence,59.0,Male,East,Going Straight Ahead,No Improper Action,No Apparent Influence,No Apparent Influence,33.42205495,-111.9041714,2021-07-13,23:56:00
41280,3795458,2021,Elliot Rd,Hardy Dr,0.0,Intersection 4 Way 202,0.0,0.0,No Injury,Left Turn,Dark Lighted,Clear,Dry,24.0,Female,East,Making Left Turn,Failed To Yield Right Of Way,No Apparent Influence,No Apparent Influence,35.0,Male,West,Going Straight Ahead,No Improper Action,No Apparent Influence,No Apparent Influence,33.34915645,-111.9544806,2021-07-14,02:47:00
41283,3795487,2021,Southern Ave,Dorsey Ln,0.0,Intersection 4 Way 202,0.0,0.0,No Injury,Left Turn,Daylight,Clear,Dry,51.0,Female,Northeast,Making Left Turn,Failed To Yield Right Of Way,No Apparent Influence,No Apparent Influence,21.0,Female,West,Going Straight Ahead,No Improper Action,No Apparent Influence,No Apparent Influence,33.39296325,-111.9177493,2021-07-14,21:28:00
41284,3795492,2021,McClintock Dr,12th St,0.0,Not Junction Related,0.0,0.0,No Injury,Left Turn,Daylight,Clear,Dry,25.0,Male,North,Making Left Turn,Failed To Yield Right Of Way,No Apparent Influence,No Apparent Influence,30.0,Male,South,Going Straight Ahead,No Improper Action,No Apparent Influence,No Apparent Influence,33.41615033,-111.909118,2021-07-14,22:31:00
41285,3792505,2021,48th St,Southern Ave,-20.0,Not Junction Related,0.0,0.0,No Injury,Angle - Other Than Left Turn 2,Dusk,Clear,Dry,53.0,Male,South,Making Right Turn,Other,No Apparent Influence,No Apparent Influence,32.0,Female,East,Making Right Turn,No Improper Action,No Apparent Influence,No Apparent Influence,33.39271232,-111.9783389,2021-07-15,01:44:00
41288,3795484,2021,1st St,Beck Ave,-82.0,Not Junction Related,1.0,0.0,Possible Injury,Angle - Other Than Left Turn 2,Daylight,Clear,Dry,25.0,Male,North,Making Left Turn,Failed To Yield Right Of Way,No Apparent Influence,No Apparent Influence,43.0,Female,East,Going Straight Ahead,No Improper Action,No Apparent Influence,No Apparent Influence,33.42908302,-111.956997,2021-07-15,15:01:00
41292,3795488,2021,Guadalupe Rd,Rural Rd,-155.0,Intersection Related 206,1.0,0.0,Suspected Minor Injury,Sideswipe Opposite Direction,Daylight,Clear,Dry,42.0,Male,West,Going Straight Ahead,Failed To Keep In Proper Lane,No Apparent Influence,No Apparent Influence,59.0,Male,East,Going Straight Ahead,No Improper Action,No Apparent Influence,No Apparent Influence,33.36375206,-111.9291125,2021-07-15,20:13:00
41293,3795463,2021,McClintock Dr,Broadway Rd,0.0,Intersection 4 Way 202,1.0,0.0,Suspected Serious Injury,Angle - Other Than Left Turn 2,Dusk,Cloudy,Dry,26.0,Male,West,Going Straight Ahead,Disregarded Traffic Signal,Alcohol,No Apparent Influence,81.0,Female,North,Going Straight Ahead,No Improper Action,No Apparent Influence,No Apparent Influence,33.40750024,-111.9091249,2021-07-16,02:27:00
41295,3795462,2021,48th St,Broadway Rd,-85.0,Intersection Related 206,2.0,0.0,Suspected Minor Injury,Sideswipe Opposite Direction,Daylight,Clear,Dry,42.0,Male,South,Going Straight Ahead,Speed To Fast For Conditions,No Apparent Influence,No Apparent Influence,19.0,Male,North,Stopped In Trafficway,No Improper Action,No Apparent Influence,No Apparent Influence,33.40709534,-111.9782887,2021-07-16,22:33:00
41299,3800044,2021,Baseline Rd,Arizona Mills S,-50.0,Intersection Related 206,0.0,0.0,No Injury,Rear End,Dark Lighted,Clear,Dry,23.0,Male,East,Going Straight Ahead,Speed To Fast For Conditions,Alcohol,No Apparent Influence,49.0,Female,East,Going Straight Ahead,No Improper Action,No Apparent Influence,No Apparent Influence,33.37827266,-111.9656185,2021-07-18,11:09:00
41300,3795513,2021,Baseline Rd,Darrow Dr,0.0,Intersection 4 Way 202,0.0,0.0,No Injury,Left Turn,Daylight,Cloudy,Dry,48.0,Male,East,Making Left Turn,No Improper Action,No Apparent Influence,No Apparent Influence,41.0,Female,West,Going Straight Ahead,No Improper Action,No Apparent Influence,No Apparent Influence,33.37824425,-111.9611298,2021-07-18,17:15:00
41301,3800052,2021,Baseline Rd,Terry Ln,0.0,Intersection T Inter 203,2.0,0.0,Suspected Minor Injury,Left Turn,Daylight,Clear,Dry,36.0,Male,West,Making Left Turn,Failed To Yield Right Of Way,Alcohol,Drugs,62.0,Male,South,Going Straight Ahead,No Improper Action,No Apparent Influence,No Apparent Influence,33.37822624,-111.955401,2021-07-18,18:05:00
41305,3795476,2021,Scottsdale Rd,Playa Del Norte Dr,-150.0,Not Junction Related,0.0,0.0,No Injury,Sideswipe Same Direction,Daylight,Clear,Dry,62.0,Male,North,Changing Lanes,Unsafe Lane Change,No Apparent Influence,No Apparent Influence,22.0,Male,North,Going Straight Ahead,No Improper Action,No Apparent Influence,No Apparent Influence,33.43362254,-111.9262663,2021-07-19,19:11:00
41311,3795474,2021,Broadway Rd,River Dr,0.0,Intersection 4 Way 202,0.0,0.0,No Injury,Angle - Other Than Left Turn 2,Daylight,Cloudy,Dry,56.0,Female,West,Going Straight Ahead,Disregarded Traffic Signal,No Apparent Influence,No Apparent Influence,72.0,Male,South,Making Left Turn,No Improper Action,No Apparent Influence,No Apparent Influence,33.40749554,-111.8977485,2021-07-21,18:35:00
41312,3800104,2021,Broadway Rd,Mill Ave,172.0,Intersection Related 206,0.0,0.0,No Injury,Rear End,Daylight,Clear,Dry,17.0,Male,East,Going Straight Ahead,Speed To Fast For Conditions,No Apparent Influence,No Apparent Influence,63.0,Male,East,Stopped In Trafficway,No Improper Action,No Apparent Influence,No Apparent Influence,33.40741564,-111.9392634,2021-07-22,00:27:00
41314,3800105,2021,Rural Rd,Lemon St,100.0,Intersection Related 206,1.0,0.0,Possible Injury,Left Turn,Dark Lighted,Cloudy,Dry,25.0,Male,East,Making Left Turn,Speed To Fast For Conditions,No Apparent Influence,No Apparent Influence,20.0,Female,North,Going Straight Ahead,No Improper Action,No Apparent Influence,No Apparent Influence,33.41710977,-111.9262969,2021-07-22,04:19:00
41315,3800106,2021,Scottsdale Rd,McKellips Rd,-158.0,Driveway Or Alley,2.0,0.0,Possible Injury,Rear End,Daylight,Clear,Dry,39.0,Female,South,Going Straight Ahead,Followed Too Closely,No Apparent Influence,No Apparent Influence,23.0,Female,South,Stopped In Trafficway,No Improper Action,No Apparent Influence,No Apparent Influence,33.45080675,-111.9264696,2021-07-22,14:55:00
41317,3800101,2021,Rural Rd,Apache Blvd,0.0,Intersection 4 Way 202,1.0,0.0,Possible Injury,Angle - Other Than Left Turn 2,Dark Lighted,Cloudy,Wet,21.0,Female,North,Going Straight Ahead,Disregarded Traffic Signal,No Apparent Influence,No Apparent Influence,33.0,Female,West,Going Straight Ahead,No Improper Action,No Apparent Influence,No Apparent Influence,33.41476224,-111.9262927,2021-07-23,03:54:00
41318,3800544,2021,Baseline Rd,Hardy Dr,0.0,Intersection 4 Way 202,0.0,0.0,No Injury,Left Turn,Dark Lighted,Rain,Wet,15.0,Male,South,Making Left Turn,Failed To Yield Right Of Way,No Apparent Influence,No Apparent Influence,61.0,Female,North,Going Straight Ahead,No Improper Action,No Apparent Influence,No Apparent Influence,33.37821354,-111.9525127,2021-07-23,04:29:00
41320,3800050,2021,Mill Ave,Hu Esta Dr,56.0,Not Junction Related,0.0,0.0,No Injury,Sideswipe Same Direction,Dark Lighted,Rain,Wet,28.0,Male,South,Changing Lanes,Unsafe Lane Change,No Apparent Influence,No Apparent Influence,22.0,Female,South,Going Straight Ahead,No Improper Action,No Apparent Influence,No Apparent Influence,33.40482162,-111.9397818,2021-07-23,09:38:00
41321,3803745,2021,Rural Rd,Baseline Rd,0.0,Intersection 4 Way 202,0.0,0.0,No Injury,Unknown,Daylight,Cloudy,Wet,38.0,Male,Northwest,Making Left Turn,Speed To Fast For Conditions,No Apparent Influence,No Apparent Influence,19.0,Female,East,Other,No Improper Action,No Apparent Influence,No Apparent Influence,33.37824921,-111.9286868,2021-07-23,13:45:00
41323,3800602,2021,Rio Salado Pkwy,Smith Rd,0.0,Intersection 4 Way 202,1.0,0.0,Suspected Minor Injury,Angle - Other Than Left Turn 2,Daylight,Rain,Wet,27.0,Male,West,Going Straight Ahead,Disregarded Traffic Signal,No Apparent Influence,No Apparent Influence,34.0,Female,South,Making Left Turn,No Improper Action,No Apparent Influence,No Apparent Influence,33.42928299,-111.9004564,2021-07-23,16:11:00
41327,3800542,2021,Southern Ave,McAllister Ave,0.0,Intersection 4 Way 202,0.0,0.0,No Injury,Left Turn,Daylight,Rain,Wet,20.0,Male,North,Making Left Turn,Failed To Yield Right Of Way,No Apparent Influence,No Apparent Influence,54.0,Male,South,Going Straight Ahead,Failed To Yield Right Of Way,No Apparent Influence,No Apparent Influence,33.39293447,-111.9306228,2021-07-23,23:53:00
41328,3800051,2021,Alameda Dr,Jentilly Ln,0.0,Intersection 4 Way 202,0.0,0.0,No Injury,U Turn,Daylight,Cloudy,Dry,35.0,Male,East,Making U Turn,Failed To Yield Right Of Way,No Apparent Influence,No Apparent Influence,53.0,Female,West,Going Straight Ahead,No Improper Action,No Apparent Influence,No Apparent Influence,33.4002284,-111.9248756,2021-07-24,01:43:00
41332,3814524,2021,Priest Dr,Ruby Dr,-200.0,Not Junction Related,2.0,0.0,Suspected Minor Injury,Rear End,Daylight,Clear,Wet,32.0,Male,North,Going Straight Ahead,Speed To Fast For Conditions,No Apparent Influence,No Apparent Influence,29.0,Male,North,Going Straight Ahead,No Improper Action,No Apparent Influence,No Apparent Influence,33.33961989,-111.9631408,2021-07-24,21:30:00
41334,3800603,2021,Hardy Dr,Cornell Dr,0.0,Intersection 201,0.0,0.0,No Injury,Angle - Other Than Left Turn 2,Dark Lighted,Clear,Dry,36.0,Female,West,Making Right Turn,Ran Stop Sign,Alcohol,No Apparent Influence,81.0,Male,South,Going Straight Ahead,No Improper Action,No Apparent Influence,No Apparent Influence,33.37090418,-111.9545606,2021-07-25,04:13:00
41338,3800598,2021,Warner Rd,River Pkwy,176.0,Not Junction Related,1.0,0.0,Suspected Minor Injury,Sideswipe Same Direction,Dark Lighted,Clear,Dry,87.0,Male,West,Changing Lanes,Unsafe Lane Change,No Apparent Influence,No Apparent Influence,34.0,Male,West,Going Straight Ahead,No Improper Action,No Apparent Influence,No Apparent Influence,33.3347844,-111.8970949,2021-07-27,02:29:00
41339,3803739,2021,Baseline Rd,Priest Dr,0.0,Intersection 4 Way 202,0.0,0.0,No Injury,Angle - Other Than Left Turn 2,Dark Lighted,Clear,Dry,61.0,Male,West,Going Straight Ahead,Speed To Fast For Conditions,No Apparent Influence,No Apparent Influence,20.0,Female,North,Going Straight Ahead,No Improper Action,No Apparent Influence,No Apparent Influence,33.37824385,-111.963175,2021-07-27,06:18:00
41345,3803710,2021,Priest Dr,Auto Dr,193.0,Not Junction Related,0.0,0.0,No Injury,Left Turn,Daylight,Clear,Dry,62.0,Male,West,Making Left Turn,Failed To Yield Right Of Way,No Apparent Influence,No Apparent Influence,42.0,Female,South,Going Straight Ahead,No Improper Action,No Apparent Influence,No Apparent Influence,33.34601175,-111.9631484,2021-07-27,17:27:00
41347,3803711,2021,Grove Pkwy,Parkside Dr,-146.0,Intersection Related 206,1.0,0.0,Possible Injury,Left Turn,Daylight,Clear,Dry,31.0,Female,South,Making Left Turn,Failed To Yield Right Of Way,No Apparent Influence,No Apparent Influence,21.0,Male,Southwest,Negotiating A Curve,No Improper Action,No Apparent Influence,No Apparent Influence,33.35471963,-111.9556018,2021-07-27,18:03:00
41350,3800550,2021,Priest Dr,Todd Dr,22.0,Intersection Related 206,1.0,0.0,Possible Injury,Rear End,Daylight,Clear,Dry,45.0,Male,South,Going Straight Ahead,Speed To Fast For Conditions,Alcohol,No Apparent Influence,38.0,Male,South,Stopped In Trafficway,No Improper Action,No Apparent Influence,No Apparent Influence,33.35281086,-111.9631617,2021-07-28,01:05:00
41352,3819418,2021,Priest Dr,Rio Salado Pkwy,0.0,Intersection 4 Way 202,1.0,0.0,Possible Injury,Angle - Other Than Left Turn 2,Dark Lighted,Clear,Dry,35.0,Male,West,Going Straight Ahead,Speed To Fast For Conditions,Alcohol,No Apparent Influence,18.0,Female,South,Making Left Turn,No Improper Action,No Apparent Influence,No Apparent Influence,33.42956051,-111.9609666,2021-07-28,05:54:00
41353,3809165,2021,Scottsdale Rd,Weber Dr,-75.0,Intersection Related 206,0.0,0.0,No Injury,Sideswipe Same Direction,Daylight,Clear,Dry,31.0,Male,Unknown,Unknown,Unknown,No Apparent Influence,No Apparent Influence,31.0,Female,West,Making Left Turn,No Improper Action,No Apparent Influence,No Apparent Influence,33.44378268,-111.9264363,2021-07-28,14:22:00
41355,3803669,2021,Broadway Rd,Hardy Dr,180.0,Unknown,0.0,0.0,No Injury,Angle - Other Than Left Turn 2,Daylight,Clear,Dry,24.0,Male,West,Going Straight Ahead,Speed To Fast For Conditions,No Apparent Influence,No Apparent Influence,19.0,Male,West,Changing Lanes,No Improper Action,No Apparent Influence,No Apparent Influence,33.40739036,-111.9515755,2021-07-28,18:24:00
41356,3805963,2021,University Dr,College Ave,100.0,Intersection Related 206,0.0,0.0,No Injury,Rear End,Daylight,Clear,Dry,43.0,Male,East,Going Straight Ahead,Speed To Fast For Conditions,No Apparent Influence,No Apparent Influence,28.0,Male,East,Stopped In Trafficway,No Improper Action,No Apparent Influence,No Apparent Influence,33.42195658,-111.9346385,2021-07-28,20:42:00
41358,3803752,2021,Broadway Rd,La Rosa Dr,-22.0,Intersection Related 206,0.0,0.0,No Injury,Rear End,Daylight,Clear,Dry,51.0,Female,East,Going Straight Ahead,Speed To Fast For Conditions,No Apparent Influence,No Apparent Influence,26.0,Male,East,Stopped In Trafficway,No Improper Action,No Apparent Influence,No Apparent Influence,33.40748759,-111.929086,2021-07-28,23:14:00
41361,3803743,2021,Priest Dr,Rio Salado Pkwy,-53.0,Intersection Related 206,0.0,0.0,No Injury,Angle - Other Than Left Turn 2,Dark Lighted,Clear,Dry,30.0,Male,North,Making Left Turn,Speed To Fast For Conditions,No Apparent Influence,No Apparent Influence,28.0,Female,North,Going Straight Ahead,No Improper Action,No Apparent Influence,No Apparent Influence,33.42941521,-111.9609615,2021-07-29,04:47:00
41362,3803749,2021,Rural Rd,Wesleyan Dr,0.0,Intersection 4 Way 202,2.0,0.0,Suspected Minor Injury,Angle - Other Than Left Turn 2,Daylight,Cloudy,Dry,22.0,Male,West,Making Left Turn,Failed To Yield Right Of Way,No Apparent Influence,No Apparent Influence,34.0,Male,North,Going Straight Ahead,No Improper Action,No Apparent Influence,No Apparent Influence,33.39777125,-111.9263166,2021-07-29,18:00:00
41363,3803671,2021,Broadway Rd,I-10 Exit 153 G-Ramp,139.0,Intersection Related 206,0.0,0.0,No Injury,Rear End,Daylight,Cloudy,Dry,20.0,Male,West,Going Straight Ahead,Followed Too Closely,No Apparent Influence,No Apparent Influence,52.0,Female,West,Stopped In Trafficway,No Improper Action,No Apparent Influence,No Apparent Influence,33.40860622,-111.9731828,2021-07-29,23:53:00
41364,3803738,2021,Broadway Rd,55th St,0.0,Intersection 4 Way 202,0.0,0.0,No Injury,Left Turn,Daylight,Cloudy,Dry,35.0,Male,Northeast,Making Left Turn,Failed To Yield Right Of Way,No Apparent Influence,No Apparent Influence,32.0,Female,West,Going Straight Ahead,No Improper Action,No Apparent Influence,No Apparent Influence,33.40757611,-111.9658235,2021-07-30,00:05:00
41371,3803678,2021,McClintock Dr,Curry Rd,0.0,Intersection 4 Way 202,0.0,0.0,No Injury,Left Turn,Daylight,Clear,Dry,27.0,Female,North,Making Left Turn,Failed To Yield Right Of Way,No Apparent Influence,No Apparent Influence,24.0,Female,South,Going Straight Ahead,No Improper Action,No Apparent Influence,No Apparent Influence,33.44040376,-111.9095616,2021-07-30,23:33:00
41373,3825409,2021,Warner Rd,Forest Service 01 Tempe Ave,-20.0,Intersection T Inter 203,1.0,0.0,Suspected Minor Injury,Rear End,Daylight,Clear,Dry,22.0,Male,East,Changing Lanes,Speed To Fast For Conditions,No Apparent Influence,No Apparent Influence,55.0,Male,East,Making Right Turn,No Improper Action,No Apparent Influence,No Apparent Influence,33.33465506,-111.9344245,2021-07-31,01:39:00
41374,3803641,2021,Southern Ave,Rural Rd,-200.0,Not Junction Related,0.0,0.0,No Injury,Sideswipe Same Direction,Dark Lighted,Clear,Dry,33.0,Female,East,Changing Lanes,Unsafe Lane Change,No Apparent Influence,No Apparent Influence,20.0,Male,East,Slowing In Trafficway,No Improper Action,No Apparent Influence,No Apparent Influence,33.39295649,-111.9269804,2021-07-31,04:16:00
41381,3818798,2021,Mill Ave,Baseline Rd,90.0,Intersection Related 206,0.0,0.0,No Injury,Rear End,Dark Lighted,Clear,Dry,18.0,Male,South,Going Straight Ahead,Followed Too Closely,Alcohol,No Apparent Influence,60.0,Female,South,Stopped In Trafficway,No Improper Action,No Apparent Influence,No Apparent Influence,33.37845808,-111.9393704,2021-08-01,04:39:00
41382,3860264,2021,Mill Ave,6th St,-20.0,Intersection Related 206,0.0,0.0,No Injury,Rear End,Dark Lighted,Clear,Dry,23.0,Male,North,Going Straight Ahead,Speed To Fast For Conditions,Alcohol,No Apparent Influence,22.0,Male,North,Stopped In Trafficway,No Improper Action,No Apparent Influence,No Apparent Influence,33.42429176,-111.9400142,2021-08-01,06:57:00
41383,3840058,2021,Baseline Rd,Kyrene Rd,150.0,Not Junction Related,0.0,0.0,No Injury,U Turn,Dark Lighted,Clear,Dry,19.0,Female,West,Making U Turn,Failed To Yield Right Of Way,No Apparent Influence,No Apparent Influence,32.0,Male,East,Going Straight Ahead,No Improper Action,No Apparent Influence,No Apparent Influence,33.37820159,-111.9454974,2021-08-01,07:07:00
41384,3814157,2021,Kyrene Rd,Guadalupe Rd,0.0,Intersection 4 Way 202,1.0,0.0,Possible Injury,Angle - Other Than Left Turn 2,Dark Lighted,Clear,Dry,24.0,Male,West,Going Straight Ahead,Speed To Fast For Conditions,No Apparent Influence,No Apparent Influence,23.0,Male,North,Going Straight Ahead,No Improper Action,No Apparent Influence,No Apparent Influence,33.36365928,-111.9458941,2021-08-01,08:06:00
41385,3850046,2021,Priest Dr,Southern Ave,200.0,Not Junction Related,0.0,0.0,No Injury,Sideswipe Same Direction,Daylight,Clear,Dry,29.0,Female,North,Changing Lanes,Unsafe Lane Change,No Apparent Influence,No Apparent Influence,51.0,Female,North,Going Straight Ahead,Unsafe Lane Change,No Apparent Influence,No Apparent Influence,33.39343339,-111.960767,2021-08-01,21:58:00
41386,3811370,2021,Mill Ave,Southern Ave,-156.0,Driveway Or Alley,1.0,0.0,Possible Injury,Angle - Other Than Left Turn 2,Daylight,Clear,Dry,21.0,Female,East,Making Right Turn,Failed To Yield Right Of Way,No Apparent Influence,No Apparent Influence,48.0,Female,South,Going Straight Ahead,No Improper Action,No Apparent Influence,No Apparent Influence,33.39243481,-111.9395948,2021-08-01,23:59:00
41387,3816235,2021,Broadway Rd,Rural Rd,0.0,Intersection 4 Way 202,0.0,0.0,No Injury,Angle - Other Than Left Turn 2,Daylight,Clear,Dry,18.0,Male,West,Making Left Turn,Failed To Yield Right Of Way,No Apparent Influence,No Apparent Influence,38.0,Male,East,Going Straight Ahead,No Improper Action,No Apparent Influence,No Apparent Influence,33.40750178,-111.9262829,2021-08-02,00:12:00
41389,3809158,2021,McClintock Dr,Lemon St,-83.0,Intersection Related 206,1.0,0.0,Possible Injury,Rear End,Daylight,Clear,Dry,20.0,Female,South,Going Straight Ahead,Followed Too Closely,No Apparent Influence,No Apparent Influence,32.0,Male,South,Stopped In Trafficway,No Improper Action,No Apparent Influence,No Apparent Influence,33.41662092,-111.9091149,2021-08-02,19:47:00
41390,3809174,2021,Guadalupe Rd,Ash Ave,0.0,Intersection T Inter 203,2.0,0.0,Suspected Minor Injury,Angle - Other Than Left Turn 2,Daylight,Clear,Dry,29.0,Female,South,Making Left Turn,Failed To Yield Right Of Way,No Apparent Influence,No Apparent Influence,40.0,Male,East,Going Straight Ahead,No Improper Action,No Apparent Influence,No Apparent Influence,33.3636841,-111.9416101,2021-08-02,21:31:00
41392,3809196,2021,Broadway Rd,McClintock Dr,0.0,Intersection 4 Way 202,1.0,0.0,Possible Injury,Angle - Other Than Left Turn 2,Daylight,Clear,Dry,25.0,Male,East,Going Straight Ahead,Disregarded Traffic Signal,No Apparent Influence,No Apparent Influence,57.0,Male,North,Going Straight Ahead,No Improper Action,No Apparent Influence,No Apparent Influence,33.4075002,-111.909125,2021-08-03,00:24:00
41393,3814186,2021,Rio Salado Pkwy,River Dr,0.0,Intersection Related 206,0.0,0.0,No Injury,Rear End,Daylight,Clear,Dry,18.0,Female,West,Going Straight Ahead,Followed Too Closely,No Apparent Influence,No Apparent Influence,50.0,Female,West,Going Straight Ahead,No Improper Action,No Apparent Influence,No Apparent Influence,33.42936157,-111.8953323,2021-08-03,00:58:00
41394,3825435,2021,Kyrene Rd,Baseline Rd,-35.0,Intersection Related 206,0.0,0.0,No Injury,Rear End,Daylight,Clear,Dry,20.0,Female,North,Going Straight Ahead,Followed Too Closely,No Apparent Influence,No Apparent Influence,65.0,Male,North,Stopped In Trafficway,No Improper Action,No Apparent Influence,No Apparent Influence,33.37810392,-111.9459863,2021-08-03,15:50:00
41397,3805877,2021,Baseline Rd,Pointe Pkwy,70.0,Intersection Related 206,1.0,0.0,Possible Injury,Rear End,Daylight,Clear,Dry,48.0,Male,West,Going Straight Ahead,Followed Too Closely,No Apparent Influence,No Apparent Influence,34.0,Male,West,Stopped In Trafficway,No Improper Action,No Apparent Influence,No Apparent Influence,33.37821949,-111.9717659,2021-08-03,23:19:00
41398,3803767,2021,Elliot Rd,Kyrene Rd,0.0,Intersection 4 Way 202,0.0,0.0,No Injury,Left Turn,Daylight,Clear,Dry,51.0,Male,East,Making Left Turn,Other,No Apparent Influence,No Apparent Influence,27.0,Male,West,Going Straight Ahead,No Improper Action,No Apparent Influence,No Apparent Influence,33.34919917,-111.9457347,2021-08-04,13:24:00
41400,3809203,2021,Terrace Rd,Sunburst Ln,0.0,Intersection 201,0.0,0.0,No Injury,Angle - Other Than Left Turn 2,Daylight,Clear,Dry,32.0,Male,North,Backing,Drove Left Of Center Line,No Apparent Influence,No Apparent Influence,55.0,Male,North,Making Right Turn,Other,No Apparent Influence,No Apparent Influence,33.34861169,-111.922217,2021-08-04,14:20:00
41401,3806478,2021,Scottsdale Rd,Roosevelt St,-156.0,Intersection Related Non Interchange,0.0,0.0,No Injury,Sideswipe Same Direction,Daylight,Clear,Dry,21.0,Female,North,Going Straight Ahead,Unknown,No Apparent Influence,No Apparent Influence,22.0,Female,North,Making Left Turn,Unknown,No Apparent Influence,No Apparent Influence,33.45806208,-111.9263566,2021-08-04,18:47:00
41402,3809145,2021,Priest Dr,Ruby Dr,84.0,Intersection Related 206,1.0,0.0,Possible Injury,Sideswipe Same Direction,Daylight,Clear,Dry,31.0,Male,South,Going Straight Ahead,Other,No Apparent Influence,No Apparent Influence,72.0,Female,South,Going Straight Ahead,No Improper Action,No Apparent Influence,No Apparent Influence,33.34040035,-111.963142,2021-08-04,19:23:00
41407,3816295,2021,Scottsdale Rd,Hancock Ave,0.0,Intersection 4 Way 202,2.0,0.0,Possible Injury,Left Turn,Daylight,Clear,Dry,29.0,Male,North,Going Straight Ahead,Speed To Fast For Conditions,No Apparent Influence,No Apparent Influence,30.0,Female,South,Making Left Turn,No Improper Action,No Apparent Influence,No Apparent Influence,33.44665685,-111.9264555,2021-08-05,02:35:00
41408,3825429,2021,Rural Rd,Warner Rd,0.0,Intersection 201,1.0,0.0,Suspected Minor Injury,Angle - Other Than Left Turn 2,Dark Lighted,Clear,Dry,20.0,Male,South,Going Straight Ahead,Disregarded Traffic Signal,No Apparent Influence,No Apparent Influence,18.0,Male,East,Going Straight Ahead,No Improper Action,No Apparent Influence,No Apparent Influence,33.33465521,-111.9284147,2021-08-05,04:49:00