,Incident ID,Year,Street Name,Cross Street,Distance,Junction Relation,Total Injuries,Total Fatalities,Injury Severity,Collision Manner,Light Condition,Weather,Surface Condition,Age Driver 1,Gender Driver 1,Travel Direction One,Unit Action One,Violation1_Drv1,Alcohol Use Driver 1,Drug Use Driver 1,Age Driver 2,Gender Driver 2,Travel Direction Two,Unit Action Two,Violation 1 Driver 2,Alcohol Use Driver 2,Drug Use Driver 2,Latitude,Longitude,Date,Time
41411,3809150,2021,Mill Ave,Broadmor Dr,0.0,Intersection T Inter 203,1.0,0.0,Possible Injury,Left Turn,Daylight,Clear,Dry,39.0,Female,North,Going Straight Ahead,Disregarded Traffic Signal,No Apparent Influence,No Apparent Influence,26.0,Male,West,Making Left Turn,No Improper Action,No Apparent Influence,No Apparent Influence,33.40259242,-111.9397427,2021-08-05,18:06:00
41413,3809152,2021,Broadway Rd,Cottonwood Dr,136.0,Intersection Related 206,0.0,0.0,No Injury,Rear End,Daylight,Clear,Dry,29.0,Male,East,Going Straight Ahead,Followed Too Closely,No Apparent Influence,No Apparent Influence,25.0,Female,East,Stopped In Trafficway,No Improper Action,No Apparent Influence,No Apparent Influence,33.40751895,-111.8889314,2021-08-05,21:48:00
41416,3803765,2021,Hardy Dr,Todd Dr,0.0,Intersection T Inter 203,0.0,0.0,No Injury,Angle - Other Than Left Turn 2,Daylight,Clear,Dry,68.0,Female,East,Going Straight Ahead,Failed To Yield Right Of Way,No Apparent Influence,No Apparent Influence,43.0,Female,South,Going Straight Ahead,No Improper Action,No Apparent Influence,No Apparent Influence,33.35256087,-111.9544883,2021-08-05,22:10:00
41421,3809156,2021,College Ave,McKellips Rd,0.0,Intersection 4 Way 202,2.0,0.0,Suspected Minor Injury,Left Turn,Daylight,Clear,Dry,20.0,Female,South,Making Left Turn,Failed To Yield Right Of Way,No Apparent Influence,No Apparent Influence,34.0,Male,North,Going Straight Ahead,No Improper Action,No Apparent Influence,No Apparent Influence,33.45110189,-111.9352194,2021-08-06,23:12:00
41422,3805966,2021,Mill Ave,Southern Ave,-56.0,Not Junction Related,0.0,0.0,No Injury,Rear End,Daylight,Clear,Dry,31.0,Male,South,Going Straight Ahead,Speed To Fast For Conditions,No Apparent Influence,No Apparent Influence,30.0,Female,South,Going Straight Ahead,Unknown,No Apparent Influence,No Apparent Influence,33.39270923,-111.9396006,2021-08-06,23:57:00
41425,3816242,2021,Baseline Rd,Beck Ave,-156.0,Not Junction Related,0.0,0.0,No Injury,Rear End,Dark Lighted,Clear,Dry,24.0,Male,East,Going Straight Ahead,Speed To Fast For Conditions,No Apparent Influence,No Apparent Influence,39.0,Male,East,Slowing In Trafficway,No Improper Action,No Apparent Influence,No Apparent Influence,33.37824221,-111.9602625,2021-08-07,05:36:00
41426,3861188,2021,Baseline Rd,Darrow Dr,50.0,Not Junction Related,2.0,0.0,Possible Injury,Rear End,Dark Lighted,Clear,Dry,47.0,Male,East,Going Straight Ahead,Speed To Fast For Conditions,No Apparent Influence,Drugs,25.0,Female,East,Stopped In Trafficway,No Improper Action,No Apparent Influence,No Apparent Influence,33.37824387,-111.960966,2021-08-07,05:56:00
41428,3809155,2021,University Dr,52nd St,0.0,Intersection 201,1.0,0.0,Suspected Minor Injury,Left Turn,Daylight,Clear,Dry,47.0,Male,West,Making Left Turn,Failed To Yield Right Of Way,No Apparent Influence,No Apparent Influence,42.0,Male,East,Going Straight Ahead,No Improper Action,No Apparent Influence,No Apparent Influence,33.42194304,-111.9695686,2021-08-07,19:43:00
41430,3809200,2021,Hardy Dr,Parkway Blvd,0.0,Intersection 4 Way 202,0.0,0.0,No Injury,Left Turn,Daylight,Clear,Dry,21.0,Male,East,Making Left Turn,Failed To Yield Right Of Way,No Apparent Influence,No Apparent Influence,24.0,Female,South,Going Straight Ahead,No Improper Action,No Apparent Influence,No Apparent Influence,33.41316363,-111.9521856,2021-08-07,20:53:00
41432,3803764,2021,Mill Ave,Alameda Dr,94.0,Not Junction Related,2.0,0.0,Possible Injury,Rear End,Daylight,Clear,Dry,24.0,Female,North,Going Straight Ahead,Speed To Fast For Conditions,No Apparent Influence,No Apparent Influence,22.0,Male,North,Stopped In Trafficway,No Improper Action,No Apparent Influence,No Apparent Influence,33.4003712,-111.9397128,2021-08-08,00:31:00
41433,3814175,2021,Apache Blvd,Dorsey Ln,0.0,Intersection 4 Way 202,1.0,0.0,Suspected Minor Injury,Left Turn,Dark Lighted,Clear,Dry,38.0,Female,East,Making Left Turn,Made Improper Turn,No Apparent Influence,No Apparent Influence,65.0,Female,West,Going Straight Ahead,No Improper Action,No Apparent Influence,No Apparent Influence,33.41476428,-111.9176987,2021-08-08,03:26:00
41439,3803760,2021,University Dr,Mill Ave,-135.0,Not Junction Related,0.0,0.0,No Injury,Rear End,Daylight,Clear,Dry,22.0,Female,West,Going Straight Ahead,Speed To Fast For Conditions,No Apparent Influence,No Apparent Influence,23.0,Female,West,Slowing In Trafficway,No Improper Action,No Apparent Influence,No Apparent Influence,33.42193429,-111.9404594,2021-08-08,20:28:00
41440,3816238,2021,McClintock Dr,Alameda Dr,0.0,Not Junction Related,1.0,0.0,Possible Injury,Left Turn,Daylight,Clear,Dry,26.0,Female,North,Making Left Turn,Made Improper Turn,No Apparent Influence,No Apparent Influence,28.0,Male,South,Going Straight Ahead,Unknown,No Apparent Influence,No Apparent Influence,33.40014911,-111.9091317,2021-08-08,22:42:00
41442,3805894,2021,56th St,Baseline Rd,-36.0,Intersection Related 206,0.0,0.0,No Injury,U Turn,Daylight,Clear,Dry,47.0,Male,West,Making U Turn,Made Improper Turn,No Apparent Influence,No Apparent Influence,38.0,Female,South,Going Straight Ahead,No Improper Action,No Apparent Influence,No Apparent Influence,33.37814501,-111.9631733,2021-08-09,01:02:00
41444,3837387,2021,Baseline Rd,Calle Los Cerros,0.0,Not Junction Related,2.0,0.0,Suspected Minor Injury,Other,Daylight,Clear,Dry,64.0,Male,Northeast,Making Right Turn,Failed To Yield Right Of Way,No Apparent Influence,No Apparent Influence,20.0,Female,East,Going Straight Ahead,No Improper Action,No Apparent Influence,No Apparent Influence,33.37821111,-111.9740884,2021-08-09,03:31:00
41445,3828472,2021,Rural Rd,6th St,-75.0,Intersection Related 206,0.0,0.0,No Injury,Rear End,Dark Lighted,Clear,Dry,22.0,Female,North,Going Straight Ahead,Speed To Fast For Conditions,No Apparent Influence,No Apparent Influence,18.0,Female,North,Stopped In Trafficway,No Improper Action,No Apparent Influence,No Apparent Influence,33.42429184,-111.9263025,2021-08-09,04:45:00
41446,3809177,2021,Rio Salado Pkwy,Scottsdale Rd,-82.0,Intersection Related 206,0.0,0.0,No Injury,Rear End,Daylight,Cloudy,Dry,53.0,Male,East,Going Straight Ahead,Followed Too Closely,No Apparent Influence,No Apparent Influence,23.0,Female,East,Stopped In Trafficway,No Improper Action,No Apparent Influence,No Apparent Influence,33.42886116,-111.9265566,2021-08-09,17:12:00
41451,3805965,2021,Baseline Rd,Kyrene Rd,-40.0,Intersection Related 206,0.0,0.0,No Injury,Rear End,Daylight,Clear,Dry,70.0,Female,East,Going Straight Ahead,Speed To Fast For Conditions,No Apparent Influence,No Apparent Influence,52.0,Female,East,Going Straight Ahead,No Improper Action,No Apparent Influence,No Apparent Influence,33.37819977,-111.9461196,2021-08-09,23:14:00
41452,3803761,2021,George Dr,University Dr,0.0,Intersection T Inter 203,2.0,0.0,Possible Injury,Angle - Other Than Left Turn 2,Unknown 51,Unknown,Dry,21.0,Male,North,Making Left Turn,Failed To Yield Right Of Way,No Apparent Influence,No Apparent Influence,26.0,Female,East,Going Straight Ahead,No Improper Action,No Apparent Influence,No Apparent Influence,33.42209062,-111.8874247,2021-08-10,00:48:00
41454,3809263,2021,Emerald Dr,Jewell St,0.0,Intersection T Inter 203,2.0,0.0,Suspected Minor Injury,Angle - Other Than Left Turn 2,Daylight,Cloudy,Dry,19.0,Female,North,Making Left Turn,Failed To Yield Right Of Way,No Apparent Influence,No Apparent Influence,84.0,Female,South,Going Straight Ahead,No Improper Action,No Apparent Influence,No Apparent Influence,33.33706558,-111.9686503,2021-08-10,19:16:00
41458,3809198,2021,1st St,Beck Ave,105.0,Not Junction Related,0.0,0.0,No Injury,Left Turn,Daylight,Clear,Dry,24.0,Male,North,Making Left Turn,Failed To Yield Right Of Way,No Apparent Influence,No Apparent Influence,41.0,Female,East,Going Straight Ahead,No Improper Action,No Apparent Influence,No Apparent Influence,33.42908606,-111.9563844,2021-08-11,00:51:00
41459,3854376,2021,Mill Ave,Southern Ave,-167.0,Intersection Related 206,0.0,0.0,No Injury,Angle - Other Than Left Turn 2,Dark Lighted,Clear,Dry,18.0,Female,Northwest,Making Left Turn,Failed To Yield Right Of Way,No Apparent Influence,No Apparent Influence,24.0,Male,South,Going Straight Ahead,No Improper Action,No Apparent Influence,No Apparent Influence,33.39240463,-111.9395941,2021-08-11,05:46:00
41465,3816174,2021,Southern Ave,Mariana Cir,42.0,Not Junction Related,0.0,0.0,No Injury,Sideswipe Same Direction,Daylight,Clear,Dry,89.0,Male,East,Changing Lanes,Unsafe Lane Change,No Apparent Influence,No Apparent Influence,57.0,Female,East,Going Straight Ahead,No Improper Action,No Apparent Influence,No Apparent Influence,33.39296709,-111.9198997,2021-08-11,21:54:00
41466,3827168,2021,University Dr,Margo Dr,-50.0,Intersection Related 206,0.0,0.0,No Injury,Rear End,Daylight,Clear,Dry,19.0,Male,West,Going Straight Ahead,Speed To Fast For Conditions,No Apparent Influence,No Apparent Influence,32.0,Female,West,Stopped In Trafficway,No Improper Action,No Apparent Influence,No Apparent Influence,33.42193464,-111.9587557,2021-08-11,22:44:00
41469,3809244,2021,Baseline Rd,Mill Ave,-150.0,Driveway Or Alley,0.0,0.0,No Injury,Left Turn,Daylight,Cloudy,Dry,28.0,Female,South,Making Left Turn,Failed To Yield Right Of Way,No Apparent Influence,No Apparent Influence,29.0,Male,West,Going Straight Ahead,No Improper Action,No Apparent Influence,No Apparent Influence,33.37822211,-111.9398566,2021-08-12,01:02:00
41471,3811405,2021,Baseline Rd,Arizona Mills S,0.0,Intersection 4 Way 202,0.0,0.0,No Injury,Left Turn,Dark Lighted,Clear,Dry,21.0,Male,West,Going Straight Ahead,Disregarded Traffic Signal,No Apparent Influence,No Apparent Influence,40.0,Male,East,Making Left Turn,No Improper Action,No Apparent Influence,No Apparent Influence,33.37827011,-111.965455,2021-08-12,03:40:00
41474,3809169,2021,University Dr,52nd St,0.0,Intersection 4 Way 202,0.0,0.0,No Injury,Angle - Other Than Left Turn 2,Daylight,Clear,Dry,22.0,Male,East,Going Straight Ahead,Disregarded Traffic Signal,No Apparent Influence,No Apparent Influence,24.0,Male,North,Going Straight Ahead,No Improper Action,No Apparent Influence,No Apparent Influence,33.42194304,-111.9695686,2021-08-12,17:28:00
41475,3814173,2021,McClintock Dr,US-60 Exit 175 J-Ramp,209.0,Intersection Related 206,0.0,0.0,No Injury,Rear End,Daylight,Cloudy,Dry,31.0,Male,North,Backing,Unknown,No Apparent Influence,No Apparent Influence,37.0,Female,South,Changing Lanes,Unknown,No Apparent Influence,No Apparent Influence,33.38681569,-111.9091847,2021-08-12,18:39:00
41479,3819330,2021,Scottsdale Rd,Playa Del Norte Dr,-186.0,Intersection Related 206,1.0,0.0,Possible Injury,Rear End,Daylight,Clear,Dry,24.0,Female,North,Going Straight Ahead,Followed Too Closely,No Apparent Influence,No Apparent Influence,20.0,Male,North,Stopped In Trafficway,No Improper Action,No Apparent Influence,No Apparent Influence,33.43352367,-111.9262672,2021-08-13,00:22:00
41484,3819331,2021,Scottsdale Rd,Playa Del Norte Dr,-110.0,Intersection Related 206,0.0,0.0,No Injury,Rear End,Daylight,Clear,Dry,21.0,Female,North,Going Straight Ahead,Speed To Fast For Conditions,No Apparent Influence,No Apparent Influence,37.0,Male,North,Stopped In Trafficway,No Improper Action,No Apparent Influence,No Apparent Influence,33.43373241,-111.9262654,2021-08-13,19:44:00
41490,3803769,2021,Priest Dr,University Dr,35.0,Intersection 4 Way 202,2.0,0.0,Possible Injury,Rear End,Dark Lighted,Rain,Wet,35.0,Female,Southeast,Making Left Turn,Speed To Fast For Conditions,Alcohol,No Apparent Influence,51.0,Female,Southeast,Making Left Turn,No Improper Action,No Apparent Influence,No Apparent Influence,33.42203755,-111.9609312,2021-08-14,07:56:00
41491,3862041,2021,Broadway Rd,I-10 Exit 153 G-Ramp,-200.0,Intersection Related 206,0.0,0.0,No Injury,Sideswipe Same Direction,Dark Lighted,Rain,Dry,46.0,Female,East,Going Straight Ahead,Unknown,No Apparent Influence,No Apparent Influence,38.0,Female,East,Going Straight Ahead,Unknown,No Apparent Influence,No Apparent Influence,33.40822774,-111.9741945,2021-08-14,11:27:00
41494,3814192,2021,Don Carlos Ave,Holbrook Ln,-111.0,Driveway Or Alley,0.0,0.0,No Injury,Angle - Other Than Left Turn 2,Daylight,Clear,Dry,23.0,Male,South,Making Right Turn,Failed To Yield Right Of Way,No Apparent Influence,No Apparent Influence,52.0,Female,West,Going Straight Ahead,No Improper Action,No Apparent Influence,No Apparent Influence,33.41752605,-111.9039396,2021-08-14,22:16:00
41495,3816222,2021,Baseline Rd,Hardy Dr,0.0,Not Junction Related,1.0,0.0,Possible Injury,Other,Daylight,Unknown,Dry,17.0,Male,West,Making Left Turn,Failed To Yield Right Of Way,No Apparent Influence,No Apparent Influence,24.0,Male,East,Going Straight Ahead,No Improper Action,No Apparent Influence,No Apparent Influence,33.37821354,-111.9525127,2021-08-14,22:33:00
41496,3809168,2021,Washington St,Mill Ave,0.0,Intersection 4 Way 202,2.0,0.0,Possible Injury,Angle - Other Than Left Turn 2,Daylight,Clear,Dry,45.0,Female,East,Going Straight Ahead,Disregarded Traffic Signal,No Apparent Influence,No Apparent Influence,31.0,Female,North,Going Straight Ahead,No Improper Action,No Apparent Influence,No Apparent Influence,33.43762587,-111.9432967,2021-08-14,23:24:00
41498,3819310,2021,Mill Ave,Bonita Way,125.0,Not Junction Related,1.0,0.0,Suspected Minor Injury,Head On,Daylight,Clear,Wet,26.0,Male,North,Going Straight Ahead,Unknown,Alcohol,Drugs,19.0,Male,South,Going Straight Ahead,No Improper Action,No Apparent Influence,No Apparent Influence,33.40900543,-111.9398456,2021-08-15,03:48:00
41499,3827506,2021,Rural Rd,Apache Blvd,100.0,Not Junction Related,0.0,0.0,No Injury,Angle - Other Than Left Turn 2,Dark Lighted,Clear,Dry,21.0,Female,West,Making Left Turn,Failed To Yield Right Of Way,No Apparent Influence,No Apparent Influence,19.0,Female,East,Making Left Turn,No Improper Action,No Apparent Influence,No Apparent Influence,33.41503697,-111.926293,2021-08-15,05:44:00
41501,3811307,2021,Baseline Rd,Wendler Dr,0.0,Intersection T Inter 203,1.0,0.0,Suspected Minor Injury,Angle - Other Than Left Turn 2,Daylight,Clear,Dry,32.0,Male,West,Going Straight Ahead,Disregarded Traffic Signal,No Apparent Influence,No Apparent Influence,23.0,Male,South,Making Left Turn,No Improper Action,No Apparent Influence,No Apparent Influence,33.37825837,-111.9697859,2021-08-15,16:06:00
41503,3814520,2021,Hardy Dr,Baseline Rd,200.0,Intersection Related 206,0.0,0.0,No Injury,Sideswipe Same Direction,Daylight,Cloudy,Dry,17.0,Female,South,Unknown,Unknown,No Apparent Influence,No Apparent Influence,64.0,Female,South,Unknown,Unknown,No Apparent Influence,No Apparent Influence,33.37876278,-111.9525012,2021-08-15,17:30:00
41505,3816175,2021,McClintock Dr,Fremont Dr,-67.0,Intersection Related 206,0.0,0.0,No Injury,Rear End,Daylight,Clear,Dry,21.0,Female,North,Going Straight Ahead,Speed To Fast For Conditions,No Apparent Influence,No Apparent Influence,24.0,Female,North,Slowing In Trafficway,No Improper Action,No Apparent Influence,No Apparent Influence,33.38255589,-111.9092279,2021-08-15,19:52:00
41506,3814521,2021,Apache Blvd,River Dr,125.0,Intersection Related 206,2.0,0.0,Possible Injury,Rear End,Daylight,Cloudy,Dry,18.0,Male,West,Going Straight Ahead,Followed Too Closely,No Apparent Influence,No Apparent Influence,48.0,Male,West,Stopped In Trafficway,No Improper Action,No Apparent Influence,No Apparent Influence,33.41478244,-111.895806,2021-08-15,19:55:00
41507,3828441,2021,Elliot Rd,Harl Ave,-25.0,Intersection 4 Way 202,0.0,0.0,No Injury,Angle - Other Than Left Turn 2,Daylight,Clear,Dry,16.0,Male,West,Going Straight Ahead,Disregarded Traffic Signal,No Apparent Influence,No Apparent Influence,21.0,Male,South,Going Straight Ahead,No Improper Action,No Apparent Influence,No Apparent Influence,33.34908097,-111.9660099,2021-08-16,00:50:00
41511,3821791,2021,University Dr,Priest Dr,0.0,Intersection 4 Way 202,2.0,0.0,Suspected Minor Injury,Left Turn,Daylight,Clear,Dry,21.0,Male,West,Making Left Turn,Failed To Yield Right Of Way,No Apparent Influence,No Apparent Influence,27.0,Male,East,Going Straight Ahead,No Improper Action,No Apparent Influence,No Apparent Influence,33.42194195,-111.9609234,2021-08-16,18:02:00
41512,3814176,2021,Baseline Rd,Rural Rd,138.0,Not Junction Related,1.0,0.0,Suspected Minor Injury,Sideswipe Same Direction,Daylight,Clear,Dry,77.0,Male,East,Changing Lanes,Unsafe Lane Change,No Apparent Influence,No Apparent Influence,23.0,Male,East,Going Straight Ahead,No Improper Action,No Apparent Influence,No Apparent Influence,33.37825092,-111.9282348,2021-08-16,19:27:00
41513,3814184,2021,Rural Rd,Southern Ave,193.0,Driveway Or Alley,0.0,0.0,No Injury,Angle - Other Than Left Turn 2,Daylight,Clear,Dry,25.0,Male,East,Making Right Turn,Failed To Yield Right Of Way,No Apparent Influence,No Apparent Influence,21.0,Male,South,Going Straight Ahead,No Improper Action,No Apparent Influence,No Apparent Influence,33.39349131,-111.9263265,2021-08-16,21:14:00
41514,3814179,2021,University Dr,Rural Rd,0.0,Intersection 4 Way 202,0.0,0.0,No Injury,Left Turn,Daylight,Cloudy,Dry,20.0,Female,West,Making Left Turn,Failed To Yield Right Of Way,No Apparent Influence,No Apparent Influence,27.0,Female,East,Going Straight Ahead,No Improper Action,No Apparent Influence,No Apparent Influence,33.42202914,-111.9263124,2021-08-16,21:56:00
41516,3809166,2021,Southern Ave,Butte Ave,0.0,Intersection 4 Way 202,2.0,0.0,Suspected Serious Injury,Left Turn,Daylight,Cloudy,Dry,23.0,Female,Northeast,Making Left Turn,Failed To Yield Right Of Way,No Apparent Influence,No Apparent Influence,33.0,Male,West,Going Straight Ahead,No Improper Action,No Apparent Influence,No Apparent Influence,33.39298856,-111.9114058,2021-08-16,22:37:00
41519,3828449,2021,Broadway Rd,Country Club Way,0.0,Intersection 4 Way 202,1.0,0.0,Suspected Minor Injury,Angle - Other Than Left Turn 2,Dark Lighted,Clear,Dry,25.0,Female,North,Going Straight Ahead,Failed To Yield Right Of Way,No Apparent Influence,No Apparent Influence,27.0,Male,West,Going Straight Ahead,No Improper Action,No Apparent Influence,No Apparent Influence,33.40748838,-111.9005194,2021-08-17,04:28:00
41520,3809249,2021,Broadway Rd,Rural Rd,-150.0,Not Junction Related,1.0,0.0,Possible Injury,Sideswipe Same Direction,Daylight,Clear,Dry,48.0,Female,West,Going Straight Ahead,Unknown,No Apparent Influence,No Apparent Influence,37.0,Male,West,Going Straight Ahead,Unknown,No Apparent Influence,No Apparent Influence,33.40749245,-111.9267741,2021-08-17,18:58:00
41521,3809250,2021,University Dr,Roosevelt St,98.0,Driveway Or Alley,1.0,0.0,Suspected Minor Injury,Sideswipe Same Direction,Daylight,Clear,Dry,39.0,Male,East,Making Right Turn,Made Improper Turn,No Apparent Influence,No Apparent Influence,37.0,Female,East,Going Straight Ahead,No Improper Action,No Apparent Influence,No Apparent Influence,33.42189996,-111.9469731,2021-08-17,20:27:00
41522,3811303,2021,Smith Rd,Orange St,-86.0,Not Junction Related,0.0,0.0,No Injury,Left Turn,Daylight,Clear,Dry,26.0,Male,South,Going Straight Ahead,Unknown,No Apparent Influence,No Apparent Influence,52.0,Male,North,Making Left Turn,Made Improper Turn,No Apparent Influence,No Apparent Influence,33.41819405,-111.9004883,2021-08-17,21:07:00
41523,3809251,2021,Baseline Rd,Kyrene Rd,62.0,Driveway Or Alley,0.0,0.0,No Injury,Sideswipe Same Direction,Daylight,Clear,Dry,18.0,Male,East,Making Right Turn,Made Improper Turn,No Apparent Influence,No Apparent Influence,21.0,Male,East,Going Straight Ahead,No Improper Action,No Apparent Influence,No Apparent Influence,33.37821855,-111.9436847,2021-08-17,22:22:00
41525,3816299,2021,Warner Rd,Rural Rd,200.0,Intersection Related 206,1.0,0.0,Possible Injury,Rear End,Daylight,Clear,Dry,20.0,Male,West,Going Straight Ahead,Followed Too Closely,No Apparent Influence,No Apparent Influence,46.0,Male,West,Stopped In Trafficway,No Improper Action,No Apparent Influence,No Apparent Influence,33.33465858,-111.9277603,2021-08-17,22:37:00
41526,3814560,2021,Mill Ave,Southern Ave,-80.0,Not Junction Related,0.0,0.0,No Injury,Angle - Other Than Left Turn 2,Daylight,Cloudy,Dry,20.0,Male,East,Making Left Turn,Made Improper Turn,No Apparent Influence,No Apparent Influence,30.0,Female,North,Going Straight Ahead,No Improper Action,No Apparent Influence,No Apparent Influence,33.39264337,-111.9395992,2021-08-17,22:41:00
41527,3819324,2021,Mill Ave,Hu Esta Dr,25.0,Intersection Related 206,0.0,0.0,No Injury,Rear End,Daylight,Clear,Dry,32.0,Female,South,Going Straight Ahead,Speed To Fast For Conditions,No Apparent Influence,No Apparent Influence,40.0,Female,South,Slowing In Trafficway,No Improper Action,No Apparent Influence,No Apparent Influence,33.40473653,-111.9397803,2021-08-17,22:46:00
41529,3816298,2021,Southern Ave,Priest Dr,-180.0,Not Junction Related,1.0,0.0,Suspected Minor Injury,Rear End,Daylight,Clear,Dry,19.0,Female,East,Going Straight Ahead,Followed Too Closely,No Apparent Influence,No Apparent Influence,26.0,Female,East,Stopped In Trafficway,No Improper Action,No Apparent Influence,No Apparent Influence,33.39287972,-111.9613592,2021-08-17,23:41:00
41530,3819323,2021,Southern Ave,Dorsey Ln,0.0,Intersection 4 Way 202,1.0,0.0,Suspected Minor Injury,Angle - Other Than Left Turn 2,Daylight,Clear,Dry,19.0,Male,South,Making Right Turn,Disregarded Traffic Signal,No Apparent Influence,No Apparent Influence,37.0,Male,West,Going Straight Ahead,No Improper Action,No Apparent Influence,No Apparent Influence,33.39296325,-111.9177493,2021-08-17,23:55:00
41531,3816280,2021,Broadway Rd,Elm St,-150.0,Not Junction Related,1.0,0.0,Possible Injury,Left Turn,Daylight,Clear,Dry,33.0,Male,West,Making Left Turn,Failed To Yield Right Of Way,No Apparent Influence,No Apparent Influence,20.0,Female,East,Going Straight Ahead,No Improper Action,No Apparent Influence,No Apparent Influence,33.40750526,-111.9137374,2021-08-17,23:59:00
41532,3873075,2021,Southern Ave,Hardy Dr,0.0,Intersection 4 Way 202,2.0,0.0,Suspected Minor Injury,Angle - Other Than Left Turn 2,Daylight,Clear,Dry,19.0,Male,West,Going Straight Ahead,Disregarded Traffic Signal,No Apparent Influence,No Apparent Influence,40.0,Male,South,Going Straight Ahead,No Improper Action,No Apparent Influence,No Apparent Influence,33.39285776,-111.9519838,2021-08-18,00:00:00
41533,3827169,2021,Kyrene Rd,Guadalupe Rd,0.0,Intersection 4 Way 202,2.0,0.0,Possible Injury,Left Turn,Daylight,Clear,Dry,61.0,Male,North,Making Left Turn,Failed To Yield Right Of Way,No Apparent Influence,No Apparent Influence,17.0,Male,South,Going Straight Ahead,Speed To Fast For Conditions,No Apparent Influence,No Apparent Influence,33.36365928,-111.9458941,2021-08-18,00:13:00
41534,3814188,2021,Broadway Rd,Dorsey Ln,-100.0,Not Junction Related,0.0,0.0,No Injury,Sideswipe Same Direction,Dark Lighted,Clear,Dry,33.0,Male,East,Changing Lanes,Unsafe Lane Change,No Apparent Influence,No Apparent Influence,37.0,Male,East,Going Straight Ahead,No Improper Action,No Apparent Influence,No Apparent Influence,33.40750612,-111.9180246,2021-08-18,05:57:00
41535,3819265,2021,Broadway Rd,Mill Ave,-15.0,Intersection Related 206,1.0,0.0,Possible Injury,Head On,Dark Lighted,Rain,Wet,37.0,Male,West,Making Right Turn,Made Improper Turn,Alcohol,No Apparent Influence,62.0,Male,East,Slowing In Trafficway,No Improper Action,No Apparent Influence,No Apparent Influence,33.40739719,-111.9398754,2021-08-18,07:58:00
41536,3816282,2021,Baseline Rd,College Ave,0.0,Intersection 201,0.0,0.0,No Injury,Left Turn,Daylight,Clear,Dry,18.0,Male,West,Going Straight Ahead,Disregarded Traffic Signal,No Apparent Influence,No Apparent Influence,26.0,Male,South,Making Left Turn,No Improper Action,No Apparent Influence,No Apparent Influence,33.37822608,-111.9352491,2021-08-18,14:20:00
41538,3814190,2021,Rural Rd,Spence Ave,0.0,Intersection 4 Way 202,0.0,0.0,No Injury,Left Turn,Daylight,Cloudy,Dry,22.0,Male,South,Going Straight Ahead,Unknown,No Apparent Influence,No Apparent Influence,24.0,Male,North,Making Left Turn,Unknown,No Apparent Influence,No Apparent Influence,33.41287443,-111.9262872,2021-08-18,20:22:00
41540,3811314,2021,Mill Ave,13th St,-74.0,Not Junction Related,0.0,0.0,No Injury,Sideswipe Same Direction,Daylight,Cloudy,Dry,22.0,Male,North,Changing Lanes,Unsafe Lane Change,No Apparent Influence,No Apparent Influence,32.0,Male,North,Going Straight Ahead,No Improper Action,No Apparent Influence,No Apparent Influence,33.41455053,-111.9399049,2021-08-18,21:31:00
41541,3814177,2021,Rural Rd,Hermosa Dr,-35.0,Intersection Related 206,0.0,0.0,No Injury,Rear End,Daylight,Cloudy,Dry,19.0,Male,North,Going Straight Ahead,Followed Too Closely,No Apparent Influence,No Apparent Influence,21.0,Female,North,Stopped In Trafficway,No Improper Action,No Apparent Influence,No Apparent Influence,33.38767385,-111.9264505,2021-08-18,21:40:00
41542,3819325,2021,McClintock Dr,Elliot Rd,133.0,Intersection Related 206,0.0,0.0,No Injury,Sideswipe Same Direction,Daylight,Cloudy,Dry,20.0,Male,South,Changing Lanes,Unsafe Lane Change,No Apparent Influence,No Apparent Influence,20.0,Male,South,Slowing In Trafficway,No Improper Action,No Apparent Influence,No Apparent Influence,33.3494941,-111.9112054,2021-08-18,22:49:00
41543,3814178,2021,Baseline Rd,College Ave,0.0,Intersection 4 Way 202,2.0,0.0,Suspected Minor Injury,Left Turn,Daylight,Cloudy,Dry,19.0,Male,East,Going Straight Ahead,Disregarded Traffic Signal,No Apparent Influence,No Apparent Influence,19.0,Female,North,Making Left Turn,No Improper Action,No Apparent Influence,No Apparent Influence,33.37822608,-111.9352491,2021-08-18,23:02:00
41544,3811313,2021,Rural Rd,Terrace Rd,90.0,Intersection Related 206,0.0,0.0,No Injury,Angle - Other Than Left Turn 2,Daylight,Cloudy,Dry,20.0,Female,Northwest,Making Right Turn,Failed To Yield Right Of Way,No Apparent Influence,No Apparent Influence,39.0,Male,North,Going Straight Ahead,No Improper Action,No Apparent Influence,No Apparent Influence,33.42052271,-111.9263021,2021-08-19,00:03:00
41545,3816300,2021,Apache Blvd,Lebanon Ln,0.0,Intersection T Inter 203,2.0,0.0,Suspected Minor Injury,Left Turn,Daylight,Cloudy,Wet,30.0,Male,West,Going Straight Ahead,Disregarded Traffic Signal,No Apparent Influence,No Apparent Influence,39.0,Female,South,Making Left Turn,No Improper Action,No Apparent Influence,No Apparent Influence,33.41480296,-111.8862664,2021-08-19,01:00:00
41551,3811267,2021,Rural Rd,Terrace Rd,-90.0,Intersection Related 206,0.0,0.0,No Injury,Rear End,Dark Lighted,Clear,Dry,25.0,Male,North,Going Straight Ahead,Speed To Fast For Conditions,No Apparent Influence,No Apparent Influence,20.0,Male,North,Slowing In Trafficway,No Improper Action,No Apparent Influence,No Apparent Influence,33.42002826,-111.9262998,2021-08-20,04:39:00