,Incident ID,Year,Street Name,Cross Street,Distance,Junction Relation,Total Injuries,Total Fatalities,Injury Severity,Collision Manner,Light Condition,Weather,Surface Condition,Age Driver 1,Gender Driver 1,Travel Direction One,Unit Action One,Violation1_Drv1,Alcohol Use Driver 1,Drug Use Driver 1,Age Driver 2,Gender Driver 2,Travel Direction Two,Unit Action Two,Violation 1 Driver 2,Alcohol Use Driver 2,Drug Use Driver 2,Latitude,Longitude,Date,Time
41554,3814517,2021,Elliot Rd,Harl Ave,0.0,Intersection 4 Way 202,2.0,0.0,Possible Injury,Angle - Other Than Left Turn 2,Daylight,Clear,Dry,33.0,Male,West,Going Straight Ahead,Disregarded Traffic Signal,No Apparent Influence,No Apparent Influence,29.0,Male,North,Going Straight Ahead,No Improper Action,No Apparent Influence,No Apparent Influence,33.34908149,-111.9659281,2021-08-20,20:34:00
41555,3819373,2021,Priest Dr,Rio Salado Pkwy,96.0,Intersection Related 206,0.0,0.0,No Injury,Rear End,Daylight,Clear,Dry,24.0,Female,South,Slowing In Trafficway,Followed Too Closely,No Apparent Influence,No Apparent Influence,66.0,Male,South,Stopped In Trafficway,No Improper Action,No Apparent Influence,No Apparent Influence,33.42982415,-111.960972,2021-08-20,20:37:00
41556,3827170,2021,Southern Ave,Fair Ln,0.0,Intersection T Inter 203,0.0,0.0,No Injury,Left Turn,Daylight,Clear,Dry,64.0,Female,East,Making Left Turn,Failed To Yield Right Of Way,No Apparent Influence,No Apparent Influence,33.0,Male,West,Going Straight Ahead,No Improper Action,No Apparent Influence,No Apparent Influence,33.3927799,-111.9760067,2021-08-20,21:57:00
41557,3814185,2021,Broadway Rd,48th St,135.0,Intersection Related 206,2.0,0.0,Possible Injury,Head On,Daylight,Clear,Dry,30.0,Male,East,Going Straight Ahead,Drove Left Of Center Line,No Apparent Influence,Drugs,55.0,Male,West,Stopped In Trafficway,No Improper Action,No Apparent Influence,No Apparent Influence,33.40732706,-111.9778454,2021-08-20,23:00:00
41558,3855322,2021,23rd St,Hardy Dr,-25.0,Intersection T Inter 203,0.0,0.0,No Injury,Sideswipe Same Direction,Daylight,Clear,Dry,33.0,Female,East,Making Right Turn,Failed To Keep In Proper Lane,No Apparent Influence,No Apparent Influence,41.0,Male,East,Making Right Turn,No Improper Action,No Apparent Influence,No Apparent Influence,33.40375199,-111.9522311,2021-08-21,00:24:00
41571,3820624,2021,Rio Salado Pkwy,Rural Rd,0.0,Intersection Related 206,1.0,0.0,Possible Injury,Sideswipe Same Direction,Dark Lighted,Clear,Dry,26.0,Male,North,Going Straight Ahead,Speed To Fast For Conditions,Alcohol,Drugs,24.0,Male,South,Making Left Turn,No Improper Action,No Apparent Influence,No Apparent Influence,33.42884843,-111.9262892,2021-08-22,03:16:00
41573,3854449,2021,University Dr,S Athletes Pl,-25.0,Not Junction Related,0.0,0.0,No Injury,Rear End,Daylight,Clear,Dry,23.0,Male,West,Going Straight Ahead,Speed To Fast For Conditions,Alcohol,No Apparent Influence,20.0,Male,West,Slowing In Trafficway,No Improper Action,No Apparent Influence,No Apparent Influence,33.42202354,-111.9229777,2021-08-23,00:07:00
41575,3828311,2021,Broadway Rd,Encanto Dr,64.0,Not Junction Related,0.0,0.0,No Injury,Left Turn,Daylight,Clear,Dry,39.0,Female,Southwest,Making Left Turn,Failed To Yield Right Of Way,No Apparent Influence,No Apparent Influence,28.0,Female,West,Going Straight Ahead,No Improper Action,No Apparent Influence,No Apparent Influence,33.40742074,-111.9380906,2021-08-23,15:19:00
41578,3888258,2021,Elliot Rd,Mill Ave,15.0,Intersection Related 206,0.0,0.0,No Injury,Angle - Other Than Left Turn 2,Daylight,Clear,Dry,17.0,Female,North,Making Right Turn,Failed To Yield Right Of Way,No Apparent Influence,No Apparent Influence,61.0,Female,East,Going Straight Ahead,No Improper Action,No Apparent Influence,No Apparent Influence,33.34919076,-111.9371196,2021-08-23,18:30:00
41581,3811386,2021,Broadway Rd,Encanto Dr,0.0,Intersection T Inter 203,2.0,0.0,Suspected Minor Injury,Left Turn,Daylight,Clear,Dry,79.0,Female,East,Making Left Turn,Failed To Yield Right Of Way,No Apparent Influence,No Apparent Influence,24.0,Male,West,Going Straight Ahead,No Improper Action,No Apparent Influence,No Apparent Influence,33.4074204,-111.9383003,2021-08-23,20:20:00
41583,3827182,2021,McClintock Dr,Harvard Dr,0.0,Intersection T Inter 203,1.0,0.0,Suspected Minor Injury,Left Turn,Daylight,Clear,Dry,61.0,Female,West,Making Left Turn,Failed To Yield Right Of Way,No Apparent Influence,No Apparent Influence,65.0,Female,South,Making Left Turn,No Improper Action,No Apparent Influence,No Apparent Influence,33.37654572,-111.9095878,2021-08-23,22:13:00
41585,3811374,2021,Rural Rd,University Dr,-56.0,Intersection Related 206,1.0,0.0,Suspected Minor Injury,Rear End,Daylight,Clear,Dry,65.0,Male,North,Going Straight Ahead,Speed To Fast For Conditions,Alcohol,No Apparent Influence,18.0,Female,North,Stopped In Trafficway,No Improper Action,No Apparent Influence,No Apparent Influence,33.42187529,-111.9263122,2021-08-23,23:52:00
41586,3827183,2021,Mill Ave,Carter Dr,0.0,Intersection 4 Way 202,2.0,0.0,Suspected Minor Injury,Angle - Other Than Left Turn 2,Daylight,Clear,Dry,21.0,Male,West,Going Straight Ahead,Failed To Yield Right Of Way,No Apparent Influence,No Apparent Influence,34.0,Male,South,Going Straight Ahead,No Improper Action,No Apparent Influence,No Apparent Influence,33.38328349,-111.9394515,2021-08-24,00:03:00
41589,3857613,2021,McClintock Dr,Rio Salado Pkwy,0.0,Intersection 201,0.0,0.0,No Injury,Left Turn,Dark Lighted,Clear,Dry,41.0,Female,South,Going Straight Ahead,Disregarded Traffic Signal,No Apparent Influence,No Apparent Influence,24.0,Male,Northwest,Making Left Turn,No Improper Action,No Apparent Influence,No Apparent Influence,33.4292626,-111.9090694,2021-08-24,03:11:00
41590,3825433,2021,Scottsdale Rd,Weber Dr,-105.0,Driveway Or Alley,1.0,0.0,Possible Injury,Rear End,Daylight,Clear,Dry,65.0,Female,South,Making Right Turn,Speed To Fast For Conditions,No Apparent Influence,No Apparent Influence,55.0,Female,South,Going Straight Ahead,No Improper Action,No Apparent Influence,No Apparent Influence,33.44370027,-111.9264339,2021-08-24,20:33:00
41592,3827468,2021,Rural Rd,University Dr,-145.0,Driveway Or Alley,0.0,0.0,No Injury,Left Turn,Daylight,Clear,Dry,22.0,Male,West,Making Left Turn,Failed To Yield Right Of Way,No Apparent Influence,No Apparent Influence,24.0,Female,North,Going Straight Ahead,No Improper Action,No Apparent Influence,No Apparent Influence,33.4216307,-111.9263119,2021-08-24,21:45:00
41594,3819407,2021,Mill Ave,Rio Salado Pkwy,-71.0,Intersection Related 206,1.0,0.0,Suspected Minor Injury,Sideswipe Same Direction,Dark Lighted,Clear,Dry,19.0,Female,North,Changing Lanes,Unsafe Lane Change,No Apparent Influence,No Apparent Influence,28.0,Male,North,Going Straight Ahead,No Improper Action,No Apparent Influence,No Apparent Influence,33.42943057,-111.9400354,2021-08-25,03:36:00
41595,3840064,2021,University Dr,Hardy Dr,0.0,Intersection 4 Way 202,0.0,0.0,No Injury,Left Turn,Dark Lighted,Clear,Dry,28.0,Female,North,Making Left Turn,Failed To Yield Right Of Way,No Apparent Influence,No Apparent Influence,23.0,Male,South,Going Straight Ahead,No Improper Action,No Apparent Influence,No Apparent Influence,33.42191004,-111.9522234,2021-08-25,07:10:00
41597,3816296,2021,Baseline Rd,Wendler Dr,-200.0,Intersection Related 206,1.0,0.0,Possible Injury,Rear End,Daylight,Clear,Dry,33.0,Female,East,Going Straight Ahead,Followed Too Closely,No Apparent Influence,No Apparent Influence,56.0,Male,East,Stopped In Trafficway,No Improper Action,No Apparent Influence,No Apparent Influence,33.37824492,-111.9704397,2021-08-25,14:12:00
41598,3827619,2021,Fairmont Dr,Priest Dr,30.0,Intersection Related 206,0.0,0.0,No Injury,Sideswipe Same Direction,Daylight,Clear,Dry,59.0,Male,West,Making Right Turn,Speed To Fast For Conditions,No Apparent Influence,No Apparent Influence,54.0,Male,West,Making Right Turn,No Improper Action,No Apparent Influence,No Apparent Influence,33.39649376,-111.9607004,2021-08-25,16:41:00
41599,3828452,2021,McClintock Dr,Baseline Rd,-50.0,Intersection Related 206,0.0,0.0,No Injury,Rear End,Daylight,Clear,Dry,55.0,Male,North,Going Straight Ahead,Speed To Fast For Conditions,No Apparent Influence,No Apparent Influence,25.0,Female,North,Stopped In Trafficway,No Improper Action,No Apparent Influence,No Apparent Influence,33.37828689,-111.9092622,2021-08-25,17:59:00
41602,3827629,2021,Mill Ave,Broadmor Dr,80.0,Intersection Related 206,0.0,0.0,No Injury,Rear End,Daylight,Clear,Dry,17.0,Female,South,Going Straight Ahead,Speed To Fast For Conditions,No Apparent Influence,No Apparent Influence,37.0,Female,South,Stopped In Trafficway,No Improper Action,No Apparent Influence,No Apparent Influence,33.40281195,-111.9397465,2021-08-25,21:36:00
41604,3811312,2021,Mill Ave,Broadmor Dr,0.0,Intersection 4 Way 202,1.0,0.0,Possible Injury,Left Turn,Daylight,Clear,Dry,24.0,Female,North,Making Left Turn,Failed To Yield Right Of Way,No Apparent Influence,No Apparent Influence,46.0,Male,South,Going Straight Ahead,No Improper Action,No Apparent Influence,No Apparent Influence,33.40259242,-111.9397427,2021-08-25,21:59:00
41607,3827167,2021,Apache Blvd,Dorsey Ln,0.0,Intersection T Inter 203,1.0,0.0,Possible Injury,Left Turn,Dark Lighted,Clear,Dry,44.0,Male,East,Making Left Turn,Disregarded Traffic Signal,No Apparent Influence,No Apparent Influence,66.0,Male,West,Going Straight Ahead,No Improper Action,No Apparent Influence,No Apparent Influence,33.41476428,-111.9176987,2021-08-26,03:08:00
41614,3819434,2021,Priest Dr,Arizona Mills Access E,0.0,Intersection T Inter 203,0.0,0.0,No Injury,Angle - Other Than Left Turn 2,Daylight,Clear,Dry,70.0,Female,South,Going Straight Ahead,Disregarded Traffic Signal,No Apparent Influence,No Apparent Influence,28.0,Male,East,Making Left Turn,No Improper Action,No Apparent Influence,No Apparent Influence,33.38466651,-111.9609464,2021-08-26,19:19:00
41615,3819371,2021,48th St,Broadway Rd,70.0,Intersection Related 206,1.0,0.0,Possible Injury,Rear End,Daylight,Clear,Dry,26.0,Male,South,Going Straight Ahead,Followed Too Closely,No Apparent Influence,No Apparent Influence,24.0,Male,South,Stopped In Trafficway,No Improper Action,No Apparent Influence,No Apparent Influence,33.40751985,-111.9782686,2021-08-26,19:39:00
41623,3861181,2021,Rural Rd,6th St,0.0,Intersection 4 Way 202,0.0,0.0,No Injury,Angle - Other Than Left Turn 2,Daylight,Clear,Dry,20.0,Female,North,Going Straight Ahead,Disregarded Traffic Signal,No Apparent Influence,No Apparent Influence,18.0,Female,East,Making Left Turn,No Improper Action,No Apparent Influence,No Apparent Influence,33.42449794,-111.926302,2021-08-27,20:01:00
41625,3819413,2021,Warner Rd,Rural Rd,0.0,Intersection 4 Way 202,2.0,0.0,Possible Injury,Left Turn,Dark Lighted,Clear,Dry,19.0,Female,East,Making Left Turn,Failed To Yield Right Of Way,No Apparent Influence,No Apparent Influence,23.0,Female,West,Going Straight Ahead,No Improper Action,No Apparent Influence,No Apparent Influence,33.33465525,-111.9284147,2021-08-28,05:43:00
41627,3860271,2021,Rio Salado Pkwy,Packard Dr,-150.0,Not Junction Related,0.0,0.0,No Injury,Sideswipe Same Direction,Dark Lighted,Clear,Dry,15.0,Male,West,Unknown,Unknown,Alcohol,No Apparent Influence,23.0,Female,West,Unknown,Unknown,No Apparent Influence,No Apparent Influence,33.42874255,-111.9297806,2021-08-28,07:31:00
41630,3819423,2021,Rio Salado Pkwy,Siesta Ln,-50.0,Intersection Related 206,0.0,0.0,No Injury,Rear End,Daylight,Clear,Dry,38.0,Female,West,Going Straight Ahead,Followed Too Closely,No Apparent Influence,No Apparent Influence,19.0,Female,West,Stopped In Trafficway,No Improper Action,No Apparent Influence,No Apparent Influence,33.42936704,-111.893782,2021-08-29,00:55:00
41632,3854377,2021,Washington St,Center Pkwy,35.0,Intersection Related 206,0.0,0.0,No Injury,Rear End,Dark Lighted,Clear,Dry,25.0,Male,West,Going Straight Ahead,Speed To Fast For Conditions,Alcohol,No Apparent Influence,56.0,Female,West,Stopped In Trafficway,No Improper Action,No Apparent Influence,No Apparent Influence,33.43926508,-111.9487272,2021-08-29,02:27:00
41634,3821795,2021,Priest Dr,Broadway Rd,0.0,Intersection 4 Way 202,1.0,0.0,Possible Injury,Left Turn,Daylight,Clear,Dry,16.0,Male,North,Making Left Turn,Failed To Yield Right Of Way,No Apparent Influence,No Apparent Influence,24.0,Male,South,Going Straight Ahead,No Improper Action,No Apparent Influence,No Apparent Influence,33.40742082,-111.9607804,2021-08-29,17:40:00
41636,3820587,2021,Apache Blvd,McAllister Ave,200.0,Not Junction Related,0.0,0.0,No Injury,Sideswipe Same Direction,Dark Lighted,Clear,Dry,20.0,Male,West,Leaving Parking Position,Unsafe Lane Change,No Apparent Influence,No Apparent Influence,33.0,Female,West,Going Straight Ahead,No Improper Action,No Apparent Influence,No Apparent Influence,33.41473056,-111.9300142,2021-08-30,02:43:00
41637,3819421,2021,Apache Blvd,McClintock Dr,21.0,Intersection Related 206,0.0,0.0,No Injury,Sideswipe Same Direction,Dark Lighted,Clear,Dry,42.0,Male,West,Making Left Turn,Failed To Keep In Proper Lane,No Apparent Influence,No Apparent Influence,21.0,Female,West,Stopped In Trafficway,No Improper Action,No Apparent Influence,No Apparent Influence,33.41475978,-111.9090638,2021-08-30,04:49:00
41638,3854509,2021,Broadway Rd,McClintock Dr,0.0,Intersection 4 Way 202,0.0,0.0,No Injury,Left Turn,Daylight,Clear,Dry,29.0,Female,West,Going Straight Ahead,Failed To Yield Right Of Way,No Apparent Influence,No Apparent Influence,21.0,Male,North,Making Left Turn,No Improper Action,No Apparent Influence,No Apparent Influence,33.4075002,-111.909125,2021-08-30,16:29:00
41640,3827162,2021,Rural Rd,Geneva Dr,-25.0,Intersection Related 206,1.0,0.0,Suspected Minor Injury,Sideswipe Same Direction,Daylight,Cloudy,Dry,49.0,Male,North,Going Straight Ahead,Failed To Keep In Proper Lane,No Apparent Influence,No Apparent Influence,74.0,Male,North,Stopped In Trafficway,No Improper Action,No Apparent Influence,No Apparent Influence,33.39491719,-111.9263302,2021-08-30,17:50:00
41643,3814558,2021,Broadway Rd,Beck Ave,100.0,Not Junction Related,0.0,0.0,No Injury,Rear End,Daylight,Clear,Dry,20.0,Male,East,Making Left Turn,Unsafe Lane Change,No Apparent Influence,No Apparent Influence,64.0,Male,East,Going Straight Ahead,No Improper Action,No Apparent Influence,No Apparent Influence,33.40740678,-111.9549435,2021-08-30,20:35:00
41644,3861186,2021,Terrace Rd,Lemon St,0.0,Intersection 4 Way 202,0.0,0.0,No Injury,Angle - Other Than Left Turn 2,Daylight,Clear,Dry,22.0,Female,East,Going Straight Ahead,Disregarded Traffic Signal,No Apparent Influence,No Apparent Influence,19.0,Female,North,Going Straight Ahead,No Improper Action,No Apparent Influence,No Apparent Influence,33.41675937,-111.9224177,2021-08-30,20:36:00
41647,3827159,2021,Scottsdale Rd,McKellips Rd,57.0,Intersection Related 206,0.0,0.0,No Injury,Sideswipe Same Direction,Dark Lighted,Clear,Dry,65.0,Female,South,Going Straight Ahead,Speed To Fast For Conditions,No Apparent Influence,No Apparent Influence,35.0,Male,South,Stopped In Trafficway,No Improper Action,No Apparent Influence,No Apparent Influence,33.45139728,-111.9264663,2021-08-31,02:21:00
41652,3827163,2021,17th St,Priest Dr,-42.0,Intersection Related 206,1.0,0.0,Suspected Minor Injury,Angle - Other Than Left Turn 2,Daylight,Clear,Dry,31.0,Male,South,Making Right Turn,Other,No Apparent Influence,No Apparent Influence,25.0,Male,East,Stopped In Trafficway,No Improper Action,No Apparent Influence,No Apparent Influence,33.40977826,-111.9609272,2021-08-31,18:29:00
41653,3861182,2021,Rural Rd,Lemon St,30.0,Intersection Related 206,0.0,0.0,No Injury,Rear End,Daylight,Cloudy,Dry,23.0,Female,South,Going Straight Ahead,Speed To Fast For Conditions,No Apparent Influence,No Apparent Influence,27.0,Male,South,Stopped In Trafficway,No Improper Action,No Apparent Influence,No Apparent Influence,33.41691741,-111.9262973,2021-08-31,18:52:00
41655,3855356,2021,Warner Rd,Kenwood Ln,101.0,Not Junction Related,0.0,0.0,No Injury,Sideswipe Same Direction,Daylight,Cloudy,Wet,18.0,Male,East,Changing Lanes,Unsafe Lane Change,No Apparent Influence,No Apparent Influence,32.0,Female,East,Going Straight Ahead,No Improper Action,No Apparent Influence,No Apparent Influence,33.33472302,-111.9025886,2021-08-31,23:30:00
41656,3827165,2021,Rural Rd,Spence Ave,0.0,Intersection 4 Way 202,1.0,0.0,Suspected Minor Injury,Left Turn,Daylight,Rain,Wet,60.0,Male,North,Making Left Turn,Failed To Yield Right Of Way,No Apparent Influence,No Apparent Influence,23.0,Female,South,Going Straight Ahead,No Improper Action,No Apparent Influence,No Apparent Influence,33.41287443,-111.9262872,2021-09-01,00:02:00
41657,3820586,2021,Rural Rd,6th St,-207.0,Intersection Related 206,1.0,0.0,Possible Injury,Rear End,Daylight,Rain,Wet,21.0,Female,South,Going Straight Ahead,No Improper Action,No Apparent Influence,No Apparent Influence,61.0,Female,South,Slowing In Trafficway,No Improper Action,No Apparent Influence,No Apparent Influence,33.42392912,-111.9263033,2021-09-01,00:27:00
41658,3860259,2021,Rio Salado Pkwy,River Dr,0.0,Intersection 4 Way 202,0.0,0.0,No Injury,Rear End,Daylight,Cloudy,Wet,30.0,Male,West,Going Straight Ahead,Followed Too Closely,No Apparent Influence,No Apparent Influence,19.0,Male,West,Stopped In Trafficway,No Improper Action,No Apparent Influence,No Apparent Influence,33.42936157,-111.8953323,2021-09-01,00:58:00
41662,3827031,2021,Rural Rd,Gail Dr,-190.0,Driveway Or Alley,2.0,0.0,Suspected Minor Injury,Left Turn,Dark Lighted,Rain,Wet,36.0,Male,North,Making Left Turn,Failed To Yield Right Of Way,No Apparent Influence,No Apparent Influence,61.0,Female,South,Going Straight Ahead,No Improper Action,No Apparent Influence,No Apparent Influence,33.32193367,-111.9282068,2021-09-01,03:25:00
41663,3827470,2021,Southern Ave,Rural Rd,0.0,Intersection 4 Way 202,2.0,0.0,Possible Injury,Left Turn,Dark Lighted,Rain,Wet,30.0,Male,Northwest,Making Left Turn,Failed To Yield Right Of Way,No Apparent Influence,No Apparent Influence,45.0,Female,South,Going Straight Ahead,No Improper Action,No Apparent Influence,No Apparent Influence,33.39296099,-111.9263256,2021-09-01,05:28:00
41666,3861183,2021,Rural Rd,US-60 Exit 174 G-Ramp,-214.0,Driveway Or Alley,2.0,0.0,Possible Injury,Other,Daylight,Cloudy,Dry,27.0,Female,North,Going Straight Ahead,Unknown,No Apparent Influence,No Apparent Influence,28.0,Female,North,Making Right Turn,Unknown,No Apparent Influence,No Apparent Influence,33.38443367,-111.9264949,2021-09-01,16:26:00
41668,3827613,2021,Rural Rd,Lemon St,88.0,Not Junction Related,0.0,0.0,No Injury,Left Turn,Dark Lighted,Cloudy,Dry,18.0,Female,South,Making Left Turn,Failed To Yield Right Of Way,No Apparent Influence,No Apparent Influence,30.0,Male,North,Going Straight Ahead,No Improper Action,No Apparent Influence,No Apparent Influence,33.41707679,-111.926297,2021-09-02,02:30:00
41670,3855477,2021,Rural Rd,Broadway Rd,120.0,Intersection 4 Way 202,0.0,0.0,No Injury,Rear End,Dark Lighted,Clear,Dry,29.0,Female,South,Going Straight Ahead,Speed To Fast For Conditions,No Apparent Influence,No Apparent Influence,27.0,Male,South,Slowing In Trafficway,No Improper Action,No Apparent Influence,No Apparent Influence,33.40783153,-111.9262831,2021-09-02,05:14:00
41671,3854702,2021,Kyrene Rd,La Donna Dr,50.0,Driveway Or Alley,1.0,0.0,Possible Injury,Angle - Other Than Left Turn 2,Daylight,Clear,Dry,22.0,Male,West,Making Left Turn,Failed To Yield Right Of Way,No Apparent Influence,No Apparent Influence,28.0,Male,North,Going Straight Ahead,No Improper Action,No Apparent Influence,No Apparent Influence,33.36813942,-111.9459235,2021-09-02,21:39:00
41675,3854703,2021,Elliot Rd,Priest Dr,-105.0,Not Junction Related,0.0,0.0,No Injury,Sideswipe Same Direction,Daylight,Clear,Dry,24.0,Male,West,Avoiding Vehicle Object Pedestrian,Unsafe Lane Change,No Apparent Influence,No Apparent Influence,36.0,Female,West,Going Straight Ahead,No Improper Action,No Apparent Influence,No Apparent Influence,33.34909784,-111.9634767,2021-09-03,00:11:00
41680,3827154,2021,Priest Dr,5th St,0.0,Intersection 4 Way 202,1.0,0.0,Suspected Minor Injury,Angle - Other Than Left Turn 2,Dark Lighted,Clear,Dry,57.0,Male,South,Going Straight Ahead,Disregarded Traffic Signal,No Apparent Influence,No Apparent Influence,26.0,Male,East,Making Left Turn,No Improper Action,No Apparent Influence,No Apparent Influence,33.42562034,-111.9609749,2021-09-03,02:16:00
41683,3828451,2021,University Dr,Priest Dr,215.0,Not Junction Related,0.0,0.0,No Injury,Rear End,Dark Lighted,Clear,Dry,22.0,Male,West,Going Straight Ahead,Speed To Fast For Conditions,No Apparent Influence,No Apparent Influence,20.0,Male,West,Making Right Turn,No Improper Action,No Apparent Influence,No Apparent Influence,33.42194014,-111.960219,2021-09-03,06:37:00
41684,3861187,2021,University Dr,Margo Dr,0.0,Intersection T Inter 203,0.0,0.0,No Injury,Angle - Other Than Left Turn 2,Daylight,Clear,Dry,30.0,Male,North,Making Left Turn,Failed To Yield Right Of Way,No Apparent Influence,No Apparent Influence,27.0,Female,East,Going Straight Ahead,No Improper Action,No Apparent Influence,No Apparent Influence,33.421934,-111.9585919,2021-09-03,14:48:00
41687,3820589,2021,Scottsdale Rd,Lilac Dr,-25.0,Intersection T Inter 203,2.0,0.0,Suspected Minor Injury,Angle - Other Than Left Turn 2,Daylight,Clear,Dry,26.0,Female,West,Making Left Turn,Failed To Yield Right Of Way,No Apparent Influence,No Apparent Influence,60.0,Female,South,Going Straight Ahead,No Improper Action,No Apparent Influence,No Apparent Influence,33.44869021,-111.9264655,2021-09-03,21:05:00
41691,3855502,2021,Southern Ave,Rural Rd,0.0,Not Junction Related,2.0,0.0,Suspected Minor Injury,Left Turn,Daylight,Clear,Dry,68.0,Female,West,Making Left Turn,Failed To Yield Right Of Way,No Apparent Influence,No Apparent Influence,31.0,Male,South,Going Straight Ahead,No Improper Action,No Apparent Influence,No Apparent Influence,33.39296099,-111.9263256,2021-09-03,23:45:00
41693,3860304,2021,McClintock Dr,E Tempe Marketplace,-16.0,Intersection 4 Way 202,2.0,0.0,Possible Injury,Rear End,Daylight,Clear,Dry,27.0,Male,North,Going Straight Ahead,Speed To Fast For Conditions,No Apparent Influence,No Apparent Influence,71.0,Female,North,Slowing In Trafficway,No Improper Action,No Apparent Influence,No Apparent Influence,33.43204047,-111.9092779,2021-09-04,13:31:00
41696,3820595,2021,Price Rd,Apache Blvd,124.0,Intersection Related 206,0.0,0.0,No Injury,Rear End,Daylight,Clear,Dry,22.0,Male,South,Going Straight Ahead,Followed Too Closely,No Apparent Influence,No Apparent Influence,38.0,Male,South,Stopped In Trafficway,No Improper Action,No Apparent Influence,No Apparent Influence,33.41513892,-111.8919344,2021-09-04,19:33:00
41698,3820596,2021,University Dr,Ash Ave,0.0,Intersection 4 Way 202,2.0,0.0,Possible Injury,Left Turn,Daylight,Clear,Dry,32.0,Male,East,Making Left Turn,Failed To Yield Right Of Way,No Apparent Influence,No Apparent Influence,48.0,Male,West,Going Straight Ahead,No Improper Action,No Apparent Influence,No Apparent Influence,33.42193187,-111.9423998,2021-09-04,21:24:00
41703,3855461,2021,Baseline Rd,Beck Ave,0.0,Intersection T Inter 203,0.0,0.0,No Injury,Head On,Daylight,Clear,Dry,48.0,Female,North,Making Left Turn,Failed To Yield Right Of Way,No Apparent Influence,No Apparent Influence,72.0,Male,East,Going Straight Ahead,No Improper Action,No Apparent Influence,No Apparent Influence,33.37824062,-111.9597516,2021-09-06,18:55:00
41704,3840054,2021,Rural Rd,Oxford Dr,20.0,Intersection Related 206,1.0,0.0,Possible Injury,Rear End,Daylight,Clear,Dry,20.0,Male,South,Going Straight Ahead,Unknown,No Apparent Influence,No Apparent Influence,71.0,Female,South,Making Right Turn,No Improper Action,No Apparent Influence,No Apparent Influence,33.37522484,-111.9286696,2021-09-06,19:22:00
41708,3861198,2021,Mill Ave,7th St,-145.0,Not Junction Related,0.0,0.0,No Injury,Sideswipe Same Direction,Daylight,Clear,Dry,26.0,Male,North,Overtaking Passing,Failed To Yield Right Of Way,No Apparent Influence,No Apparent Influence,63.0,Female,North,Overtaking Passing,No Improper Action,No Apparent Influence,No Apparent Influence,33.42280767,-111.9400075,2021-09-06,22:04:00
41709,3827147,2021,University Dr,Rockford Dr,-130.0,Driveway Or Alley,2.0,0.0,Suspected Minor Injury,Left Turn,Dark Lighted,Clear,Dry,21.0,Male,West,Making Left Turn,Failed To Yield Right Of Way,No Apparent Influence,No Apparent Influence,22.0,Male,East,Going Straight Ahead,No Improper Action,No Apparent Influence,No Apparent Influence,33.42210178,-111.8984969,2021-09-07,02:56:00
41710,3827149,2021,Curry Rd,Miller Rd,0.0,Intersection 4 Way 202,0.0,0.0,No Injury,Angle - Other Than Left Turn 2,Daylight,Clear,Dry,26.0,Male,West,Going Straight Ahead,Disregarded Traffic Signal,No Apparent Influence,No Apparent Influence,18.0,Female,North,Going Straight Ahead,No Improper Action,No Apparent Influence,No Apparent Influence,33.44037898,-111.9179592,2021-09-07,04:27:00
41713,3820597,2021,Priest Dr,Elliot Rd,0.0,Intersection 4 Way 202,0.0,0.0,No Injury,Angle - Other Than Left Turn 2,Daylight,Clear,Dry,25.0,Male,North,Going Straight Ahead,Disregarded Traffic Signal,No Apparent Influence,No Apparent Influence,23.0,Female,South,Making Left Turn,No Improper Action,No Apparent Influence,No Apparent Influence,33.34910384,-111.9631336,2021-09-07,19:26:00
41714,3820590,2021,University Dr,Roosevelt St,52.0,Intersection Related 206,1.0,0.0,Possible Injury,Rear End,Daylight,Clear,Dry,65.0,Male,West,Going Straight Ahead,Speed To Fast For Conditions,No Apparent Influence,No Apparent Influence,44.0,Male,West,Stopped In Trafficway,No Improper Action,No Apparent Influence,No Apparent Influence,33.42190039,-111.9471238,2021-09-07,20:29:00
41720,3820601,2021,Baseline Rd,McClintock Dr,0.0,Intersection 4 Way 202,0.0,0.0,No Injury,Left Turn,Daylight,Clear,Dry,20.0,Male,East,Making Left Turn,Disregarded Traffic Signal,No Apparent Influence,No Apparent Influence,30.0,Male,West,Going Straight Ahead,No Improper Action,No Apparent Influence,No Apparent Influence,33.37842427,-111.9092614,2021-09-07,23:40:00
41723,3855458,2021,Baseline Rd,Mill Ave,-65.0,Intersection Related 206,0.0,0.0,No Injury,U Turn,Dawn,Clear,Dry,67.0,Female,East,Making U Turn,Made Improper Turn,No Apparent Influence,No Apparent Influence,37.0,Male,West,Going Straight Ahead,No Improper Action,No Apparent Influence,No Apparent Influence,33.37821674,-111.9395781,2021-09-08,12:57:00
41724,3809627,2021,Southern Ave,48th St,0.0,Intersection Related 206,1.0,0.0,Possible Injury,Rear End,Daylight,Clear,Dry,28.0,Female,East,Going Straight Ahead,Speed To Fast For Conditions,No Apparent Influence,No Apparent Influence,36.0,Male,Southeast,Stopped In Trafficway,No Improper Action,No Apparent Influence,No Apparent Influence,33.39276725,-111.9783383,2021-09-08,13:46:00
41725,3855511,2021,Priest Dr,Southern Ave,0.0,Intersection 201,2.0,0.0,Possible Injury,Left Turn,Daylight,Clear,Dry,26.0,Female,Southeast,Making Left Turn,Failed To Yield Right Of Way,No Apparent Influence,No Apparent Influence,52.0,Female,North,Going Straight Ahead,No Improper Action,No Apparent Influence,No Apparent Influence,33.39288398,-111.9607698,2021-09-08,13:53:00