,Incident ID,Year,Street Name,Cross Street,Distance,Junction Relation,Total Injuries,Total Fatalities,Injury Severity,Collision Manner,Light Condition,Weather,Surface Condition,Age Driver 1,Gender Driver 1,Travel Direction One,Unit Action One,Violation1_Drv1,Alcohol Use Driver 1,Drug Use Driver 1,Age Driver 2,Gender Driver 2,Travel Direction Two,Unit Action Two,Violation 1 Driver 2,Alcohol Use Driver 2,Drug Use Driver 2,Latitude,Longitude,Date,Time
41727,3827171,2021,Apache Blvd,Rural Rd,0.0,Intersection 4 Way 202,1.0,0.0,Possible Injury,Left Turn,Daylight,Clear,Dry,18.0,Female,West,Going Straight Ahead,Disregarded Traffic Signal,No Apparent Influence,No Apparent Influence,27.0,Female,Southeast,Making U Turn,No Improper Action,No Apparent Influence,No Apparent Influence,33.41476221,-111.9262928,2021-09-08,15:52:00
41728,3837826,2021,Rio Salado Pkwy,Perry Ln,0.0,Intersection Related 206,1.0,0.0,Possible Injury,Left Turn,Daylight,Clear,Dry,27.0,Male,West,Going Straight Ahead,Disregarded Traffic Signal,No Apparent Influence,No Apparent Influence,54.0,Male,Northeast,Making Left Turn,No Improper Action,No Apparent Influence,No Apparent Influence,33.42923899,-111.904765,2021-09-08,16:59:00
41729,3840049,2021,Rural Rd,Vista Del Cerro Dr,-105.0,Driveway Or Alley,1.0,0.0,Suspected Minor Injury,Left Turn,Daylight,Clear,Dry,20.0,Female,South,Making Left Turn,Failed To Yield Right Of Way,No Apparent Influence,No Apparent Influence,27.0,Female,North,Going Straight Ahead,No Improper Action,No Apparent Influence,No Apparent Influence,33.40983317,-111.926284,2021-09-08,19:26:00
41731,3827608,2021,Broadway Rd,Hardy Dr,0.0,Intersection 4 Way 202,0.0,0.0,No Injury,Left Turn,Daylight,Clear,Dry,23.0,Male,West,Making Left Turn,Failed To Yield Right Of Way,No Apparent Influence,No Apparent Influence,43.0,Female,East,Going Straight Ahead,No Improper Action,No Apparent Influence,No Apparent Influence,33.40739301,-111.952165,2021-09-08,23:13:00
41733,3827039,2021,Rural Rd,Geneva Dr,65.0,Not Junction Related,0.0,0.0,No Injury,Sideswipe Same Direction,Daylight,Clear,Dry,20.0,Male,South,Changing Lanes,Unsafe Lane Change,No Apparent Influence,No Apparent Influence,26.0,Female,South,Going Straight Ahead,No Improper Action,No Apparent Influence,No Apparent Influence,33.39516439,-111.9263294,2021-09-08,23:56:00
41734,3827643,2021,8th St,Una Ave,0.0,Intersection T Inter 203,0.0,0.0,No Injury,Rear End,Daylight,Clear,Dry,38.0,Female,East,Going Straight Ahead,Speed To Fast For Conditions,No Apparent Influence,No Apparent Influence,19.0,Male,East,Making U Turn,No Improper Action,No Apparent Influence,No Apparent Influence,33.41950023,-111.9128152,2021-09-09,00:29:00
41739,3827641,2021,Southern Ave,College Ave,0.0,Intersection 4 Way 202,1.0,0.0,Possible Injury,Angle - Other Than Left Turn 2,Dusk,Clear,Dry,21.0,Female,West,Going Straight Ahead,Disregarded Traffic Signal,No Apparent Influence,No Apparent Influence,27.0,Male,South,Making Left Turn,No Improper Action,No Apparent Influence,No Apparent Influence,33.39290712,-111.9349183,2021-09-10,00:10:00
41741,3854683,2021,Scottsdale Rd,Gilbert Dr,40.0,Not Junction Related,0.0,0.0,No Injury,U Turn,Dark Lighted,Clear,Dry,23.0,Male,Unknown,Making Left Turn,Made Improper Turn,No Apparent Influence,No Apparent Influence,40.0,Male,South,Going Straight Ahead,No Improper Action,No Apparent Influence,No Apparent Influence,33.43767194,-111.9262724,2021-09-10,10:54:00
41744,3855508,2021,Elliot Rd,Priest Dr,0.0,Intersection 4 Way 202,0.0,0.0,No Injury,Angle - Other Than Left Turn 2,Daylight,Clear,Dry,33.0,Female,South,Making Right Turn,Other,No Apparent Influence,No Apparent Influence,50.0,Male,West,Going Straight Ahead,No Improper Action,No Apparent Influence,No Apparent Influence,33.34910387,-111.9631335,2021-09-10,15:05:00
41746,3827640,2021,Rural Rd,6th St,136.0,Not Junction Related,0.0,0.0,No Injury,Rear End,Daylight,Clear,Dry,26.0,Female,South,Going Straight Ahead,Speed To Fast For Conditions,No Apparent Influence,No Apparent Influence,37.0,Male,South,Stopped In Trafficway,No Improper Action,No Apparent Influence,No Apparent Influence,33.42487151,-111.9263006,2021-09-10,17:08:00
41747,3837366,2021,Grove Pkwy,Priest Dr,181.0,Intersection Related 206,2.0,0.0,Suspected Minor Injury,Sideswipe Same Direction,Daylight,Clear,Dry,69.0,Male,Northeast,Making U Turn,Made Improper Turn,No Apparent Influence,No Apparent Influence,53.0,Male,Northeast,Going Straight Ahead,No Improper Action,No Apparent Influence,No Apparent Influence,33.35179091,-111.9620045,2021-09-10,17:55:00
41750,3827610,2021,Rural Rd,Vista Del Cerro Dr,0.0,Intersection 4 Way 202,0.0,0.0,No Injury,Rear End,Dark Lighted,Clear,Dry,45.0,Male,South,Going Straight Ahead,Speed To Fast For Conditions,Alcohol,Drugs,27.0,Male,South,Stopped In Trafficway,No Improper Action,No Apparent Influence,No Apparent Influence,33.41012174,-111.9262842,2021-09-11,02:45:00
41751,3838339,2021,Baseline Rd,McClintock Dr,100.0,Intersection Related 206,0.0,0.0,No Injury,Rear End,Dawn,Clear,Dry,29.0,Male,West,Going Straight Ahead,Other,No Apparent Influence,No Apparent Influence,54.0,Male,West,Stopped In Trafficway,No Improper Action,No Apparent Influence,No Apparent Influence,33.37842581,-111.908934,2021-09-11,13:12:00
41752,3857627,2021,River Dr,Malibu Dr,0.0,Intersection 4 Way 202,0.0,0.0,No Injury,Left Turn,Daylight,Clear,Dry,16.0,Male,West,Making Left Turn,Failed To Yield Right Of Way,No Apparent Influence,No Apparent Influence,25.0,Male,North,Going Straight Ahead,No Improper Action,No Apparent Influence,No Apparent Influence,33.39176501,-111.8962694,2021-09-11,18:51:00
41753,3825459,2021,Scottsdale Rd,McKellips Rd,0.0,Intersection 4 Way 202,2.0,0.0,Suspected Minor Injury,Angle - Other Than Left Turn 2,Daylight,Clear,Dry,78.0,Male,South,Going Straight Ahead,Disregarded Traffic Signal,No Apparent Influence,No Apparent Influence,73.0,Female,East,Going Straight Ahead,No Improper Action,No Apparent Influence,No Apparent Influence,33.45124082,-111.9264677,2021-09-11,18:59:00
41754,3854685,2021,Rural Rd,Spence Ave,-68.0,Intersection Related 206,0.0,0.0,No Injury,Rear End,Daylight,Clear,Dry,34.0,Male,North,Going Straight Ahead,Followed Too Closely,No Apparent Influence,No Apparent Influence,19.0,Female,North,Stopped In Trafficway,No Improper Action,No Apparent Influence,No Apparent Influence,33.41268758,-111.9262867,2021-09-11,22:30:00
41755,3837468,2021,McClintock Dr,Don Carlos Ave,0.0,Intersection 4 Way 202,1.0,0.0,Possible Injury,Angle - Other Than Left Turn 2,Daylight,Clear,Dry,24.0,Male,South,Going Straight Ahead,Disregarded Traffic Signal,No Apparent Influence,No Apparent Influence,49.0,Female,East,Going Straight Ahead,No Improper Action,No Apparent Influence,No Apparent Influence,33.41748004,-111.9091089,2021-09-11,23:26:00
41756,3862044,2021,College Ave,Encanto Dr,5.0,Intersection 4 Way 202,0.0,0.0,No Injury,Left Turn,Daylight,Clear,Dry,26.0,Female,North,Making Left Turn,Made Improper Turn,No Apparent Influence,No Apparent Influence,33.0,Female,South,Going Straight Ahead,No Improper Action,No Apparent Influence,No Apparent Influence,33.40964693,-111.9349181,2021-09-12,00:53:00
41757,3884384,2021,University Dr,Forest Ave,0.0,Intersection 4 Way 202,0.0,0.0,No Injury,Left Turn,Dark Lighted,Clear,Dry,18.0,Female,South,Making Left Turn,Made Improper Turn,No Apparent Influence,No Apparent Influence,23.0,Female,East,Going Straight Ahead,No Improper Action,No Apparent Influence,No Apparent Influence,33.42195027,-111.9366553,2021-09-12,02:13:00
41758,3825426,2021,Baseline Rd,48th St,162.0,Intersection Related 206,0.0,0.0,No Injury,Rear End,Dark Lighted,Clear,Dry,49.0,Male,West,Going Straight Ahead,Followed Too Closely,No Apparent Influence,No Apparent Influence,51.0,Female,West,Stopped In Trafficway,No Improper Action,No Apparent Influence,No Apparent Influence,33.37818729,-111.9778857,2021-09-12,03:46:00
41760,3828448,2021,McClintock Dr,University Dr,213.0,Other,0.0,0.0,No Injury,Rear End,Dark Lighted,Clear,Dry,53.0,Male,North,Going Straight Ahead,Followed Too Closely,No Apparent Influence,No Apparent Influence,21.0,Female,North,Going Straight Ahead,No Improper Action,No Apparent Influence,No Apparent Influence,33.42256719,-111.9091092,2021-09-12,05:56:00
41761,3854682,2021,Mill Ave,1st St,44.0,Intersection Related 206,0.0,0.0,No Injury,Sideswipe Same Direction,Dark Lighted,Clear,Dry,33.0,Male,South,Going Straight Ahead,Unknown,No Apparent Influence,No Apparent Influence,19.0,Female,South,Stopped In Trafficway,No Improper Action,No Apparent Influence,No Apparent Influence,33.42974826,-111.9400936,2021-09-12,06:54:00
41764,3857634,2021,Broadway Rd,Roosevelt St,-50.0,Intersection 4 Way 202,0.0,0.0,No Injury,Rear End,Dawn,Clear,Dry,23.0,Female,East,Going Straight Ahead,Followed Too Closely,No Apparent Influence,No Apparent Influence,21.0,Male,East,Stopped In Trafficway,No Improper Action,No Apparent Influence,No Apparent Influence,33.4073773,-111.9480169,2021-09-12,13:38:00
41765,3838996,2021,Broadway Rd,Rural Rd,0.0,Intersection 201,1.0,0.0,Suspected Serious Injury,Left Turn,Daylight,Clear,Dry,20.0,Female,South,Making Left Turn,Failed To Yield Right Of Way,No Apparent Influence,No Apparent Influence,21.0,Female,East,Going Straight Ahead,No Improper Action,No Apparent Influence,No Apparent Influence,33.40750178,-111.9262829,2021-09-12,16:57:00
41769,3820603,2021,Hardy Dr,Minton Dr,0.0,Intersection 4 Way 202,2.0,0.0,Suspected Serious Injury,Sideswipe Same Direction,Dark Lighted,Clear,Dry,18.0,Female,North,Making U Turn,Made Improper Turn,No Apparent Influence,No Apparent Influence,40.0,Male,North,Going Straight Ahead,No Improper Action,No Apparent Influence,No Apparent Influence,33.38097967,-111.9524399,2021-09-13,09:19:00
41770,3825441,2021,Elliot Rd,McClintock Dr,0.0,Intersection 4 Way 202,0.0,0.0,No Injury,Angle - Other Than Left Turn 2,Daylight,Clear,Dry,22.0,Male,West,Going Straight Ahead,Disregarded Traffic Signal,No Apparent Influence,No Apparent Influence,27.0,Male,South,Going Straight Ahead,No Improper Action,No Apparent Influence,No Apparent Influence,33.34912979,-111.9111874,2021-09-13,13:52:00
41771,3863848,2021,McClintock Dr,Don Carlos Ave,-80.0,Intersection Related 206,1.0,0.0,Possible Injury,Rear End,Daylight,Clear,Dry,22.0,Female,North,Going Straight Ahead,Speed To Fast For Conditions,No Apparent Influence,No Apparent Influence,21.0,Female,North,Stopped In Trafficway,No Improper Action,No Apparent Influence,No Apparent Influence,33.41726029,-111.9091107,2021-09-13,14:43:00
41773,3888212,2021,Rural Rd,Westchester Dr,0.0,Intersection 4 Way 202,0.0,0.0,No Injury,Left Turn,Daylight,Clear,Dry,21.0,Male,South,Making Left Turn,Disregarded Traffic Signal,No Apparent Influence,No Apparent Influence,52.0,Male,North,Going Straight Ahead,No Improper Action,No Apparent Influence,No Apparent Influence,33.36738815,-111.9286268,2021-09-13,21:56:00
41775,3828477,2021,Rural Rd,Apache Blvd,-115.0,Intersection Related 206,0.0,0.0,No Injury,Rear End,Daylight,Clear,Dry,18.0,Male,North,Going Straight Ahead,Followed Too Closely,No Apparent Influence,No Apparent Influence,21.0,Female,North,Slowing In Trafficway,No Improper Action,No Apparent Influence,No Apparent Influence,33.41444618,-111.9262927,2021-09-14,00:24:00
41776,3857615,2021,Southern Ave,College Ave,0.0,Intersection 4 Way 202,1.0,0.0,Possible Injury,Left Turn,Dark Lighted,Clear,Dry,38.0,Female,West,Making Left Turn,Failed To Yield Right Of Way,No Apparent Influence,No Apparent Influence,47.0,Male,East,Going Straight Ahead,No Improper Action,No Apparent Influence,No Apparent Influence,33.39290712,-111.9349183,2021-09-14,02:47:00
41777,3861230,2021,Mill Ave,Rio Salado Pkwy,-30.0,Intersection Related 206,0.0,0.0,No Injury,Angle - Other Than Left Turn 2,Dark Lighted,Clear,Dry,25.0,Male,North,Changing Lanes,Unsafe Lane Change,No Apparent Influence,No Apparent Influence,36.0,Male,North,Going Straight Ahead,No Improper Action,No Apparent Influence,No Apparent Influence,33.42954334,-111.9400392,2021-09-14,02:49:00
41781,3837475,2021,Weber Dr,McClintock Dr,0.0,Intersection T Inter 203,0.0,0.0,No Injury,Angle - Other Than Left Turn 2,Daylight,Clear,Dry,62.0,Female,East,Making Left Turn,Failed To Yield Right Of Way,No Apparent Influence,No Apparent Influence,22.0,Female,South,Going Straight Ahead,No Improper Action,No Apparent Influence,No Apparent Influence,33.44401557,-111.9094675,2021-09-14,22:23:00
41784,3837470,2021,Price Rd,Victory Dr,0.0,Intersection 4 Way 202,0.0,0.0,No Injury,Sideswipe Same Direction,Dusk,Clear,Dry,36.0,Male,North,Making Left Turn,Made Improper Turn,No Apparent Influence,No Apparent Influence,27.0,Male,North,Going Straight Ahead,No Improper Action,No Apparent Influence,No Apparent Influence,33.41842968,-111.8906014,2021-09-15,00:57:00
41788,3838975,2021,McClintock Dr,Watson Dr,-100.0,Intersection Related 206,0.0,0.0,No Injury,Angle - Other Than Left Turn 2,Daylight,Clear,Dry,16.0,Male,North,Going Straight Ahead,Disregarded Traffic Signal,No Apparent Influence,No Apparent Influence,42.0,Female,West,Making Left Turn,No Improper Action,No Apparent Influence,No Apparent Influence,33.36913602,-111.9112874,2021-09-15,21:55:00
41791,3838336,2021,Mill Ave,Geneva Dr,0.0,Intersection 4 Way 202,2.0,0.0,Suspected Minor Injury,Left Turn,Daylight,Clear,Dry,23.0,Female,North,Making Left Turn,Failed To Yield Right Of Way,No Apparent Influence,No Apparent Influence,20.0,Male,South,Going Straight Ahead,No Improper Action,No Apparent Influence,No Apparent Influence,33.39551168,-111.9396394,2021-09-15,23:36:00
41793,3838344,2021,Scottsdale Rd,Playa Del Norte Dr,-30.0,Not Junction Related,0.0,0.0,No Injury,Rear End,Dark Lighted,Clear,Dry,21.0,Female,North,Going Straight Ahead,Speed To Fast For Conditions,No Apparent Influence,No Apparent Influence,24.0,Male,North,Stopped In Trafficway,No Improper Action,No Apparent Influence,No Apparent Influence,33.43395214,-111.9262634,2021-09-16,05:32:00
41801,3828435,2021,Baseline Rd,Priest Dr,0.0,Intersection 4 Way 202,0.0,0.0,No Injury,Angle - Other Than Left Turn 2,Daylight,Clear,Dry,36.0,Male,West,Going Straight Ahead,Disregarded Traffic Signal,No Apparent Influence,No Apparent Influence,46.0,Female,South,Going Straight Ahead,No Improper Action,No Apparent Influence,No Apparent Influence,33.37824385,-111.963175,2021-09-16,22:48:00
41802,3838337,2021,McClintock Dr,Alameda Dr,-50.0,Not Junction Related,0.0,0.0,No Injury,Sideswipe Same Direction,Daylight,Unknown,Dry,35.0,Female,North,Changing Lanes,Unsafe Lane Change,No Apparent Influence,No Apparent Influence,31.0,Male,North,Going Straight Ahead,No Improper Action,No Apparent Influence,No Apparent Influence,33.4000117,-111.9091315,2021-09-17,14:47:00
41803,3825456,2021,Rural Rd,Southern Ave,182.0,Intersection Related 206,0.0,0.0,No Injury,Rear End,Daylight,Cloudy,Dry,33.0,Female,South,Going Straight Ahead,Speed To Fast For Conditions,No Apparent Influence,No Apparent Influence,26.0,Female,South,Stopped In Trafficway,No Improper Action,No Apparent Influence,No Apparent Influence,33.39346108,-111.9263264,2021-09-17,18:46:00
41804,3825457,2021,Baseline Rd,Priest Dr,0.0,Intersection 4 Way 202,0.0,0.0,No Injury,Left Turn,Daylight,Cloudy,Dry,21.0,Female,West,Going Straight Ahead,Disregarded Traffic Signal,No Apparent Influence,No Apparent Influence,25.0,Male,Northeast,Making Left Turn,No Improper Action,No Apparent Influence,No Apparent Influence,33.37824385,-111.963175,2021-09-17,18:57:00
41805,3825318,2021,Rural Rd,Minton Dr,0.0,Intersection 4 Way 202,1.0,0.0,Possible Injury,U Turn,Daylight,Clear,Dry,35.0,Female,South,Making U Turn,Failed To Yield Right Of Way,No Apparent Influence,No Apparent Influence,40.0,Male,North,Going Straight Ahead,No Improper Action,No Apparent Influence,No Apparent Influence,33.37989071,-111.9284213,2021-09-17,21:20:00
41806,3825458,2021,Roosevelt St,University Dr,0.0,Intersection 4 Way 202,0.0,0.0,No Injury,Angle - Other Than Left Turn 2,Daylight,Clear,Dry,19.0,Male,South,Going Straight Ahead,Unknown,No Apparent Influence,No Apparent Influence,37.0,Male,West,Going Straight Ahead,Unknown,No Apparent Influence,No Apparent Influence,33.4219009,-111.9472941,2021-09-17,21:55:00
41808,3838342,2021,Apache Blvd,Martin Ln,0.0,Intersection 4 Way 202,0.0,0.0,No Injury,Left Turn,Daylight,Clear,Dry,28.0,Male,South,Making Left Turn,Failed To Yield Right Of Way,No Apparent Influence,No Apparent Influence,30.0,Male,East,Going Straight Ahead,No Improper Action,No Apparent Influence,No Apparent Influence,33.41477126,-111.9015686,2021-09-18,00:29:00
41810,3825317,2021,McClintock Dr,12th St,0.0,Intersection T Inter 203,0.0,0.0,No Injury,Angle - Other Than Left Turn 2,Dark Lighted,Clear,Dry,20.0,Female,East,Making Left Turn,Failed To Yield Right Of Way,No Apparent Influence,No Apparent Influence,26.0,Female,South,Going Straight Ahead,No Improper Action,No Apparent Influence,No Apparent Influence,33.41615033,-111.909118,2021-09-18,02:54:00
41815,3827036,2021,Rural Rd,Alameda Dr,-71.0,Intersection Related 206,0.0,0.0,No Injury,Rear End,Daylight,Clear,Dry,19.0,Male,South,Overtaking Passing,Speed To Fast For Conditions,No Apparent Influence,No Apparent Influence,34.0,Male,South,Going Straight Ahead,No Improper Action,No Apparent Influence,No Apparent Influence,33.40003117,-111.9263137,2021-09-18,22:17:00
41816,3827520,2021,University Dr,Dorsey Ln,0.0,Intersection 4 Way 202,0.0,0.0,No Injury,Left Turn,Daylight,Rain,Wet,23.0,Male,West,Making Left Turn,Failed To Yield Right Of Way,No Apparent Influence,No Apparent Influence,40.0,Male,East,Going Straight Ahead,No Improper Action,No Apparent Influence,No Apparent Influence,33.42201868,-111.9176894,2021-09-18,22:52:00
41817,3828429,2021,48th St,Southern Ave,0.0,Intersection 4 Way 202,2.0,0.0,Suspected Minor Injury,Left Turn,Dark Lighted,Clear,Dry,52.0,Male,West,Going Straight Ahead,Failed To Yield Right Of Way,No Apparent Influence,No Apparent Influence,21.0,Male,South,Making Left Turn,No Improper Action,No Apparent Influence,No Apparent Influence,33.39276724,-111.9783383,2021-09-19,03:12:00
41822,3827612,2021,Baseline Rd,Priest Dr,-25.0,Intersection Related 206,2.0,0.0,Possible Injury,Sideswipe Same Direction,Daylight,Clear,Dry,39.0,Male,South,Making Right Turn,Failed To Yield Right Of Way,No Apparent Influence,No Apparent Influence,16.0,Male,North,Making Left Turn,No Improper Action,No Apparent Influence,No Apparent Influence,33.37824402,-111.9632568,2021-09-19,19:49:00
41825,3828431,2021,Hermosa Dr,Mill Ave,-200.0,Not Junction Related,0.0,0.0,No Injury,Left Turn,Dark Lighted,Clear,Dry,66.0,Male,West,Making Left Turn,Failed To Yield Right Of Way,No Apparent Influence,No Apparent Influence,21.0,Male,East,Going Straight Ahead,No Improper Action,No Apparent Influence,No Apparent Influence,33.38824656,-111.9401779,2021-09-20,03:00:00
41828,3825443,2021,Apache Blvd,Dorsey Ln,0.0,Intersection T Inter 203,1.0,0.0,Possible Injury,Left Turn,Daylight,Clear,Dry,18.0,Male,East,Making Left Turn,Other,No Apparent Influence,No Apparent Influence,21.0,Female,West,Going Straight Ahead,No Improper Action,No Apparent Influence,No Apparent Influence,33.41476428,-111.9176987,2021-09-20,14:05:00
41830,3828454,2021,Rural Rd,6th St,40.0,Intersection Related 206,0.0,0.0,No Injury,Rear End,Daylight,Clear,Dry,50.0,Female,South,Going Straight Ahead,Speed To Fast For Conditions,No Apparent Influence,No Apparent Influence,32.0,Male,South,Stopped In Trafficway,No Improper Action,No Apparent Influence,No Apparent Influence,33.42460774,-111.9263016,2021-09-20,14:53:00
41831,3828459,2021,Hardy Dr,Fogal Way,0.0,Intersection 4 Way 202,0.0,0.0,No Injury,Sideswipe Same Direction,Daylight,Clear,Dry,26.0,Male,South,Making U Turn,Other,No Apparent Influence,No Apparent Influence,37.0,Male,South,Going Straight Ahead,No Improper Action,No Apparent Influence,No Apparent Influence,33.38791463,-111.9523825,2021-09-20,17:34:00
41836,3815208,2021,Priest Dr,56th St,50.0,Not Junction Related,0.0,0.0,No Injury,Sideswipe Same Direction,Daylight,Clear,Dry,50.0,Female,South,Going Straight Ahead,No Improper Action,No Apparent Influence,No Apparent Influence,65.0,Male,South,Going Straight Ahead,No Improper Action,No Apparent Influence,No Apparent Influence,33.37838114,-111.9631742,2021-09-21,18:39:00
41837,3825403,2021,Rural Rd,Vista Del Cerro Dr,0.0,Intersection T Inter 203,2.0,0.0,Possible Injury,Left Turn,Daylight,Clear,Dry,32.0,Male,South,Making Left Turn,Failed To Yield Right Of Way,No Apparent Influence,No Apparent Influence,21.0,Female,North,Going Straight Ahead,No Improper Action,No Apparent Influence,No Apparent Influence,33.41046048,-111.9262842,2021-09-21,18:43:00
41838,3827498,2021,Priest Dr,Southern Ave,-103.0,Intersection Related 206,1.0,0.0,Possible Injury,Rear End,Daylight,Clear,Dry,37.0,Male,North,Going Straight Ahead,Followed Too Closely,No Apparent Influence,No Apparent Influence,21.0,Female,North,Stopped In Trafficway,No Improper Action,No Apparent Influence,No Apparent Influence,33.39260121,-111.960774,2021-09-21,21:04:00
41839,3837802,2021,Broadway Rd,Mill Ave,123.0,Intersection Related 206,1.0,0.0,Possible Injury,Sideswipe Same Direction,Daylight,Clear,Dry,58.0,Male,West,Changing Lanes,Unsafe Lane Change,No Apparent Influence,No Apparent Influence,38.0,Female,West,Stopped In Trafficway,No Improper Action,No Apparent Influence,No Apparent Influence,33.40741487,-111.9394239,2021-09-21,21:26:00
41841,3838340,2021,Price Rd,Orange St,0.0,Intersection 4 Way 202,0.0,0.0,No Injury,Angle - Other Than Left Turn 2,Daylight,Clear,Dry,18.0,Male,West,Going Straight Ahead,Ran Stop Sign,No Apparent Influence,No Apparent Influence,24.0,Female,South,Going Straight Ahead,No Improper Action,No Apparent Influence,No Apparent Influence,33.41842446,-111.8919678,2021-09-22,01:03:00
41842,3828426,2021,Apache Blvd,Dorsey Ln,-32.0,Intersection 4 Way 202,1.0,0.0,Suspected Minor Injury,Left Turn,Dark Lighted,Clear,Dry,24.0,Male,East,Making Left Turn,Made Improper Turn,No Apparent Influence,No Apparent Influence,20.0,Female,West,Going Straight Ahead,No Improper Action,No Apparent Influence,No Apparent Influence,33.41476489,-111.9178035,2021-09-22,04:18:00
41845,3825305,2021,Baseline Rd,Pointe Pkwy,-156.0,Intersection Related 206,1.0,0.0,Possible Injury,Rear End,Daylight,Clear,Dry,21.0,Female,East,Going Straight Ahead,Speed To Fast For Conditions,No Apparent Influence,No Apparent Influence,30.0,Male,East,Stopped In Trafficway,No Improper Action,No Apparent Influence,No Apparent Influence,33.37821186,-111.9725059,2021-09-22,17:45:00
41846,3853244,2021,Apache Blvd,Dorsey Ln,0.0,Intersection 4 Way 202,2.0,0.0,Suspected Minor Injury,Left Turn,Daylight,Clear,Dry,72.0,Male,East,Making Left Turn,Disregarded Traffic Signal,No Apparent Influence,No Apparent Influence,40.0,Male,West,Going Straight Ahead,No Improper Action,No Apparent Influence,No Apparent Influence,33.41476428,-111.9176987,2021-09-22,18:04:00
41847,3820582,2021,6th St,Rural Rd,-150.0,Driveway Or Alley,0.0,0.0,No Injury,Left Turn,Daylight,Clear,Dry,48.0,Male,West,Going Straight Ahead,Unknown,No Apparent Influence,No Apparent Influence,20.0,Male,East,Going Straight Ahead,Unknown,No Apparent Influence,No Apparent Influence,33.42450084,-111.9267934,2021-09-22,18:56:00
41848,3825411,2021,Scottsdale Rd,Fillmore St,-120.0,Not Junction Related,1.0,0.0,Suspected Minor Injury,Angle - Other Than Left Turn 2,Daylight,Clear,Dry,50.0,Female,East,Making Left Turn,Failed To Yield Right Of Way,No Apparent Influence,No Apparent Influence,40.0,Female,South,Going Straight Ahead,No Improper Action,No Apparent Influence,No Apparent Influence,33.45324715,-111.9264408,2021-09-22,20:09:00
41852,3839029,2021,McAllister Ave,University Dr,-75.0,Intersection Related 206,1.0,0.0,Possible Injury,Rear End,Daylight,Clear,Dry,27.0,Male,North,Going Straight Ahead,Speed To Fast For Conditions,No Apparent Influence,No Apparent Influence,37.0,Female,North,Stopped In Trafficway,No Improper Action,No Apparent Influence,No Apparent Influence,33.42181358,-111.928922,2021-09-23,01:08:00
41856,3838974,2021,University Dr,Mill Ave,0.0,Intersection Related 206,2.0,0.0,Suspected Serious Injury,Left Turn,Dark Lighted,Clear,Dry,23.0,Female,Northeast,Making Left Turn,Made Improper Turn,No Apparent Influence,No Apparent Influence,28.0,Male,West,Going Straight Ahead,No Improper Action,No Apparent Influence,No Apparent Influence,33.42193474,-111.940017,2021-09-23,03:54:00
41857,3853770,2021,Mill Ave,University Dr,35.0,Not Junction Related,0.0,0.0,No Injury,Sideswipe Same Direction,Dark Lighted,Clear,Dry,19.0,Male,South,Going Straight Ahead,Made Improper Turn,No Apparent Influence,No Apparent Influence,21.0,Male,South,Going Straight Ahead,No Improper Action,No Apparent Influence,No Apparent Influence,33.42203082,-111.9400159,2021-09-23,06:56:00
41858,3854378,2021,Scottsdale Rd,Hancock Ave,0.0,Intersection 4 Way 202,0.0,0.0,No Injury,Left Turn,Daylight,Clear,Dry,21.0,Male,West,Making Left Turn,Failed To Yield Right Of Way,No Apparent Influence,No Apparent Influence,19.0,Female,East,Going Straight Ahead,No Improper Action,No Apparent Influence,No Apparent Influence,33.44665685,-111.9264555,2021-09-23,13:47:00
41861,3825304,2021,Warner Rd,Priest Dr,-89.0,Intersection Related 206,0.0,0.0,No Injury,Rear End,Daylight,Cloudy,Dry,19.0,Male,East,Going Straight Ahead,Followed Too Closely,No Apparent Influence,No Apparent Influence,68.0,Female,East,Stopped In Trafficway,No Improper Action,No Apparent Influence,No Apparent Influence,33.33452222,-111.9634084,2021-09-23,23:14:00
41862,3850091,2021,Rural Rd,Southern Ave,200.0,Intersection Related 206,0.0,0.0,No Injury,Left Turn,Daylight,Clear,Dry,29.0,Female,East,Making Left Turn,Failed To Yield Right Of Way,No Apparent Influence,No Apparent Influence,42.0,Male,South,Going Straight Ahead,No Improper Action,No Apparent Influence,No Apparent Influence,33.39351055,-111.9263265,2021-09-24,00:12:00
41863,3850069,2021,Scottsdale Rd,McKellips Rd,50.0,Intersection Related 206,2.0,0.0,Suspected Minor Injury,Rear End,Dark Lighted,Clear,Dry,40.0,Female,South,Going Straight Ahead,Speed To Fast For Conditions,Alcohol,No Apparent Influence,54.0,Female,South,Going Straight Ahead,No Improper Action,No Apparent Influence,No Apparent Influence,33.45137804,-111.9264664,2021-09-24,06:38:00
41865,3828447,2021,McClintock Dr,12th St,198.0,Driveway Or Alley,0.0,0.0,No Injury,Left Turn,Daylight,Clear,Dry,30.0,Female,North,Making Left Turn,Failed To Yield Right Of Way,No Apparent Influence,No Apparent Influence,27.0,Male,South,Going Straight Ahead,No Improper Action,No Apparent Influence,No Apparent Influence,33.41669427,-111.9091144,2021-09-24,22:05:00
41867,3828427,2021,McClintock Dr,Don Carlos Ave,0.0,Intersection 4 Way 202,0.0,0.0,No Injury,Left Turn,Daylight,Clear,Dry,30.0,Male,North,Making Left Turn,Failed To Yield Right Of Way,No Apparent Influence,No Apparent Influence,19.0,Female,South,Going Straight Ahead,No Improper Action,No Apparent Influence,No Apparent Influence,33.41748004,-111.9091089,2021-09-24,23:43:00