,Incident ID,Year,Street Name,Cross Street,Distance,Junction Relation,Total Injuries,Total Fatalities,Injury Severity,Collision Manner,Light Condition,Weather,Surface Condition,Age Driver 1,Gender Driver 1,Travel Direction One,Unit Action One,Violation1_Drv1,Alcohol Use Driver 1,Drug Use Driver 1,Age Driver 2,Gender Driver 2,Travel Direction Two,Unit Action Two,Violation 1 Driver 2,Alcohol Use Driver 2,Drug Use Driver 2,Latitude,Longitude,Date,Time
41869,3828475,2021,Rural Rd,Lemon St,25.0,Intersection Related 206,1.0,0.0,Possible Injury,Rear End,Dark Lighted,Clear,Dry,18.0,Female,South,Going Straight Ahead,Speed To Fast For Conditions,No Apparent Influence,No Apparent Influence,22.0,Female,South,Stopped In Trafficway,No Improper Action,No Apparent Influence,No Apparent Influence,33.41690367,-111.9262973,2021-09-25,04:05:00
41870,3839023,2021,Mill Ave,Southern Ave,-170.0,Driveway Or Alley,0.0,0.0,No Injury,Left Turn,Dark Lighted,Clear,Dry,19.0,Female,North,Making Left Turn,Made Improper Turn,No Apparent Influence,No Apparent Influence,46.0,Female,South,Going Straight Ahead,No Improper Action,No Apparent Influence,No Apparent Influence,33.39239639,-111.939594,2021-09-25,05:08:00
41871,3850076,2021,University Dr,McClintock Dr,-150.0,Driveway Or Alley,0.0,0.0,No Injury,Left Turn,Dark Lighted,Clear,Dry,19.0,Female,North,Making Left Turn,Failed To Yield Right Of Way,No Apparent Influence,No Apparent Influence,19.0,Male,East,Going Straight Ahead,No Improper Action,No Apparent Influence,No Apparent Influence,33.42198255,-111.9095778,2021-09-25,08:30:00
41878,3849990,2021,McClintock Dr,University Dr,200.0,Intersection Related 206,1.0,0.0,Possible Injury,Rear End,Dark Lighted,Clear,Dry,27.0,Male,South,Going Straight Ahead,Speed To Fast For Conditions,No Apparent Influence,No Apparent Influence,22.0,Female,South,Going Straight Ahead,No Improper Action,No Apparent Influence,No Apparent Influence,33.42253147,-111.9091093,2021-09-26,05:42:00
41882,3825360,2021,McClintock Dr,Alameda Dr,0.0,Intersection 4 Way 202,1.0,0.0,Possible Injury,Left Turn,Dark Lighted,Clear,Dry,20.0,Male,Northwest,Making Left Turn,Failed To Yield Right Of Way,Alcohol,No Apparent Influence,26.0,Female,South,Going Straight Ahead,No Improper Action,No Apparent Influence,No Apparent Influence,33.40014911,-111.9091317,2021-09-26,10:31:00
41883,3828428,2021,University Dr,Priest Dr,-42.0,Intersection 4 Way 202,1.0,0.0,Possible Injury,Head On,Dark Lighted,Clear,Dry,23.0,Female,West,Going Straight Ahead,Speed To Fast For Conditions,No Apparent Influence,No Apparent Influence,29.0,Female,Northwest,Making Left Turn,No Improper Action,No Apparent Influence,No Apparent Influence,33.4219424,-111.961061,2021-09-26,10:38:00
41885,3854652,2021,Rural Rd,University Dr,-200.0,Not Junction Related,0.0,0.0,No Injury,Angle - Other Than Left Turn 2,Daylight,Clear,Dry,20.0,Male,North,Going Straight Ahead,Unsafe Lane Change,Alcohol,No Apparent Influence,18.0,Male,North,Going Straight Ahead,No Improper Action,No Apparent Influence,No Apparent Influence,33.42147955,-111.9263117,2021-09-26,17:25:00
41886,3856377,2021,McClintock Dr,Don Carlos Ave,0.0,Intersection 4 Way 202,2.0,0.0,Suspected Minor Injury,Angle - Other Than Left Turn 2,Daylight,Rain,Wet,30.0,Male,Northwest,Making Left Turn,Failed To Yield Right Of Way,No Apparent Influence,No Apparent Influence,23.0,Male,South,Going Straight Ahead,No Improper Action,No Apparent Influence,No Apparent Influence,33.41748004,-111.9091089,2021-09-26,20:06:00
41889,3827029,2021,McClintock Dr,Libra Dr,0.0,Intersection Related 206,0.0,0.0,No Injury,Left Turn,Daylight,Rain,Wet,16.0,Male,Southwest,Making Left Turn,Made Improper Turn,No Apparent Influence,No Apparent Influence,19.0,Female,North,Going Straight Ahead,No Improper Action,No Apparent Influence,No Apparent Influence,33.36559355,-111.9112676,2021-09-26,22:03:00
41892,3862049,2021,Rio Salado Pkwy,Priest Dr,60.0,Intersection Related 206,0.0,0.0,No Injury,Rear End,Dark Lighted,Clear,Dry,21.0,Female,East,Going Straight Ahead,Speed To Fast For Conditions,No Apparent Influence,No Apparent Influence,24.0,Male,East,Making Right Turn,No Improper Action,No Apparent Influence,No Apparent Influence,33.42962397,-111.9607856,2021-09-27,02:02:00
41894,3849161,2021,University Dr,Hardy Dr,0.0,Intersection 4 Way 202,0.0,0.0,No Injury,Head On,Dark Lighted,Clear,Dry,23.0,Male,North,Making Left Turn,Failed To Yield Right Of Way,No Apparent Influence,No Apparent Influence,26.0,Female,South,Going Straight Ahead,No Improper Action,No Apparent Influence,No Apparent Influence,33.42191004,-111.9522234,2021-09-27,03:24:00
41895,3849117,2021,Guadalupe Rd,Hazelton Ln,0.0,Intersection Related 206,0.0,0.0,No Injury,Angle - Other Than Left Turn 2,Dark Lighted,Clear,Dry,46.0,Female,West,Making Left Turn,Failed To Yield Right Of Way,No Apparent Influence,No Apparent Influence,31.0,Male,East,Going Straight Ahead,No Improper Action,No Apparent Influence,No Apparent Influence,33.36378651,-111.9066512,2021-09-27,05:32:00
41897,3828442,2021,Mill Ave,Hermosa Dr,0.0,Intersection 4 Way 202,1.0,0.0,Possible Injury,Left Turn,Daylight,Cloudy,Dry,28.0,Female,North,Making Left Turn,Failed To Yield Right Of Way,No Apparent Influence,No Apparent Influence,54.0,Male,South,Going Straight Ahead,No Improper Action,No Apparent Influence,No Apparent Influence,33.38820795,-111.9395261,2021-09-27,18:32:00
41904,3829652,2021,University Dr,Mill Ave,0.0,Intersection 4 Way 202,0.0,0.0,No Injury,Angle - Other Than Left Turn 2,Daylight,Clear,Dry,26.0,Female,West,Making Left Turn,Unknown,No Apparent Influence,No Apparent Influence,27.0,Female,East,Going Straight Ahead,Unknown,No Apparent Influence,No Apparent Influence,33.42193474,-111.940017,2021-09-28,18:50:00
41908,3828064,2021,Apache Blvd,Dorsey Ln,0.0,Intersection 4 Way 202,2.0,0.0,Possible Injury,Left Turn,Dark Lighted,Clear,Dry,28.0,Male,East,Making Left Turn,Other,No Apparent Influence,No Apparent Influence,18.0,Female,West,Going Straight Ahead,No Improper Action,No Apparent Influence,No Apparent Influence,33.41476428,-111.9176987,2021-09-29,01:54:00
41910,3849956,2021,Lemon St,Rural Rd,0.0,Intersection 4 Way 202,0.0,0.0,No Injury,Left Turn,Dark Lighted,Clear,Dry,20.0,Female,East,Making Left Turn,Failed To Yield Right Of Way,No Apparent Influence,No Apparent Influence,21.0,Male,South,Going Straight Ahead,No Improper Action,No Apparent Influence,No Apparent Influence,33.41683501,-111.9262973,2021-09-29,05:43:00
41914,3828446,2021,Rural Rd,Baseline Rd,98.0,Intersection Related 206,0.0,0.0,No Injury,Rear End,Daylight,Cloudy,Dry,27.0,Female,South,Going Straight Ahead,Followed Too Closely,No Apparent Influence,No Apparent Influence,20.0,Male,South,Stopped In Trafficway,No Improper Action,No Apparent Influence,No Apparent Influence,33.37851847,-111.9286861,2021-09-29,19:07:00
41919,3828414,2021,Baseline Rd,48th St,150.0,Intersection Related 206,0.0,0.0,No Injury,Sideswipe Same Direction,Daylight,Clear,Dry,20.0,Female,East,Changing Lanes,Other,No Apparent Influence,No Apparent Influence,29.0,Female,East,Stopped In Trafficway,No Improper Action,No Apparent Influence,No Apparent Influence,33.37818705,-111.977925,2021-09-30,16:38:00
41923,3856663,2021,55th St,Broadway Rd,-185.0,Not Junction Related,1.0,0.0,Suspected Minor Injury,Angle - Other Than Left Turn 2,Dark Lighted,Clear,Dry,20.0,Female,West,Making Right Turn,Failed To Yield Right Of Way,No Apparent Influence,No Apparent Influence,23.0,Female,North,Going Straight Ahead,No Improper Action,No Apparent Influence,No Apparent Influence,33.40708096,-111.9659535,2021-09-30,23:06:00
41928,3862050,2021,Apache Blvd,Elm St,-5.0,Intersection Related 206,0.0,0.0,No Injury,Rear End,Dark Lighted,Clear,Dry,23.0,Male,East,Going Straight Ahead,Speed To Fast For Conditions,No Apparent Influence,No Apparent Influence,50.0,Female,East,Going Straight Ahead,No Improper Action,No Apparent Influence,No Apparent Influence,33.41475946,-111.9124805,2021-10-01,03:29:00
41933,3837766,2021,Southern Ave,Rural Rd,93.0,Not Junction Related,1.0,0.0,Suspected Minor Injury,Rear End,Dark Lighted,Clear,Dry,23.0,Male,West,Going Straight Ahead,Speed To Fast For Conditions,No Apparent Influence,Drugs,20.0,Male,West,Stopped In Trafficway,No Improper Action,No Apparent Influence,No Apparent Influence,33.39296114,-111.9260209,2021-10-01,07:39:00
41937,3861178,2021,Guadalupe Rd,McClintock Dr,182.0,Driveway Or Alley,1.0,0.0,Suspected Minor Injury,Angle - Other Than Left Turn 2,Daylight,Clear,Dry,23.0,Female,North,Making Left Turn,Failed To Yield Right Of Way,No Apparent Influence,No Apparent Influence,60.0,Male,West,Making Left Turn,No Improper Action,No Apparent Influence,No Apparent Influence,33.36376182,-111.9106611,2021-10-01,20:22:00
41941,3850068,2021,Broadway Rd,Elm St,0.0,Intersection T Inter 203,1.0,0.0,Possible Injury,Left Turn,Daylight,Clear,Dry,21.0,Female,West,Making Left Turn,Failed To Yield Right Of Way,No Apparent Influence,No Apparent Influence,22.0,Male,East,Going Straight Ahead,No Improper Action,No Apparent Influence,No Apparent Influence,33.4075064,-111.913246,2021-10-01,22:41:00
41942,3828465,2021,Broadway Rd,Elm St,156.0,Not Junction Related,1.0,0.0,Possible Injury,Rear End,Daylight,Clear,Dry,29.0,Male,East,Going Straight Ahead,Speed To Fast For Conditions,No Apparent Influence,No Apparent Influence,27.0,Female,East,Stopped In Trafficway,No Improper Action,No Apparent Influence,No Apparent Influence,33.40750343,-111.9127351,2021-10-01,23:52:00
41944,3861237,2021,College Ave,Baseline Rd,-15.0,Intersection Related 206,0.0,0.0,No Injury,Sideswipe Same Direction,Daylight,Clear,Dry,21.0,Male,North,Making Right Turn,Other,No Apparent Influence,No Apparent Influence,51.0,Female,Northeast,Making Right Turn,No Improper Action,No Apparent Influence,No Apparent Influence,33.37818488,-111.9352495,2021-10-02,21:52:00
41946,3861238,2021,Arizona Mills Cir,Darrow Dr,0.0,Not Junction Related,0.0,0.0,No Injury,Head On,Daylight,Clear,Dry,30.0,Male,North,Making Right Turn,Made Improper Turn,No Apparent Influence,No Apparent Influence,29.0,Female,East,Going Straight Ahead,No Improper Action,No Apparent Influence,No Apparent Influence,33.38114113,-111.9623257,2021-10-02,23:15:00
41947,3828299,2021,Broadway Rd,River Dr,0.0,Intersection 4 Way 202,0.0,0.0,No Injury,Left Turn,Daylight,Clear,Dry,32.0,Female,East,Making Left Turn,Failed To Yield Right Of Way,No Apparent Influence,No Apparent Influence,25.0,Male,West,Going Straight Ahead,No Improper Action,No Apparent Influence,No Apparent Influence,33.40749554,-111.8977485,2021-10-02,23:16:00
41948,3840181,2021,Broadway Rd,Elm St,0.0,Intersection T Inter 203,2.0,0.0,Suspected Minor Injury,Left Turn,Daylight,Clear,Dry,24.0,Female,West,Making Left Turn,Failed To Yield Right Of Way,No Apparent Influence,No Apparent Influence,44.0,Male,East,Going Straight Ahead,No Improper Action,No Apparent Influence,No Apparent Influence,33.4075064,-111.913246,2021-10-02,23:35:00
41949,3840137,2021,48th St,Cotton Center Blvd,-78.0,Intersection 4 Way 202,0.0,0.0,No Injury,Left Turn,Daylight,Clear,Dry,22.0,Male,West,Making Left Turn,Other,No Apparent Influence,No Apparent Influence,27.0,Male,South,Going Straight Ahead,No Improper Action,No Apparent Influence,No Apparent Influence,33.40331826,-111.9783078,2021-10-03,00:35:00
41950,3853771,2021,Priest Dr,University Dr,0.0,Intersection 4 Way 202,2.0,0.0,Possible Injury,Angle - Other Than Left Turn 2,Unknown 51,Unknown,Dry,25.0,Male,South,Going Straight Ahead,Disregarded Traffic Signal,No Apparent Influence,No Apparent Influence,34.0,Male,West,Going Straight Ahead,No Improper Action,No Apparent Influence,No Apparent Influence,33.42194197,-111.9609234,2021-10-03,07:45:00
41953,3850094,2021,Baseline Rd,Arizona Mills S,0.0,Intersection 4 Way 202,0.0,0.0,No Injury,Angle - Other Than Left Turn 2,Dusk,Clear,Dry,66.0,Male,West,Making Left Turn,Unknown,No Apparent Influence,No Apparent Influence,18.0,Male,North,Going Straight Ahead,Unknown,No Apparent Influence,No Apparent Influence,33.37827011,-111.965455,2021-10-04,00:40:00
41956,3861192,2021,Scottsdale Rd,Weber Dr,160.0,Not Junction Related,0.0,0.0,No Injury,Sideswipe Same Direction,Daylight,Clear,Dry,32.0,Male,North,Going Straight Ahead,Failed To Keep In Proper Lane,No Apparent Influence,Drugs,48.0,Male,North,Going Straight Ahead,No Improper Action,No Apparent Influence,No Apparent Influence,33.44442799,-111.9264421,2021-10-04,13:52:00
41958,3828063,2021,Scottsdale Rd,Curry Rd,-100.0,Intersection Related 206,0.0,0.0,No Injury,Sideswipe Same Direction,Dark Lighted,Clear,Dry,57.0,Male,South,Unknown,Unknown,No Apparent Influence,No Apparent Influence,61.0,Female,South,Unknown,Unknown,No Apparent Influence,No Apparent Influence,33.44001888,-111.9263263,2021-10-05,02:13:00
41961,3827519,2021,Elliot Rd,McClintock Dr,62.0,Intersection Related 206,0.0,0.0,No Injury,Angle - Other Than Left Turn 2,Daylight,Cloudy,Dry,24.0,Female,West,Making U Turn,Failed To Yield Right Of Way,No Apparent Influence,No Apparent Influence,30.0,Female,East,Going Straight Ahead,No Improper Action,No Apparent Influence,No Apparent Influence,33.34913114,-111.9109847,2021-10-05,14:02:00
41966,3828314,2021,McClintock Dr,Apache Blvd,-106.0,Intersection Related 206,0.0,0.0,No Injury,Rear End,Daylight,Clear,Dry,22.0,Female,North,Unknown,Followed Too Closely,No Apparent Influence,No Apparent Influence,41.0,Female,North,Stopped In Trafficway,No Improper Action,No Apparent Influence,No Apparent Influence,33.4144687,-111.9091319,2021-10-06,19:18:00
41968,3850097,2021,Broadway Rd,Hardy Dr,0.0,Intersection 4 Way 202,0.0,0.0,No Injury,Left Turn,Daylight,Clear,Dry,23.0,Female,West,Making Left Turn,Failed To Yield Right Of Way,No Apparent Influence,No Apparent Influence,60.0,Male,East,Going Straight Ahead,No Improper Action,No Apparent Influence,No Apparent Influence,33.40739301,-111.952165,2021-10-06,23:37:00
41969,3857566,2021,Priest Dr,Alameda Dr,-153.0,Intersection Related 206,0.0,0.0,No Injury,Rear End,Daylight,Clear,Dry,38.0,Female,North,Going Straight Ahead,Speed To Fast For Conditions,No Apparent Influence,No Apparent Influence,22.0,Male,North,Stopped In Trafficway,No Improper Action,No Apparent Influence,No Apparent Influence,33.39972026,-111.9607765,2021-10-06,23:46:00
41971,3892114,2021,Elliot Rd,Rural Rd,0.0,Intersection Related 206,0.0,0.0,No Injury,Left Turn,Dark Lighted,Clear,Dry,51.0,Male,East,Making Left Turn,Failed To Yield Right Of Way,No Apparent Influence,No Apparent Influence,26.0,Female,West,Going Straight Ahead,No Improper Action,No Apparent Influence,No Apparent Influence,33.34919067,-111.928477,2021-10-07,04:23:00
41973,3856394,2021,Broadway Rd,48th St,0.0,Intersection Related 206,0.0,0.0,No Injury,Left Turn,Daylight,Clear,Dry,58.0,Male,Northeast,Going Straight Ahead,Unknown,No Apparent Influence,No Apparent Influence,33.0,Female,West,Making Left Turn,Unknown,No Apparent Influence,No Apparent Influence,33.40732886,-111.9782876,2021-10-07,17:10:00
41975,3850063,2021,Baseline Rd,Darrow Dr,0.0,Intersection 4 Way 202,0.0,0.0,No Injury,Left Turn,Daylight,Clear,Dry,20.0,Male,West,Going Straight Ahead,Disregarded Traffic Signal,No Apparent Influence,No Apparent Influence,45.0,Female,South,Going Straight Ahead,No Improper Action,No Apparent Influence,No Apparent Influence,33.37824425,-111.9611298,2021-10-07,18:02:00
41976,3861180,2021,Lemon St,Rural Rd,0.0,Intersection 4 Way 202,0.0,0.0,No Injury,Angle - Other Than Left Turn 2,Daylight,Clear,Dry,22.0,Female,East,Making Right Turn,Failed To Yield Right Of Way,No Apparent Influence,No Apparent Influence,61.0,Female,South,Going Straight Ahead,No Improper Action,No Apparent Influence,No Apparent Influence,33.41683501,-111.9262973,2021-10-07,18:34:00
41978,3861193,2021,McClintock Dr,Apache Blvd,196.0,Driveway Or Alley,2.0,0.0,Suspected Minor Injury,Angle - Other Than Left Turn 2,Daylight,Cloudy,Dry,44.0,Male,East,Making Left Turn,Failed To Yield Right Of Way,No Apparent Influence,No Apparent Influence,20.0,Female,South,Going Straight Ahead,No Improper Action,No Apparent Influence,No Apparent Influence,33.41529848,-111.9091316,2021-10-07,19:49:00
41985,3837764,2021,Scottsdale Rd,Playa Del Norte Dr,0.0,Not Junction Related,1.0,0.0,Suspected Minor Injury,Rear End,Dark Lighted,Clear,Dry,48.0,Male,North,Going Straight Ahead,Speed To Fast For Conditions,Alcohol,No Apparent Influence,31.0,Male,North,Stopped In Trafficway,No Improper Action,No Apparent Influence,No Apparent Influence,33.43403454,-111.9262627,2021-10-08,01:32:00
41990,3856391,2021,Rural Rd,6th St,50.0,Not Junction Related,1.0,0.0,Possible Injury,Rear End,Daylight,Clear,Dry,23.0,Female,South,Going Straight Ahead,Followed Too Closely,No Apparent Influence,No Apparent Influence,50.0,Male,South,Stopped In Trafficway,No Improper Action,No Apparent Influence,No Apparent Influence,33.42463521,-111.9263015,2021-10-08,17:24:00
41994,3850096,2021,McClintock Dr,Warner Rd,0.0,Intersection 201,0.0,0.0,No Injury,Left Turn,Daylight,Clear,Dry,74.0,Female,East,Making Left Turn,Failed To Yield Right Of Way,No Apparent Influence,No Apparent Influence,17.0,Male,North,Going Straight Ahead,No Improper Action,No Apparent Influence,No Apparent Influence,33.33464293,-111.9111771,2021-10-08,23:40:00
41995,3828315,2021,Southern Ave,Mill Ave,-70.0,Intersection Related 206,0.0,0.0,No Injury,Sideswipe Same Direction,Daylight,Cloudy,Dry,40.0,Female,East,Going Straight Ahead,Unsafe Lane Change,No Apparent Influence,No Apparent Influence,26.0,Male,East,Stopped In Trafficway,No Improper Action,No Apparent Influence,No Apparent Influence,33.39286086,-111.9398331,2021-10-09,00:49:00
41996,3868360,2021,University Dr,Priest Dr,-100.0,Not Junction Related,1.0,0.0,Suspected Minor Injury,Sideswipe Same Direction,Dusk,Clear,Dry,56.0,Male,East,Changing Lanes,Unsafe Lane Change,No Apparent Influence,No Apparent Influence,34.0,Male,East,Going Straight Ahead,No Improper Action,No Apparent Influence,No Apparent Influence,33.42194233,-111.9612512,2021-10-09,01:45:00
41999,3837376,2021,University Dr,McClintock Dr,0.0,Intersection 4 Way 202,0.0,0.0,No Injury,Left Turn,Dark Lighted,Cloudy,Dry,20.0,Male,West,Making Left Turn,Disregarded Traffic Signal,Alcohol,No Apparent Influence,34.0,Male,East,Going Straight Ahead,No Improper Action,Alcohol,No Apparent Influence,33.42198255,-111.9090862,2021-10-09,06:50:00
42001,3839161,2021,Warner Rd,Priest Dr,0.0,Not Junction Related,1.0,0.0,Suspected Minor Injury,Left Turn,Dark Lighted,Clear,Dry,53.0,Male,South,Making Left Turn,Made Improper Turn,No Apparent Influence,No Apparent Influence,17.0,Female,East,Going Straight Ahead,No Improper Action,No Apparent Influence,No Apparent Influence,33.33452532,-111.9631173,2021-10-09,07:41:00
42002,3828024,2021,McClintock Dr,Bell De Mar Dr,0.0,Intersection 201,2.0,0.0,Possible Injury,Angle - Other Than Left Turn 2,Daylight,Clear,Dry,26.0,Female,South,Making Left Turn,Failed To Yield Right Of Way,No Apparent Influence,No Apparent Influence,34.0,Male,North,Going Straight Ahead,No Improper Action,No Apparent Influence,No Apparent Influence,33.35970503,-111.9112325,2021-10-09,16:31:00
42003,3837787,2021,Hardy Dr,Cornell Dr,0.0,Intersection T Inter 203,0.0,0.0,No Injury,Angle - Other Than Left Turn 2,Daylight,Clear,Dry,52.0,Male,West,Making Left Turn,Failed To Yield Right Of Way,No Apparent Influence,No Apparent Influence,16.0,Female,North,Going Straight Ahead,No Improper Action,No Apparent Influence,No Apparent Influence,33.37090418,-111.9545606,2021-10-10,00:17:00
42004,3840186,2021,College Ave,Baseline Rd,-100.0,Not Junction Related,0.0,0.0,No Injury,Sideswipe Same Direction,Dusk,Clear,Dry,16.0,Female,South,Making U Turn,Made Improper Turn,No Apparent Influence,No Apparent Influence,33.0,Male,South,Going Straight Ahead,No Improper Action,No Apparent Influence,No Apparent Influence,33.37795137,-111.9352516,2021-10-10,00:20:00
42006,3854421,2021,College Ave,Curry Rd,0.0,Intersection 201,0.0,0.0,No Injury,Sideswipe Opposite Direction,Dark Lighted,Clear,Dry,32.0,Female,Northeast,Making Left Turn,Failed To Yield Right Of Way,No Apparent Influence,No Apparent Influence,16.0,Male,West,Going Straight Ahead,No Improper Action,No Apparent Influence,No Apparent Influence,33.44022777,-111.9308396,2021-10-10,03:42:00
42010,3826013,2021,Clark Dr,Rio Salado Pkwy,0.0,Intersection Related 206,0.0,0.0,No Injury,Rear End,Daylight,Clear,Dry,23.0,Male,West,Going Straight Ahead,No Improper Action,No Apparent Influence,No Apparent Influence,61.0,Male,West,Going Straight Ahead,No Improper Action,No Apparent Influence,No Apparent Influence,33.42931917,-111.8987498,2021-10-10,23:48:00
42016,3856642,2021,Harl Ave,Drake Dr,0.0,Intersection 4 Way 202,2.0,0.0,Suspected Minor Injury,Angle - Other Than Left Turn 2,Daylight,Clear,Dry,31.0,Female,East,Going Straight Ahead,Failed To Yield Right Of Way,No Apparent Influence,No Apparent Influence,24.0,Male,South,Going Straight Ahead,No Improper Action,No Apparent Influence,No Apparent Influence,33.35510322,-111.9665049,2021-10-11,15:49:00
42017,3828313,2021,McClintock Dr,Rio Salado Pkwy,-136.0,Intersection Related Non Interchange,1.0,0.0,Possible Injury,Rear End,Dark Unknown Lighting,Unknown,Unknown,25.0,Female,North,Going Straight Ahead,Unknown,No Apparent Influence,No Apparent Influence,69.0,Female,North,Going Straight Ahead,Unknown,No Apparent Influence,No Apparent Influence,33.42888888,-111.9090625,2021-10-11,17:11:00
42020,3856651,2021,Rio Salado Pkwy,River Dr,-127.0,Not Junction Related,1.0,0.0,Possible Injury,Rear End,Daylight,Clear,Dry,31.0,Male,West,Going Straight Ahead,Followed Too Closely,No Apparent Influence,No Apparent Influence,48.0,Female,West,Stopped In Trafficway,No Improper Action,No Apparent Influence,No Apparent Influence,33.42936005,-111.8957484,2021-10-12,18:59:00
42025,3837767,2021,Rural Rd,Apache Blvd,0.0,Intersection 4 Way 202,0.0,0.0,No Injury,Left Turn,Dark Lighted,Clear,Dry,28.0,Male,South,Making Left Turn,Failed To Yield Right Of Way,No Apparent Influence,No Apparent Influence,25.0,Male,North,Going Straight Ahead,No Improper Action,No Apparent Influence,No Apparent Influence,33.41476224,-111.9262927,2021-10-13,06:01:00
42028,3862046,2021,McClintock Dr,Rio Salado Pkwy,111.0,Not Junction Related,1.0,0.0,Possible Injury,Sideswipe Same Direction,Daylight,Clear,Dry,20.0,Male,North,Changing Lanes,Unsafe Lane Change,No Apparent Influence,No Apparent Influence,75.0,Male,North,Going Straight Ahead,No Improper Action,No Apparent Influence,No Apparent Influence,33.42956673,-111.9090839,2021-10-13,19:26:00
42031,3856654,2021,Baseline Rd,College Ave,0.0,Intersection 4 Way 202,2.0,0.0,Possible Injury,Left Turn,Daylight,Clear,Dry,70.0,Female,East,Making Left Turn,Failed To Yield Right Of Way,No Apparent Influence,No Apparent Influence,51.0,Male,West,Going Straight Ahead,No Improper Action,No Apparent Influence,No Apparent Influence,33.37822608,-111.9352491,2021-10-13,21:25:00
42034,3869820,2021,Kyrene Rd,Baseline Rd,0.0,Intersection T Inter 203,0.0,0.0,No Injury,Left Turn,Daylight,Clear,Dry,70.0,Male,East,Making Left Turn,Failed To Yield Right Of Way,No Apparent Influence,No Apparent Influence,23.0,Female,West,Going Straight Ahead,No Improper Action,No Apparent Influence,No Apparent Influence,33.37821693,-111.9438876,2021-10-14,00:15:00
42038,3849977,2021,Baseline Rd,Kyrene Rd,0.0,Intersection T Inter 203,1.0,0.0,Suspected Minor Injury,Angle - Other Than Left Turn 2,Daylight,Clear,Dry,40.0,Female,West,Making Left Turn,Failed To Yield Right Of Way,No Apparent Influence,No Apparent Influence,30.0,Female,Northeast,Going Straight Ahead,No Improper Action,No Apparent Influence,No Apparent Influence,33.37821693,-111.9438877,2021-10-14,15:15:00
42039,3849086,2021,McClintock Dr,8th St,0.0,Intersection T Inter 203,0.0,0.0,No Injury,Angle - Other Than Left Turn 2,Daylight,Clear,Dry,31.0,Male,East,Making Left Turn,Failed To Yield Right Of Way,No Apparent Influence,No Apparent Influence,57.0,Male,South,Going Straight Ahead,No Improper Action,No Apparent Influence,No Apparent Influence,33.41952142,-111.9090983,2021-10-14,16:41:00
42041,3869821,2021,Rural Rd,Broadway Rd,188.0,Intersection Related 206,0.0,0.0,No Injury,Angle - Other Than Left Turn 2,Daylight,Clear,Dry,44.0,Male,West,Making Right Turn,Failed To Yield Right Of Way,No Apparent Influence,No Apparent Influence,19.0,Female,North,Going Straight Ahead,No Improper Action,No Apparent Influence,No Apparent Influence,33.40801841,-111.9262832,2021-10-14,21:13:00
42042,3869822,2021,Southern Ave,Kyrene Rd,0.0,Intersection T Inter 203,0.0,0.0,No Injury,Angle - Other Than Left Turn 2,Daylight,Clear,Dry,21.0,Male,West,Going Straight Ahead,Unknown,No Apparent Influence,No Apparent Influence,54.0,Male,North,Making Left Turn,Unknown,No Apparent Influence,No Apparent Influence,33.39283734,-111.9436848,2021-10-14,23:25:00
42044,3869823,2021,Baseline Rd,Terry Ln,220.0,Driveway Or Alley,2.0,0.0,Suspected Minor Injury,Angle - Other Than Left Turn 2,Daylight,Clear,Dry,42.0,Male,North,Making Left Turn,Failed To Yield Right Of Way,No Apparent Influence,No Apparent Influence,22.0,Male,East,Going Straight Ahead,No Improper Action,No Apparent Influence,No Apparent Influence,33.37822335,-111.9546804,2021-10-15,00:36:00
42046,3837436,2021,Rural Rd,Hermosa Dr,-132.0,Driveway Or Alley,0.0,0.0,No Injury,Angle - Other Than Left Turn 2,Dark Lighted,Clear,Dry,26.0,Female,East,Making Right Turn,Failed To Yield Right Of Way,No Apparent Influence,No Apparent Influence,18.0,Female,South,Going Straight Ahead,No Improper Action,No Apparent Influence,No Apparent Influence,33.38740443,-111.9264547,2021-10-15,01:14:00
42047,3837433,2021,University Dr,Smith Rd,74.0,Intersection Related 206,2.0,0.0,Possible Injury,Rear End,Daylight,Clear,Dry,27.0,Female,West,Going Straight Ahead,Followed Too Closely,No Apparent Influence,No Apparent Influence,47.0,Female,West,Stopped In Trafficway,No Improper Action,No Apparent Influence,No Apparent Influence,33.42210731,-111.9002796,2021-10-15,14:07:00
42048,3856392,2021,River Dr,Redmon Dr,0.0,Unknown,1.0,0.0,Possible Injury,Sideswipe Same Direction,Daylight,Clear,Dry,52.0,Female,South,Overtaking Passing,Speed To Fast For Conditions,No Apparent Influence,No Apparent Influence,23.0,Male,South,Going Straight Ahead,No Improper Action,No Apparent Influence,No Apparent Influence,33.36328215,-111.8975934,2021-10-15,17:11:00
42051,3837844,2021,Broadway Rd,Dorsey Ln,0.0,Intersection 4 Way 202,0.0,0.0,No Injury,Left Turn,Daylight,Clear,Dry,28.0,Female,East,Making Left Turn,Failed To Yield Right Of Way,No Apparent Influence,No Apparent Influence,51.0,Female,West,Going Straight Ahead,No Improper Action,No Apparent Influence,No Apparent Influence,33.40750558,-111.917697,2021-10-15,23:17:00
42057,3837829,2021,Baseline Rd,Kyrene Rd,0.0,Intersection T Inter 203,0.0,0.0,No Injury,Left Turn,Dark Lighted,Clear,Dry,17.0,Male,East,Making Right Turn,Failed To Yield Right Of Way,No Apparent Influence,No Apparent Influence,20.0,Male,South,Going Straight Ahead,No Improper Action,No Apparent Influence,No Apparent Influence,33.37819996,-111.9459886,2021-10-16,02:17:00