,Incident ID,Year,Street Name,Cross Street,Distance,Junction Relation,Total Injuries,Total Fatalities,Injury Severity,Collision Manner,Light Condition,Weather,Surface Condition,Age Driver 1,Gender Driver 1,Travel Direction One,Unit Action One,Violation1_Drv1,Alcohol Use Driver 1,Drug Use Driver 1,Age Driver 2,Gender Driver 2,Travel Direction Two,Unit Action Two,Violation 1 Driver 2,Alcohol Use Driver 2,Drug Use Driver 2,Latitude,Longitude,Date,Time
42200,3884412,2021,Guadalupe Rd,Kyrene Rd,0.0,Intersection 4 Way 202,0.0,0.0,No Injury,Angle - Other Than Left Turn 2,Daylight,Clear,Dry,21.0,Male,West,Going Straight Ahead,Disregarded Traffic Signal,No Apparent Influence,No Apparent Influence,22.0,Male,North,Going Straight Ahead,No Improper Action,No Apparent Influence,No Apparent Influence,33.3636593,-111.9458942,2021-11-02,15:24:00
42202,3840184,2021,Rural Rd,Southern Ave,-200.0,Not Junction Related,0.0,0.0,No Injury,Sideswipe Same Direction,Daylight,Clear,Dry,65.0,Female,South,Changing Lanes,Unsafe Lane Change,No Apparent Influence,No Apparent Influence,53.0,Male,South,Going Straight Ahead,No Improper Action,No Apparent Influence,No Apparent Influence,33.39241147,-111.9263357,2021-11-02,19:20:00
42206,3872193,2021,University Dr,Starley Dr,14.0,Not Junction Related,0.0,0.0,No Injury,Rear End,Dark Lighted,Clear,Dry,18.0,Female,West,Avoiding Vehicle Object Pedestrian,Failed To Keep In Proper Lane,No Apparent Influence,No Apparent Influence,19.0,Male,West,Stopped In Trafficway,No Improper Action,No Apparent Influence,No Apparent Influence,33.42193088,-111.9577096,2021-11-03,05:46:00
42207,3839159,2021,Kyrene Rd,Elliot Rd,0.0,Intersection 4 Way 202,0.0,0.0,No Injury,Left Turn,Dark Lighted,Clear,Dry,45.0,Male,North,Making Left Turn,Failed To Yield Right Of Way,No Apparent Influence,No Apparent Influence,23.0,Male,South,Going Straight Ahead,No Improper Action,No Apparent Influence,No Apparent Influence,33.34919914,-111.9457347,2021-11-03,05:58:00
42210,3849111,2021,Mill Ave,12th St,130.0,Intersection Related 206,0.0,0.0,No Injury,Sideswipe Same Direction,Daylight,Clear,Dry,25.0,Male,South,Negotiating A Curve,Other,No Apparent Influence,No Apparent Influence,41.0,Male,South,Negotiating A Curve,No Improper Action,No Apparent Influence,No Apparent Influence,33.41656178,-111.9399959,2021-11-03,15:17:00
42211,3853173,2021,Baseline Rd,Bala Dr,-30.0,Intersection Related 206,0.0,0.0,No Injury,Sideswipe Same Direction,Daylight,Clear,Dry,65.0,Female,East,Changing Lanes,Unsafe Lane Change,No Apparent Influence,No Apparent Influence,41.0,Female,East,Going Straight Ahead,No Improper Action,No Apparent Influence,No Apparent Influence,33.37845281,-111.8952821,2021-11-03,16:39:00
42218,3879680,2021,Apache Blvd,College Ave,-45.0,Intersection Related 206,0.0,0.0,No Injury,Sideswipe Same Direction,Dusk,Clear,Dry,63.0,Male,West,Changing Lanes,Unsafe Lane Change,No Apparent Influence,No Apparent Influence,18.0,Female,West,Going Straight Ahead,No Improper Action,No Apparent Influence,No Apparent Influence,33.41468185,-111.935105,2021-11-04,01:02:00
42222,3854653,2021,5th St,Myrtle Ave,0.0,Not Junction Related,0.0,0.0,No Injury,U Turn,Dark Lighted,Clear,Dry,45.0,Male,North,Making U Turn,Made Improper Turn,No Apparent Influence,No Apparent Influence,77.0,Male,East,Making Left Turn,No Improper Action,No Apparent Influence,No Apparent Influence,33.42551005,-111.9381808,2021-11-04,12:02:00
42223,3882212,2021,Broadway Rd,52nd St,56.0,Intersection Related 206,0.0,0.0,No Injury,Sideswipe Same Direction,Daylight,Clear,Dry,26.0,Female,West,Making Right Turn,Made Improper Turn,No Apparent Influence,No Apparent Influence,57.0,Male,West,Going Straight Ahead,No Improper Action,No Apparent Influence,No Apparent Influence,33.40920849,-111.9693994,2021-11-04,13:32:00
42225,3872181,2021,Baseline Rd,Elm St,0.0,Intersection 4 Way 202,0.0,0.0,No Injury,Sideswipe Same Direction,Daylight,Clear,Dry,76.0,Female,East,Changing Lanes,Unsafe Lane Change,No Apparent Influence,No Apparent Influence,40.0,Female,East,Going Straight Ahead,No Improper Action,No Apparent Influence,No Apparent Influence,33.3783913,-111.9137971,2021-11-04,16:50:00
42226,3850000,2021,Rural Rd,Terrace Rd,-72.0,Intersection Related 206,0.0,0.0,No Injury,Rear End,Daylight,Clear,Dry,41.0,Female,North,Going Straight Ahead,Followed Too Closely,No Apparent Influence,No Apparent Influence,23.0,Male,North,Stopped In Trafficway,No Improper Action,No Apparent Influence,No Apparent Influence,33.42007772,-111.9263,2021-11-04,17:02:00
42230,3879674,2021,Broadway Rd,Country Club Way,0.0,Intersection 4 Way 202,0.0,0.0,No Injury,Angle - Other Than Left Turn 2,Daylight,Clear,Dry,36.0,Female,North,Making Left Turn,Failed To Yield Right Of Way,No Apparent Influence,No Apparent Influence,23.0,Female,East,Going Straight Ahead,No Improper Action,No Apparent Influence,No Apparent Influence,33.40748838,-111.9005194,2021-11-04,22:52:00
42233,3882233,2021,Scottsdale Rd,Fillmore St,29.0,Intersection Related 206,1.0,0.0,Possible Injury,Left Turn,Dark Lighted,Clear,Dry,35.0,Female,South,Making Left Turn,Failed To Yield Right Of Way,No Apparent Influence,No Apparent Influence,35.0,Male,North,Going Straight Ahead,No Improper Action,No Apparent Influence,No Apparent Influence,33.45365594,-111.9264307,2021-11-05,03:19:00
42234,3831184,2021,Southern Ave,48th St,0.0,Intersection Related 206,0.0,0.0,No Injury,Rear End,Daylight,Clear,Dry,17.0,Female,West,Making Right Turn,Made Improper Turn,No Apparent Influence,No Apparent Influence,40.0,Female,West,Going Straight Ahead,No Improper Action,No Apparent Influence,No Apparent Influence,33.39276725,-111.9783383,2021-11-05,14:57:00
42236,3850007,2021,Baseline Rd,Hardy Dr,-130.0,Intersection Related 206,0.0,0.0,No Injury,Rear End,Daylight,Clear,Dry,74.0,Male,East,Going Straight Ahead,Followed Too Closely,No Apparent Influence,No Apparent Influence,22.0,Female,East,Stopped In Trafficway,No Improper Action,No Apparent Influence,No Apparent Influence,33.37821593,-111.9529383,2021-11-05,17:18:00
42237,3854510,2021,Scottsdale Rd,Curry Rd,-115.0,Intersection Related 206,0.0,0.0,No Injury,Angle - Other Than Left Turn 2,Daylight,Clear,Dry,65.0,Male,North,Changing Lanes,Other,No Apparent Influence,No Apparent Influence,27.0,Female,North,Going Straight Ahead,No Improper Action,No Apparent Influence,No Apparent Influence,33.43997771,-111.9263254,2021-11-05,18:12:00
42240,3850008,2021,Rural Rd,Guadalupe Rd,0.0,Intersection 4 Way 202,0.0,0.0,No Injury,Angle - Other Than Left Turn 2,Daylight,Clear,Dry,15.0,Female,West,Going Straight Ahead,Disregarded Traffic Signal,No Apparent Influence,No Apparent Influence,29.0,Male,South,Stopped In Trafficway,No Improper Action,No Apparent Influence,No Apparent Influence,33.36375267,-111.928605,2021-11-05,21:50:00
42242,3854466,2021,48th St,Broadway Rd,200.0,Not Junction Related,0.0,0.0,No Injury,Angle - Other Than Left Turn 2,Daylight,Clear,Dry,32.0,Male,South,Changing Lanes,Unsafe Lane Change,No Apparent Influence,No Apparent Influence,61.0,Female,South,Going Straight Ahead,No Improper Action,No Apparent Influence,No Apparent Influence,33.40787715,-111.9782544,2021-11-05,23:15:00
42243,3849988,2021,Broadway Rd,Elm St,0.0,Intersection T Inter 203,0.0,0.0,No Injury,Left Turn,Daylight,Clear,Dry,28.0,Male,West,Making U Turn,Failed To Yield Right Of Way,No Apparent Influence,No Apparent Influence,26.0,Female,East,Going Straight Ahead,No Improper Action,No Apparent Influence,No Apparent Influence,33.4075064,-111.913246,2021-11-06,00:13:00
42245,3882330,2021,Southern Ave,River Dr,0.0,Intersection 4 Way 202,2.0,0.0,Suspected Minor Injury,Left Turn,Dark Lighted,Clear,Dry,25.0,Female,North,Making Left Turn,Failed To Yield Right Of Way,No Apparent Influence,No Apparent Influence,27.0,Male,East,Going Straight Ahead,No Improper Action,No Apparent Influence,No Apparent Influence,33.39298664,-111.8962643,2021-11-06,01:19:00
42247,3911943,2021,Grove Pkwy,Hardy Dr,0.0,Intersection 201,0.0,0.0,No Injury,Sideswipe Opposite Direction,Daylight,Clear,Dry,23.0,Male,North,Making Left Turn,Other,No Apparent Influence,No Apparent Influence,37.0,Female,South,Going Straight Ahead,No Improper Action,No Apparent Influence,No Apparent Influence,33.35479743,-111.9544857,2021-11-06,22:02:00
42248,3840172,2021,Elliot Rd,Hardy Dr,0.0,Intersection Related 206,1.0,0.0,Possible Injury,Left Turn,Daylight,Clear,Dry,20.0,Female,South,Making Left Turn,Failed To Yield Right Of Way,No Apparent Influence,No Apparent Influence,26.0,Male,East,Going Straight Ahead,No Improper Action,No Apparent Influence,No Apparent Influence,33.34915645,-111.9544806,2021-11-06,23:05:00
42249,3882662,2021,Don Carlos Ave,Smith Rd,-25.0,Not Junction Related,0.0,0.0,No Injury,Other,Dark Lighted,Clear,Dry,19.0,Male,West,Backing,Other,No Apparent Influence,No Apparent Influence,34.0,Female,East,Slowing In Trafficway,No Improper Action,No Apparent Influence,No Apparent Influence,33.41755079,-111.9005759,2021-11-06,23:16:00
42250,3882663,2021,University Dr,Hardy Dr,0.0,Intersection 4 Way 202,0.0,0.0,No Injury,Left Turn,Dusk,Clear,Dry,18.0,Male,West,Making Left Turn,Disregarded Traffic Signal,No Apparent Influence,No Apparent Influence,70.0,Female,North,Making Left Turn,Failed To Yield Right Of Way,No Apparent Influence,No Apparent Influence,33.42191004,-111.9522234,2021-11-07,00:11:00
42251,3839157,2021,48th St,Southern Ave,0.0,Not Junction Related,0.0,0.0,No Injury,Angle - Other Than Left Turn 2,Dark Lighted,Clear,Dry,18.0,Male,West,Other,Failed To Yield Right Of Way,No Apparent Influence,No Apparent Influence,35.0,Male,North,Going Straight Ahead,No Improper Action,No Apparent Influence,No Apparent Influence,33.39276724,-111.9783383,2021-11-07,02:10:00
42252,3854511,2021,Rural Rd,University Dr,-120.0,Intersection Related 206,0.0,0.0,No Injury,Sideswipe Same Direction,Daylight,Clear,Dry,23.0,Female,North,Going Straight Ahead,No Improper Action,No Apparent Influence,No Apparent Influence,49.0,Male,North,Going Straight Ahead,No Improper Action,No Apparent Influence,No Apparent Influence,33.42169941,-111.926312,2021-11-07,02:16:00
42253,3861228,2021,Southern Ave,Mill Ave,-94.0,Intersection Related 206,0.0,0.0,No Injury,Angle - Other Than Left Turn 2,Dark Lighted,Clear,Dry,28.0,Female,North,Making Right Turn,Failed To Yield Right Of Way,No Apparent Influence,No Apparent Influence,31.0,Female,East,Going Straight Ahead,No Improper Action,No Apparent Influence,No Apparent Influence,33.39286016,-111.9399117,2021-11-07,02:21:00
42255,3839158,2021,Rural Rd,Geneva Dr,38.0,Intersection Related 206,0.0,0.0,No Injury,Left Turn,Dark Lighted,Clear,Dry,18.0,Female,North,Making Left Turn,Failed To Yield Right Of Way,No Apparent Influence,No Apparent Influence,32.0,Female,North,Going Straight Ahead,No Improper Action,No Apparent Influence,No Apparent Influence,33.39509022,-111.9263299,2021-11-07,05:01:00
42257,3891744,2021,Rio Salado Pkwy,Mill Ave,20.0,Not Junction Related,0.0,0.0,No Injury,Sideswipe Same Direction,Dark Lighted,Clear,Dry,19.0,Male,Northeast,Making Left Turn,Speed To Fast For Conditions,Alcohol,No Apparent Influence,21.0,Male,Northeast,Making Left Turn,No Improper Action,No Apparent Influence,No Apparent Influence,33.42963177,-111.9399833,2021-11-07,09:06:00
42260,3882249,2021,Mill Ave,Rio Salado Pkwy,217.0,Intersection Related 206,1.0,0.0,Possible Injury,Rear End,Daylight,Clear,Dry,30.0,Male,South,Going Straight Ahead,Followed Too Closely,No Apparent Influence,No Apparent Influence,29.0,Male,South,Stopped In Trafficway,No Improper Action,No Apparent Influence,No Apparent Influence,33.43021161,-111.9401597,2021-11-07,21:56:00
42261,3873055,2021,Alameda Dr,48th St,0.0,Intersection 4 Way 202,0.0,0.0,No Injury,Left Turn,Daylight,Clear,Water Standing Moving,20.0,Female,North,Making Left Turn,Failed To Yield Right Of Way,No Apparent Influence,No Apparent Influence,44.0,Female,North,Making Right Turn,No Improper Action,No Apparent Influence,No Apparent Influence,33.40004918,-111.9783117,2021-11-07,22:01:00
42264,3854424,2021,McClintock Dr,Apache Blvd,-200.0,Not Junction Related,0.0,0.0,No Injury,Sideswipe Same Direction,Daylight,Clear,Dry,36.0,Male,North,Going Straight Ahead,Other,No Apparent Influence,No Apparent Influence,55.0,Female,North,Stopped In Trafficway,No Improper Action,No Apparent Influence,No Apparent Influence,33.4142103,-111.9091313,2021-11-08,16:13:00
42265,3879679,2021,Rural Rd,Minton Dr,178.0,Driveway Or Alley,0.0,0.0,No Injury,Rear End,Daylight,Clear,Dry,23.0,Male,North,Going Straight Ahead,Followed Too Closely,No Apparent Influence,No Apparent Influence,44.0,Male,North,Making Right Turn,No Improper Action,No Apparent Influence,No Apparent Influence,33.38033355,-111.9281772,2021-11-08,21:24:00
42266,3840173,2021,Warner Rd,Kyrene Rd,0.0,Intersection 4 Way 202,0.0,0.0,No Injury,Left Turn,Daylight,Clear,Dry,21.0,Male,North,Making Left Turn,Failed To Yield Right Of Way,No Apparent Influence,No Apparent Influence,27.0,Male,North,Making Right Turn,No Improper Action,No Apparent Influence,No Apparent Influence,33.33460174,-111.9456572,2021-11-08,21:48:00
42268,3849124,2021,Broadway Rd,Dateland Dr,175.0,Intersection Related 206,0.0,0.0,No Injury,Sideswipe Same Direction,Daylight,Clear,Dry,38.0,Female,East,Changing Lanes,Other,No Apparent Influence,No Apparent Influence,62.0,Male,East,Going Straight Ahead,No Improper Action,No Apparent Influence,No Apparent Influence,33.40738322,-111.9414179,2021-11-08,23:41:00
42270,3872179,2021,University Dr,Smith Rd,60.0,Intersection Related 206,0.0,0.0,No Injury,Rear End,Dark Lighted,Clear,Dry,32.0,Female,West,Changing Lanes,Unsafe Lane Change,No Apparent Influence,No Apparent Influence,32.0,Male,West,Going Straight Ahead,No Improper Action,No Apparent Influence,No Apparent Influence,33.4221073,-111.9003255,2021-11-09,11:47:00
42271,3912873,2021,Kyrene Rd,Guadalupe Rd,-200.0,Driveway Or Alley,0.0,0.0,No Injury,Angle - Other Than Left Turn 2,Dark Lighted,Clear,Dry,61.0,Male,West,Other,Failed To Yield Right Of Way,No Apparent Influence,No Apparent Influence,52.0,Male,South,Making Left Turn,No Improper Action,No Apparent Influence,No Apparent Influence,33.36310985,-111.9458905,2021-11-09,12:57:00
42272,3882251,2021,Warner Rd,Hardy Dr,0.0,Intersection 4 Way 202,0.0,0.0,No Injury,Left Turn,Daylight,Clear,Dry,21.0,Female,West,Going Straight Ahead,Disregarded Traffic Signal,No Apparent Influence,No Apparent Influence,28.0,Male,Northeast,Making Left Turn,No Improper Action,No Apparent Influence,No Apparent Influence,33.33456763,-111.9543378,2021-11-09,14:56:00
42273,3854423,2021,Priest Dr,Warner Rd,30.0,Intersection Related 206,0.0,0.0,No Injury,Rear End,Daylight,Clear,Dry,24.0,Male,South,Going Straight Ahead,Followed Too Closely,No Apparent Influence,No Apparent Influence,40.0,Female,South,Stopped In Trafficway,No Improper Action,No Apparent Influence,No Apparent Influence,33.33460768,-111.9631178,2021-11-09,19:58:00
42276,3888201,2021,Rural Rd,Carter Dr,25.0,Not Junction Related,0.0,0.0,No Injury,Sideswipe Same Direction,Dark Lighted,Clear,Dry,37.0,Male,South,Going Straight Ahead,Unknown,No Apparent Influence,No Apparent Influence,22.0,Male,South,Going Straight Ahead,Unknown,No Apparent Influence,No Apparent Influence,33.38118872,-111.9275602,2021-11-10,06:24:00
42277,3911941,2021,Baseline Rd,McClintock Dr,-95.0,Intersection Related 206,0.0,0.0,No Injury,Rear End,Dark Lighted,Clear,Dry,23.0,Male,East,Going Straight Ahead,Speed To Fast For Conditions,No Apparent Influence,No Apparent Influence,21.0,Male,East,Stopped In Trafficway,No Improper Action,No Apparent Influence,No Apparent Influence,33.37842398,-111.9095726,2021-11-10,07:34:00
42278,3840168,2021,Broadway Rd,Cottonwood Dr,121.0,Not Junction Related,0.0,0.0,No Injury,Rear End,Daylight,Clear,Dry,20.0,Male,West,Going Straight Ahead,Followed Too Closely,No Apparent Influence,No Apparent Influence,43.0,Male,West,Stopped In Trafficway,No Improper Action,No Apparent Influence,No Apparent Influence,33.40751752,-111.8889818,2021-11-10,21:49:00
42281,3849085,2021,Rural Rd,Carmen St,-196.0,Not Junction Related,2.0,0.0,Suspected Minor Injury,Rear End,Dusk,Clear,Dry,18.0,Male,South,Going Straight Ahead,Speed To Fast For Conditions,No Apparent Influence,No Apparent Influence,33.0,Male,South,Stopped In Trafficway,No Improper Action,No Apparent Influence,No Apparent Influence,33.35954949,-111.9285728,2021-11-11,00:06:00
42283,3869807,2021,Southern Ave,Hardy Dr,0.0,Intersection Related 206,0.0,0.0,No Injury,Left Turn,Dark Lighted,Clear,Dry,29.0,Female,West,Making Left Turn,Failed To Yield Right Of Way,No Apparent Influence,No Apparent Influence,62.0,Male,South,Going Straight Ahead,No Improper Action,No Apparent Influence,No Apparent Influence,33.39285776,-111.9519838,2021-11-11,03:07:00
42287,3854420,2021,Rural Rd,Bell De Mar Dr,60.0,Intersection Related 206,1.0,0.0,Possible Injury,Angle - Other Than Left Turn 2,Daylight,Clear,Dry,21.0,Male,North,Going Straight Ahead,Drove Left Of Center Line,No Apparent Influence,No Apparent Influence,52.0,Male,South,Going Straight Ahead,No Improper Action,No Apparent Influence,No Apparent Influence,33.35812609,-111.9285554,2021-11-11,18:11:00
42290,3840175,2021,Broadway Rd,Granada Dr,0.0,Intersection T Inter 203,2.0,0.0,Possible Injury,Left Turn,Daylight,Clear,Dry,19.0,Female,West,Stopped In Trafficway,Failed To Yield Right Of Way,No Apparent Influence,No Apparent Influence,64.0,Male,East,Going Straight Ahead,No Improper Action,No Apparent Influence,No Apparent Influence,33.40749701,-111.9279649,2021-11-11,22:41:00
42292,3839156,2021,Broadway Rd,Rural Rd,0.0,Intersection 4 Way 202,2.0,0.0,Suspected Minor Injury,Left Turn,Dark Lighted,Clear,Dry,23.0,Male,East,Making Left Turn,Failed To Yield Right Of Way,No Apparent Influence,No Apparent Influence,64.0,Female,West,Going Straight Ahead,No Improper Action,No Apparent Influence,No Apparent Influence,33.40750178,-111.9262829,2021-11-12,00:44:00
42293,3883842,2021,Priest Dr,Rio Salado Pkwy,0.0,Intersection 4 Way 202,0.0,0.0,No Injury,Sideswipe Same Direction,Dusk,Clear,Dry,47.0,Male,North,Going Straight Ahead,Unknown,No Apparent Influence,No Apparent Influence,59.0,Female,North,Making Left Turn,Unknown,No Apparent Influence,No Apparent Influence,33.42956051,-111.9609666,2021-11-12,01:36:00
42294,3868408,2021,Broadway Rd,Roosevelt St,0.0,Intersection 4 Way 202,1.0,0.0,Suspected Minor Injury,Left Turn,Dark Lighted,Clear,Dry,31.0,Male,East,Making Left Turn,Failed To Yield Right Of Way,No Apparent Influence,No Apparent Influence,62.0,Male,West,Going Straight Ahead,No Improper Action,No Apparent Influence,No Apparent Influence,33.40737681,-111.9478531,2021-11-12,03:51:00
42295,3883897,2021,Veterans Way,University Dr,0.0,Intersection 4 Way 202,0.0,0.0,No Injury,Left Turn,Dark Lighted,Clear,Dry,25.0,Male,North,Making Left Turn,Failed To Yield Right Of Way,No Apparent Influence,No Apparent Influence,18.0,Male,South,Going Straight Ahead,No Improper Action,No Apparent Influence,No Apparent Influence,33.42201895,-111.9289393,2021-11-12,06:07:00
42296,3849075,2021,Broadway Rd,Rural Rd,50.0,Not Junction Related,0.0,0.0,No Injury,Rear End,Dark Lighted,Clear,Dry,25.0,Male,East,Going Straight Ahead,Followed Too Closely,Alcohol,No Apparent Influence,26.0,Female,East,Going Straight Ahead,No Improper Action,No Apparent Influence,No Apparent Influence,33.40750908,-111.9261199,2021-11-12,08:48:00
42297,3882327,2021,Priest Dr,Orchid Ln,-117.0,Not Junction Related,0.0,0.0,No Injury,Rear End,Daylight,Clear,Dry,61.0,Female,South,Going Straight Ahead,Other,No Apparent Influence,No Apparent Influence,32.0,Male,South,Stopped In Trafficway,No Improper Action,No Apparent Influence,No Apparent Influence,33.32327065,-111.9631039,2021-11-12,19:27:00
42298,3849106,2021,University Dr,Dorsey Ln,-74.0,Intersection Related 206,0.0,0.0,No Injury,Rear End,Daylight,Clear,Dry,37.0,Female,East,Going Straight Ahead,Speed To Fast For Conditions,No Apparent Influence,No Apparent Influence,57.0,Male,East,Stopped In Trafficway,No Improper Action,No Apparent Influence,No Apparent Influence,33.42201903,-111.9179319,2021-11-12,19:59:00
42299,3849092,2021,Riviera Dr,La Corta Dr,188.0,Driveway Or Alley,2.0,0.0,Suspected Minor Injury,Angle - Other Than Left Turn 2,Daylight,Clear,Dry,30.0,Female,West,Overtaking Passing,Other,No Apparent Influence,No Apparent Influence,27.0,Male,West,Making Right Turn,No Improper Action,No Apparent Influence,No Apparent Influence,33.38640824,-111.9325667,2021-11-12,22:54:00
42300,3849110,2021,University Dr,McClintock Dr,227.0,Not Junction Related,0.0,0.0,No Injury,Left Turn,Daylight,Clear,Dry,22.0,Female,South,Making Left Turn,Failed To Yield Right Of Way,No Apparent Influence,No Apparent Influence,19.0,Female,West,Going Straight Ahead,No Improper Action,No Apparent Influence,No Apparent Influence,33.42199529,-111.9083427,2021-11-12,22:59:00
42301,3849089,2021,Broadway Rd,I-10 Exit 153 P-Ramp,-35.0,Intersection Related 206,0.0,0.0,No Injury,Rear End,Dark Lighted,Clear,Dry,40.0,Male,East,Going Straight Ahead,Speed To Fast For Conditions,No Apparent Influence,No Apparent Influence,29.0,Male,East,Slowing In Trafficway,No Improper Action,No Apparent Influence,No Apparent Influence,33.40832251,-111.9739413,2021-11-13,01:06:00
42302,3849102,2021,McClintock Dr,Rio Salado Pkwy,190.0,Intersection Related 206,0.0,0.0,No Injury,Rear End,Dark Lighted,Clear,Dry,35.0,Female,North,Going Straight Ahead,Followed Too Closely,No Apparent Influence,No Apparent Influence,31.0,Female,North,Stopped In Trafficway,No Improper Action,No Apparent Influence,No Apparent Influence,33.4297826,-111.909101,2021-11-13,01:34:00
42304,3840152,2021,Scottsdale Rd,Playa Del Norte Dr,-66.0,Intersection Related 206,1.0,0.0,Suspected Minor Injury,Head On,Dark Lighted,Clear,Dry,29.0,Male,South,Going Straight Ahead,Drove Left Of Center Line,Alcohol,No Apparent Influence,21.0,Female,North,Stopped In Trafficway,No Improper Action,No Apparent Influence,No Apparent Influence,33.43385326,-111.9262643,2021-11-13,06:17:00
42305,3884405,2021,Broadway Rd,Roosevelt St,-20.0,Intersection Related 206,2.0,0.0,Suspected Minor Injury,Rear End,Dark Lighted,Clear,Dry,26.0,Female,East,Going Straight Ahead,Speed To Fast For Conditions,No Apparent Influence,No Apparent Influence,32.0,Male,East,Making Right Turn,No Improper Action,No Apparent Influence,No Apparent Influence,33.40737701,-111.9479186,2021-11-13,12:27:00
42306,3840176,2021,48th St,Alameda Dr,-25.0,Intersection 4 Way 202,0.0,0.0,No Injury,Rear End,Daylight,Clear,Dry,52.0,Male,North,Going Straight Ahead,Speed To Fast For Conditions,Alcohol,No Apparent Influence,57.0,Male,North,Stopped In Trafficway,No Improper Action,No Apparent Influence,No Apparent Influence,33.39998047,-111.9783115,2021-11-13,15:47:00
42307,3849088,2021,Warner Rd,Priest Dr,0.0,Intersection 4 Way 202,0.0,0.0,No Injury,Left Turn,Daylight,Clear,Dry,69.0,Male,West,Making Left Turn,Failed To Yield Right Of Way,No Apparent Influence,No Apparent Influence,19.0,Male,East,Going Straight Ahead,No Improper Action,No Apparent Influence,No Apparent Influence,33.33452532,-111.9631173,2021-11-13,19:15:00
42310,3868754,2021,Elliot Rd,Kyrene Rd,0.0,Intersection 4 Way 202,0.0,0.0,No Injury,Left Turn,Dark Lighted,Clear,Dry,26.0,Female,East,Making Left Turn,Failed To Yield Right Of Way,No Apparent Influence,No Apparent Influence,32.0,Male,West,Going Straight Ahead,No Improper Action,No Apparent Influence,No Apparent Influence,33.34919917,-111.9457347,2021-11-14,01:36:00
42311,3882664,2021,University Dr,52nd St,0.0,Intersection 4 Way 202,2.0,0.0,Suspected Minor Injury,Left Turn,Dark Lighted,Clear,Dry,23.0,Male,Southwest,Making Left Turn,Failed To Yield Right Of Way,No Apparent Influence,No Apparent Influence,53.0,Male,East,Going Straight Ahead,No Improper Action,No Apparent Influence,No Apparent Influence,33.42194304,-111.9695686,2021-11-14,03:45:00
42312,3873069,2021,Broadway Rd,Rural Rd,0.0,Intersection 4 Way 202,0.0,0.0,No Injury,Angle - Other Than Left Turn 2,Daylight,Clear,Dry,22.0,Male,North,Going Straight Ahead,Disregarded Traffic Signal,No Apparent Influence,No Apparent Influence,28.0,Male,West,Going Straight Ahead,No Improper Action,No Apparent Influence,No Apparent Influence,33.40750178,-111.9262829,2021-11-14,05:45:00
42317,3840138,2021,Rural Rd,Apache Blvd,-20.0,Intersection Related 206,0.0,0.0,No Injury,Rear End,Daylight,Clear,Dry,19.0,Female,North,Going Straight Ahead,Speed To Fast For Conditions,No Apparent Influence,No Apparent Influence,20.0,Female,North,Slowing In Trafficway,No Improper Action,No Apparent Influence,No Apparent Influence,33.41470728,-111.9262927,2021-11-14,21:56:00
42318,3910584,2021,Rural Rd,Vista Del Cerro Dr,0.0,Intersection T Inter 203,1.0,0.0,Suspected Serious Injury,Left Turn,Dark Lighted,Cloudy,Dry,26.0,Female,South,Making Left Turn,Failed To Yield Right Of Way,No Apparent Influence,No Apparent Influence,21.0,Male,North,Going Straight Ahead,No Improper Action,No Apparent Influence,No Apparent Influence,33.41012174,-111.9262842,2021-11-15,01:56:00
42321,3840170,2021,Broadway Rd,Holbrook Ln,-192.0,Not Junction Related,1.0,0.0,Suspected Minor Injury,Rear End,Daylight,Clear,Dry,26.0,Male,East,Going Straight Ahead,Followed Too Closely,No Apparent Influence,No Apparent Influence,27.0,Female,East,Stopped In Trafficway,No Improper Action,No Apparent Influence,No Apparent Influence,33.40749492,-111.9031508,2021-11-15,14:47:00
42322,3853178,2021,Washington St,W Lakeview Dr,-170.0,Not Junction Related,1.0,0.0,Possible Injury,Rear End,Daylight,Clear,Dry,21.0,Male,East,Going Straight Ahead,Speed To Fast For Conditions,No Apparent Influence,No Apparent Influence,27.0,Male,East,Slowing In Trafficway,No Improper Action,No Apparent Influence,No Apparent Influence,33.43739079,-111.9453356,2021-11-15,20:05:00
42324,3854418,2021,Mill Ave,Pebble Beach Dr,-48.0,Intersection Related 206,1.0,0.0,Possible Injury,Rear End,Dark Lighted,Clear,Dry,25.0,Male,South,Going Straight Ahead,Followed Too Closely,No Apparent Influence,No Apparent Influence,59.0,Male,South,Slowing In Trafficway,No Improper Action,No Apparent Influence,No Apparent Influence,33.39056475,-111.9395549,2021-11-16,00:22:00
42325,3853227,2021,McClintock Dr,University Dr,174.0,Driveway Or Alley,2.0,0.0,Possible Injury,Angle - Other Than Left Turn 2,Dusk,Clear,Dry,18.0,Female,West,Making Left Turn,Failed To Yield Right Of Way,No Apparent Influence,No Apparent Influence,19.0,Female,North,Going Straight Ahead,No Improper Action,No Apparent Influence,No Apparent Influence,33.42246003,-111.9091096,2021-11-16,00:38:00
42327,3882701,2021,Perry Ln,Rio Salado Pkwy,48.0,Intersection Related 206,0.0,0.0,No Injury,Rear End,Dark Lighted,Clear,Dry,38.0,Male,South,Going Straight Ahead,Followed Too Closely,No Apparent Influence,No Apparent Influence,20.0,Female,South,Stopped In Trafficway,No Improper Action,No Apparent Influence,No Apparent Influence,33.42937081,-111.9047664,2021-11-16,01:14:00
42329,3882208,2021,Rio Salado Pkwy,Scottsdale Rd,-56.0,Intersection Related 206,1.0,0.0,Possible Injury,Sideswipe Same Direction,Daylight,Clear,Dry,28.0,Female,South,Making Right Turn,Unknown,No Apparent Influence,No Apparent Influence,29.0,Male,South,Making Right Turn,Unknown,No Apparent Influence,No Apparent Influence,33.42885712,-111.9264718,2021-11-16,17:23:00