,Incident ID,Year,Street Name,Cross Street,Distance,Junction Relation,Total Injuries,Total Fatalities,Injury Severity,Collision Manner,Light Condition,Weather,Surface Condition,Age Driver 1,Gender Driver 1,Travel Direction One,Unit Action One,Violation1_Drv1,Alcohol Use Driver 1,Drug Use Driver 1,Age Driver 2,Gender Driver 2,Travel Direction Two,Unit Action Two,Violation 1 Driver 2,Alcohol Use Driver 2,Drug Use Driver 2,Latitude,Longitude,Date,Time
42331,3882666,2021,Broadway Rd,Roosevelt St,45.0,Intersection Related 206,0.0,0.0,No Injury,Rear End,Daylight,Rain,Dry,34.0,Female,West,Slowing In Trafficway,Speed To Fast For Conditions,No Apparent Influence,No Apparent Influence,23.0,Male,West,Stopped In Trafficway,No Improper Action,No Apparent Influence,No Apparent Influence,33.40737635,-111.9477057,2021-11-16,21:21:00
42334,3873054,2021,Baseline Rd,Wendler Dr,53.0,Intersection Related 206,1.0,0.0,Possible Injury,Rear End,Dark Lighted,Clear,Dry,56.0,Male,West,Going Straight Ahead,Followed Too Closely,No Apparent Influence,No Apparent Influence,66.0,Male,West,Slowing In Trafficway,No Improper Action,No Apparent Influence,No Apparent Influence,33.37826043,-111.9696125,2021-11-17,12:32:00
42335,3849057,2021,Mill Ave,Hudson Ln,-194.0,Driveway Or Alley,1.0,0.0,Suspected Minor Injury,Angle - Other Than Left Turn 2,Daylight,Clear,Dry,67.0,Female,Northwest,Making Left Turn,Failed To Yield Right Of Way,No Apparent Influence,No Apparent Influence,33.0,Male,South,Going Straight Ahead,No Improper Action,No Apparent Influence,No Apparent Influence,33.41309604,-111.9398909,2021-11-17,13:48:00
42336,3853212,2021,McClintock Dr,Campus Dr,122.0,Intersection Related 206,0.0,0.0,No Injury,Sideswipe Same Direction,Daylight,Clear,Dry,26.0,Female,North,Changing Lanes,Unsafe Lane Change,No Apparent Influence,No Apparent Influence,34.0,Male,North,Going Straight Ahead,No Improper Action,No Apparent Influence,No Apparent Influence,33.39868699,-111.9091298,2021-11-17,14:09:00
42338,3883943,2021,Kyrene Rd,Carver Rd,0.0,Intersection T Inter 203,0.0,0.0,No Injury,Angle - Other Than Left Turn 2,Daylight,Cloudy,Dry,64.0,Female,South,Going Straight Ahead,Disregarded Traffic Signal,No Apparent Influence,No Apparent Influence,28.0,Female,East,Making Left Turn,No Improper Action,No Apparent Influence,No Apparent Influence,33.34190239,-111.9457417,2021-11-17,17:14:00
42340,3869828,2021,48th St,University Dr,-25.0,Intersection Related 206,0.0,0.0,No Injury,Rear End,Daylight,Clear,Dry,32.0,Male,North,Making Right Turn,Followed Too Closely,No Apparent Influence,No Apparent Influence,63.0,Male,North,Stopped In Trafficway,No Improper Action,No Apparent Influence,No Apparent Influence,33.42183616,-111.9762489,2021-11-17,20:56:00
42341,3882705,2021,Mill Ave,US-60 Exit 173 G-Ramp,-110.0,Intersection Related 206,0.0,0.0,No Injury,Rear End,Daylight,Clear,Dry,25.0,Male,North,Going Straight Ahead,Followed Too Closely,No Apparent Influence,No Apparent Influence,51.0,Female,North,Stopped In Trafficway,No Improper Action,No Apparent Influence,No Apparent Influence,33.38481334,-111.9394889,2021-11-17,21:24:00
42342,3869827,2021,Broadway Rd,Country Club Way,-150.0,Intersection Related 206,2.0,0.0,Possible Injury,Rear End,Daylight,Clear,Dry,21.0,Female,East,Going Straight Ahead,Followed Too Closely,No Apparent Influence,No Apparent Influence,23.0,Female,East,Stopped In Trafficway,No Improper Action,No Apparent Influence,No Apparent Influence,33.40749448,-111.9010103,2021-11-17,21:46:00
42345,3882321,2021,Rural Rd,6th St,0.0,Intersection 4 Way 202,0.0,0.0,No Injury,Left Turn,Dark Lighted,Clear,Dry,17.0,Male,East,Making Left Turn,Failed To Yield Right Of Way,No Apparent Influence,No Apparent Influence,21.0,Female,West,Going Straight Ahead,No Improper Action,No Apparent Influence,No Apparent Influence,33.42449794,-111.926302,2021-11-18,02:00:00
42348,3891663,2021,Rural Rd,Terrace Rd,0.0,Intersection 201,0.0,0.0,No Injury,Angle - Other Than Left Turn 2,Dark Lighted,Clear,Dry,18.0,Female,North,Making Right Turn,Made Improper Turn,Alcohol,No Apparent Influence,18.0,Male,Northeast,Going Straight Ahead,No Improper Action,No Apparent Influence,No Apparent Influence,33.42027554,-111.9263009,2021-11-18,08:52:00
42349,3882702,2021,Mill Ave,Carter Dr,0.0,Intersection 4 Way 202,1.0,0.0,Possible Injury,Left Turn,Daylight,Clear,Dry,29.0,Male,Northeast,Making Left Turn,Failed To Yield Right Of Way,No Apparent Influence,No Apparent Influence,27.0,Female,South,Going Straight Ahead,No Improper Action,No Apparent Influence,No Apparent Influence,33.38328349,-111.9394515,2021-11-18,15:18:00
42350,3850034,2021,Warner Rd,Taylor Dr,167.0,Not Junction Related,2.0,0.0,Possible Injury,Angle - Other Than Left Turn 2,Daylight,Clear,Dry,79.0,Female,Southwest,Making Right Turn,Other,No Apparent Influence,No Apparent Influence,28.0,Female,West,Going Straight Ahead,No Improper Action,No Apparent Influence,No Apparent Influence,33.33467133,-111.9073036,2021-11-18,17:50:00
42353,3882657,2021,University Dr,Park Ln,0.0,Not Junction Related,2.0,0.0,Suspected Minor Injury,Rear End,Daylight,Clear,Dry,49.0,Male,West,Going Straight Ahead,No Improper Action,No Apparent Influence,No Apparent Influence,45.0,Male,West,Going Straight Ahead,Followed Too Closely,No Apparent Influence,No Apparent Influence,33.42191276,-111.9746887,2021-11-18,22:36:00
42354,3882644,2021,McClintock Dr,Don Carlos Ave,-100.0,Not Junction Related,0.0,0.0,No Injury,Rear End,Dark Lighted,Clear,Dry,48.0,Male,South,Stopped In Trafficway,Aggressive Driving,No Apparent Influence,No Apparent Influence,20.0,Female,South,Going Straight Ahead,No Improper Action,No Apparent Influence,No Apparent Influence,33.41720536,-111.9091111,2021-11-19,02:33:00
42356,3891734,2021,University Dr,Veterans Way,0.0,Intersection 4 Way 202,0.0,0.0,No Injury,Angle - Other Than Left Turn 2,Dark Lighted,Clear,Dry,19.0,Male,East,Going Straight Ahead,Exceeded Lawful Speed,No Apparent Influence,No Apparent Influence,18.0,Female,South,Going Straight Ahead,No Improper Action,No Apparent Influence,No Apparent Influence,33.42201895,-111.9289394,2021-11-19,05:39:00
42359,3836863,2021,Southern Ave,48th St,0.0,Intersection 4 Way 202,0.0,0.0,No Injury,Left Turn,Daylight,Clear,Dry,49.0,Male,West,Going Straight Ahead,Disregarded Traffic Signal,No Apparent Influence,No Apparent Influence,20.0,Female,East,Making Left Turn,No Improper Action,No Apparent Influence,No Apparent Influence,33.39276725,-111.9783383,2021-11-19,16:53:00
42360,3883941,2021,Alameda Dr,College Ave,0.0,Intersection 4 Way 202,2.0,0.0,Suspected Minor Injury,Angle - Other Than Left Turn 2,Daylight,Clear,Dry,70.0,Male,East,Going Straight Ahead,Unknown,No Apparent Influence,No Apparent Influence,67.0,Female,North,Going Straight Ahead,Unknown,No Apparent Influence,No Apparent Influence,33.40016584,-111.9349114,2021-11-19,17:34:00
42368,3850002,2021,Rural Rd,Southern Ave,0.0,Intersection 4 Way 202,0.0,0.0,No Injury,Left Turn,Dark Lighted,Clear,Dry,49.0,Female,Northeast,Making Right Turn,Disregarded Traffic Signal,No Apparent Influence,No Apparent Influence,35.0,Male,Southeast,Making Left Turn,No Improper Action,No Apparent Influence,No Apparent Influence,33.39296101,-111.9263255,2021-11-20,03:29:00
42370,3884413,2021,5th St,Mill Ave,0.0,Intersection 4 Way 202,1.0,0.0,Possible Injury,Left Turn,Dark Lighted,Clear,Dry,28.0,Female,East,Making Left Turn,Failed To Yield Right Of Way,No Apparent Influence,No Apparent Influence,32.0,Female,West,Going Straight Ahead,No Improper Action,No Apparent Influence,No Apparent Influence,33.42550354,-111.9400194,2021-11-20,05:31:00
42371,3872180,2021,Howe St,Margo Dr,25.0,Intersection 4 Way 202,0.0,0.0,No Injury,Rear End,Dark Lighted,Clear,Dry,29.0,Male,West,Slowing In Trafficway,Speed To Fast For Conditions,Alcohol,No Apparent Influence,16.0,Male,West,Stopped In Trafficway,No Improper Action,No Apparent Influence,No Apparent Influence,33.41650174,-111.9584736,2021-11-20,05:36:00
42372,3891727,2021,Playa Del Norte Dr,Scottsdale Rd,0.0,Intersection 4 Way 202,0.0,0.0,No Injury,Rear End,Dark Lighted,Clear,Dry,20.0,Male,West,Making Left Turn,Speed To Fast For Conditions,No Apparent Influence,No Apparent Influence,42.0,Male,West,Slowing In Trafficway,No Improper Action,No Apparent Influence,No Apparent Influence,33.43403447,-111.9262627,2021-11-20,05:57:00
42374,3881174,2021,Mill Ave,Broadway Rd,-20.0,Intersection Related 206,0.0,0.0,No Injury,Rear End,Dark Lighted,Clear,Dry,29.0,Male,North,Going Straight Ahead,Speed To Fast For Conditions,Alcohol,No Apparent Influence,49.0,Male,North,Stopped In Trafficway,No Improper Action,No Apparent Influence,No Apparent Influence,33.40734314,-111.9398247,2021-11-20,09:58:00
42375,3849993,2021,Baseline Rd,Arizona Mills S,228.0,Driveway Or Alley,2.0,0.0,Possible Injury,Angle - Other Than Left Turn 2,Daylight,Clear,Dry,35.0,Female,East,Making Right Turn,Unsafe Lane Change,No Apparent Influence,No Apparent Influence,47.0,Female,East,Going Straight Ahead,No Improper Action,No Apparent Influence,No Apparent Influence,33.37825638,-111.9647096,2021-11-20,18:08:00
42378,3882658,2021,Tempe Dr,Scottsdale Rd,0.0,Intersection Related 206,1.0,0.0,Possible Injury,Angle - Other Than Left Turn 2,Dark Lighted,Clear,Dry,70.0,Male,North,Going Straight Ahead,Other,No Apparent Influence,No Apparent Influence,37.0,Female,West,Going Straight Ahead,No Improper Action,No Apparent Influence,No Apparent Influence,33.44222776,-111.9263923,2021-11-21,03:37:00
42379,3879587,2021,Mill Ave,3rd St,15.0,Intersection Related 206,0.0,0.0,No Injury,Sideswipe Same Direction,Dark Lighted,Clear,Dry,31.0,Male,South,Going Straight Ahead,Speed To Fast For Conditions,No Apparent Influence,No Apparent Influence,43.0,Male,Southeast,Stopped In Trafficway,Passed In No Passing Zone,No Apparent Influence,No Apparent Influence,33.42743352,-111.94003,2021-11-21,09:17:00
42380,3850044,2021,Baseline Rd,Kyrene Rd,0.0,Not Junction Related,0.0,0.0,No Injury,Sideswipe Same Direction,Daylight,Clear,Dry,27.0,Male,West,Changing Lanes,Unsafe Lane Change,No Apparent Influence,No Apparent Influence,44.0,Male,West,Going Straight Ahead,No Improper Action,No Apparent Influence,No Apparent Influence,33.37821693,-111.9438877,2021-11-21,17:39:00
42384,3883933,2021,Broadway Rd,Price Rd,-150.0,Not Junction Related,1.0,0.0,Possible Injury,Left Turn,Unknown 51,Clear,Dry,26.0,Male,Southwest,Making Left Turn,Failed To Yield Right Of Way,No Apparent Influence,No Apparent Influence,74.0,Female,East,Going Straight Ahead,No Improper Action,No Apparent Influence,No Apparent Influence,33.40750144,-111.8924959,2021-11-21,22:56:00
42390,3882253,2021,48th St,Southern Ave,39.0,Not Junction Related,0.0,0.0,No Injury,Other,Daylight,Clear,Dry,19.0,Female,North,Changing Lanes,Unsafe Lane Change,No Apparent Influence,No Apparent Influence,32.0,Female,North,Going Straight Ahead,No Improper Action,No Apparent Influence,No Apparent Influence,33.3928744,-111.9783384,2021-11-22,19:59:00
42391,3869808,2021,McClintock Dr,E Tempe Marketplace,-35.0,Intersection Related 206,0.0,0.0,No Injury,Rear End,Daylight,Clear,Dry,42.0,Male,North,Going Straight Ahead,Followed Too Closely,No Apparent Influence,No Apparent Influence,47.0,Male,North,Going Straight Ahead,No Improper Action,No Apparent Influence,No Apparent Influence,33.43198856,-111.9092737,2021-11-22,20:00:00
42393,3849992,2021,Broadway Rd,Cutler Dr,225.0,Driveway Or Alley,0.0,0.0,No Injury,Angle - Other Than Left Turn 2,Daylight,Clear,Dry,50.0,Female,North,Making Left Turn,Failed To Yield Right Of Way,No Apparent Influence,No Apparent Influence,43.0,Male,East,Going Straight Ahead,No Improper Action,No Apparent Influence,No Apparent Influence,33.4074204,-111.9576339,2021-11-23,00:03:00
42394,3882655,2021,Price Rd,E Howe Ave,-85.0,Not Junction Related,1.0,0.0,Possible Injury,Rear End,Dark Lighted,Clear,Dry,26.0,Female,South,Slowing In Trafficway,Speed To Fast For Conditions,No Apparent Influence,No Apparent Influence,56.0,Female,South,Stopped In Trafficway,No Improper Action,No Apparent Influence,No Apparent Influence,33.41637804,-111.8919412,2021-11-23,00:29:00
42395,3853289,2021,Packard Dr,Rio Salado Pkwy,-215.0,Intersection T Inter 203,0.0,0.0,No Injury,Angle - Other Than Left Turn 2,Dark Lighted,Clear,Dry,34.0,Male,East,Making Right Turn,Speed To Fast For Conditions,No Apparent Influence,No Apparent Influence,69.0,Male,South,Going Straight Ahead,No Improper Action,No Apparent Influence,No Apparent Influence,33.42813605,-111.9292832,2021-11-23,02:32:00
42397,3872191,2021,Rural Rd,US-60 Exit 174 J-Ramp,99.0,Intersection Related 206,1.0,0.0,Suspected Minor Injury,Rear End,Daylight,Cloudy,Dry,20.0,Male,South,Going Straight Ahead,Speed To Fast For Conditions,Alcohol,No Apparent Influence,29.0,Male,South,Going Straight Ahead,No Improper Action,No Apparent Influence,No Apparent Influence,33.38645292,-111.9264649,2021-11-23,15:44:00
42398,3850045,2021,Baseline Rd,Wendler Dr,0.0,Not Junction Related,0.0,0.0,No Injury,Left Turn,Daylight,Cloudy,Dry,59.0,Male,East,Going Straight Ahead,Unknown,No Apparent Influence,No Apparent Influence,41.0,Female,South,Making Left Turn,Unknown,No Apparent Influence,No Apparent Influence,33.37825837,-111.9697859,2021-11-23,15:54:00
42400,3872177,2021,Priest Dr,Broadway Rd,218.0,Not Junction Related,1.0,0.0,Possible Injury,Angle - Other Than Left Turn 2,Daylight,Clear,Dry,21.0,Female,West,Making Left Turn,Failed To Yield Right Of Way,No Apparent Influence,No Apparent Influence,28.0,Female,North,Going Straight Ahead,No Improper Action,No Apparent Influence,No Apparent Influence,33.40801977,-111.9607874,2021-11-23,17:30:00
42401,3884407,2021,5th St,Ash Ave,-25.0,Intersection Related 206,0.0,0.0,No Injury,Rear End,Daylight,Clear,Dry,29.0,Female,East,Going Straight Ahead,Speed To Fast For Conditions,No Apparent Influence,No Apparent Influence,19.0,Female,East,Slowing In Trafficway,No Improper Action,No Apparent Influence,No Apparent Influence,33.42549177,-111.9434527,2021-11-23,19:08:00
42404,3882318,2021,Rural Rd,Broadway Rd,0.0,Intersection 201,2.0,0.0,Suspected Minor Injury,Left Turn,Daylight,Cloudy,Dry,29.0,Female,South,Making Left Turn,Failed To Yield Right Of Way,No Apparent Influence,No Apparent Influence,41.0,Male,East,Going Straight Ahead,No Improper Action,No Apparent Influence,No Apparent Influence,33.40750182,-111.9262829,2021-11-23,20:33:00
42405,3883928,2021,Scottsdale Rd,Papago Dr,-200.0,Not Junction Related,0.0,0.0,No Injury,Rear End,Daylight,Cloudy,Dry,23.0,Male,North,Going Straight Ahead,Speed To Fast For Conditions,No Apparent Influence,No Apparent Influence,36.0,Female,North,Going Straight Ahead,No Improper Action,No Apparent Influence,No Apparent Influence,33.45286956,-111.9264464,2021-11-23,20:45:00
42406,3883926,2021,Washington St,Center Pkwy,0.0,Intersection 4 Way 202,2.0,0.0,Suspected Minor Injury,Left Turn,Daylight,Cloudy,Dry,59.0,Male,East,Going Straight Ahead,Speed To Fast For Conditions,No Apparent Influence,No Apparent Influence,35.0,Male,West,Making Left Turn,No Improper Action,No Apparent Influence,No Apparent Influence,33.43930556,-111.9488308,2021-11-23,22:43:00
42407,3882668,2021,Scottsdale Rd,Gilbert Dr,0.0,Intersection T Inter 203,0.0,0.0,No Injury,Left Turn,Daylight,Clear,Wet,31.0,Male,South,Making Left Turn,Failed To Yield Right Of Way,No Apparent Influence,No Apparent Influence,30.0,Male,West,Going Straight Ahead,No Improper Action,No Apparent Influence,No Apparent Influence,33.43756227,-111.9262752,2021-11-23,22:49:00
42411,3853203,2021,Veterans Way,University Dr,0.0,Intersection 4 Way 202,0.0,0.0,No Injury,Sideswipe Same Direction,Daylight,Clear,Dry,20.0,Female,South,Changing Lanes,Unsafe Lane Change,No Apparent Influence,No Apparent Influence,63.0,Male,South,Going Straight Ahead,No Improper Action,No Apparent Influence,No Apparent Influence,33.42201895,-111.9289393,2021-11-24,15:14:00
42415,3888265,2021,Apache Blvd,Rural Rd,203.0,Not Junction Related,1.0,0.0,Suspected Minor Injury,Sideswipe Same Direction,Daylight,Cloudy,Dry,26.0,Male,West,Going Straight Ahead,Failed To Keep In Proper Lane,Alcohol,No Apparent Influence,81.0,Male,West,Properly Parked,No Improper Action,No Apparent Influence,No Apparent Influence,33.41475971,-111.9256275,2021-11-24,23:19:00
42419,3891729,2021,Playa Del Norte Dr,Scottsdale Rd,0.0,Not Junction Related,0.0,0.0,No Injury,Sideswipe Opposite Direction,Dark Lighted,Clear,Dry,21.0,Male,East,Making Right Turn,Speed To Fast For Conditions,No Apparent Influence,No Apparent Influence,17.0,Male,West,Going Straight Ahead,No Improper Action,No Apparent Influence,No Apparent Influence,33.43534857,-111.9244367,2021-11-25,05:15:00
42420,3872176,2021,Broadway Rd,Industrial Park Ave,0.0,Intersection 4 Way 202,1.0,0.0,Possible Injury,Rear End,Daylight,Clear,Dry,29.0,Male,East,Going Straight Ahead,Speed To Fast For Conditions,Alcohol,No Apparent Influence,30.0,Male,East,Going Straight Ahead,No Improper Action,No Apparent Influence,No Apparent Influence,33.4074084,-111.955271,2021-11-25,18:06:00
42423,3882269,2021,Hardy Dr,Broadway Rd,-50.0,Not Junction Related,0.0,0.0,No Injury,Rear End,Dark Lighted,Clear,Dry,51.0,Male,North,Going Straight Ahead,Speed To Fast For Conditions,No Apparent Influence,No Apparent Influence,37.0,Male,North,Stopped In Trafficway,No Improper Action,No Apparent Influence,No Apparent Influence,33.40725567,-111.9521638,2021-11-26,05:41:00
42424,3872189,2021,Baseline Rd,McClintock Dr,0.0,Intersection 4 Way 202,0.0,0.0,No Injury,Angle - Other Than Left Turn 2,Daylight,Clear,Dry,78.0,Male,West,Going Straight Ahead,Disregarded Traffic Signal,No Apparent Influence,No Apparent Influence,22.0,Female,Northeast,Making Left Turn,No Improper Action,No Apparent Influence,No Apparent Influence,33.37842427,-111.9092614,2021-11-26,14:47:00
42427,3872186,2021,University Dr,52nd St,0.0,Intersection 4 Way 202,0.0,0.0,No Injury,Angle - Other Than Left Turn 2,Daylight,Clear,Dry,65.0,Female,East,Going Straight Ahead,Disregarded Traffic Signal,No Apparent Influence,No Apparent Influence,37.0,Male,South,Going Straight Ahead,No Improper Action,No Apparent Influence,No Apparent Influence,33.42194304,-111.9695686,2021-11-26,19:57:00
42428,3872187,2021,52nd St,14th St,0.0,Intersection 4 Way 202,0.0,0.0,No Injury,Left Turn,Dark Lighted,Clear,Dry,53.0,Female,North,Making Left Turn,Failed To Yield Right Of Way,No Apparent Influence,No Apparent Influence,22.0,Male,South,Going Straight Ahead,No Improper Action,No Apparent Influence,No Apparent Influence,33.41358518,-111.9695141,2021-11-26,20:29:00
42429,3872192,2021,Warner Rd,Priest Dr,87.0,Intersection Related 206,1.0,0.0,Possible Injury,Angle - Other Than Left Turn 2,Daylight,Clear,Dry,55.0,Female,South,Making Left Turn,Other,No Apparent Influence,No Apparent Influence,23.0,Female,West,Stopped In Trafficway,No Improper Action,No Apparent Influence,No Apparent Influence,33.33452801,-111.9628327,2021-11-26,20:41:00
42431,3930522,2021,Broadway Rd,Priest Dr,0.0,Intersection 4 Way 202,0.0,0.0,No Injury,Angle - Other Than Left Turn 2,Dark Lighted,Clear,Dry,18.0,Female,West,Going Straight Ahead,Disregarded Traffic Signal,No Apparent Influence,No Apparent Influence,65.0,Female,North,Going Straight Ahead,No Improper Action,No Apparent Influence,No Apparent Influence,33.40742082,-111.9607805,2021-11-27,03:39:00
42432,3881166,2021,Apache Blvd,Rural Rd,0.0,Intersection 4 Way 202,0.0,0.0,No Injury,Left Turn,Dark Lighted,Clear,Dry,18.0,Male,North,Making Left Turn,Made Improper Turn,Alcohol,No Apparent Influence,18.0,Female,South,Going Straight Ahead,No Improper Action,No Apparent Influence,No Apparent Influence,33.41476221,-111.9262928,2021-11-27,05:51:00
42434,3884410,2021,McClintock Dr,Apache Blvd,96.0,Not Junction Related,1.0,0.0,Possible Injury,Angle - Other Than Left Turn 2,Daylight,Clear,Dry,45.0,Female,South,Going Straight Ahead,Speed To Fast For Conditions,No Apparent Influence,No Apparent Influence,52.0,Male,South,Stopped In Trafficway,No Improper Action,No Apparent Influence,No Apparent Influence,33.41502368,-111.9091321,2021-11-27,18:53:00
42436,3883916,2021,Rio Salado Pkwy,Rural Rd,-35.0,Intersection Related 206,0.0,0.0,No Injury,Rear End,Daylight,Clear,Dry,26.0,Male,East,Going Straight Ahead,Speed To Fast For Conditions,No Apparent Influence,No Apparent Influence,53.0,Male,East,Going Straight Ahead,No Improper Action,No Apparent Influence,No Apparent Influence,33.42885386,-111.9264033,2021-11-27,22:41:00
42438,3884328,2021,56th St,Baseline Rd,-171.0,Not Junction Related,0.0,0.0,No Injury,Rear End,Dark Lighted,Clear,Dry,19.0,Male,South,Going Straight Ahead,Speed To Fast For Conditions,No Apparent Influence,No Apparent Influence,71.0,Female,South,Going Straight Ahead,No Improper Action,No Apparent Influence,No Apparent Influence,33.37777389,-111.9631693,2021-11-27,23:56:00
42441,3911384,2021,Broadway Rd,Rural Rd,0.0,Intersection 4 Way 202,1.0,0.0,Possible Injury,Left Turn,Dark Lighted,Clear,Dry,31.0,Female,North,Going Straight Ahead,Unknown,No Apparent Influence,No Apparent Influence,21.0,Female,South,Making Left Turn,Unknown,No Apparent Influence,No Apparent Influence,33.40750178,-111.9262829,2021-11-28,03:49:00
42443,3884282,2021,5th St,Ash Ave,-100.0,Intersection Related 206,0.0,0.0,No Injury,Sideswipe Opposite Direction,Daylight,Clear,Dry,36.0,Female,West,Making U Turn,Made Improper Turn,No Apparent Influence,No Apparent Influence,32.0,Male,East,Going Straight Ahead,No Improper Action,No Apparent Influence,No Apparent Influence,33.4254898,-111.9436985,2021-11-28,15:22:00
42444,3888228,2021,Southern Ave,Roberts Rd,0.0,Intersection 201,0.0,0.0,No Injury,Left Turn,Dark Lighted,Clear,Dry,28.0,Male,East,Making Left Turn,Failed To Yield Right Of Way,No Apparent Influence,No Apparent Influence,19.0,Female,West,Going Straight Ahead,No Improper Action,No Apparent Influence,No Apparent Influence,33.39286079,-111.95562,2021-11-29,12:13:00
42445,3872188,2021,Baseline Rd,Kyrene Rd,0.0,Intersection T Inter 203,1.0,0.0,Possible Injury,Angle - Other Than Left Turn 2,Daylight,Clear,Dry,51.0,Male,South,Making Right Turn,Failed To Yield Right Of Way,No Apparent Influence,No Apparent Influence,38.0,Female,West,Going Straight Ahead,No Improper Action,No Apparent Influence,No Apparent Influence,33.37821693,-111.9438877,2021-11-29,16:23:00
42446,3872195,2021,Warner Rd,Hardy Dr,0.0,Intersection 4 Way 202,1.0,0.0,Suspected Minor Injury,Left Turn,Daylight,Clear,Dry,49.0,Male,East,Making Left Turn,Failed To Yield Right Of Way,No Apparent Influence,No Apparent Influence,40.0,Female,West,Going Straight Ahead,No Improper Action,No Apparent Influence,No Apparent Influence,33.33456763,-111.9543378,2021-11-29,19:23:00
42447,3872175,2021,56th St,Baseline Rd,-92.0,Intersection Related 206,0.0,0.0,No Injury,Angle - Other Than Left Turn 2,Daylight,Clear,Dry,53.0,Male,East,Making Right Turn,Made Improper Turn,No Apparent Influence,No Apparent Influence,35.0,Male,North,Stopped In Trafficway,No Improper Action,No Apparent Influence,No Apparent Influence,33.37799127,-111.9631709,2021-11-29,20:37:00
42450,3891746,2021,Southern Ave,Mill Ave,230.0,Not Junction Related,0.0,0.0,No Injury,Angle - Other Than Left Turn 2,Daylight,Clear,Dry,22.0,Male,South,Making Left Turn,Failed To Yield Right Of Way,No Apparent Influence,No Apparent Influence,65.0,Male,West,Going Straight Ahead,No Improper Action,No Apparent Influence,No Apparent Influence,33.39286969,-111.9388511,2021-11-29,22:10:00
42452,3869833,2021,Southern Ave,Oak St,120.0,Not Junction Related,0.0,0.0,No Injury,Rear End,Dark Lighted,Clear,Dry,89.0,Male,West,Going Straight Ahead,Followed Too Closely,No Apparent Influence,No Apparent Influence,86.0,Male,West,Stopped In Trafficway,No Improper Action,No Apparent Influence,No Apparent Influence,33.39298875,-111.915184,2021-11-30,00:44:00
42457,3888231,2021,Baseline Rd,Mill Ave,0.0,Intersection 4 Way 202,0.0,0.0,No Injury,Sideswipe Same Direction,Daylight,Clear,Dry,55.0,Male,East,Making Left Turn,Unknown,No Apparent Influence,No Apparent Influence,68.0,Male,East,Going Straight Ahead,No Improper Action,No Apparent Influence,No Apparent Influence,33.37821114,-111.9393657,2021-11-30,18:57:00
42462,3917489,2021,McClintock Dr,La Vieve Ln,0.0,Intersection 201,1.0,0.0,Possible Injury,Left Turn,Dark Lighted,Clear,Dry,16.0,Male,South,Making Left Turn,Failed To Yield Right Of Way,No Apparent Influence,No Apparent Influence,35.0,Male,West,Making Left Turn,No Improper Action,No Apparent Influence,No Apparent Influence,33.3314647,-111.9111649,2021-12-01,01:48:00
42463,3887671,2021,8th St,Dorsey Ln,0.0,Intersection 4 Way 202,0.0,0.0,No Injury,Angle - Other Than Left Turn 2,Dark Not Lighted,Clear,Dry,26.0,Male,West,Going Straight Ahead,Unknown,No Apparent Influence,No Apparent Influence,20.0,Female,South,Going Straight Ahead,Unknown,No Apparent Influence,No Apparent Influence,33.41941905,-111.9177058,2021-12-01,05:25:00
42464,3853285,2021,Lemon St,McAllister Ave,-25.0,Intersection Related 206,0.0,0.0,No Injury,Sideswipe Same Direction,Daylight,Clear,Dry,18.0,Male,North,Going Straight Ahead,Passed In No Passing Zone,No Apparent Influence,No Apparent Influence,44.0,Male,North,Going Straight Ahead,No Improper Action,No Apparent Influence,No Apparent Influence,33.41667509,-111.9292679,2021-12-01,16:22:00
42465,3882336,2021,Scottsdale Rd,Playa Del Norte Dr,-84.0,Intersection Related 206,2.0,0.0,Possible Injury,Rear End,Daylight,Clear,Dry,43.0,Female,North,Slowing In Trafficway,Followed Too Closely,No Apparent Influence,No Apparent Influence,44.0,Female,North,Slowing In Trafficway,No Improper Action,No Apparent Influence,No Apparent Influence,33.43380382,-111.9262647,2021-12-01,18:17:00
42467,3887674,2021,Priest Dr,Fountainhead Pkwy,45.0,Intersection Related 206,0.0,0.0,No Injury,Rear End,Daylight,Clear,Dry,17.0,Male,South,Going Straight Ahead,Speed To Fast For Conditions,No Apparent Influence,No Apparent Influence,62.0,Female,South,Stopped In Trafficway,No Improper Action,No Apparent Influence,No Apparent Influence,33.40380363,-111.9607763,2021-12-01,22:18:00
42468,3882338,2021,Baseline Rd,Kyrene Rd,0.0,Intersection T Inter 203,1.0,0.0,Possible Injury,Left Turn,Daylight,Clear,Dry,23.0,Male,East,Making Left Turn,Failed To Yield Right Of Way,No Apparent Influence,No Apparent Influence,51.0,Female,West,Going Straight Ahead,No Improper Action,No Apparent Influence,No Apparent Influence,33.37819996,-111.9459886,2021-12-01,23:45:00
42470,3888550,2021,Hardy Dr,Manhatton Dr,64.0,Intersection Related 206,1.0,0.0,Suspected Minor Injury,Left Turn,Dusk,Clear,Dry,28.0,Male,East,Making Left Turn,Speed To Fast For Conditions,Alcohol,No Apparent Influence,29.0,Male,South,Going Straight Ahead,No Improper Action,No Apparent Influence,No Apparent Influence,33.38956735,-111.9525326,2021-12-02,00:13:00