,Incident ID,Year,Street Name,Cross Street,Distance,Junction Relation,Total Injuries,Total Fatalities,Injury Severity,Collision Manner,Light Condition,Weather,Surface Condition,Age Driver 1,Gender Driver 1,Travel Direction One,Unit Action One,Violation1_Drv1,Alcohol Use Driver 1,Drug Use Driver 1,Age Driver 2,Gender Driver 2,Travel Direction Two,Unit Action Two,Violation 1 Driver 2,Alcohol Use Driver 2,Drug Use Driver 2,Latitude,Longitude,Date,Time
42471,3882223,2021,Warner Rd,Kyrene Rd,92.0,Intersection Related 206,1.0,0.0,Possible Injury,Rear End,Dark Lighted,Clear,Dry,39.0,Male,West,Going Straight Ahead,Speed To Fast For Conditions,No Apparent Influence,No Apparent Influence,51.0,Female,West,Stopped In Trafficway,No Improper Action,No Apparent Influence,No Apparent Influence,33.33460491,-111.9453564,2021-12-02,01:53:00
42472,3888261,2021,Guadalupe Rd,McClintock Dr,0.0,Intersection 4 Way 202,0.0,0.0,No Injury,Left Turn,Dark Lighted,Clear,Dry,25.0,Female,West,Making Left Turn,Failed To Yield Right Of Way,No Apparent Influence,No Apparent Influence,63.0,Male,East,Going Straight Ahead,No Improper Action,No Apparent Influence,No Apparent Influence,33.36376447,-111.9112567,2021-12-02,02:05:00
42473,3855338,2021,Rio Salado Pkwy,Ash Ave,0.0,Intersection 201,0.0,0.0,No Injury,Angle - Other Than Left Turn 2,Dark Lighted,Clear,Dry,35.0,Female,West,Going Straight Ahead,Failed To Yield Right Of Way,No Apparent Influence,No Apparent Influence,26.0,Female,North,Going Straight Ahead,No Improper Action,No Apparent Influence,No Apparent Influence,33.43154091,-111.9434079,2021-12-02,02:57:00
42474,3888229,2021,Rural Rd,Terrace Rd,-45.0,Intersection Related 206,0.0,0.0,No Injury,Rear End,Dawn,Clear,Dry,28.0,Male,North,Slowing In Trafficway,Followed Too Closely,No Apparent Influence,No Apparent Influence,72.0,Female,North,Slowing In Trafficway,No Improper Action,No Apparent Influence,No Apparent Influence,33.4201519,-111.9263004,2021-12-02,14:02:00
42476,3888225,2021,Broadway Rd,Priest Dr,-104.0,Intersection Related 206,0.0,0.0,No Injury,Rear End,Daylight,Clear,Dry,60.0,Male,East,Going Straight Ahead,Followed Too Closely,No Apparent Influence,No Apparent Influence,47.0,Female,East,Stopped In Trafficway,No Improper Action,No Apparent Influence,No Apparent Influence,33.40742157,-111.9611212,2021-12-02,15:11:00
42479,3888214,2021,48th St,Southern Ave,0.0,Intersection 4 Way 202,1.0,0.0,Suspected Minor Injury,Angle - Other Than Left Turn 2,Daylight,Clear,Dry,25.0,Male,East,Making Left Turn,Disregarded Traffic Signal,No Apparent Influence,Drugs,31.0,Female,South,Going Straight Ahead,No Improper Action,No Apparent Influence,No Apparent Influence,33.39276724,-111.9783383,2021-12-02,19:56:00
42483,3882316,2021,Southern Ave,Mill Ave,-108.0,Intersection Related 206,0.0,0.0,No Injury,Sideswipe Same Direction,Daylight,Clear,Dry,67.0,Male,East,Going Straight Ahead,Speed To Fast For Conditions,No Apparent Influence,No Apparent Influence,44.0,Male,East,Stopped In Trafficway,No Improper Action,No Apparent Influence,No Apparent Influence,33.39285975,-111.9399575,2021-12-02,23:18:00
42484,3887704,2021,Guadalupe Rd,McClintock Dr,-70.0,Intersection Related 206,0.0,0.0,No Injury,Head On,Dark Lighted,Clear,Dry,34.0,Male,South,Making Left Turn,Speed To Fast For Conditions,No Apparent Influence,No Apparent Influence,47.0,Male,East,Stopped In Trafficway,No Improper Action,No Apparent Influence,No Apparent Influence,33.3637651,-111.9114859,2021-12-03,00:49:00
42485,3855333,2021,Rural Rd,Lemon St,0.0,Intersection 4 Way 202,2.0,0.0,Possible Injury,Left Turn,Dark Lighted,Clear,Dry,20.0,Female,South,Making Left Turn,Failed To Yield Right Of Way,No Apparent Influence,No Apparent Influence,21.0,Female,North,Going Straight Ahead,No Improper Action,No Apparent Influence,No Apparent Influence,33.41683505,-111.9262972,2021-12-03,02:31:00
42487,3855601,2021,University Dr,College Ave,-100.0,Not Junction Related,0.0,0.0,No Injury,Left Turn,Dark Lighted,Clear,Dry,22.0,Male,North,Making U Turn,Unsafe Lane Change,No Apparent Influence,No Apparent Influence,20.0,Female,East,Going Straight Ahead,No Improper Action,No Apparent Influence,No Apparent Influence,33.42195444,-111.9352938,2021-12-03,06:55:00
42488,3884331,2021,University Dr,Farmer Ave,-180.0,Not Junction Related,1.0,0.0,Possible Injury,Other,Daylight,Clear,Dry,18.0,Male,East,Going Straight Ahead,Other,No Apparent Influence,No Apparent Influence,34.0,Male,West,Going Straight Ahead,No Improper Action,No Apparent Influence,No Apparent Influence,33.42189606,-111.9448622,2021-12-03,15:13:00
42490,3887686,2021,University Dr,S Athletes Pl,-88.0,Not Junction Related,0.0,0.0,No Injury,Sideswipe Same Direction,Daylight,Clear,Dry,78.0,Male,West,Changing Lanes,Unsafe Lane Change,No Apparent Influence,No Apparent Influence,38.0,Male,West,Going Straight Ahead,No Improper Action,No Apparent Influence,No Apparent Influence,33.42202402,-111.9231842,2021-12-03,19:35:00
42493,3887718,2021,Southern Ave,McClintock Dr,-100.0,Intersection Related 206,0.0,0.0,No Injury,Rear End,Daylight,Clear,Dry,59.0,Male,East,Going Straight Ahead,Speed To Fast For Conditions,No Apparent Influence,No Apparent Influence,47.0,Female,East,Stopped In Trafficway,No Improper Action,No Apparent Influence,No Apparent Influence,33.39299212,-111.9094542,2021-12-03,21:40:00
42495,3887700,2021,Priest Dr,Warner Rd,0.0,Intersection 4 Way 202,0.0,0.0,No Injury,Left Turn,Daylight,Clear,Dry,39.0,Male,South,Making Left Turn,Made Improper Turn,Alcohol,No Apparent Influence,27.0,Male,North,Going Straight Ahead,No Improper Action,No Apparent Influence,No Apparent Influence,33.33452529,-111.9631174,2021-12-04,00:37:00
42496,3887691,2021,Baseline Rd,48th St,200.0,Not Junction Related,0.0,0.0,No Injury,Sideswipe Same Direction,Dark Lighted,Clear,Dry,22.0,Female,West,Going Straight Ahead,Unsafe Lane Change,No Apparent Influence,No Apparent Influence,43.0,Male,West,Going Straight Ahead,No Improper Action,No Apparent Influence,No Apparent Influence,33.37818808,-111.9777613,2021-12-04,02:19:00
42499,3884292,2021,Priest Dr,Elliot Rd,0.0,Intersection 201,1.0,0.0,Possible Injury,Left Turn,Daylight,Clear,Dry,69.0,Female,South,Going Straight Ahead,Unknown,No Apparent Influence,No Apparent Influence,70.0,Male,West,Making Left Turn,Unknown,No Apparent Influence,No Apparent Influence,33.34910384,-111.9631336,2021-12-04,21:26:00
42500,3882311,2021,Southern Ave,S Juniper St,54.0,Not Junction Related,1.0,0.0,Possible Injury,Rear End,Dark Lighted,Clear,Dry,31.0,Male,East,Going Straight Ahead,Followed Too Closely,Alcohol,No Apparent Influence,19.0,Male,East,Slowing In Trafficway,No Improper Action,No Apparent Influence,No Apparent Influence,33.39298674,-111.9123419,2021-12-05,01:31:00
42502,3891741,2021,Lemon St,Terrace Rd,0.0,Intersection 4 Way 202,0.0,0.0,No Injury,Left Turn,Dark Lighted,Clear,Dry,19.0,Female,East,Making Left Turn,Disregarded Traffic Signal,No Apparent Influence,No Apparent Influence,20.0,Female,West,Going Straight Ahead,No Improper Action,No Apparent Influence,No Apparent Influence,33.41675933,-111.9224177,2021-12-05,05:21:00
42504,3888215,2021,Priest Dr,US-60 Exit 172 G-Ramp,-150.0,Intersection Related 206,0.0,0.0,No Injury,Rear End,Daylight,Clear,Dry,67.0,Female,North,Going Straight Ahead,Speed To Fast For Conditions,No Apparent Influence,No Apparent Influence,23.0,Male,North,Stopped In Trafficway,No Improper Action,No Apparent Influence,No Apparent Influence,33.38635599,-111.9609286,2021-12-05,23:51:00
42505,3888555,2021,Rio Salado Pkwy,W Lakeside Dr,0.0,Intersection T Inter 203,0.0,0.0,No Injury,Left Turn,Dark Lighted,Clear,Dry,58.0,Male,South,Making Left Turn,Failed To Yield Right Of Way,No Apparent Influence,No Apparent Influence,18.0,Female,East,Going Straight Ahead,No Improper Action,No Apparent Influence,No Apparent Influence,33.43088744,-111.9473561,2021-12-06,00:51:00
42507,3855341,2021,Scottsdale Rd,Gilbert Dr,-200.0,Not Junction Related,0.0,0.0,No Injury,Sideswipe Same Direction,Dark Lighted,Clear,Dry,22.0,Male,South,Going Straight Ahead,Speed To Fast For Conditions,No Apparent Influence,No Apparent Influence,25.0,Male,South,Stopped In Trafficway,No Improper Action,No Apparent Influence,No Apparent Influence,33.43701289,-111.9262618,2021-12-06,02:18:00
42509,3888213,2021,48th St,Broadway Rd,80.0,Intersection Related 206,0.0,0.0,No Injury,Sideswipe Same Direction,Daylight,Clear,Dry,48.0,Male,South,Slowing In Trafficway,Unknown,No Apparent Influence,No Apparent Influence,25.0,Male,South,Going Straight Ahead,Unknown,No Apparent Influence,No Apparent Influence,33.40754793,-111.9782658,2021-12-06,16:18:00
42510,3882319,2021,McAllister Ave,Malibu Dr,0.0,Intersection 4 Way 202,2.0,0.0,Possible Injury,Angle - Other Than Left Turn 2,Daylight,Clear,Dry,20.0,Female,East,Going Straight Ahead,Failed To Yield Right Of Way,No Apparent Influence,No Apparent Influence,45.0,Female,South,Going Straight Ahead,No Improper Action,No Apparent Influence,No Apparent Influence,33.39096834,-111.9306644,2021-12-06,17:14:00
42511,3884323,2021,Rural Rd,Southern Ave,175.0,Driveway Or Alley,0.0,0.0,No Injury,Angle - Other Than Left Turn 2,Daylight,Clear,Dry,28.0,Male,East,Making Right Turn,Failed To Yield Right Of Way,No Apparent Influence,No Apparent Influence,37.0,Male,South,Going Straight Ahead,No Improper Action,No Apparent Influence,No Apparent Influence,33.39344184,-111.9263264,2021-12-06,18:14:00
42513,3884279,2021,Guadalupe Rd,Kyrene Rd,28.0,Intersection Related 206,0.0,0.0,No Injury,Angle - Other Than Left Turn 2,Daylight,Clear,Dry,51.0,Male,North,Making Right Turn,Other,No Apparent Influence,No Apparent Influence,44.0,Male,West,Stopped In Trafficway,No Improper Action,No Apparent Influence,No Apparent Influence,33.3636604,-111.9458026,2021-12-06,21:30:00
42514,3855603,2021,Broadway Rd,Hardy Dr,0.0,Intersection 4 Way 202,2.0,0.0,Suspected Minor Injury,Left Turn,Daylight,Clear,Dry,29.0,Male,West,Making Left Turn,Failed To Yield Right Of Way,No Apparent Influence,No Apparent Influence,57.0,Male,East,Going Straight Ahead,No Improper Action,No Apparent Influence,No Apparent Influence,33.40739301,-111.952165,2021-12-06,21:44:00
42517,3888241,2021,Broadway Rd,Sierra Vista Dr,0.0,Intersection T Inter 203,2.0,0.0,Suspected Minor Injury,Angle - Other Than Left Turn 2,Dark Lighted,Clear,Dry,21.0,Male,East,Changing Lanes,Unsafe Lane Change,No Apparent Influence,No Apparent Influence,27.0,Male,East,Going Straight Ahead,No Improper Action,No Apparent Influence,No Apparent Influence,33.40747298,-111.9311241,2021-12-07,01:40:00
42519,3887708,2021,Baseline Rd,Hardy Dr,0.0,Intersection 4 Way 202,1.0,0.0,Suspected Minor Injury,Left Turn,Daylight,Cloudy,Dry,27.0,Male,West,Making Left Turn,Failed To Yield Right Of Way,No Apparent Influence,No Apparent Influence,31.0,Male,East,Going Straight Ahead,No Improper Action,No Apparent Influence,No Apparent Influence,33.37821354,-111.9525127,2021-12-07,22:51:00
42522,3892089,2021,Baseline Rd,Kyrene Rd,0.0,Not Junction Related,0.0,0.0,No Injury,Other,Dark Lighted,Clear,Dry,42.0,Male,North,Changing Lanes,Unsafe Lane Change,No Apparent Influence,No Apparent Influence,54.0,Female,North,Going Straight Ahead,No Improper Action,No Apparent Influence,No Apparent Influence,33.37819996,-111.9459886,2021-12-08,00:48:00
42523,3888248,2021,Scottsdale Rd,Rio Salado Pkwy,225.0,Intersection Related 206,0.0,0.0,No Injury,Rear End,Dark Lighted,Clear,Dry,24.0,Female,South,Going Straight Ahead,Speed To Fast For Conditions,Alcohol,No Apparent Influence,26.0,Female,South,Going Straight Ahead,No Improper Action,No Apparent Influence,No Apparent Influence,33.42946674,-111.9262875,2021-12-08,03:00:00
42527,3882337,2021,Broadway Rd,Rural Rd,0.0,Intersection Related 206,2.0,0.0,Possible Injury,Rear End,Daylight,Clear,Dry,24.0,Female,West,Going Straight Ahead,Speed To Fast For Conditions,No Apparent Influence,No Apparent Influence,26.0,Female,West,Slowing In Trafficway,No Improper Action,No Apparent Influence,No Apparent Influence,33.40750178,-111.9262829,2021-12-08,20:16:00
42530,3887702,2021,Priest Dr,La Jolla Dr,-100.0,Intersection Related 206,0.0,0.0,No Injury,Rear End,Dark Lighted,Cloudy,Dry,36.0,Male,South,Going Straight Ahead,Speed To Fast For Conditions,No Apparent Influence,No Apparent Influence,28.0,Male,South,Slowing In Trafficway,No Improper Action,No Apparent Influence,No Apparent Influence,33.3900066,-111.9608159,2021-12-09,02:13:00
42531,3892110,2021,University Dr,Evergreen Rd,100.0,Intersection Related 206,0.0,0.0,No Injury,Rear End,Daylight,Clear,Dry,32.0,Female,West,Going Straight Ahead,Followed Too Closely,No Apparent Influence,No Apparent Influence,31.0,Female,West,Stopped In Trafficway,No Improper Action,No Apparent Influence,No Apparent Influence,33.42210784,-111.8826882,2021-12-09,15:52:00
42535,3884308,2021,Rio Salado Pkwy,Perry Ln,0.0,Intersection 4 Way 202,1.0,0.0,Possible Injury,Angle - Other Than Left Turn 2,Daylight,Clear,Dry,31.0,Female,West,Going Straight Ahead,Disregarded Traffic Signal,No Apparent Influence,No Apparent Influence,28.0,Female,South,Making Left Turn,No Improper Action,No Apparent Influence,No Apparent Influence,33.42923899,-111.904765,2021-12-09,18:03:00
42538,3884274,2021,Southern Ave,Fair Ln,-111.0,Intersection Related 206,0.0,0.0,No Injury,Left Turn,Daylight,Cloudy,Dry,37.0,Male,North,Making Left Turn,Other,No Apparent Influence,No Apparent Influence,37.0,Male,West,Going Straight Ahead,No Improper Action,No Apparent Influence,No Apparent Influence,33.39277794,-111.9763702,2021-12-09,23:00:00
42539,3888219,2021,Southern Ave,Butte Ave,0.0,Intersection 4 Way 202,1.0,0.0,Suspected Minor Injury,Angle - Other Than Left Turn 2,Daylight,Cloudy,Dry,22.0,Female,West,Going Straight Ahead,Disregarded Traffic Signal,No Apparent Influence,No Apparent Influence,75.0,Female,South,Making Left Turn,No Improper Action,No Apparent Influence,No Apparent Influence,33.39298856,-111.9114058,2021-12-09,23:10:00
42540,3888237,2021,Elliot Rd,River Pkwy,0.0,Intersection 4 Way 202,2.0,0.0,Suspected Minor Injury,Angle - Other Than Left Turn 2,Daylight,Cloudy,Dry,18.0,Female,East,Going Straight Ahead,Disregarded Traffic Signal,No Apparent Influence,No Apparent Influence,27.0,Male,North,Making Left Turn,No Improper Action,No Apparent Influence,No Apparent Influence,33.34927691,-111.897908,2021-12-09,23:53:00
42542,3887701,2021,Baseline Rd,College Ave,150.0,Intersection Related 206,1.0,0.0,Possible Injury,Rear End,Dark Lighted,Cloudy,Dry,21.0,Male,West,Going Straight Ahead,Speed To Fast For Conditions,No Apparent Influence,No Apparent Influence,39.0,Male,West,Slowing In Trafficway,No Improper Action,No Apparent Influence,No Apparent Influence,33.37823003,-111.9347581,2021-12-10,00:42:00
42547,3889441,2021,Mill Ave,University Dr,25.0,Intersection Related 206,0.0,0.0,No Injury,Rear End,Dark Lighted,Clear,Dry,24.0,Male,South,Going Straight Ahead,Speed To Fast For Conditions,Alcohol,No Apparent Influence,19.0,Female,South,Stopped In Trafficway,No Improper Action,No Apparent Influence,No Apparent Influence,33.42200336,-111.9400162,2021-12-10,09:03:00
42548,3888262,2021,Kyrene Rd,Southern Ave,0.0,Intersection Related 206,0.0,0.0,No Injury,Left Turn,Dark Not Lighted,Clear,Dry,37.0,Female,East,Going Straight Ahead,Disregarded Traffic Signal,No Apparent Influence,No Apparent Influence,55.0,Male,North,Making Left Turn,No Improper Action,No Apparent Influence,No Apparent Influence,33.39283734,-111.9436847,2021-12-10,13:33:00
42550,3855598,2021,Rural Rd,Broadway Rd,142.0,Not Junction Related,0.0,0.0,No Injury,Angle - Other Than Left Turn 2,Daylight,Clear,Dry,34.0,Female,North,Changing Lanes,Unsafe Lane Change,No Apparent Influence,No Apparent Influence,23.0,Female,North,Going Straight Ahead,No Improper Action,No Apparent Influence,No Apparent Influence,33.40789199,-111.9262831,2021-12-10,15:11:00
42551,3884332,2021,University Dr,Smith Rd,161.0,Driveway Or Alley,2.0,0.0,Possible Injury,Left Turn,Daylight,Clear,Dry,22.0,Male,Southeast,Making Left Turn,Failed To Yield Right Of Way,No Apparent Influence,No Apparent Influence,37.0,Male,West,Going Straight Ahead,No Improper Action,No Apparent Influence,No Apparent Influence,33.42210735,-111.8999944,2021-12-10,17:55:00
42552,3855599,2021,Baseline Rd,Priest Dr,-89.0,Intersection Related 206,0.0,0.0,No Injury,Rear End,Daylight,Clear,Dry,20.0,Male,East,Going Straight Ahead,Speed To Fast For Conditions,No Apparent Influence,No Apparent Influence,25.0,Male,East,Stopped In Trafficway,No Improper Action,No Apparent Influence,No Apparent Influence,33.37824446,-111.9634664,2021-12-10,19:21:00
42553,3855600,2021,Rural Rd,Spence Ave,-172.0,Intersection Related 206,0.0,0.0,No Injury,Rear End,Daylight,Clear,Dry,28.0,Female,North,Going Straight Ahead,Followed Too Closely,No Apparent Influence,No Apparent Influence,61.0,Male,North,Stopped In Trafficway,No Improper Action,No Apparent Influence,No Apparent Influence,33.4124018,-111.9262859,2021-12-10,20:13:00
42556,3888253,2021,Apache Blvd,McClintock Dr,160.0,Not Junction Related,1.0,0.0,Suspected Minor Injury,Rear End,Daylight,Clear,Dry,60.0,Male,West,Going Straight Ahead,Speed To Fast For Conditions,Alcohol,No Apparent Influence,44.0,Female,West,Stopped In Trafficway,No Improper Action,No Apparent Influence,No Apparent Influence,33.41475958,-111.9086083,2021-12-10,22:32:00
42558,3899283,2021,McClintock Dr,Alameda Dr,0.0,Intersection 4 Way 202,2.0,0.0,Suspected Minor Injury,Left Turn,Dark Lighted,Clear,Dry,24.0,Female,North,Making Left Turn,Failed To Yield Right Of Way,Alcohol,No Apparent Influence,23.0,Male,South,Going Straight Ahead,No Improper Action,No Apparent Influence,No Apparent Influence,33.40014911,-111.9091317,2021-12-11,02:12:00
42559,3899334,2021,Rural Rd,6th St,0.0,Intersection 4 Way 202,0.0,0.0,No Injury,Left Turn,Dark Lighted,Cloudy,Dry,21.0,Male,South,Making Left Turn,Failed To Yield Right Of Way,No Apparent Influence,No Apparent Influence,24.0,Female,North,Going Straight Ahead,No Improper Action,No Apparent Influence,No Apparent Influence,33.42449794,-111.926302,2021-12-11,04:21:00
42562,3884291,2021,Elliot Rd,Priest Dr,0.0,Intersection 4 Way 202,0.0,0.0,No Injury,Angle - Other Than Left Turn 2,Daylight,Clear,Dry,45.0,Female,West,Going Straight Ahead,Failed To Yield Right Of Way,No Apparent Influence,No Apparent Influence,62.0,Female,South,Going Straight Ahead,No Improper Action,No Apparent Influence,No Apparent Influence,33.34910387,-111.9631335,2021-12-11,16:15:00
42563,3892085,2021,McClintock Dr,Diamond Dr,-160.0,Driveway Or Alley,1.0,0.0,Suspected Minor Injury,Rear End,Daylight,Clear,Dry,32.0,Male,North,Making Left Turn,Failed To Yield Right Of Way,No Apparent Influence,No Apparent Influence,73.0,Male,North,Going Straight Ahead,Unknown,No Apparent Influence,No Apparent Influence,33.35687728,-111.9112187,2021-12-11,16:40:00
42565,3892084,2021,Southern Ave,Kyrene Rd,0.0,Intersection T Inter 203,2.0,0.0,Suspected Minor Injury,Angle - Other Than Left Turn 2,Daylight,Clear,Dry,23.0,Male,North,Going Straight Ahead,Disregarded Traffic Signal,No Apparent Influence,No Apparent Influence,30.0,Female,North,Making Left Turn,No Improper Action,No Apparent Influence,No Apparent Influence,33.39283734,-111.9436848,2021-12-11,17:57:00
42566,3889494,2021,Priest Dr,Auto Dr,0.0,Intersection 4 Way 202,0.0,0.0,No Injury,Left Turn,Daylight,Clear,Dry,17.0,Male,North,Making Left Turn,Failed To Yield Right Of Way,No Apparent Influence,No Apparent Influence,34.0,Female,South,Going Straight Ahead,No Improper Action,No Apparent Influence,No Apparent Influence,33.3454814,-111.9631486,2021-12-11,19:26:00
42567,3892091,2021,Rio Salado Pkwy,Clark Dr,-102.0,Driveway Or Alley,0.0,0.0,No Injury,Angle - Other Than Left Turn 2,Daylight,Clear,Dry,38.0,Male,North,Making Right Turn,Failed To Yield Right Of Way,No Apparent Influence,No Apparent Influence,23.0,Female,North,Going Straight Ahead,No Improper Action,No Apparent Influence,No Apparent Influence,33.42930491,-111.8990827,2021-12-11,20:43:00
42570,3892092,2021,Rural Rd,Rio Salado Pkwy,0.0,Intersection 4 Way 202,0.0,0.0,No Injury,Left Turn,Daylight,Clear,Dry,51.0,Male,North,Making Right Turn,Failed To Yield Right Of Way,No Apparent Influence,No Apparent Influence,26.0,Male,North,Making Left Turn,No Improper Action,No Apparent Influence,No Apparent Influence,33.42884843,-111.9262892,2021-12-11,23:01:00
42573,3899273,2021,Guadalupe Rd,McClintock Dr,100.0,Not Junction Related,0.0,0.0,No Injury,Left Turn,Dark Lighted,Clear,Dry,22.0,Female,North,Making Left Turn,Failed To Yield Right Of Way,No Apparent Influence,No Apparent Influence,32.0,Male,East,Going Straight Ahead,No Improper Action,No Apparent Influence,No Apparent Influence,33.36375987,-111.9109295,2021-12-12,04:02:00
42577,3899294,2021,Mill Ave,Hermosa Dr,170.0,Intersection Related 206,2.0,0.0,Suspected Minor Injury,Rear End,Daylight,Clear,Dry,62.0,Male,North,Going Straight Ahead,Other,No Apparent Influence,No Apparent Influence,24.0,Female,North,Going Straight Ahead,Other,No Apparent Influence,No Apparent Influence,33.38867486,-111.9395298,2021-12-12,15:55:00
42578,3884314,2021,McClintock Dr,E Tempe Marketplace,-53.0,Intersection Related 206,1.0,0.0,Suspected Minor Injury,Rear End,Daylight,Clear,Dry,42.0,Male,North,Going Straight Ahead,Speed To Fast For Conditions,No Apparent Influence,No Apparent Influence,20.0,Female,North,Stopped In Trafficway,No Improper Action,No Apparent Influence,No Apparent Influence,33.43193938,-111.9092697,2021-12-12,21:06:00
42579,3891711,2021,Mill Ave,Southern Ave,15.0,Intersection 4 Way 202,0.0,0.0,No Injury,Sideswipe Same Direction,Daylight,Clear,Dry,68.0,Female,South,Changing Lanes,Unsafe Lane Change,No Apparent Influence,No Apparent Influence,39.0,Female,South,Making Right Turn,No Improper Action,No Apparent Influence,No Apparent Influence,33.39290399,-111.9396048,2021-12-12,22:27:00
42580,3887703,2021,McClintock Dr,Apache Blvd,30.0,Intersection Related 206,1.0,0.0,Suspected Minor Injury,Rear End,Dusk,Clear,Dry,40.0,Female,South,Going Straight Ahead,Followed Too Closely,Alcohol,No Apparent Influence,21.0,Male,South,Going Straight Ahead,No Improper Action,No Apparent Influence,No Apparent Influence,33.41484231,-111.9091324,2021-12-13,01:18:00
42583,3888222,2021,Priest Dr,Manhatton Dr,0.0,Intersection T Inter 203,2.0,0.0,Possible Injury,Angle - Other Than Left Turn 2,Daylight,Cloudy,Dry,18.0,Male,West,Making Left Turn,Failed To Yield Right Of Way,No Apparent Influence,No Apparent Influence,51.0,Male,North,Going Straight Ahead,No Improper Action,No Apparent Influence,No Apparent Influence,33.38870687,-111.960883,2021-12-13,19:59:00
42584,3899363,2021,McClintock Dr,Hayden Ln,0.0,Intersection T Inter 203,2.0,0.0,Suspected Minor Injury,Angle - Other Than Left Turn 2,Daylight,Clear,Dry,29.0,Male,West,Making Right Turn,Failed To Yield Right Of Way,No Apparent Influence,No Apparent Influence,21.0,Female,North,Going Straight Ahead,No Improper Action,No Apparent Influence,No Apparent Influence,33.41898273,-111.9090996,2021-12-13,20:44:00
42587,3887697,2021,Hardy Dr,Baseline Rd,180.0,Intersection Related 206,1.0,0.0,Possible Injury,Rear End,Daylight,Clear,Dry,31.0,Male,South,Going Straight Ahead,Followed Too Closely,No Apparent Influence,No Apparent Influence,33.0,Female,South,Stopped In Trafficway,No Improper Action,No Apparent Influence,No Apparent Influence,33.37870793,-111.9525028,2021-12-13,22:55:00
42588,3892093,2021,Kyrene Rd,Baseline Rd,0.0,Not Junction Related,2.0,0.0,Suspected Minor Injury,Rear End,Dark Lighted,Clear,Dry,31.0,Female,North,Going Straight Ahead,Followed Too Closely,No Apparent Influence,No Apparent Influence,60.0,Female,North,Slowing In Trafficway,No Improper Action,No Apparent Influence,No Apparent Influence,33.37819996,-111.9459885,2021-12-14,00:49:00
42589,3892066,2021,Price Rd,University Dr,-100.0,Intersection Related 206,1.0,0.0,Possible Injury,Rear End,Dark Lighted,Clear,Dry,35.0,Male,South,Going Straight Ahead,Followed Too Closely,No Apparent Influence,No Apparent Influence,24.0,Female,South,Slowing In Trafficway,No Improper Action,No Apparent Influence,No Apparent Influence,33.42173694,-111.8919611,2021-12-14,01:29:00
42590,3868468,2021,Rural Rd,Guadalupe Rd,-92.0,Not Junction Related,0.0,0.0,No Injury,Rear End,Daylight,Clear,Dry,73.0,Female,South,Going Straight Ahead,Speed To Fast For Conditions,No Apparent Influence,No Apparent Influence,73.0,Male,South,Stopped In Trafficway,No Improper Action,No Apparent Influence,No Apparent Influence,33.36350002,-111.9286021,2021-12-14,17:54:00
42592,3868755,2021,Broadway Rd,48th St,35.0,Intersection Related 206,0.0,0.0,No Injury,Sideswipe Same Direction,Daylight,Clear,Dry,42.0,Male,East,Other,Other,No Apparent Influence,No Apparent Influence,22.0,Female,East,Going Straight Ahead,No Improper Action,No Apparent Influence,No Apparent Influence,33.40732652,-111.9781731,2021-12-14,21:36:00
42593,3889493,2021,McClintock Dr,Minton Dr,36.0,Intersection Related 206,2.0,0.0,Suspected Minor Injury,Rear End,Dusk,Clear,Dry,75.0,Female,South,Going Straight Ahead,Speed To Fast For Conditions,No Apparent Influence,No Apparent Influence,28.0,Female,South,Slowing In Trafficway,No Improper Action,No Apparent Influence,No Apparent Influence,33.38193208,-111.909235,2021-12-14,23:22:00
42595,3918471,2021,Rural Rd,US-60 Exit 174 G-Ramp,-193.0,Not Junction Related,0.0,0.0,No Injury,Rear End,Daylight,Clear,Dry,59.0,Male,North,Going Straight Ahead,Other,No Apparent Influence,No Apparent Influence,33.0,Female,North,Going Straight Ahead,No Improper Action,No Apparent Influence,No Apparent Influence,33.38449131,-111.9264938,2021-12-15,15:21:00
42596,3891733,2021,Southern Ave,Fair Ln,-115.0,Driveway Or Alley,2.0,0.0,Possible Injury,Left Turn,Daylight,Clear,Dry,69.0,Female,East,Making Left Turn,Failed To Yield Right Of Way,No Apparent Influence,No Apparent Influence,44.0,Male,West,Going Straight Ahead,No Improper Action,No Apparent Influence,No Apparent Influence,33.39277787,-111.9763833,2021-12-15,22:38:00
42599,3923862,2021,Heather Dr,Manhatton Dr,0.0,Intersection 201,0.0,0.0,No Injury,Angle - Other Than Left Turn 2,Dark Not Lighted,Clear,Dry,58.0,Female,West,Making Right Turn,Ran Stop Sign,No Apparent Influence,No Apparent Influence,34.0,Female,North,Going Straight Ahead,No Improper Action,No Apparent Influence,No Apparent Influence,33.38879239,-111.9075435,2021-12-16,05:03:00
42603,3892078,2021,Warner Rd,Jewell St,-114.0,Not Junction Related,0.0,0.0,No Injury,Sideswipe Same Direction,Dark Lighted,Clear,Dry,21.0,Female,North,Going Straight Ahead,Followed Too Closely,No Apparent Influence,No Apparent Influence,57.0,Male,North,Stopped In Trafficway,No Improper Action,No Apparent Influence,No Apparent Influence,33.33451974,-111.9686681,2021-12-17,01:00:00
42604,3899312,2021,Scottsdale Rd,Curry Rd,220.0,Intersection Related 206,1.0,0.0,Possible Injury,Sideswipe Same Direction,Dark Lighted,Clear,Dry,19.0,Female,South,Going Straight Ahead,Speed To Fast For Conditions,No Apparent Influence,No Apparent Influence,29.0,Female,South,Stopped In Trafficway,No Improper Action,No Apparent Influence,No Apparent Influence,33.44089704,-111.9263498,2021-12-17,01:15:00