,Incident ID,Year,Street Name,Cross Street,Distance,Junction Relation,Total Injuries,Total Fatalities,Injury Severity,Collision Manner,Light Condition,Weather,Surface Condition,Age Driver 1,Gender Driver 1,Travel Direction One,Unit Action One,Violation1_Drv1,Alcohol Use Driver 1,Drug Use Driver 1,Age Driver 2,Gender Driver 2,Travel Direction Two,Unit Action Two,Violation 1 Driver 2,Alcohol Use Driver 2,Drug Use Driver 2,Latitude,Longitude,Date,Time
42605,3889577,2021,Rio Salado Pkwy,Ash Ave,0.0,Intersection 201,0.0,0.0,No Injury,Sideswipe Same Direction,Dark Lighted,Clear,Dry,79.0,Female,Southwest,Negotiating A Curve,Failed To Yield Right Of Way,No Apparent Influence,No Apparent Influence,20.0,Female,Southwest,Negotiating A Curve,No Improper Action,No Apparent Influence,No Apparent Influence,33.43154091,-111.9434079,2021-12-17,04:42:00
42609,3892102,2021,Elliot Rd,Hardy Dr,-150.0,Intersection Related 206,0.0,0.0,No Injury,Sideswipe Same Direction,Daylight,Clear,Dry,35.0,Male,East,Going Straight Ahead,Unknown,No Apparent Influence,No Apparent Influence,65.0,Male,East,Going Straight Ahead,Unknown,No Apparent Influence,No Apparent Influence,33.3491533,-111.9549715,2021-12-17,17:09:00
42615,3889570,2021,Broadway Rd,River Dr,-141.0,Not Junction Related,1.0,0.0,Possible Injury,Sideswipe Same Direction,Dark Lighted,Clear,Dry,29.0,Male,East,Going Straight Ahead,Unsafe Lane Change,No Apparent Influence,No Apparent Influence,22.0,Male,East,Going Straight Ahead,No Improper Action,No Apparent Influence,No Apparent Influence,33.40749561,-111.8982105,2021-12-18,04:19:00
42619,3888565,2021,McClintock Dr,Guadalupe Rd,0.0,Intersection 4 Way 202,2.0,0.0,Suspected Minor Injury,Left Turn,Daylight,Clear,Dry,27.0,Male,South,Going Straight Ahead,Disregarded Traffic Signal,No Apparent Influence,No Apparent Influence,75.0,Male,North,Making Left Turn,Failed To Yield Right Of Way,No Apparent Influence,No Apparent Influence,33.36376447,-111.9112568,2021-12-18,16:31:00
42621,3899370,2021,Mill Ave,Rio Salado Pkwy,-20.0,Intersection Related 206,2.0,0.0,Possible Injury,Rear End,Daylight,Clear,Dry,22.0,Male,North,Going Straight Ahead,Followed Too Closely,No Apparent Influence,No Apparent Influence,35.0,Male,North,Stopped In Trafficway,No Improper Action,No Apparent Influence,No Apparent Influence,33.4295706,-111.9400422,2021-12-18,20:11:00
42622,3888563,2021,Anozira Pkwys,Chilton Dr,0.0,Intersection T Inter 203,0.0,0.0,No Injury,Left Turn,Daylight,Clear,Dry,20.0,Female,West,Making Left Turn,Other,No Apparent Influence,No Apparent Influence,30.0,Male,North,Going Straight Ahead,No Improper Action,No Apparent Influence,No Apparent Influence,33.35223677,-111.9096626,2021-12-18,23:26:00
42623,3899271,2021,Washington St,Priest Dr,-100.0,Intersection Related 206,0.0,0.0,No Injury,Sideswipe Same Direction,Daylight,Clear,Dry,31.0,Female,East,Going Straight Ahead,Speed To Fast For Conditions,No Apparent Influence,No Apparent Influence,64.0,Female,East,Stopped In Trafficway,No Improper Action,No Apparent Influence,No Apparent Influence,33.4428415,-111.9568063,2021-12-18,23:27:00
42625,3887728,2021,Baseline Rd,Hardy Dr,150.0,Intersection Related 206,0.0,0.0,No Injury,Sideswipe Same Direction,Unknown 51,Unknown,Dry,49.0,Male,West,Changing Lanes,Unsafe Lane Change,No Apparent Influence,No Apparent Influence,28.0,Female,West,Slowing In Trafficway,No Improper Action,No Apparent Influence,No Apparent Influence,33.37821157,-111.9520214,2021-12-19,01:16:00
42626,3889465,2021,University Dr,Myrtle Ave,0.0,Intersection 4 Way 202,1.0,0.0,Suspected Minor Injury,Angle - Other Than Left Turn 2,Dark Lighted,Clear,Dry,22.0,Female,South,Making Left Turn,Disregarded Traffic Signal,No Apparent Influence,No Apparent Influence,20.0,Female,West,Going Straight Ahead,No Improper Action,No Apparent Influence,No Apparent Influence,33.42194745,-111.9381562,2021-12-19,06:46:00
42628,3889557,2021,McClintock Dr,Campus Dr,-45.0,Intersection Related 206,2.0,0.0,Possible Injury,Rear End,Dusk,Clear,Dry,28.0,Female,North,Going Straight Ahead,Speed To Fast For Conditions,No Apparent Influence,No Apparent Influence,50.0,Male,North,Going Straight Ahead,No Improper Action,No Apparent Influence,No Apparent Influence,33.39822818,-111.9091299,2021-12-20,00:18:00
42633,3899365,2021,Broadway Rd,55th St,-37.0,Intersection Related 206,1.0,0.0,Possible Injury,Rear End,Daylight,Clear,Dry,22.0,Male,East,Going Straight Ahead,Followed Too Closely,No Apparent Influence,Drugs,59.0,Male,East,Stopped In Trafficway,No Improper Action,No Apparent Influence,No Apparent Influence,33.40760462,-111.9659394,2021-12-20,21:05:00
42634,3899344,2021,Elliot Rd,Jentilly Ln,130.0,Driveway Or Alley,1.0,0.0,Suspected Minor Injury,Left Turn,Daylight,Clear,Dry,73.0,Female,West,Making Left Turn,Failed To Yield Right Of Way,No Apparent Influence,No Apparent Influence,18.0,Female,East,Going Straight Ahead,No Improper Action,No Apparent Influence,No Apparent Influence,33.34917646,-111.9264147,2021-12-20,21:08:00
42637,3888561,2021,Warner Rd,Jewell St,0.0,Intersection 4 Way 202,1.0,0.0,Possible Injury,Left Turn,Daylight,Clear,Dry,51.0,Male,East,Making Left Turn,Failed To Yield Right Of Way,No Apparent Influence,No Apparent Influence,21.0,Male,West,Going Straight Ahead,No Improper Action,No Apparent Influence,No Apparent Influence,33.3345274,-111.9682956,2021-12-20,22:35:00
42639,3899351,2021,College Ave,Cairo Dr,120.0,Not Junction Related,0.0,0.0,No Injury,Rear End,Daylight,Clear,Dry,28.0,Female,South,Going Straight Ahead,Unknown,No Apparent Influence,No Apparent Influence,32.0,Male,Unknown,Unknown,Unknown,No Apparent Influence,No Apparent Influence,33.39833389,-111.9349156,2021-12-20,23:14:00
42644,3888560,2021,Baseline Rd,Wendler Dr,0.0,Intersection T Inter 203,0.0,0.0,No Injury,Left Turn,Dark Lighted,Clear,Dry,23.0,Male,West,Going Straight Ahead,Ran Stop Sign,No Apparent Influence,No Apparent Influence,79.0,Male,South,Making Left Turn,No Improper Action,No Apparent Influence,No Apparent Influence,33.37825837,-111.9697859,2021-12-21,13:18:00
42646,3899305,2021,Scottsdale Rd,McKellips Rd,0.0,Intersection 201,1.0,0.0,Suspected Minor Injury,Left Turn,Daylight,Cloudy,Dry,69.0,Female,South,Changing Lanes,Disregarded Traffic Signal,No Apparent Influence,No Apparent Influence,27.0,Female,East,Going Straight Ahead,No Improper Action,No Apparent Influence,No Apparent Influence,33.45124082,-111.9264677,2021-12-21,18:06:00
42647,3891687,2021,Priest Dr,Todd Dr,-88.0,Intersection Related 206,2.0,0.0,Possible Injury,Sideswipe Same Direction,Daylight,Clear,Dry,69.0,Male,North,Making U Turn,Other,No Apparent Influence,No Apparent Influence,30.0,Female,North,Going Straight Ahead,No Improper Action,No Apparent Influence,No Apparent Influence,33.35250882,-111.9631645,2021-12-21,20:21:00
42650,3899311,2021,La Rosa Dr,Guadalupe Rd,0.0,Intersection T Inter 203,1.0,0.0,Possible Injury,Angle - Other Than Left Turn 2,Dusk,Clear,Dry,34.0,Male,South,Going Straight Ahead,Failed To Yield Right Of Way,No Apparent Influence,No Apparent Influence,25.0,Male,West,Going Straight Ahead,No Improper Action,No Apparent Influence,No Apparent Influence,33.36375074,-111.9307749,2021-12-22,00:42:00
42651,3889581,2021,Baseline Rd,Wendler Dr,-90.0,Not Junction Related,0.0,0.0,No Injury,Sideswipe Same Direction,Dark Lighted,Clear,Dry,47.0,Female,West,Unknown,Unknown,No Apparent Influence,No Apparent Influence,63.0,Female,West,Unknown,Unknown,No Apparent Influence,No Apparent Influence,33.37825232,-111.9700802,2021-12-22,03:11:00
42652,3891750,2021,Rural Rd,Guadalupe Rd,0.0,Intersection Related 206,1.0,0.0,Suspected Minor Injury,Angle - Other Than Left Turn 2,Dark Lighted,Clear,Dry,26.0,Female,West,Making Left Turn,Aggressive Driving,No Apparent Influence,No Apparent Influence,40.0,Male,East,Going Straight Ahead,No Improper Action,No Apparent Influence,No Apparent Influence,33.36375267,-111.928605,2021-12-22,04:35:00
42655,3899368,2021,48th St,Alameda Dr,0.0,Intersection 4 Way 202,0.0,0.0,No Injury,Left Turn,Daylight,Clear,Dry,27.0,Male,North,Going Straight Ahead,Disregarded Traffic Signal,No Apparent Influence,No Apparent Influence,22.0,Female,South,Making Left Turn,No Improper Action,No Apparent Influence,No Apparent Influence,33.40004917,-111.9783117,2021-12-22,19:30:00
42657,3899350,2021,Elliot Rd,Harl Ave,0.0,Intersection 4 Way 202,2.0,0.0,Suspected Minor Injury,Left Turn,Daylight,Clear,Dry,69.0,Female,West,Going Straight Ahead,Disregarded Traffic Signal,No Apparent Influence,No Apparent Influence,36.0,Female,East,Making Left Turn,No Improper Action,No Apparent Influence,No Apparent Influence,33.34908149,-111.9659281,2021-12-22,20:56:00
42658,3899310,2021,Southern Ave,Terrace Rd,0.0,Intersection 4 Way 202,2.0,0.0,Possible Injury,Left Turn,Daylight,Clear,Dry,84.0,Female,East,Making Left Turn,Failed To Yield Right Of Way,No Apparent Influence,No Apparent Influence,35.0,Female,West,Going Straight Ahead,No Improper Action,No Apparent Influence,No Apparent Influence,33.39296326,-111.9230258,2021-12-22,20:57:00
42659,3899369,2021,Rural Rd,Broadway Rd,0.0,Intersection 4 Way 202,1.0,0.0,Possible Injury,Left Turn,Daylight,Cloudy,Dry,66.0,Male,South,Making Left Turn,Unknown,No Apparent Influence,No Apparent Influence,41.0,Female,North,Going Straight Ahead,Unknown,No Apparent Influence,No Apparent Influence,33.40750182,-111.9262829,2021-12-22,22:03:00
42660,3888557,2021,Southern Ave,McClintock Dr,153.0,Not Junction Related,0.0,0.0,No Injury,Sideswipe Same Direction,Daylight,Cloudy,Dry,83.0,Female,West,Going Straight Ahead,Unknown,No Apparent Influence,No Apparent Influence,47.0,Female,West,Other,Unknown,No Apparent Influence,No Apparent Influence,33.39298963,-111.9086256,2021-12-22,22:08:00
42661,3889578,2021,McClintock Dr,Rio Salado Pkwy,85.0,Driveway Or Alley,0.0,0.0,No Injury,Left Turn,Daylight,Clear,Dry,24.0,Male,South,Making Left Turn,Failed To Yield Right Of Way,No Apparent Influence,No Apparent Influence,48.0,Male,North,Going Straight Ahead,No Improper Action,No Apparent Influence,No Apparent Influence,33.42949569,-111.9090783,2021-12-22,23:40:00
42662,3911349,2021,Washington St,Center Pkwy,25.0,Intersection Related 206,0.0,0.0,No Injury,Rear End,Dark Lighted,Cloudy,Dry,22.0,Female,West,Going Straight Ahead,Speed To Fast For Conditions,Alcohol,No Apparent Influence,26.0,Female,West,Going Straight Ahead,No Improper Action,Alcohol,No Apparent Influence,33.43927665,-111.9487568,2021-12-23,05:17:00
42663,3892052,2021,Priest Dr,Manhatton Dr,0.0,Intersection T Inter 203,2.0,0.0,Possible Injury,Angle - Other Than Left Turn 2,Daylight,Cloudy,Dry,18.0,Male,West,Making Left Turn,Ran Stop Sign,No Apparent Influence,No Apparent Influence,61.0,Female,North,Going Straight Ahead,No Improper Action,No Apparent Influence,No Apparent Influence,33.38870687,-111.960883,2021-12-23,14:46:00
42664,3882314,2021,Elliot Rd,Harl Ave,0.0,Intersection 4 Way 202,0.0,0.0,No Injury,Left Turn,Daylight,Clear,Dry,23.0,Male,West,Making Left Turn,Failed To Yield Right Of Way,No Apparent Influence,No Apparent Influence,37.0,Male,East,Going Straight Ahead,No Improper Action,No Apparent Influence,No Apparent Influence,33.34908149,-111.9659281,2021-12-23,17:12:00
42666,3891706,2021,McClintock Dr,Apache Blvd,-110.0,Not Junction Related,0.0,0.0,No Injury,Sideswipe Same Direction,Daylight,Clear,Dry,48.0,Male,South,Changing Lanes,Unsafe Lane Change,No Apparent Influence,No Apparent Influence,32.0,Male,South,Going Straight Ahead,No Improper Action,No Apparent Influence,No Apparent Influence,33.4144577,-111.9091319,2021-12-23,23:18:00
42667,3891667,2021,Guadalupe Rd,All America Way,-188.0,Not Junction Related,0.0,0.0,No Injury,Rear End,Daylight,Clear,Dry,27.0,Female,West,Going Straight Ahead,Speed To Fast For Conditions,No Apparent Influence,No Apparent Influence,43.0,Female,West,Going Straight Ahead,No Improper Action,No Apparent Influence,No Apparent Influence,33.36371143,-111.9372602,2021-12-23,23:57:00
42668,3888559,2021,Country Club Way,Broadway Rd,170.0,Not Junction Related,1.0,0.0,Possible Injury,Angle - Other Than Left Turn 2,Dark Lighted,Clear,Dry,36.0,Male,North,Overtaking Passing,Other,No Apparent Influence,No Apparent Influence,26.0,Female,North,Making Left Turn,No Improper Action,No Apparent Influence,No Apparent Influence,33.40795553,-111.9005192,2021-12-24,01:33:00
42670,3918454,2021,Baseline Rd,Priest Dr,-212.0,Not Junction Related,0.0,0.0,No Injury,Rear End,Dark Lighted,Clear,Dry,50.0,Male,West,Going Straight Ahead,Speed To Fast For Conditions,No Apparent Influence,No Apparent Influence,28.0,Male,West,Going Straight Ahead,No Improper Action,No Apparent Influence,No Apparent Influence,33.37824531,-111.9638693,2021-12-24,04:02:00
42671,3891732,2021,Baseline Rd,Calle Los Cerros,125.0,Intersection Related 206,0.0,0.0,No Injury,Rear End,Dark Lighted,Clear,Dry,18.0,Female,West,Going Straight Ahead,Speed To Fast For Conditions,No Apparent Influence,No Apparent Influence,21.0,Male,West,Slowing In Trafficway,No Improper Action,No Apparent Influence,No Apparent Influence,33.37821171,-111.9736789,2021-12-24,04:36:00
42673,3930550,2021,Southern Ave,George Dr,0.0,Intersection 201,0.0,0.0,No Injury,Left Turn,Daylight,Clear,Dry,26.0,Female,Northeast,Making Left Turn,Failed To Yield Right Of Way,No Apparent Influence,No Apparent Influence,34.0,Female,West,Going Straight Ahead,No Improper Action,No Apparent Influence,No Apparent Influence,33.39301035,-111.8876933,2021-12-24,21:15:00
42674,3907685,2021,McClintock Dr,Warner Rd,0.0,Intersection 4 Way 202,2.0,0.0,Suspected Minor Injury,Left Turn,Dusk,Rain,Wet,22.0,Male,North,Making Left Turn,Failed To Yield Right Of Way,No Apparent Influence,No Apparent Influence,65.0,Male,South,Going Straight Ahead,No Improper Action,No Apparent Influence,No Apparent Influence,33.33464293,-111.9111771,2021-12-25,00:12:00
42676,3900774,2021,Mill Ave,Southern Ave,75.0,Not Junction Related,0.0,0.0,No Injury,Rear End,Dark Lighted,Rain,Wet,74.0,Male,South,Going Straight Ahead,Speed To Fast For Conditions,No Apparent Influence,No Apparent Influence,36.0,Male,South,Stopped In Trafficway,No Improper Action,No Apparent Influence,No Apparent Influence,33.39306864,-111.9396084,2021-12-25,01:09:00
42677,3888556,2021,Hardy Dr,Southern Ave,0.0,Intersection 4 Way 202,0.0,0.0,No Injury,Rear End,Dark Lighted,Cloudy,Wet,20.0,Male,South,Going Straight Ahead,Speed To Fast For Conditions,No Apparent Influence,No Apparent Influence,31.0,Female,South,Slowing In Trafficway,No Improper Action,No Apparent Influence,No Apparent Influence,33.39285776,-111.9519838,2021-12-25,02:36:00
42678,3910922,2021,Baseline Rd,Hardy Dr,0.0,Intersection 4 Way 202,1.0,0.0,Suspected Minor Injury,Left Turn,Daylight,Cloudy,Dry,39.0,Male,Northeast,Making Left Turn,Failed To Yield Right Of Way,No Apparent Influence,No Apparent Influence,23.0,Male,West,Slowing In Trafficway,No Improper Action,No Apparent Influence,No Apparent Influence,33.37821354,-111.9525127,2021-12-25,20:25:00
42679,3899806,2021,Grove Pkwy,Hardy Dr,0.0,Intersection T Inter 203,0.0,0.0,No Injury,Angle - Other Than Left Turn 2,Daylight,Clear,Dry,41.0,Male,North,Going Straight Ahead,Failed To Yield Right Of Way,No Apparent Influence,No Apparent Influence,50.0,Female,East,Going Straight Ahead,No Improper Action,No Apparent Influence,No Apparent Influence,33.35479743,-111.9544857,2021-12-26,17:14:00
42680,3889574,2021,Maryland Dr,George Dr,-115.0,Other,0.0,0.0,No Injury,Sideswipe Same Direction,Daylight,Clear,Dry,21.0,Female,South,Other,Failed To Keep In Proper Lane,No Apparent Influence,No Apparent Influence,24.0,Female,South,Properly Parked,No Improper Action,No Apparent Influence,No Apparent Influence,33.42025563,-111.8878202,2021-12-26,19:15:00
42682,3889551,2021,Rio Salado Pkwy,River Dr,-15.0,Intersection Related 206,1.0,0.0,Suspected Minor Injury,Rear End,Dusk,Clear,Dry,48.0,Male,West,Going Straight Ahead,Speed To Fast For Conditions,No Apparent Influence,No Apparent Influence,52.0,Female,West,Going Straight Ahead,No Improper Action,No Apparent Influence,No Apparent Influence,33.42936139,-111.8953814,2021-12-27,00:10:00
42684,3920632,2021,Baseline Rd,Darrow Dr,60.0,Not Junction Related,0.0,0.0,No Injury,Rear End,Dark Lighted,Clear,Dry,53.0,Male,West,Going Straight Ahead,Failed To Yield Right Of Way,No Apparent Influence,No Apparent Influence,41.0,Female,West,Going Straight Ahead,Unknown,Alcohol,No Apparent Influence,33.3782438,-111.9609333,2021-12-27,04:56:00
42685,3887720,2021,Mill Ave,Balboa Dr,-90.0,Intersection Related 206,0.0,0.0,No Injury,Sideswipe Same Direction,Daylight,Cloudy,Dry,29.0,Male,North,Changing Lanes,Unsafe Lane Change,No Apparent Influence,No Apparent Influence,20.0,Female,North,Going Straight Ahead,No Improper Action,No Apparent Influence,No Apparent Influence,33.39908779,-111.939688,2021-12-27,17:36:00
42686,3891708,2021,Baseline Rd,Mill Ave,-65.0,Intersection Related 206,0.0,0.0,No Injury,Sideswipe Same Direction,Daylight,Cloudy,Dry,37.0,Female,East,Making Left Turn,Unknown,No Apparent Influence,No Apparent Influence,58.0,Male,East,Stopped In Trafficway,Unknown,No Apparent Influence,No Apparent Influence,33.37821674,-111.9395781,2021-12-27,18:29:00
42692,3889456,2021,Baseline Rd,Pointe Pkwy,0.0,Intersection 4 Way 202,0.0,0.0,No Injury,Left Turn,Dark Lighted,Cloudy,Dry,17.0,Male,West,Making Left Turn,Unknown,No Apparent Influence,No Apparent Influence,30.0,Male,West,Making Left Turn,Unknown,No Apparent Influence,No Apparent Influence,33.37821687,-111.9719949,2021-12-28,03:22:00
42695,3887693,2021,Broadway Rd,Ventura Dr,0.0,Not Junction Related,1.0,0.0,Suspected Minor Injury,Angle - Other Than Left Turn 2,Daylight,Cloudy,Dry,24.0,Male,South,Making Left Turn,Failed To Yield Right Of Way,No Apparent Influence,No Apparent Influence,22.0,Male,West,Going Straight Ahead,No Improper Action,No Apparent Influence,No Apparent Influence,33.40748202,-111.9301199,2021-12-28,20:00:00
42696,3892056,2021,Spence Ave,Jentilly Ln,-185.0,Driveway Or Alley,1.0,0.0,Suspected Minor Injury,Angle - Other Than Left Turn 2,Dark Lighted,Cloudy,Dry,28.0,Male,North,Going Straight Ahead,Failed To Yield Right Of Way,No Apparent Influence,No Apparent Influence,18.0,Male,East,Going Straight Ahead,No Improper Action,No Apparent Influence,No Apparent Influence,33.41286926,-111.9238623,2021-12-29,01:09:00
42697,3918472,2021,University Dr,52nd St,-35.0,Intersection Related 206,0.0,0.0,No Injury,Angle - Other Than Left Turn 2,Dark Lighted,Clear,Dry,56.0,Male,West,Making Right Turn,Failed To Yield Right Of Way,No Apparent Influence,No Apparent Influence,21.0,Male,West,Going Straight Ahead,No Improper Action,No Apparent Influence,No Apparent Influence,33.4219425,-111.9696832,2021-12-29,03:43:00
42699,3891685,2021,Scottsdale Rd,McKellips Rd,0.0,Intersection 4 Way 202,1.0,0.0,Possible Injury,Left Turn,Dawn,Cloudy,Wet,28.0,Female,Northeast,Making Left Turn,Failed To Yield Right Of Way,No Apparent Influence,No Apparent Influence,54.0,Male,West,Going Straight Ahead,No Improper Action,No Apparent Influence,No Apparent Influence,33.45124082,-111.9264677,2021-12-29,14:03:00
42704,3889458,2021,Baseline Rd,Hardy Dr,0.0,Intersection 4 Way 202,2.0,0.0,Suspected Minor Injury,Left Turn,Daylight,Clear,Dry,48.0,Female,West,Making Left Turn,Failed To Yield Right Of Way,No Apparent Influence,No Apparent Influence,30.0,Male,East,Going Straight Ahead,No Improper Action,No Apparent Influence,No Apparent Influence,33.37821354,-111.9525127,2021-12-29,23:07:00
42707,3891688,2021,Rio Salado Pkwy,1st St,0.0,Intersection T Inter 203,0.0,0.0,No Injury,Angle - Other Than Left Turn 2,Dark Lighted,Clear,Dry,31.0,Male,North,Making Left Turn,Failed To Yield Right Of Way,No Apparent Influence,No Apparent Influence,28.0,Male,West,Going Straight Ahead,No Improper Action,No Apparent Influence,No Apparent Influence,33.43018301,-111.9594868,2021-12-30,03:26:00
42712,3891743,2021,Priest Dr,Darrow Dr,0.0,Intersection 4 Way 202,1.0,0.0,Suspected Minor Injury,Left Turn,Daylight,Cloudy,Dry,29.0,Male,South,Going Straight Ahead,Disregarded Traffic Signal,No Apparent Influence,No Apparent Influence,62.0,Male,North,Making Left Turn,No Improper Action,No Apparent Influence,No Apparent Influence,33.38067468,-111.9615884,2021-12-30,19:32:00
42713,3888558,2021,Scottsdale Rd,Curry Rd,82.0,Intersection Related 206,0.0,0.0,No Injury,Rear End,Daylight,Clear,Dry,30.0,Male,South,Going Straight Ahead,Followed Too Closely,No Apparent Influence,No Apparent Influence,22.0,Male,South,Stopped In Trafficway,No Improper Action,No Apparent Influence,No Apparent Influence,33.44051865,-111.9263376,2021-12-30,20:14:00
42715,3912886,2021,Lemon St,Terrace Rd,-32.0,Intersection Related 206,0.0,0.0,No Injury,Rear End,Daylight,Clear,Dry,37.0,Female,East,Going Straight Ahead,Followed Too Closely,No Apparent Influence,Drugs,33.0,Female,East,Going Straight Ahead,No Improper Action,No Apparent Influence,No Apparent Influence,33.41676137,-111.9225224,2021-12-30,22:39:00
42716,3891726,2021,Rural Rd,Divot Dr,0.0,Intersection T Inter 203,0.0,0.0,No Injury,Left Turn,Daylight,Clear,Dry,77.0,Female,North,Making Left Turn,Failed To Yield Right Of Way,No Apparent Influence,No Apparent Influence,32.0,Female,South,Going Straight Ahead,No Improper Action,No Apparent Influence,No Apparent Influence,33.35560153,-111.9285416,2021-12-30,23:25:00
42719,3891668,2021,Priest Dr,Ray Rd,100.0,Driveway Or Alley,0.0,0.0,No Injury,Left Turn,Daylight,Cloudy,Dry,34.0,Male,East,Making Left Turn,Failed To Yield Right Of Way,No Apparent Influence,No Apparent Influence,16.0,Female,North,Going Straight Ahead,No Improper Action,No Apparent Influence,No Apparent Influence,33.32013816,-111.9630992,2021-12-31,22:28:00
42721,3920438,2021,6th St,Mill Ave,0.0,Intersection 4 Way 202,0.0,0.0,No Injury,Rear End,Dark Lighted,Clear,Dry,17.0,Male,East,Unknown,Unknown,No Apparent Influence,No Apparent Influence,50.0,Male,East,Going Straight Ahead,Unknown,No Apparent Influence,No Apparent Influence,33.42434664,-111.940015,2022-01-01,05:32:00
42723,3911376,2022,College Ave,E Marigold Ln,0.0,Intersection 201,0.0,0.0,No Injury,U Turn,Dark Lighted,Rain,Wet,23.0,Male,East,Making U Turn,Unknown,No Apparent Influence,No Apparent Influence,25.0,Female,North,Going Straight Ahead,Unknown,No Apparent Influence,No Apparent Influence,33.44785811,-111.935158,2022-01-01,07:54:00
42725,3889576,2022,Broadway Rd,Priest Dr,0.0,Intersection 4 Way 202,0.0,0.0,No Injury,Angle - Other Than Left Turn 2,Daylight,Clear,Dry,35.0,Female,West,Going Straight Ahead,Disregarded Traffic Signal,No Apparent Influence,No Apparent Influence,52.0,Female,South,Going Straight Ahead,No Improper Action,No Apparent Influence,No Apparent Influence,33.40742082,-111.9607805,2022-01-01,14:47:00
42726,3854241,2022,I-10 Exit 157 C-Ramp,Unknown,0.0,Not Junction Related,0.0,0.0,No Injury,Rear End,Daylight,Clear,Dry,18.0,Male,West,Going Straight Ahead,Speed To Fast For Conditions,No Apparent Influence,No Apparent Influence,19.0,Male,West,Going Straight Ahead,No Improper Action,No Apparent Influence,No Apparent Influence,33.34894788,-111.9709613,2022-01-01,19:24:00
42727,3889552,2022,Price Rd,Broadway Rd,0.0,Intersection 4 Way 202,0.0,0.0,No Injury,Angle - Other Than Left Turn 2,Daylight,Clear,Dry,31.0,Female,North,Going Straight Ahead,Failed To Keep In Proper Lane,No Apparent Influence,No Apparent Influence,40.0,Female,Northwest,Making Left Turn,No Improper Action,No Apparent Influence,No Apparent Influence,33.40747535,-111.8903343,2022-01-01,23:44:00
42728,3851974,2022,I-10 Exit 155 J1-Ramp,Unknown,0.0,Intersection Related 206,0.0,0.0,No Injury,Sideswipe Same Direction,Daylight,Clear,Dry,77.0,Female,North,Going Straight Ahead,Unknown,No Apparent Influence,No Apparent Influence,47.0,Male,North,Going Straight Ahead,Unknown,No Apparent Influence,No Apparent Influence,33.37849659,-111.9673781,2022-01-02,23:01:00
42732,3887726,2022,McClintock Dr,Campus Dr,-30.0,Intersection Related 206,0.0,0.0,No Injury,Rear End,Daylight,Clear,Dry,31.0,Male,North,Going Straight Ahead,Speed To Fast For Conditions,No Apparent Influence,No Apparent Influence,33.0,Female,North,Stopped In Trafficway,No Improper Action,No Apparent Influence,No Apparent Influence,33.39826939,-111.9091297,2022-01-03,15:15:00
42734,3898983,2022,Baseline Rd,Calle Los Cerros,-60.0,Intersection Related 206,1.0,0.0,Suspected Minor Injury,Rear End,Daylight,Clear,Dry,35.0,Male,East,Going Straight Ahead,Other,No Apparent Influence,No Apparent Influence,32.0,Female,East,Stopped In Trafficway,No Improper Action,No Apparent Influence,No Apparent Influence,33.37820988,-111.9742848,2022-01-03,18:11:00
42737,3889460,2022,Warner Rd,Priest Dr,0.0,Intersection 4 Way 202,0.0,0.0,No Injury,Left Turn,Daylight,Clear,Dry,34.0,Male,East,Making Left Turn,Failed To Yield Right Of Way,No Apparent Influence,No Apparent Influence,28.0,Male,West,Going Straight Ahead,No Improper Action,No Apparent Influence,No Apparent Influence,33.33452532,-111.9631173,2022-01-03,22:32:00
42738,3899383,2022,McClintock Dr,Curry Rd,0.0,Intersection T Inter 203,0.0,0.0,No Injury,Left Turn,Daylight,Clear,Dry,75.0,Female,North,Making Left Turn,Unknown,No Apparent Influence,No Apparent Influence,23.0,Male,South,Going Straight Ahead,Unknown,No Apparent Influence,No Apparent Influence,33.44040376,-111.9095616,2022-01-03,22:47:00
42739,3911373,2022,Warner Rd,Rural Rd,160.0,Not Junction Related,1.0,0.0,Suspected Minor Injury,Rear End,Daylight,Clear,Dry,65.0,Female,East,Going Straight Ahead,Followed Too Closely,No Apparent Influence,No Apparent Influence,42.0,Female,East,Stopped In Trafficway,No Improper Action,No Apparent Influence,No Apparent Influence,33.33465791,-111.9278912,2022-01-04,00:24:00
42742,3854004,2022,7th St,Roosevelt St,0.0,Not Junction Related,0.0,0.0,No Injury,Left Turn,Daylight,Clear,Dry,63.0,Female,North,Making Left Turn,Made Improper Turn,No Apparent Influence,No Apparent Influence,43.0,Female,North,Going Straight Ahead,No Improper Action,No Apparent Influence,No Apparent Influence,33.42323625,-111.947285,2022-01-04,17:23:00
42747,3857271,2022,Roosevelt St,7th St,0.0,Intersection 4 Way 202,0.0,0.0,No Injury,Sideswipe Same Direction,Daylight,Clear,Dry,61.0,Male,South,Making Right Turn,Made Improper Turn,No Apparent Influence,No Apparent Influence,67.0,Female,South,Going Straight Ahead,No Improper Action,No Apparent Influence,No Apparent Influence,33.42323628,-111.947285,2022-01-05,16:04:00
42749,3899261,2022,SR-101 Exit 56 T-Ramp,Unknown,0.0,Intersection Related 206,2.0,0.0,Possible Injury,Rear End,Daylight,Clear,Dry,51.0,Male,South,Going Straight Ahead,Followed Too Closely,No Apparent Influence,No Apparent Influence,64.0,Female,South,Stopped In Trafficway,No Improper Action,No Apparent Influence,No Apparent Influence,33.36404758,-111.8941852,2022-01-05,16:26:00
42750,3899259,2022,McClintock Dr,Campus Dr,0.0,Intersection T Inter 203,0.0,0.0,No Injury,Left Turn,Daylight,Clear,Dry,29.0,Male,Northwest,Making Left Turn,Failed To Yield Right Of Way,No Apparent Influence,No Apparent Influence,21.0,Female,South,Going Straight Ahead,No Improper Action,No Apparent Influence,No Apparent Influence,33.39835182,-111.9091294,2022-01-05,20:49:00