,Incident ID,Year,Street Name,Cross Street,Distance,Junction Relation,Total Injuries,Total Fatalities,Injury Severity,Collision Manner,Light Condition,Weather,Surface Condition,Age Driver 1,Gender Driver 1,Travel Direction One,Unit Action One,Violation1_Drv1,Alcohol Use Driver 1,Drug Use Driver 1,Age Driver 2,Gender Driver 2,Travel Direction Two,Unit Action Two,Violation 1 Driver 2,Alcohol Use Driver 2,Drug Use Driver 2,Latitude,Longitude,Date,Time
42751,3899410,2022,Campus Dr,McClintock Dr,0.0,Intersection 4 Way 202,0.0,0.0,No Injury,Sideswipe Same Direction,Unknown 51,Unknown,Dry,44.0,Female,East,Making Right Turn,Made Improper Turn,No Apparent Influence,No Apparent Influence,23.0,Male,East,Making Right Turn,No Improper Action,No Apparent Influence,No Apparent Influence,33.39835179,-111.9091294,2022-01-05,20:57:00
42752,3898981,2022,Priest Dr,Warner Rd,0.0,Intersection 4 Way 202,2.0,0.0,Suspected Serious Injury,Left Turn,Daylight,Clear,Dry,24.0,Male,South,Making Left Turn,Failed To Yield Right Of Way,No Apparent Influence,No Apparent Influence,27.0,Female,North,Going Straight Ahead,No Improper Action,No Apparent Influence,No Apparent Influence,33.33452529,-111.9631174,2022-01-05,21:13:00
42755,3899258,2022,University Dr,Veterans Way,100.0,Not Junction Related,0.0,0.0,No Injury,Angle - Other Than Left Turn 2,Dark Lighted,Clear,Dry,35.0,Male,West,Making U Turn,Speed To Fast For Conditions,No Apparent Influence,Drugs,62.0,Male,East,Stopped In Trafficway,No Improper Action,No Apparent Influence,No Apparent Influence,33.42201819,-111.9286119,2022-01-06,02:28:00
42756,3899712,2022,Elliot Rd,Price Rd,0.0,Not Junction Related,0.0,0.0,No Injury,Left Turn,Dark Lighted,Clear,Dry,18.0,Male,East,Going Straight Ahead,Disregarded Traffic Signal,No Apparent Influence,No Apparent Influence,29.0,Female,South,Making Left Turn,No Improper Action,No Apparent Influence,No Apparent Influence,33.34934277,-111.8943665,2022-01-06,06:07:00
42757,3899382,2022,Rural Rd,Apache Blvd,-30.0,Intersection 4 Way 202,0.0,0.0,No Injury,Angle - Other Than Left Turn 2,Dark Lighted,Clear,Dry,39.0,Male,East,Going Straight Ahead,Disregarded Traffic Signal,No Apparent Influence,No Apparent Influence,21.0,Male,South,Going Straight Ahead,No Improper Action,No Apparent Influence,No Apparent Influence,33.41467979,-111.9262927,2022-01-06,08:17:00
42758,3854251,2022,I-10 Exit 155 G-Ramp,Unknown,0.0,Entrance Exit Ramp 205,0.0,0.0,No Injury,Sideswipe Same Direction,Daylight,Clear,Dry,61.0,Female,East,Making Right Turn,Unsafe Lane Change,No Apparent Influence,No Apparent Influence,31.0,Female,East,Making Right Turn,No Improper Action,No Apparent Influence,No Apparent Influence,33.37809889,-111.9686469,2022-01-06,15:25:00
42761,3900095,2022,Mill Ave,6th St,200.0,Intersection Related 206,0.0,0.0,No Injury,Rear End,Dark Lighted,Clear,Dry,21.0,Male,South,Going Straight Ahead,Speed To Fast For Conditions,No Apparent Influence,No Apparent Influence,50.0,Male,South,Stopped In Trafficway,No Improper Action,No Apparent Influence,No Apparent Influence,33.42489613,-111.940017,2022-01-07,04:43:00
42763,3918467,2022,Warner Rd,McClintock Dr,0.0,Intersection 4 Way 202,0.0,0.0,No Injury,Rear End,Daylight,Clear,Dry,69.0,Male,West,Going Straight Ahead,Speed To Fast For Conditions,No Apparent Influence,No Apparent Influence,56.0,Male,West,Stopped In Trafficway,No Improper Action,No Apparent Influence,No Apparent Influence,33.33464297,-111.9111771,2022-01-07,18:44:00
42764,3911344,2022,Priest Dr,Broadway Rd,0.0,Intersection 4 Way 202,1.0,0.0,Possible Injury,Angle - Other Than Left Turn 2,Daylight,Clear,Dry,23.0,Female,East,Going Straight Ahead,Disregarded Traffic Signal,No Apparent Influence,No Apparent Influence,51.0,Female,South,Going Straight Ahead,No Improper Action,No Apparent Influence,No Apparent Influence,33.40742082,-111.9607804,2022-01-07,20:14:00
42766,3918441,2022,Rural Rd,Minton Dr,0.0,Intersection 4 Way 202,2.0,0.0,Suspected Minor Injury,Angle - Other Than Left Turn 2,Daylight,Clear,Dry,28.0,Female,South,Going Straight Ahead,Disregarded Traffic Signal,No Apparent Influence,No Apparent Influence,63.0,Female,East,Going Straight Ahead,No Improper Action,No Apparent Influence,No Apparent Influence,33.37989071,-111.9284213,2022-01-07,21:53:00
42767,3932000,2022,Baseline Rd,Hardy Dr,-98.0,Intersection Related 206,0.0,0.0,No Injury,Rear End,Dark Lighted,Clear,Dry,38.0,Male,East,Going Straight Ahead,Followed Too Closely,Alcohol,No Apparent Influence,35.0,Male,East,Going Straight Ahead,No Improper Action,No Apparent Influence,No Apparent Influence,33.37821534,-111.9528336,2022-01-08,07:35:00
42769,3891762,2022,University Dr,Farmer Ave,38.0,Intersection 201,0.0,0.0,No Injury,Angle - Other Than Left Turn 2,Dark Lighted,Clear,Dry,26.0,Male,East,Going Straight Ahead,Disregarded Traffic Signal,No Apparent Influence,No Apparent Influence,25.0,Male,Northwest,Making Left Turn,No Improper Action,No Apparent Influence,No Apparent Influence,33.42189288,-111.9441695,2022-01-08,10:50:00
42772,3899380,2022,Rural Rd,Encanto Dr,-60.0,Not Junction Related,0.0,0.0,No Injury,Rear End,Daylight,Clear,Dry,52.0,Male,South,Slowing In Trafficway,Speed To Fast For Conditions,No Apparent Influence,No Apparent Influence,21.0,Female,South,Stopped In Trafficway,No Improper Action,No Apparent Influence,No Apparent Influence,33.40960057,-111.9262839,2022-01-08,18:45:00
42778,3910916,2022,Ash Ave,5th St,0.0,Intersection 4 Way 202,0.0,0.0,No Injury,Head On,Dark Not Lighted,Clear,Dry,25.0,Male,North,Making Left Turn,Failed To Yield Right Of Way,No Apparent Influence,No Apparent Influence,25.0,Male,South,Going Straight Ahead,No Improper Action,No Apparent Influence,No Apparent Influence,33.42381992,-111.9429682,2022-01-10,02:58:00
42779,3899252,2022,University Dr,Priest Dr,75.0,Not Junction Related,0.0,0.0,No Injury,Rear End,Dark Lighted,Clear,Dry,63.0,Male,West,Going Straight Ahead,Speed To Fast For Conditions,No Apparent Influence,No Apparent Influence,25.0,Female,West,Stopped In Trafficway,No Improper Action,No Apparent Influence,No Apparent Influence,33.42194132,-111.9606777,2022-01-10,06:15:00
42781,3912871,2022,48th St,Alameda Dr,0.0,Intersection 4 Way 202,0.0,0.0,No Injury,Left Turn,Dark Lighted,Clear,Dry,26.0,Female,South,Making Left Turn,Failed To Yield Right Of Way,No Apparent Influence,No Apparent Influence,28.0,Male,North,Going Straight Ahead,No Improper Action,No Apparent Influence,No Apparent Influence,33.40004917,-111.9783117,2022-01-10,13:54:00
42782,3912872,2022,Priest Dr,SR-202 Exit 5 J-Ramp,0.0,Intersection 201,0.0,0.0,No Injury,Left Turn,Daylight,Clear,Dry,51.0,Male,North,Making Left Turn,Disregarded Traffic Signal,No Apparent Influence,No Apparent Influence,28.0,Female,South,Going Straight Ahead,No Improper Action,No Apparent Influence,No Apparent Influence,33.43850177,-111.9608415,2022-01-10,16:28:00
42783,3912870,2022,University Dr,Maple Ave,98.0,Intersection 201,0.0,0.0,No Injury,Sideswipe Same Direction,Daylight,Clear,Dry,58.0,Male,East,Changing Lanes,Unsafe Lane Change,No Apparent Influence,No Apparent Influence,25.0,Male,East,Going Straight Ahead,No Improper Action,No Apparent Influence,No Apparent Influence,33.42193381,-111.9409323,2022-01-10,18:53:00
42785,3856059,2022,SR-202 Exit 7 A-Ramp,Unknown,0.0,Entrance Exit Ramp 205,1.0,0.0,Possible Injury,Other,Daylight,Clear,Dry,16.0,Female,East,Going Straight Ahead,Speed To Fast For Conditions,No Apparent Influence,No Apparent Influence,19.0,Male,East,Stopped In Trafficway,No Improper Action,No Apparent Influence,No Apparent Influence,33.43583602,-111.9264852,2022-01-10,21:25:00
42788,3917486,2022,SR-202 Exit 5 J-Ramp,Priest Dr,0.0,Intersection 4 Way 202,2.0,0.0,Suspected Minor Injury,Left Turn,Daylight,Clear,Dry,37.0,Male,South,Going Straight Ahead,Disregarded Traffic Signal,No Apparent Influence,No Apparent Influence,27.0,Female,North,Making Left Turn,No Improper Action,No Apparent Influence,No Apparent Influence,33.43850177,-111.9608415,2022-01-10,23:25:00
42789,3918440,2022,McClintock Dr,Rio Salado Pkwy,-210.0,Intersection Related 206,2.0,0.0,Possible Injury,Rear End,Daylight,Clear,Dry,18.0,Male,North,Going Straight Ahead,Followed Too Closely,No Apparent Influence,No Apparent Influence,35.0,Female,North,Slowing In Trafficway,No Improper Action,No Apparent Influence,No Apparent Influence,33.4286855,-111.9090626,2022-01-11,00:02:00
42790,3918468,2022,Elliot Rd,SR-101 Cardinal Frontage,0.0,Intersection 4 Way 202,2.0,0.0,Suspected Minor Injury,Angle - Other Than Left Turn 2,Dark Lighted,Clear,Dry,27.0,Male,West,Going Straight Ahead,Disregarded Traffic Signal,No Apparent Influence,No Apparent Influence,28.0,Male,South,Going Straight Ahead,No Improper Action,No Apparent Influence,No Apparent Influence,33.34934277,-111.8943665,2022-01-11,02:32:00
42793,3917485,2022,Southern Ave,Terrace Rd,71.0,Intersection Related 206,0.0,0.0,No Injury,Rear End,Daylight,Clear,Dry,72.0,Male,West,Going Straight Ahead,Followed Too Closely,Alcohol,No Apparent Influence,67.0,Male,West,Stopped In Trafficway,No Improper Action,No Apparent Influence,No Apparent Influence,33.39296348,-111.9227932,2022-01-11,20:30:00
42794,3912892,2022,McClintock Dr,Carson Dr,0.0,Intersection T Inter 203,1.0,0.0,Possible Injury,Rear End,Daylight,Clear,Dry,56.0,Male,North,Going Straight Ahead,Speed To Fast For Conditions,No Apparent Influence,No Apparent Influence,63.0,Female,North,Stopped In Trafficway,No Improper Action,No Apparent Influence,No Apparent Influence,33.38388211,-111.9092115,2022-01-11,22:45:00
42795,3912888,2022,Scottsdale Rd,Playa Del Norte Dr,-176.0,Intersection Related 206,1.0,0.0,Suspected Minor Injury,Rear End,Daylight,Clear,Dry,22.0,Female,North,Going Straight Ahead,Followed Too Closely,No Apparent Influence,No Apparent Influence,45.0,Female,North,Stopped In Trafficway,No Improper Action,No Apparent Influence,No Apparent Influence,33.43355113,-111.9262669,2022-01-11,23:36:00
42800,3935827,2022,Broadway Rd,I-10 Cardinal Frontage,0.0,Intersection 4 Way 202,2.0,0.0,Suspected Serious Injury,Angle - Other Than Left Turn 2,Dark Lighted,Clear,Dry,20.0,Male,West,Going Straight Ahead,Exceeded Lawful Speed,Alcohol,No Apparent Influence,45.0,Male,South,Making Left Turn,No Improper Action,No Apparent Influence,No Apparent Influence,33.40845125,-111.9735973,2022-01-12,08:45:00
42801,3912878,2022,Baseline Rd,I-10 Exit 155 J1-Ramp,0.0,Intersection 4 Way 202,1.0,0.0,Suspected Minor Injury,Angle - Other Than Left Turn 2,Daylight,Clear,Dry,21.0,Female,West,Going Straight Ahead,Disregarded Traffic Signal,No Apparent Influence,No Apparent Influence,29.0,Female,North,Making Left Turn,No Improper Action,No Apparent Influence,No Apparent Influence,33.37829922,-111.9673788,2022-01-12,17:17:00
42803,3917510,2022,Baseline Rd,I-10 Exit 155 C2-Ramp,0.0,Intersection 4 Way 202,0.0,0.0,No Injury,Sideswipe Same Direction,Daylight,Clear,Dry,67.0,Female,North,Going Straight Ahead,Other,No Apparent Influence,No Apparent Influence,46.0,Male,North,Making Right Turn,No Improper Action,No Apparent Influence,No Apparent Influence,33.37829922,-111.9673788,2022-01-12,22:15:00
42804,3910597,2022,University Dr,George Dr,0.0,Intersection T Inter 203,0.0,0.0,No Injury,Angle - Other Than Left Turn 2,Daylight,Clear,Dry,15.0,Male,South,Making Right Turn,Failed To Yield Right Of Way,No Apparent Influence,No Apparent Influence,34.0,Female,East,Going Straight Ahead,No Improper Action,No Apparent Influence,No Apparent Influence,33.42209062,-111.8874247,2022-01-12,23:09:00
42808,3900775,2022,Baseline Rd,Darrow Dr,0.0,Intersection T Inter 203,2.0,0.0,Possible Injury,Angle - Other Than Left Turn 2,Dark Lighted,Clear,Dry,22.0,Male,North,Making Left Turn,Failed To Yield Right Of Way,No Apparent Influence,No Apparent Influence,51.0,Male,West,Going Straight Ahead,No Improper Action,No Apparent Influence,No Apparent Influence,33.37824425,-111.9611298,2022-01-13,03:12:00
42810,3910461,2022,Baseline Rd,Lakeshore Dr,0.0,Intersection 4 Way 202,2.0,0.0,Possible Injury,Angle - Other Than Left Turn 2,Daylight,Clear,Dry,59.0,Male,West,Going Straight Ahead,Disregarded Traffic Signal,No Apparent Influence,No Apparent Influence,18.0,Male,South,Going Straight Ahead,No Improper Action,No Apparent Influence,No Apparent Influence,33.37832308,-111.9205025,2022-01-13,18:27:00
42811,3911374,2022,Priest Dr,Warner Rd,0.0,Intersection 4 Way 202,0.0,0.0,No Injury,Left Turn,Daylight,Clear,Dry,48.0,Male,Southeast,Making Left Turn,Failed To Yield Right Of Way,No Apparent Influence,No Apparent Influence,49.0,Male,North,Going Straight Ahead,No Improper Action,No Apparent Influence,No Apparent Influence,33.33452529,-111.9631174,2022-01-13,19:10:00
42813,3910901,2022,Priest Dr,Orchid Ln,40.0,Intersection 4 Way 202,1.0,0.0,Possible Injury,Rear End,Daylight,Clear,Dry,23.0,Male,South,Going Straight Ahead,Followed Too Closely,No Apparent Influence,No Apparent Influence,19.0,Male,South,Slowing In Trafficway,No Improper Action,No Apparent Influence,No Apparent Influence,33.32370208,-111.9631048,2022-01-13,23:05:00
42815,3861742,2022,I-10 Cardinal Frontage,48th St,0.0,Intersection 201,0.0,0.0,No Injury,Angle - Other Than Left Turn 2,Dark Lighted,Clear,Dry,80.0,Female,North,Going Straight Ahead,Speed To Fast For Conditions,No Apparent Influence,No Apparent Influence,32.0,Male,East,Going Straight Ahead,No Improper Action,No Apparent Influence,No Apparent Influence,33.40932389,-111.9782234,2022-01-14,01:06:00
42816,3911377,2022,McClintock Dr,SR-202 Exit 8 J-Ramp,0.0,Intersection T Inter 203,2.0,0.0,Possible Injury,Left Turn,Dark Lighted,Clear,Dry,20.0,Male,North,Making Left Turn,Failed To Yield Right Of Way,No Apparent Influence,No Apparent Influence,39.0,Male,South,Going Straight Ahead,No Improper Action,No Apparent Influence,No Apparent Influence,33.43662129,-111.9096218,2022-01-14,05:54:00
42819,3907674,2022,Price Rd,University Dr,0.0,Intersection 4 Way 202,2.0,0.0,Possible Injury,Angle - Other Than Left Turn 2,Daylight,Clear,Dry,38.0,Female,South,Going Straight Ahead,Disregarded Traffic Signal,No Apparent Influence,No Apparent Influence,34.0,Male,West,Going Straight Ahead,No Improper Action,No Apparent Influence,No Apparent Influence,33.4220113,-111.8919545,2022-01-14,17:19:00
42821,3860002,2022,SR-143 Exit 1 T-Ramp,Unknown,0.0,Entrance Exit Ramp 205,0.0,0.0,No Injury,Rear End,Daylight,Clear,Dry,47.0,Male,Northeast,Making Right Turn,Speed To Fast For Conditions,No Apparent Influence,No Apparent Influence,36.0,Male,Northeast,Stopped In Trafficway,No Improper Action,No Apparent Influence,No Apparent Influence,33.42157672,-111.9777078,2022-01-14,19:31:00
42824,3907687,2022,1st St,Wilson St,-90.0,Not Junction Related,1.0,0.0,Suspected Serious Injury,Angle - Other Than Left Turn 2,Daylight,Clear,Dry,29.0,Male,Southwest,Making U Turn,Failed To Yield Right Of Way,No Apparent Influence,No Apparent Influence,47.0,Male,West,Going Straight Ahead,No Improper Action,No Apparent Influence,No Apparent Influence,33.42914348,-111.9460815,2022-01-14,23:02:00
42828,3910603,2022,Rio Salado Pkwy,McClintock Dr,0.0,Intersection 4 Way 202,0.0,0.0,No Injury,Angle - Other Than Left Turn 2,Dark Lighted,Clear,Dry,54.0,Male,West,Going Straight Ahead,Disregarded Traffic Signal,No Apparent Influence,No Apparent Influence,59.0,Male,North,Going Straight Ahead,No Improper Action,No Apparent Influence,No Apparent Influence,33.42926252,-111.9090694,2022-01-15,12:06:00
42831,3923884,2022,McClintock Dr,Elliot Rd,0.0,Intersection 4 Way 202,0.0,0.0,No Injury,Angle - Other Than Left Turn 2,Daylight,Cloudy,Dry,62.0,Male,North,Going Straight Ahead,Disregarded Traffic Signal,No Apparent Influence,No Apparent Influence,54.0,Female,West,Going Straight Ahead,No Improper Action,No Apparent Influence,No Apparent Influence,33.34912976,-111.9111875,2022-01-15,20:27:00
42832,3923882,2022,Baseline Rd,Rural Rd,-200.0,Intersection Related 206,1.0,0.0,Possible Injury,Rear End,Daylight,Cloudy,Dry,17.0,Male,East,Going Straight Ahead,Followed Too Closely,No Apparent Influence,No Apparent Influence,31.0,Male,East,Stopped In Trafficway,No Improper Action,No Apparent Influence,No Apparent Influence,33.37824552,-111.9293417,2022-01-15,22:40:00
42835,3918470,2022,Rio Salado Pkwy,Siesta Ln,0.0,Not Junction Related,1.0,0.0,Possible Injury,Rear End,Dark Lighted,Clear,Dry,44.0,Female,East,Going Straight Ahead,Speed To Fast For Conditions,No Apparent Influence,No Apparent Influence,31.0,Male,East,Stopped In Trafficway,No Improper Action,No Apparent Influence,No Apparent Influence,33.42936762,-111.8936182,2022-01-16,01:15:00
42837,3910902,2022,6th St,Mill Ave,-200.0,Intersection Related 206,0.0,0.0,No Injury,Rear End,Dark Lighted,Clear,Dry,22.0,Male,East,Unknown,Speed To Fast For Conditions,No Apparent Influence,No Apparent Influence,46.0,Female,East,Going Straight Ahead,No Improper Action,No Apparent Influence,No Apparent Influence,33.42434072,-111.9406699,2022-01-16,01:27:00
42838,3910580,2022,Rio Salado Pkwy,Mill Ave,100.0,Intersection Related 206,0.0,0.0,No Injury,Sideswipe Same Direction,Dark Lighted,Clear,Dry,59.0,Male,West,Changing Lanes,Unsafe Lane Change,No Apparent Influence,No Apparent Influence,19.0,Female,West,Going Straight Ahead,No Improper Action,No Apparent Influence,No Apparent Influence,33.42965848,-111.9397239,2022-01-16,01:35:00
42839,3917488,2022,Rural Rd,US-60 Exit 174 J-Ramp,0.0,Intersection 4 Way 202,0.0,0.0,No Injury,Left Turn,Dark Lighted,Clear,Dry,19.0,Male,South,Going Straight Ahead,Disregarded Traffic Signal,No Apparent Influence,No Apparent Influence,38.0,Male,West,Making Left Turn,No Improper Action,No Apparent Influence,No Apparent Influence,33.386181,-111.9264673,2022-01-16,04:07:00
42843,3912604,2022,University Dr,Price Rd,0.0,Intersection 4 Way 202,2.0,0.0,Possible Injury,Left Turn,Daylight,Clear,Dry,18.0,Female,East,Going Straight Ahead,Disregarded Traffic Signal,No Apparent Influence,No Apparent Influence,36.0,Male,West,Making Left Turn,No Improper Action,No Apparent Influence,No Apparent Influence,33.4220113,-111.8919545,2022-01-16,18:13:00
42845,3899772,2022,5th St,Hardy Dr,0.0,Intersection 4 Way 202,0.0,0.0,No Injury,Angle - Other Than Left Turn 2,Daylight,Clear,Dry,18.0,Male,North,Going Straight Ahead,Disregarded Traffic Signal,No Apparent Influence,No Apparent Influence,60.0,Female,East,Going Straight Ahead,No Improper Action,No Apparent Influence,No Apparent Influence,33.4254905,-111.9522707,2022-01-16,23:36:00
42847,3922163,2022,Mill Ave,Baseline Rd,0.0,Intersection 4 Way 202,0.0,0.0,No Injury,Angle - Other Than Left Turn 2,Dark Not Lighted,Clear,Dry,46.0,Male,South,Going Straight Ahead,Other,No Apparent Influence,No Apparent Influence,49.0,Female,West,Going Straight Ahead,Other,No Apparent Influence,No Apparent Influence,33.37821114,-111.9393656,2022-01-17,12:29:00
42848,3910608,2022,Elliot Rd,College Ave,0.0,Not Junction Related,1.0,0.0,Possible Injury,Left Turn,Daylight,Clear,Dry,60.0,Female,North,Making Left Turn,Failed To Yield Right Of Way,No Apparent Influence,No Apparent Influence,64.0,Female,West,Going Straight Ahead,No Improper Action,No Apparent Influence,No Apparent Influence,33.34919176,-111.9338555,2022-01-17,18:21:00
42852,3912606,2022,Broadway Rd,McClintock Dr,178.0,Driveway Or Alley,0.0,0.0,No Injury,Angle - Other Than Left Turn 2,Daylight,Clear,Dry,19.0,Female,South,Making Left Turn,Failed To Yield Right Of Way,No Apparent Influence,No Apparent Influence,26.0,Female,West,Going Straight Ahead,No Improper Action,No Apparent Influence,No Apparent Influence,33.40750016,-111.9085417,2022-01-17,20:50:00
42853,3912605,2022,University Dr,Price Rd,-125.0,Intersection Related 206,1.0,0.0,Possible Injury,Rear End,Daylight,Clear,Dry,45.0,Female,West,Going Straight Ahead,Followed Too Closely,No Apparent Influence,No Apparent Influence,73.0,Female,West,Stopped In Trafficway,No Improper Action,No Apparent Influence,No Apparent Influence,33.42201252,-111.8907166,2022-01-17,21:44:00
42856,3907668,2022,Vista Del Cerro Dr,Rural Rd,59.0,Intersection Related 206,0.0,0.0,No Injury,Sideswipe Same Direction,Daylight,Cloudy,Dry,59.0,Male,West,Making Right Turn,Other,No Apparent Influence,No Apparent Influence,22.0,Male,West,Stopped In Trafficway,No Improper Action,No Apparent Influence,No Apparent Influence,33.41012361,-111.9260911,2022-01-18,15:54:00
42858,3860071,2022,I-10 Exit 157 A-Ramp,Unknown,0.0,Intersection Related 206,1.0,0.0,Possible Injury,Rear End,Daylight,Cloudy,Dry,32.0,Male,South,Slowing In Trafficway,Speed To Fast For Conditions,No Apparent Influence,No Apparent Influence,47.0,Male,South,Stopped In Trafficway,No Improper Action,No Apparent Influence,No Apparent Influence,33.34911391,-111.9728187,2022-01-18,19:24:00
42860,3900776,2022,Broadway Rd,Cutler Dr,0.0,Intersection T Inter 203,1.0,0.0,Possible Injury,Angle - Other Than Left Turn 2,Daylight,Clear,Dry,38.0,Male,South,Making Right Turn,Failed To Yield Right Of Way,No Apparent Influence,No Apparent Influence,26.0,Female,West,Going Straight Ahead,No Improper Action,No Apparent Influence,No Apparent Influence,33.40741289,-111.9583705,2022-01-18,22:45:00
42861,3910921,2022,McClintock Dr,Guadalupe Rd,0.0,Intersection 4 Way 202,1.0,0.0,Possible Injury,Left Turn,Daylight,Clear,Dry,21.0,Female,Northwest,Making Left Turn,Failed To Yield Right Of Way,No Apparent Influence,No Apparent Influence,36.0,Female,South,Going Straight Ahead,No Improper Action,No Apparent Influence,No Apparent Influence,33.36376447,-111.9112568,2022-01-18,22:59:00
42863,3910924,2022,Elliot Rd,Price Rd,-25.0,Intersection Related 206,0.0,0.0,No Injury,Rear End,Daylight,Cloudy,Dry,25.0,Female,East,Going Straight Ahead,Followed Too Closely,No Apparent Influence,No Apparent Influence,17.0,Female,East,Stopped In Trafficway,No Improper Action,No Apparent Influence,No Apparent Influence,33.34934129,-111.8944482,2022-01-19,15:24:00
42865,3901717,2022,Baseline Rd,Priest Dr,-154.0,Intersection Related 206,2.0,0.0,Suspected Minor Injury,Rear End,Daylight,Clear,Dry,33.0,Male,East,Going Straight Ahead,Speed To Fast For Conditions,No Apparent Influence,No Apparent Influence,60.0,Male,East,Stopped In Trafficway,No Improper Action,No Apparent Influence,No Apparent Influence,33.37824491,-111.9636793,2022-01-19,17:40:00
42867,3910464,2022,Rio Salado Pkwy,McClintock Dr,-170.0,Intersection Related 206,2.0,0.0,Suspected Minor Injury,Rear End,Daylight,Clear,Dry,18.0,Male,North,Going Straight Ahead,Speed To Fast For Conditions,No Apparent Influence,No Apparent Influence,32.0,Male,North,Stopped In Trafficway,No Improper Action,No Apparent Influence,No Apparent Influence,33.42919124,-111.9096192,2022-01-19,19:23:00
42868,3910474,2022,McClintock Dr,Rio Salado Pkwy,140.0,Intersection Related 206,2.0,0.0,Suspected Minor Injury,Rear End,Daylight,Clear,Dry,32.0,Male,North,Going Straight Ahead,Speed To Fast For Conditions,No Apparent Influence,No Apparent Influence,35.0,Male,North,Stopped In Trafficway,No Improper Action,No Apparent Influence,No Apparent Influence,33.42964597,-111.9090902,2022-01-19,19:23:00
42871,3862537,2022,US-60 Exit 175 A-Ramp,Unknown,0.0,Entrance Exit Ramp 205,0.0,0.0,No Injury,Rear End,Dark Lighted,Clear,Dry,31.0,Female,East,Making Right Turn,Speed To Fast For Conditions,No Apparent Influence,No Apparent Influence,39.0,Male,East,Stopped In Trafficway,No Improper Action,No Apparent Influence,No Apparent Influence,33.38516855,-111.9095219,2022-01-20,05:17:00
42873,3910462,2022,Baseline Rd,Pointe Pkwy,0.0,Intersection 4 Way 202,2.0,0.0,Suspected Minor Injury,Left Turn,Dawn,Clear,Dry,47.0,Male,East,Going Straight Ahead,Disregarded Traffic Signal,No Apparent Influence,No Apparent Influence,41.0,Male,West,Making Left Turn,No Improper Action,No Apparent Influence,No Apparent Influence,33.37821687,-111.9719949,2022-01-20,14:21:00
42874,3862633,2022,US-60 Exit 174 A-Ramp,Unknown,0.0,Intersection Related 206,0.0,0.0,No Injury,Rear End,Daylight,Clear,Dry,22.0,Female,East,Going Straight Ahead,Speed To Fast For Conditions,Alcohol,No Apparent Influence,35.0,Male,East,Stopped In Trafficway,No Improper Action,No Apparent Influence,No Apparent Influence,33.38505209,-111.9268787,2022-01-20,14:39:00
42875,3955492,2022,Rural Rd,6th St,0.0,Intersection 4 Way 202,0.0,0.0,No Injury,Angle - Other Than Left Turn 2,Daylight,Clear,Dry,18.0,Female,North,Going Straight Ahead,Disregarded Traffic Signal,No Apparent Influence,No Apparent Influence,22.0,Male,West,Going Straight Ahead,No Improper Action,No Apparent Influence,No Apparent Influence,33.42449794,-111.926302,2022-01-20,15:27:00
42876,3899804,2022,Rural Rd,Vista Del Cerro Dr,-114.0,Intersection Related 206,2.0,0.0,Possible Injury,Rear End,Daylight,Clear,Dry,20.0,Female,North,Going Straight Ahead,Speed To Fast For Conditions,No Apparent Influence,No Apparent Influence,51.0,Male,North,Stopped In Trafficway,No Improper Action,No Apparent Influence,No Apparent Influence,33.40980843,-111.926284,2022-01-20,16:50:00
42878,3900094,2022,Scottsdale Rd,McKellips Rd,0.0,Not Junction Related,0.0,0.0,No Injury,Sideswipe Same Direction,Daylight,Clear,Dry,45.0,Male,South,Changing Lanes,Unsafe Lane Change,No Apparent Influence,No Apparent Influence,37.0,Male,South,Going Straight Ahead,No Improper Action,No Apparent Influence,No Apparent Influence,33.45124082,-111.9264677,2022-01-20,18:00:00
42880,3900779,2022,Baseline Rd,Lakeshore Dr,0.0,Intersection 4 Way 202,1.0,0.0,Possible Injury,Left Turn,Daylight,Clear,Dry,89.0,Male,West,Making Left Turn,Failed To Yield Right Of Way,No Apparent Influence,No Apparent Influence,31.0,Male,East,Going Straight Ahead,No Improper Action,No Apparent Influence,No Apparent Influence,33.37832308,-111.9205025,2022-01-20,20:55:00
42881,3901940,2022,Elliot Rd,I-10 Exit 157 C-Ramp,65.0,Intersection Related 206,0.0,0.0,No Injury,Sideswipe Same Direction,Daylight,Clear,Dry,60.0,Male,East,Changing Lanes,Unsafe Lane Change,No Apparent Influence,No Apparent Influence,57.0,Male,East,Going Straight Ahead,No Improper Action,No Apparent Influence,No Apparent Influence,33.3490943,-111.9707248,2022-01-20,20:57:00
42882,3900093,2022,Scottsdale Rd,Playa Del Norte Dr,-108.0,Intersection 201,2.0,0.0,Possible Injury,Sideswipe Same Direction,Daylight,Clear,Dry,23.0,Female,North,Changing Lanes,Unsafe Lane Change,No Apparent Influence,No Apparent Influence,55.0,Male,North,Going Straight Ahead,No Improper Action,No Apparent Influence,No Apparent Influence,33.4337379,-111.9262653,2022-01-20,23:09:00
42883,3901723,2022,Mill Ave,US-60 Exit 173 G-Ramp,0.0,Intersection Related 206,1.0,0.0,Possible Injury,Rear End,Dark Lighted,Clear,Dry,44.0,Female,North,Going Straight Ahead,Followed Too Closely,No Apparent Influence,No Apparent Influence,29.0,Male,North,Going Straight Ahead,No Improper Action,No Apparent Influence,No Apparent Influence,33.38510724,-111.9394705,2022-01-21,01:01:00
42885,3899823,2022,Broadway Rd,Hardy Dr,204.0,Intersection Related 206,0.0,0.0,No Injury,Rear End,Daylight,Clear,Dry,15.0,Female,East,Going Straight Ahead,Followed Too Closely,No Apparent Influence,No Apparent Influence,20.0,Female,East,Slowing In Trafficway,No Improper Action,No Apparent Influence,No Apparent Influence,33.40739001,-111.9514969,2022-01-21,15:15:00