,Incident ID,Year,Street Name,Cross Street,Distance,Junction Relation,Total Injuries,Total Fatalities,Injury Severity,Collision Manner,Light Condition,Weather,Surface Condition,Age Driver 1,Gender Driver 1,Travel Direction One,Unit Action One,Violation1_Drv1,Alcohol Use Driver 1,Drug Use Driver 1,Age Driver 2,Gender Driver 2,Travel Direction Two,Unit Action Two,Violation 1 Driver 2,Alcohol Use Driver 2,Drug Use Driver 2,Latitude,Longitude,Date,Time
42886,3899802,2022,Drake Dr,Harl Ave,0.0,Intersection 4 Way 202,1.0,0.0,Possible Injury,Angle - Other Than Left Turn 2,Daylight,Clear,Dry,21.0,Male,West,Going Straight Ahead,Ran Stop Sign,No Apparent Influence,No Apparent Influence,25.0,Female,South,Going Straight Ahead,No Improper Action,No Apparent Influence,No Apparent Influence,33.35510324,-111.9665048,2022-01-21,16:33:00
42890,3901720,2022,Elliot Rd,Roosevelt St,0.0,Intersection 201,1.0,0.0,Possible Injury,Angle - Other Than Left Turn 2,Daylight,Clear,Wet,28.0,Male,East,Making Left Turn,Failed To Yield Right Of Way,No Apparent Influence,No Apparent Influence,75.0,Female,West,Changing Lanes,Unsafe Lane Change,No Apparent Influence,No Apparent Influence,33.34917706,-111.9503233,2022-01-21,20:35:00
42891,3879269,2022,Broadway Rd,McClintock Dr,150.0,Driveway Or Alley,0.0,0.0,No Injury,Angle - Other Than Left Turn 2,Daylight,Clear,Dry,45.0,Male,South,Making Left Turn,Failed To Yield Right Of Way,No Apparent Influence,No Apparent Influence,25.0,Male,West,Going Straight Ahead,No Improper Action,No Apparent Influence,No Apparent Influence,33.40750017,-111.9086335,2022-01-21,22:35:00
42892,3899389,2022,Broadway Rd,Terrace Rd,30.0,Not Junction Related,0.0,0.0,No Injury,Rear End,Daylight,Clear,Dry,20.0,Male,West,Going Straight Ahead,Speed To Fast For Conditions,No Apparent Influence,No Apparent Influence,43.0,Female,West,Going Straight Ahead,No Improper Action,No Apparent Influence,No Apparent Influence,33.40751345,-111.9225165,2022-01-21,22:40:00
42893,3923880,2022,Scottsdale Rd,Gilbert Dr,0.0,Intersection 4 Way 202,0.0,0.0,No Injury,Left Turn,Daylight,Clear,Dry,17.0,Male,North,Making Left Turn,Failed To Yield Right Of Way,No Apparent Influence,No Apparent Influence,22.0,Male,South,Going Straight Ahead,No Improper Action,No Apparent Influence,No Apparent Influence,33.43756227,-111.9262752,2022-01-21,22:59:00
42894,3860868,2022,SR-202 Exit 7 X-Ramp,Unknown,0.0,Entrance Exit Ramp 205,0.0,0.0,No Injury,Rear End,Daylight,Clear,Dry,63.0,Male,West,Making Right Turn,Speed To Fast For Conditions,No Apparent Influence,No Apparent Influence,27.0,Female,West,Making Right Turn,No Improper Action,No Apparent Influence,No Apparent Influence,33.43665841,-111.926124,2022-01-21,23:35:00
42896,3899803,2022,Apache Blvd,McClintock Dr,0.0,Intersection 4 Way 202,2.0,0.0,Suspected Minor Injury,Angle - Other Than Left Turn 2,Daylight,Clear,Dry,18.0,Female,East,Going Straight Ahead,Unknown,No Apparent Influence,No Apparent Influence,21.0,Male,North,Going Straight Ahead,Unknown,No Apparent Influence,No Apparent Influence,33.41475993,-111.9091326,2022-01-21,23:47:00
42899,3901719,2022,Southern Ave,Priest Dr,0.0,Intersection 4 Way 202,2.0,0.0,Possible Injury,Angle - Other Than Left Turn 2,Dark Lighted,Clear,Dry,43.0,Female,East,Going Straight Ahead,Exceeded Lawful Speed,No Apparent Influence,No Apparent Influence,40.0,Male,North,Going Straight Ahead,No Improper Action,No Apparent Influence,No Apparent Influence,33.39288398,-111.9607699,2022-01-22,03:17:00
42900,3927606,2022,Mill Ave,Washington St,-20.0,Intersection Related 206,0.0,0.0,No Injury,Rear End,Dark Lighted,Clear,Dry,19.0,Female,255,Backing,Other,No Apparent Influence,No Apparent Influence,40.0,Female,255,Stopped In Trafficway,No Improper Action,No Apparent Influence,No Apparent Influence,33.4375734,-111.9432781,2022-01-22,04:17:00
42901,3892020,2022,McClintock Dr,Broadway Rd,220.0,Not Junction Related,0.0,0.0,No Injury,Rear End,Dark Lighted,Clear,Dry,26.0,Male,South,Going Straight Ahead,Speed To Fast For Conditions,Alcohol,No Apparent Influence,22.0,Female,South,Making Right Turn,No Improper Action,No Apparent Influence,No Apparent Influence,33.40810468,-111.9091235,2022-01-22,07:29:00
42904,3899386,2022,Warner Rd,Hardy Dr,102.0,Not Junction Related,1.0,0.0,Possible Injury,Sideswipe Opposite Direction,Daylight,Clear,Dry,33.0,Male,East,Going Straight Ahead,Drove Left Of Center Line,Alcohol,No Apparent Influence,30.0,Female,West,Going Straight Ahead,No Improper Action,No Apparent Influence,No Apparent Influence,33.33456887,-111.9540041,2022-01-22,19:58:00
42906,3923890,2022,Baseline Rd,Hardy Dr,0.0,Intersection 4 Way 202,0.0,0.0,No Injury,Left Turn,Dark Lighted,Clear,Dry,24.0,Male,Northwest,Making Left Turn,Failed To Yield Right Of Way,No Apparent Influence,No Apparent Influence,26.0,Female,South,Going Straight Ahead,No Improper Action,No Apparent Influence,No Apparent Influence,33.37821354,-111.9525127,2022-01-23,01:25:00
42907,3907680,2022,Price Rd,Broadway Rd,0.0,Intersection Related 206,1.0,0.0,Suspected Minor Injury,Left Turn,Dark Lighted,Clear,Dry,35.0,Male,North,Going Straight Ahead,Exceeded Lawful Speed,No Apparent Influence,No Apparent Influence,23.0,Male,North,Making Left Turn,No Improper Action,No Apparent Influence,No Apparent Influence,33.40747535,-111.8903343,2022-01-23,01:56:00
42908,3899415,2022,McClintock Dr,Del Rio Dr,0.0,Not Junction Related,2.0,0.0,Possible Injury,Left Turn,Daylight,Clear,Dry,17.0,Female,Northeast,Making Left Turn,Failed To Yield Right Of Way,No Apparent Influence,No Apparent Influence,29.0,Male,South,Going Straight Ahead,No Improper Action,No Apparent Influence,No Apparent Influence,33.3950015,-111.9091282,2022-01-23,20:57:00
42909,3899808,2022,Baseline Rd,I-10 Exit 155 A1-Ramp,0.0,Intersection 4 Way 202,0.0,0.0,No Injury,Left Turn,Dusk,Clear,Dry,18.0,Female,South,Making U Turn,Made Improper Turn,No Apparent Influence,No Apparent Influence,20.0,Female,East,Going Straight Ahead,No Improper Action,No Apparent Influence,No Apparent Influence,33.37827019,-111.9686324,2022-01-24,01:05:00
42910,3899656,2022,Elliot Rd,Rural Rd,-150.0,Not Junction Related,0.0,0.0,No Injury,Left Turn,Unknown 51,Unknown,Dry,24.0,Female,Northwest,Making Left Turn,Failed To Yield Right Of Way,No Apparent Influence,No Apparent Influence,59.0,Male,West,Going Straight Ahead,No Improper Action,No Apparent Influence,No Apparent Influence,33.34919375,-111.9289679,2022-01-24,01:14:00
42913,3907673,2022,Southern Ave,Price Rd,-25.0,Intersection Related 206,0.0,0.0,No Injury,Other,Dark Lighted,Clear,Dry,22.0,Female,South,Making Right Turn,Speed To Fast For Conditions,Alcohol,No Apparent Influence,24.0,Male,East,Stopped In Trafficway,No Improper Action,No Apparent Influence,No Apparent Influence,33.39296102,-111.8921108,2022-01-24,03:01:00
42919,3907666,2022,Broadway Rd,I-10 Exit 153 G-Ramp,0.0,Intersection 4 Way 202,2.0,0.0,Suspected Minor Injury,Left Turn,Daylight,Clear,Wet,35.0,Male,West,Making Left Turn,Disregarded Traffic Signal,No Apparent Influence,No Apparent Influence,66.0,Male,East,Going Straight Ahead,No Improper Action,No Apparent Influence,No Apparent Influence,33.40845125,-111.9735973,2022-01-24,19:15:00
42920,3899815,2022,48th St,I-10 Cardinal Frontage,0.0,Intersection 4 Way 202,1.0,0.0,Possible Injury,Angle - Other Than Left Turn 2,Daylight,Clear,Dry,29.0,Male,South,Going Straight Ahead,Disregarded Traffic Signal,No Apparent Influence,No Apparent Influence,20.0,Male,East,Making Left Turn,No Improper Action,No Apparent Influence,No Apparent Influence,33.40932389,-111.9782234,2022-01-24,21:20:00
42921,3907667,2022,Baseline Rd,I-10 Exit 155 G-Ramp,0.0,Intersection 201,0.0,0.0,No Injury,Sideswipe Opposite Direction,Daylight,Clear,Dry,49.0,Female,West,Making Left Turn,Other,No Apparent Influence,No Apparent Influence,21.0,Female,East,Stopped In Trafficway,No Improper Action,No Apparent Influence,No Apparent Influence,33.37827019,-111.9686324,2022-01-24,22:53:00
42922,3911383,2022,Southern Ave,Rural Rd,-123.0,Intersection Related 206,0.0,0.0,No Injury,Rear End,Daylight,Clear,Dry,23.0,Male,East,Going Straight Ahead,Speed To Fast For Conditions,No Apparent Influence,No Apparent Influence,42.0,Male,East,Stopped In Trafficway,No Improper Action,No Apparent Influence,No Apparent Influence,33.39295822,-111.9267283,2022-01-25,00:10:00
42924,3899750,2022,Baseline Rd,Wendler Dr,90.0,Intersection Related 206,0.0,0.0,No Injury,Sideswipe Same Direction,Dark Lighted,Clear,Dry,22.0,Male,East,Going Straight Ahead,Disregarded Traffic Signal,No Apparent Influence,No Apparent Influence,48.0,Male,East,Making Left Turn,No Improper Action,No Apparent Influence,No Apparent Influence,33.37826186,-111.9694915,2022-01-25,05:24:00
42926,3899826,2022,Mill Ave,Baseline Rd,95.0,Intersection Related 206,0.0,0.0,No Injury,Rear End,Dark Lighted,Clear,Dry,17.0,Male,South,Going Straight Ahead,Speed To Fast For Conditions,No Apparent Influence,No Apparent Influence,30.0,Male,South,Stopped In Trafficway,No Improper Action,No Apparent Influence,No Apparent Influence,33.3784718,-111.9393707,2022-01-25,13:53:00
42929,3901283,2022,McClintock Dr,Guadalupe Rd,-142.0,Intersection Related 206,0.0,0.0,No Injury,Rear End,Daylight,Clear,Dry,51.0,Male,North,Going Straight Ahead,Speed To Fast For Conditions,No Apparent Influence,No Apparent Influence,29.0,Female,North,Stopped In Trafficway,No Improper Action,No Apparent Influence,No Apparent Influence,33.36337436,-111.9112545,2022-01-25,21:36:00
42931,3899818,2022,Baseline Rd,Pointe Pkwy,-70.0,Intersection Related 206,1.0,0.0,Suspected Minor Injury,Rear End,Daylight,Clear,Dry,23.0,Female,East,Going Straight Ahead,Followed Too Closely,No Apparent Influence,No Apparent Influence,29.0,Female,East,Stopped In Trafficway,No Improper Action,No Apparent Influence,No Apparent Influence,33.37821421,-111.9722239,2022-01-26,00:26:00
42933,3927570,2022,Priest Dr,Lisa Ln,-73.0,Intersection Related 206,0.0,0.0,No Injury,Sideswipe Same Direction,Dark Lighted,Clear,Dry,61.0,Female,South,Changing Lanes,Unsafe Lane Change,No Apparent Influence,No Apparent Influence,24.0,Male,South,Going Straight Ahead,No Improper Action,No Apparent Influence,No Apparent Influence,33.32571541,-111.9631041,2022-01-26,02:33:00
42934,3899769,2022,48th St,Broadway Rd,0.0,Intersection 4 Way 202,0.0,0.0,No Injury,Left Turn,Daylight,Clear,Dry,24.0,Male,Southeast,Making Left Turn,Disregarded Traffic Signal,No Apparent Influence,No Apparent Influence,21.0,Male,North,Going Straight Ahead,No Improper Action,No Apparent Influence,No Apparent Influence,33.40732886,-111.9782876,2022-01-26,14:40:00
42935,3899821,2022,Rural Rd,Westchester Dr,0.0,Intersection 4 Way 202,2.0,0.0,Suspected Minor Injury,Left Turn,Daylight,Clear,Dry,16.0,Male,South,Making Left Turn,Failed To Yield Right Of Way,No Apparent Influence,No Apparent Influence,36.0,Male,North,Going Straight Ahead,No Improper Action,No Apparent Influence,No Apparent Influence,33.36738815,-111.9286268,2022-01-26,14:45:00
42936,3899807,2022,Broadway Rd,55th St,0.0,Intersection 4 Way 202,0.0,0.0,No Injury,Left Turn,Daylight,Clear,Dry,62.0,Male,Northwest,Making Left Turn,Failed To Yield Right Of Way,No Apparent Influence,No Apparent Influence,62.0,Female,South,Going Straight Ahead,No Improper Action,No Apparent Influence,No Apparent Influence,33.40757611,-111.9658235,2022-01-26,15:13:00
42937,3879266,2022,Baseline Rd,Rural Rd,89.0,Intersection Related 206,0.0,0.0,No Injury,Rear End,Dark Not Lighted,Clear,Dry,27.0,Female,West,Going Straight Ahead,Speed To Fast For Conditions,No Apparent Influence,No Apparent Influence,42.0,Male,West,Stopped In Trafficway,No Improper Action,No Apparent Influence,No Apparent Influence,33.37825076,-111.9283955,2022-01-26,17:00:00
42939,3899753,2022,Baseline Rd,Arizona Mills S,-50.0,Intersection Related 206,1.0,0.0,Possible Injury,Angle - Other Than Left Turn 2,Daylight,Clear,Dry,73.0,Male,East,Making Right Turn,Unsafe Lane Change,No Apparent Influence,No Apparent Influence,31.0,Male,East,Going Straight Ahead,No Improper Action,No Apparent Influence,No Apparent Influence,33.37827266,-111.9656185,2022-01-26,18:46:00
42941,3900793,2022,Guadalupe Rd,McClintock Dr,0.0,Intersection 201,2.0,0.0,Possible Injury,Left Turn,Dark Lighted,Clear,Dry,71.0,Female,East,Making Left Turn,Failed To Yield Right Of Way,No Apparent Influence,No Apparent Influence,30.0,Male,West,Going Straight Ahead,No Improper Action,No Apparent Influence,No Apparent Influence,33.36376447,-111.9112567,2022-01-27,13:32:00
42943,3901284,2022,University Dr,McClintock Dr,35.0,Intersection Related 206,0.0,0.0,No Injury,Sideswipe Same Direction,Daylight,Clear,Dry,42.0,Male,West,Making Right Turn,Made Improper Turn,No Apparent Influence,No Apparent Influence,62.0,Female,West,Making Right Turn,No Improper Action,No Apparent Influence,No Apparent Influence,33.4219855,-111.9089719,2022-01-27,17:29:00
42946,3899397,2022,Price Rd,Orange St,64.0,Intersection Related 206,1.0,0.0,Possible Injury,Rear End,Daylight,Clear,Dry,19.0,Female,South,Going Straight Ahead,Followed Too Closely,No Apparent Influence,No Apparent Influence,66.0,Female,South,Slowing In Trafficway,No Improper Action,No Apparent Influence,No Apparent Influence,33.41860035,-111.891968,2022-01-27,21:29:00
42948,3928023,2022,Baseline Rd,Calle Los Cerros,80.0,Intersection Related 206,0.0,0.0,No Injury,Sideswipe Same Direction,Daylight,Clear,Dry,22.0,Male,West,Going Straight Ahead,Failed To Keep In Proper Lane,No Apparent Influence,Drugs,68.0,Male,West,Going Straight Ahead,No Improper Action,No Apparent Influence,No Apparent Influence,33.37821169,-111.9738263,2022-01-27,22:39:00
42950,3891769,2022,Rural Rd,Spence Ave,0.0,Intersection T Inter 203,0.0,0.0,No Injury,Left Turn,Dark Lighted,Clear,Dry,23.0,Male,North,Making Left Turn,Failed To Yield Right Of Way,No Apparent Influence,No Apparent Influence,19.0,Male,South,Going Straight Ahead,No Improper Action,No Apparent Influence,No Apparent Influence,33.41287443,-111.9262872,2022-01-28,01:14:00
42953,3899371,2022,Price Rd,Baseline Rd,-71.0,Intersection Related 206,1.0,0.0,Suspected Minor Injury,Other,Daylight,Clear,Dry,32.0,Male,Southeast,Making Right Turn,Failed To Yield Right Of Way,No Apparent Influence,No Apparent Influence,27.0,Male,South,Going Straight Ahead,No Improper Action,No Apparent Influence,No Apparent Influence,33.37826187,-111.8936434,2022-01-28,19:23:00
42960,3899658,2022,Baseline Rd,Calle Los Cerros,30.0,Intersection Related 206,0.0,0.0,No Injury,Sideswipe Same Direction,Dark Lighted,Clear,Dry,82.0,Female,West,Changing Lanes,Unsafe Lane Change,No Apparent Influence,No Apparent Influence,28.0,Male,West,Going Straight Ahead,No Improper Action,No Apparent Influence,No Apparent Influence,33.37821167,-111.9739901,2022-01-29,04:32:00
42962,3899396,2022,Price Rd,Apache Blvd,0.0,Intersection 4 Way 202,1.0,0.0,Possible Injury,Angle - Other Than Left Turn 2,Daylight,Clear,Dry,49.0,Male,North,Going Straight Ahead,Unknown,No Apparent Influence,No Apparent Influence,21.0,Female,East,Going Straight Ahead,Unknown,No Apparent Influence,No Apparent Influence,33.41479117,-111.8907333,2022-01-29,15:58:00
42963,3899388,2022,Priest Dr,Arizona Mills Access E,0.0,Intersection T Inter 203,1.0,0.0,Suspected Minor Injury,Left Turn,Daylight,Clear,Dry,62.0,Male,South,Going Straight Ahead,Unknown,No Apparent Influence,No Apparent Influence,21.0,Male,East,Making Left Turn,Unknown,No Apparent Influence,No Apparent Influence,33.38466651,-111.9609464,2022-01-29,18:33:00
42965,3899657,2022,McClintock Dr,Warner Rd,0.0,Intersection 4 Way 202,0.0,0.0,No Injury,Sideswipe Opposite Direction,Daylight,Clear,Dry,79.0,Female,South,Making Left Turn,Failed To Yield Right Of Way,No Apparent Influence,No Apparent Influence,58.0,Male,East,Going Straight Ahead,No Improper Action,No Apparent Influence,No Apparent Influence,33.33464293,-111.9111771,2022-01-29,20:46:00
42972,3882258,2022,Southern Ave,McClintock Dr,5.0,Intersection Related 206,0.0,0.0,No Injury,Rear End,Dark Lighted,Clear,Dry,31.0,Male,West,Going Straight Ahead,No Improper Action,No Apparent Influence,No Apparent Influence,59.0,Male,West,Other,No Improper Action,No Apparent Influence,No Apparent Influence,33.39299214,-111.9091103,2022-01-30,06:25:00
42974,3891763,2022,Southern Ave,Mill Ave,-160.0,Not Junction Related,0.0,0.0,No Injury,Angle - Other Than Left Turn 2,Daylight,Clear,Dry,39.0,Female,North,Making Left Turn,Other,No Apparent Influence,No Apparent Influence,87.0,Male,West,Going Straight Ahead,No Improper Action,No Apparent Influence,No Apparent Influence,33.39285853,-111.9401281,2022-01-30,16:52:00
42975,3910582,2022,Baseline Rd,Priest Dr,-200.0,Not Junction Related,0.0,0.0,No Injury,Rear End,Daylight,Clear,Dry,41.0,Female,East,Going Straight Ahead,Followed Too Closely,No Apparent Influence,No Apparent Influence,50.0,Male,East,Stopped In Trafficway,No Improper Action,No Apparent Influence,No Apparent Influence,33.37824523,-111.96383,2022-01-30,19:52:00
42976,3899387,2022,Mill Ave,Hermosa Dr,0.0,Intersection 4 Way 202,1.0,0.0,Suspected Minor Injury,Sideswipe Same Direction,Daylight,Clear,Dry,41.0,Female,West,Making Left Turn,Failed To Keep In Proper Lane,No Apparent Influence,No Apparent Influence,22.0,Female,North,Going Straight Ahead,No Improper Action,No Apparent Influence,No Apparent Influence,33.38820795,-111.9395261,2022-01-30,22:21:00
42977,3866136,2022,SR-202 Exit 7 A-Ramp,Unknown,0.0,Entrance Exit Ramp 205,0.0,0.0,No Injury,Rear End,Daylight,Clear,Dry,42.0,Female,East,Going Straight Ahead,Speed To Fast For Conditions,No Apparent Influence,No Apparent Influence,46.0,Female,East,Stopped In Trafficway,No Improper Action,No Apparent Influence,No Apparent Influence,33.43571594,-111.9273321,2022-01-31,00:28:00
42982,3911330,2022,University Dr,McClintock Dr,-200.0,Intersection Related 206,0.0,0.0,No Injury,Rear End,Dark Lighted,Clear,Dry,26.0,Male,East,Going Straight Ahead,Speed To Fast For Conditions,No Apparent Influence,No Apparent Influence,39.0,Male,East,Going Straight Ahead,No Improper Action,No Apparent Influence,No Apparent Influence,33.42198325,-111.9097416,2022-01-31,02:58:00
42983,3869762,2022,University Dr,College Ave,-1.0,Not Junction Related,0.0,0.0,No Injury,Rear End,Dark Lighted,Clear,Dry,27.0,Male,West,Unknown,Unknown,No Apparent Influence,No Apparent Influence,25.0,Female,West,Unknown,Unknown,Alcohol,No Apparent Influence,33.42189843,-111.9436173,2022-01-31,07:08:00
42986,3891768,2022,Broadmor Dr,Mill Ave,90.0,Not Junction Related,0.0,0.0,No Injury,Rear End,Daylight,Clear,Dry,48.0,Female,South,Going Straight Ahead,Speed To Fast For Conditions,No Apparent Influence,No Apparent Influence,43.0,Male,South,Stopped In Trafficway,No Improper Action,No Apparent Influence,No Apparent Influence,33.40259428,-111.939448,2022-01-31,17:58:00
42989,3899348,2022,Rural Rd,Geneva Dr,-205.0,Not Junction Related,1.0,0.0,Possible Injury,Rear End,Daylight,Clear,Dry,18.0,Male,South,Going Straight Ahead,Speed To Fast For Conditions,No Apparent Influence,No Apparent Influence,59.0,Female,South,Stopped In Trafficway,No Improper Action,No Apparent Influence,No Apparent Influence,33.39442251,-111.9263281,2022-01-31,21:24:00
42990,3899349,2022,Priest Dr,La Jolla Dr,80.0,Not Junction Related,0.0,0.0,No Injury,Rear End,Daylight,Clear,Dry,25.0,Male,South,Going Straight Ahead,Speed To Fast For Conditions,No Apparent Influence,No Apparent Influence,45.0,Female,South,Stopped In Trafficway,No Improper Action,No Apparent Influence,No Apparent Influence,33.39050063,-111.9608052,2022-01-31,23:20:00
42991,3910583,2022,Kyrene Rd,La Donna Dr,0.0,Intersection T Inter 203,0.0,0.0,No Injury,Left Turn,Dusk,Clear,Dry,50.0,Female,East,Making Left Turn,Failed To Yield Right Of Way,No Apparent Influence,No Apparent Influence,64.0,Male,South,Going Straight Ahead,No Improper Action,No Apparent Influence,No Apparent Influence,33.36800213,-111.9459226,2022-02-01,00:47:00
42992,3899708,2022,Warner Rd,I-10 Exit 158 J-Ramp,50.0,Intersection Related 206,0.0,0.0,No Injury,Rear End,Dark Lighted,Clear,Dry,34.0,Female,West,Going Straight Ahead,Speed To Fast For Conditions,No Apparent Influence,No Apparent Influence,51.0,Male,West,Stopped In Trafficway,No Improper Action,No Apparent Influence,No Apparent Influence,33.33436212,-111.971344,2022-02-01,02:14:00
42995,3864774,2022,US-60 Exit 175 A-Ramp,Unknown,0.0,Intersection Related 206,2.0,0.0,Suspected Minor Injury,Rear End,Daylight,Cloudy,Dry,52.0,Female,East,Going Straight Ahead,Speed To Fast For Conditions,No Apparent Influence,No Apparent Influence,52.0,Female,East,Slowing In Trafficway,No Improper Action,No Apparent Influence,No Apparent Influence,33.38518833,-111.9098655,2022-02-01,15:05:00
42996,3899352,2022,Mill Ave,University Dr,30.0,Intersection Related 206,0.0,0.0,No Injury,Sideswipe Same Direction,Daylight,Cloudy,Dry,70.0,Male,South,Going Straight Ahead,Unknown,No Apparent Influence,No Apparent Influence,47.0,Male,South,Making Left Turn,Unknown,No Apparent Influence,No Apparent Influence,33.42201709,-111.9400161,2022-02-01,16:17:00
43001,3899366,2022,Rural Rd,6th St,0.0,Intersection 4 Way 202,0.0,0.0,No Injury,Left Turn,Dusk,Cloudy,Dry,31.0,Female,South,Making Left Turn,Failed To Yield Right Of Way,No Apparent Influence,No Apparent Influence,23.0,Female,North,Going Straight Ahead,No Improper Action,No Apparent Influence,No Apparent Influence,33.42449794,-111.926302,2022-02-02,00:48:00
43003,3920705,2022,La Jolla Dr,Rural Rd,0.0,Intersection 4 Way 202,1.0,0.0,Possible Injury,Angle - Other Than Left Turn 2,Dark Lighted,Clear,Dry,22.0,Female,West,Making Left Turn,Failed To Yield Right Of Way,No Apparent Influence,No Apparent Influence,29.0,Male,North,Going Straight Ahead,No Improper Action,No Apparent Influence,No Apparent Influence,33.38938084,-111.9264157,2022-02-02,04:02:00
43008,3879637,2022,Rural Rd,Apache Blvd,148.0,Intersection Related 206,0.0,0.0,No Injury,Angle - Other Than Left Turn 2,Dark Lighted,Clear,Dry,29.0,Male,East,Making Left Turn,Failed To Yield Right Of Way,No Apparent Influence,No Apparent Influence,41.0,Male,Unknown,Unknown,Unknown,No Apparent Influence,No Apparent Influence,33.41516887,-111.9262934,2022-02-03,05:22:00
43009,3892024,2022,Rural Rd,6th St,-170.0,Intersection Related 206,0.0,0.0,No Injury,Rear End,Daylight,Clear,Dry,22.0,Female,North,Going Straight Ahead,Speed To Fast For Conditions,No Apparent Influence,No Apparent Influence,19.0,Female,North,Slowing In Trafficway,No Improper Action,No Apparent Influence,No Apparent Influence,33.42403079,-111.926303,2022-02-03,15:54:00
43010,3899683,2022,Mill Ave,Del Rio Dr,0.0,Intersection 4 Way 202,1.0,0.0,Suspected Serious Injury,Angle - Other Than Left Turn 2,Daylight,Clear,Dry,32.0,Male,West,Making Left Turn,Failed To Yield Right Of Way,No Apparent Influence,No Apparent Influence,49.0,Male,North,Going Straight Ahead,No Improper Action,No Apparent Influence,No Apparent Influence,33.3978114,-111.9396724,2022-02-03,17:32:00
43011,3923864,2022,Apache Blvd,Rural Rd,-200.0,Not Junction Related,0.0,0.0,No Injury,Sideswipe Same Direction,Daylight,Clear,Dry,27.0,Male,East,Changing Lanes,Unsafe Lane Change,No Apparent Influence,No Apparent Influence,34.0,Male,East,Going Straight Ahead,No Improper Action,No Apparent Influence,No Apparent Influence,33.41475936,-111.9269478,2022-02-03,18:04:00
43016,4014485,2022,Broadway Rd,Hardy Dr,0.0,Intersection 201,0.0,0.0,No Injury,Left Turn,Daylight,Clear,Dry,22.0,Female,West,Making Left Turn,Failed To Yield Right Of Way,No Apparent Influence,No Apparent Influence,37.0,Male,Northwest,Making Left Turn,Failed To Yield Right Of Way,No Apparent Influence,No Apparent Influence,33.40739301,-111.952165,2022-02-04,02:02:00
43020,3928054,2022,Warner Rd,Jewell St,49.0,Railway Grade Crossing,0.0,0.0,No Injury,Rear End,Daylight,Clear,Dry,27.0,Male,East,Going Straight Ahead,Speed To Fast For Conditions,Alcohol,Drugs,44.0,Male,East,Going Straight Ahead,No Improper Action,No Apparent Influence,No Apparent Influence,33.33452454,-111.9681356,2022-02-04,08:51:00
43027,3923889,2022,Rio Salado Pkwy,Packard Dr,0.0,Intersection 4 Way 202,0.0,0.0,No Injury,Angle - Other Than Left Turn 2,Daylight,Clear,Dry,31.0,Male,East,Going Straight Ahead,Unknown,No Apparent Influence,No Apparent Influence,63.0,Male,South,Making Left Turn,Unknown,No Apparent Influence,No Apparent Influence,33.42872637,-111.9292906,2022-02-04,19:36:00
43028,3921941,2022,Southern Ave,Priest Dr,178.0,Not Junction Related,0.0,0.0,No Injury,Sideswipe Same Direction,Daylight,Clear,Dry,80.0,Male,West,Going Straight Ahead,Unknown,No Apparent Influence,No Apparent Influence,68.0,Male,West,Unknown,Unknown,No Apparent Influence,No Apparent Influence,33.39287963,-111.9601871,2022-02-04,19:37:00
43032,3899669,2022,Priest Dr,Southern Ave,100.0,Not Junction Related,0.0,0.0,No Injury,U Turn,Daylight,Clear,Dry,23.0,Female,South,Making U Turn,Made Improper Turn,No Apparent Influence,No Apparent Influence,32.0,Male,West,Going Straight Ahead,No Improper Action,No Apparent Influence,No Apparent Influence,33.39315866,-111.9607684,2022-02-05,00:41:00
43033,3935054,2022,Warner Rd,I-10 Exit 158 C-Ramp,91.0,Not Junction Related,1.0,0.0,Possible Injury,Rear End,Dusk,Clear,Dry,48.0,Male,East,Going Straight Ahead,Speed To Fast For Conditions,No Apparent Influence,No Apparent Influence,48.0,Male,East,Stopped In Trafficway,No Improper Action,No Apparent Influence,No Apparent Influence,33.33436316,-111.9712098,2022-02-05,02:05:00
43034,3911347,2022,Elliot Rd,Kachina Dr,0.0,Intersection 201,1.0,0.0,Suspected Minor Injury,Left Turn,Dark Lighted,Clear,Dry,74.0,Male,North,Making Left Turn,Failed To Yield Right Of Way,No Apparent Influence,No Apparent Influence,30.0,Male,East,Going Straight Ahead,Other,No Apparent Influence,No Apparent Influence,33.3491441,-111.9090316,2022-02-05,02:33:00
43036,3927579,2022,University Dr,S Athletes Pl,128.0,Not Junction Related,2.0,0.0,Suspected Minor Injury,Rear End,Daylight,Clear,Dry,22.0,Male,East,Going Straight Ahead,Speed To Fast For Conditions,Alcohol,No Apparent Influence,25.0,Male,East,Slowing In Trafficway,No Improper Action,No Apparent Influence,No Apparent Influence,33.42202232,-111.9224762,2022-02-05,08:32:00
43039,3928019,2022,48th St,Southern Ave,0.0,Intersection 4 Way 202,0.0,0.0,No Injury,Angle - Other Than Left Turn 2,Daylight,Clear,Dry,18.0,Female,North,Going Straight Ahead,Unknown,No Apparent Influence,No Apparent Influence,81.0,Female,West,Slowing In Trafficway,Unknown,No Apparent Influence,No Apparent Influence,33.39276724,-111.9783383,2022-02-05,15:13:00
43040,3923893,2022,Scottsdale Rd,Weber Dr,-25.0,Intersection Related 206,0.0,0.0,No Injury,Rear End,Daylight,Clear,Dry,22.0,Female,South,Going Straight Ahead,Speed To Fast For Conditions,No Apparent Influence,No Apparent Influence,46.0,Male,South,Going Straight Ahead,No Improper Action,No Apparent Influence,No Apparent Influence,33.44392001,-111.9264374,2022-02-05,19:35:00