,Incident ID,Year,Street Name,Cross Street,Distance,Junction Relation,Total Injuries,Total Fatalities,Injury Severity,Collision Manner,Light Condition,Weather,Surface Condition,Age Driver 1,Gender Driver 1,Travel Direction One,Unit Action One,Violation1_Drv1,Alcohol Use Driver 1,Drug Use Driver 1,Age Driver 2,Gender Driver 2,Travel Direction Two,Unit Action Two,Violation 1 Driver 2,Alcohol Use Driver 2,Drug Use Driver 2,Latitude,Longitude,Date,Time
43043,3899773,2022,Baseline Rd,Kyrene Rd,0.0,Intersection T Inter 203,0.0,0.0,No Injury,Angle - Other Than Left Turn 2,Daylight,Clear,Dry,45.0,Female,South,Making Left Turn,Failed To Yield Right Of Way,No Apparent Influence,No Apparent Influence,59.0,Female,West,Going Straight Ahead,No Improper Action,No Apparent Influence,No Apparent Influence,33.37821693,-111.9438877,2022-02-05,21:38:00
43046,3871071,2022,Elliot Rd,I-10 Exit 157 C-Ramp,0.0,Intersection 201,0.0,0.0,No Injury,Angle - Other Than Left Turn 2,Dark Lighted,Clear,Dry,17.0,Female,West,Making Right Turn,Speed To Fast For Conditions,No Apparent Influence,No Apparent Influence,22.0,Female,West,Making Left Turn,No Improper Action,No Apparent Influence,No Apparent Influence,33.34909552,-111.9709375,2022-02-06,01:26:00
43048,3930567,2022,Price Rd,Broadway Rd,0.0,Intersection 4 Way 202,0.0,0.0,No Injury,Rear End,Dark Lighted,Clear,Dry,25.0,Male,South,Going Straight Ahead,Speed To Fast For Conditions,Alcohol,No Apparent Influence,25.0,Male,South,Going Straight Ahead,No Improper Action,No Apparent Influence,No Apparent Influence,33.4074963,-111.8920047,2022-02-06,08:04:00
43051,3922161,2022,Calle De Caballos,Kachina Dr,0.0,Intersection 4 Way 202,0.0,0.0,No Injury,Angle - Other Than Left Turn 2,Daylight,Clear,Dry,54.0,Male,South,Going Straight Ahead,Ran Stop Sign,No Apparent Influence,No Apparent Influence,63.0,Male,West,Going Straight Ahead,No Improper Action,No Apparent Influence,No Apparent Influence,33.33964404,-111.9100608,2022-02-06,22:08:00
43052,3879267,2022,Broadway Rd,I-10 Exit 153 G-Ramp,0.0,Intersection 4 Way 202,0.0,0.0,No Injury,Head On,Dark Lighted,Clear,Dry,27.0,Male,East,Going Straight Ahead,Disregarded Traffic Signal,No Apparent Influence,No Apparent Influence,59.0,Female,Southwest,Making Left Turn,No Improper Action,No Apparent Influence,No Apparent Influence,33.40845125,-111.9735973,2022-02-07,03:30:00
43054,3930527,2022,Priest Dr,Baseline Rd,0.0,Intersection 4 Way 202,0.0,0.0,No Injury,Angle - Other Than Left Turn 2,Dark Lighted,Clear,Dry,30.0,Male,West,Going Straight Ahead,Disregarded Traffic Signal,No Apparent Influence,No Apparent Influence,21.0,Male,North,Going Straight Ahead,No Improper Action,No Apparent Influence,No Apparent Influence,33.37824385,-111.9631749,2022-02-07,06:59:00
43058,3921942,2022,Rural Rd,6th St,0.0,Intersection T Inter 203,1.0,0.0,Possible Injury,Left Turn,Daylight,Clear,Dry,48.0,Female,South,Making Left Turn,Failed To Yield Right Of Way,No Apparent Influence,No Apparent Influence,24.0,Male,North,Going Straight Ahead,No Improper Action,No Apparent Influence,No Apparent Influence,33.42449789,-111.926302,2022-02-07,21:20:00
43060,3868593,2022,Sr-143,Unknown,0.0,Not Junction Related,0.0,0.0,No Injury,Rear End,Daylight,Clear,Dry,49.0,Male,North,Going Straight Ahead,Speed To Fast For Conditions,No Apparent Influence,No Apparent Influence,20.0,Female,North,Slowing In Trafficway,No Improper Action,No Apparent Influence,No Apparent Influence,33.4086306,-111.9782383,2022-02-08,00:28:00
43061,3892040,2022,Priest Dr,SR-202 Cardinal Frontage,0.0,Intersection Related 206,0.0,0.0,No Injury,Angle - Other Than Left Turn 2,Dark Lighted,Clear,Dry,42.0,Male,North,Going Straight Ahead,Disregarded Traffic Signal,No Apparent Influence,No Apparent Influence,60.0,Female,East,Going Straight Ahead,No Improper Action,No Apparent Influence,No Apparent Influence,33.43714969,-111.9609412,2022-02-08,01:51:00
43062,3920692,2022,University Dr,Farmer Ave,0.0,Intersection 4 Way 202,0.0,0.0,No Injury,Left Turn,Dark Lighted,Clear,Dry,72.0,Male,East,Making Left Turn,Failed To Yield Right Of Way,No Apparent Influence,No Apparent Influence,20.0,Female,West,Going Straight Ahead,No Improper Action,No Apparent Influence,No Apparent Influence,33.42189351,-111.9442723,2022-02-08,03:32:00
43064,3923861,2022,Elliot Rd,Price Rd,0.0,Intersection 201,0.0,0.0,No Injury,Angle - Other Than Left Turn 2,Dark Lighted,Clear,Dry,51.0,Male,West,Going Straight Ahead,Unknown,No Apparent Influence,No Apparent Influence,68.0,Male,Southeast,Making Left Turn,Unknown,No Apparent Influence,No Apparent Influence,33.34934277,-111.8943665,2022-02-08,11:27:00
43065,3932066,2022,Mill Ave,US-60 Exit 173 A-Ramp,0.0,Intersection 4 Way 202,0.0,0.0,No Injury,Left Turn,Dark Lighted,Clear,Dry,56.0,Male,North,Making Left Turn,Disregarded Traffic Signal,No Apparent Influence,No Apparent Influence,55.0,Male,South,Going Straight Ahead,No Improper Action,No Apparent Influence,No Apparent Influence,33.38510724,-111.9394705,2022-02-08,12:06:00
43066,3870722,2022,I-10 Exit 158 C-Ramp,Unknown,0.0,Entrance Exit Ramp 205,1.0,0.0,Suspected Minor Injury,Rear End,Dawn,Clear,Dry,23.0,Male,West,Going Straight Ahead,Speed To Fast For Conditions,No Apparent Influence,No Apparent Influence,44.0,Male,West,Stopped In Trafficway,No Improper Action,No Apparent Influence,No Apparent Influence,33.33306728,-111.9717088,2022-02-08,13:44:00
43068,3870748,2022,Rural Rd,US-60 Exit 174 C-Ramp,0.0,Intersection 201,0.0,0.0,No Injury,Angle - Other Than Left Turn 2,Daylight,Clear,Dry,59.0,Male,West,Going Straight Ahead,Disregarded Traffic Signal,No Apparent Influence,No Apparent Influence,52.0,Male,West,Going Straight Ahead,No Improper Action,No Apparent Influence,No Apparent Influence,33.386181,-111.9264673,2022-02-08,14:42:00
43069,3923857,2022,Guadalupe Rd,College Ave,0.0,Intersection T Inter 203,1.0,0.0,Possible Injury,Angle - Other Than Left Turn 2,Daylight,Clear,Dry,46.0,Male,South,Making Left Turn,Failed To Yield Right Of Way,No Apparent Influence,No Apparent Influence,30.0,Female,West,Going Straight Ahead,No Improper Action,No Apparent Influence,No Apparent Influence,33.3637298,-111.933375,2022-02-08,18:00:00
43070,3923879,2022,Baseline Rd,Arizona Mills S,102.0,Intersection Related 206,0.0,0.0,No Injury,Sideswipe Same Direction,Daylight,Clear,Dry,30.0,Female,West,Unknown,Unknown,No Apparent Influence,No Apparent Influence,70.0,Male,West,Unknown,Unknown,No Apparent Influence,No Apparent Influence,33.37826397,-111.9651215,2022-02-08,19:00:00
43074,3920687,2022,Ash Ave,5th St,0.0,Intersection 4 Way 202,0.0,0.0,No Injury,Sideswipe Same Direction,Dark Lighted,Clear,Dry,20.0,Male,West,Making Right Turn,Other,No Apparent Influence,No Apparent Influence,65.0,Male,West,Making Right Turn,No Improper Action,No Apparent Influence,No Apparent Influence,33.42549208,-111.9433708,2022-02-09,02:06:00
43077,3923885,2022,University Dr,Priest Dr,-25.0,Intersection Related 206,1.0,0.0,Possible Injury,Rear End,Dark Lighted,Clear,Dry,52.0,Female,East,Going Straight Ahead,Speed To Fast For Conditions,No Apparent Influence,No Apparent Influence,47.0,Male,East,Slowing In Trafficway,No Improper Action,No Apparent Influence,No Apparent Influence,33.42194222,-111.9610053,2022-02-09,12:46:00
43078,3879282,2022,Baseline Rd,Calle Los Cerros,0.0,Intersection 4 Way 202,1.0,0.0,Possible Injury,Angle - Other Than Left Turn 2,Daylight,Clear,Dry,62.0,Female,West,Going Straight Ahead,Disregarded Traffic Signal,No Apparent Influence,No Apparent Influence,18.0,Male,South,Making Left Turn,No Improper Action,No Apparent Influence,No Apparent Influence,33.37821111,-111.9740884,2022-02-09,14:49:00
43079,3882332,2022,McClintock Dr,Warner Rd,0.0,Intersection 4 Way 202,1.0,0.0,Possible Injury,Left Turn,Daylight,Clear,Dry,31.0,Male,South,Making Left Turn,Failed To Yield Right Of Way,No Apparent Influence,No Apparent Influence,24.0,Female,North,Going Straight Ahead,No Improper Action,No Apparent Influence,No Apparent Influence,33.33464293,-111.9111771,2022-02-09,17:18:00
43081,3921944,2022,Apache Blvd,SR-101 Non-Cardinal Frontage,-20.0,Intersection Related 206,0.0,0.0,No Injury,Angle - Other Than Left Turn 2,Daylight,Clear,Dry,50.0,Female,West,Making Left Turn,Unknown,No Apparent Influence,No Apparent Influence,39.0,Male,North,Going Straight Ahead,Unknown,No Apparent Influence,No Apparent Influence,33.41479195,-111.8907988,2022-02-09,22:15:00
43082,3920429,2022,Price Rd,Elliot Rd,1.0,Intersection 201,2.0,0.0,Suspected Minor Injury,Angle - Other Than Left Turn 2,Daylight,Clear,Dry,40.0,Female,East,Going Straight Ahead,Failed To Yield Right Of Way,No Apparent Influence,No Apparent Influence,82.0,Male,South,Going Straight Ahead,No Improper Action,No Apparent Influence,No Apparent Influence,33.35657407,-111.8949039,2022-02-09,22:30:00
43085,3928062,2022,Lodge Dr,Palm Dr,-168.0,Driveway Or Alley,1.0,0.0,Suspected Minor Injury,Sideswipe Same Direction,Dusk,Clear,Dry,41.0,Male,East,Unknown,Exceeded Lawful Speed,No Apparent Influence,No Apparent Influence,66.0,Male,East,Making Right Turn,No Improper Action,No Apparent Influence,No Apparent Influence,33.35936811,-111.9297955,2022-02-10,00:59:00
43086,3867034,2022,University Dr,SR-143 Exit 1 A-Ramp,0.0,Intersection 4 Way 202,0.0,0.0,No Injury,Left Turn,Dark Lighted,Clear,Dry,24.0,Male,Northeast,Making Left Turn,Unknown,No Apparent Influence,No Apparent Influence,54.0,Male,West,Going Straight Ahead,Unknown,No Apparent Influence,No Apparent Influence,33.42188944,-111.978171,2022-02-10,02:38:00
43088,3920727,2022,Scottsdale Rd,Playa Del Norte Dr,-98.0,Intersection Related 206,1.0,0.0,Possible Injury,Rear End,Dark Lighted,Clear,Dry,24.0,Female,North,Going Straight Ahead,Speed To Fast For Conditions,No Apparent Influence,No Apparent Influence,24.0,Male,North,Stopped In Trafficway,No Improper Action,No Apparent Influence,No Apparent Influence,33.43376537,-111.9262651,2022-02-10,02:55:00
43089,3872781,2022,I-10 Exit 155 J1-Ramp,Unknown,0.0,Entrance Exit Ramp 205,0.0,0.0,No Injury,Sideswipe Same Direction,Dark Lighted,Clear,Dry,61.0,Female,West,Making Right Turn,Made Improper Turn,No Apparent Influence,No Apparent Influence,56.0,Male,West,Making Left Turn,No Improper Action,No Apparent Influence,No Apparent Influence,33.37841603,-111.9673783,2022-02-10,13:11:00
43092,3870153,2022,SR-202 Exit 7 T-Ramp,Unknown,0.0,Intersection 4 Way 202,1.0,0.0,Possible Injury,Rear End,Daylight,Clear,Dry,30.0,Female,East,Making Right Turn,Speed To Fast For Conditions,No Apparent Influence,No Apparent Influence,42.0,Female,East,Making Right Turn,No Improper Action,No Apparent Influence,No Apparent Influence,33.43567625,-111.9265853,2022-02-10,16:30:00
43096,3879278,2022,Mill Ave,University Dr,115.0,Intersection Related 206,0.0,0.0,No Injury,Rear End,Daylight,Clear,Dry,21.0,Male,South,Going Straight Ahead,Followed Too Closely,No Apparent Influence,No Apparent Influence,32.0,Female,South,Stopped In Trafficway,No Improper Action,No Apparent Influence,No Apparent Influence,33.42225051,-111.9400136,2022-02-10,18:57:00
43098,3928061,2022,Baseline Rd,Pointe Pkwy,120.0,Intersection Related 206,0.0,0.0,No Injury,Rear End,Daylight,Clear,Dry,52.0,Male,East,Going Straight Ahead,Followed Too Closely,No Apparent Influence,No Apparent Influence,33.0,Male,East,Stopped In Trafficway,No Improper Action,No Apparent Influence,No Apparent Influence,33.378222,-111.971602,2022-02-10,23:43:00
43099,3920732,2022,SR-101 Non-Cardinal Frontage,Broadway Rd,0.0,Intersection 4 Way 202,0.0,0.0,No Injury,Angle - Other Than Left Turn 2,Daylight,Clear,Dry,20.0,Male,North,Going Straight Ahead,Failed To Keep In Proper Lane,No Apparent Influence,No Apparent Influence,20.0,Male,North,Making Left Turn,No Improper Action,No Apparent Influence,No Apparent Influence,33.40747535,-111.8903343,2022-02-11,00:33:00
43100,3927580,2022,Rural Rd,Apache Blvd,-105.0,Not Junction Related,1.0,0.0,Possible Injury,Rear End,Dark Lighted,Clear,Dry,23.0,Male,North,Going Straight Ahead,Speed To Fast For Conditions,Alcohol,No Apparent Influence,21.0,Female,North,Stopped In Trafficway,No Improper Action,No Apparent Influence,No Apparent Influence,33.41447366,-111.9262927,2022-02-11,07:58:00
43101,3868783,2022,Broadway Rd,I-10 Cardinal Frontage,-67.0,Entrance Exit Ramp 205,1.0,0.0,Possible Injury,Rear End,Daylight,Clear,Dry,25.0,Male,South,Going Straight Ahead,Speed To Fast For Conditions,No Apparent Influence,No Apparent Influence,38.0,Male,South,Making Right Turn,Other,No Apparent Influence,No Apparent Influence,33.40837648,-111.973797,2022-02-11,13:57:00
43105,3932064,2022,Scottsdale Rd,Playa Del Norte Dr,-72.0,Not Junction Related,2.0,0.0,Suspected Minor Injury,Rear End,Daylight,Clear,Dry,22.0,Male,North,Going Straight Ahead,Speed To Fast For Conditions,No Apparent Influence,No Apparent Influence,19.0,Female,North,Going Straight Ahead,No Improper Action,No Apparent Influence,No Apparent Influence,33.43383678,-111.9262644,2022-02-11,19:37:00
43106,3879252,2022,52nd St,University Dr,-211.0,Driveway Or Alley,0.0,0.0,No Injury,Angle - Other Than Left Turn 2,Daylight,Clear,Dry,18.0,Female,East,Making Left Turn,Failed To Yield Right Of Way,No Apparent Influence,No Apparent Influence,48.0,Male,North,Going Straight Ahead,No Improper Action,No Apparent Influence,No Apparent Influence,33.42136364,-111.9695614,2022-02-11,20:49:00
43107,3882275,2022,Rural Rd,US-60 Exit 174 G-Ramp,0.0,Intersection 201,0.0,0.0,No Injury,Angle - Other Than Left Turn 2,Daylight,Clear,Dry,27.0,Female,West,Making Right Turn,Disregarded Traffic Signal,No Apparent Influence,No Apparent Influence,32.0,Male,North,Going Straight Ahead,No Improper Action,No Apparent Influence,No Apparent Influence,33.385021,-111.9264836,2022-02-11,22:37:00
43108,3882276,2022,Baseline Rd,Calle Los Cerros,0.0,Intersection 4 Way 202,0.0,0.0,No Injury,Left Turn,Unknown 51,Unknown,Dry,31.0,Male,North,Making Left Turn,Failed To Yield Right Of Way,No Apparent Influence,No Apparent Influence,18.0,Male,West,Going Straight Ahead,No Improper Action,No Apparent Influence,No Apparent Influence,33.37821111,-111.9740884,2022-02-12,00:47:00
43110,3879274,2022,Mill Ave,5th St,-185.0,Not Junction Related,2.0,0.0,Possible Injury,Sideswipe Same Direction,Dark Lighted,Clear,Dry,49.0,Male,South,Leaving Parking Position,Failed To Yield Right Of Way,No Apparent Influence,No Apparent Influence,27.0,Female,South,Going Straight Ahead,No Improper Action,No Apparent Influence,No Apparent Influence,33.42499524,-111.9400176,2022-02-12,01:51:00
43111,3928015,2022,Apache Blvd,Rural Rd,200.0,Intersection Related 206,1.0,0.0,Possible Injury,Rear End,Dark Lighted,Clear,Dry,20.0,Male,West,Going Straight Ahead,Speed To Fast For Conditions,No Apparent Influence,No Apparent Influence,28.0,Female,West,Stopped In Trafficway,No Improper Action,No Apparent Influence,No Apparent Influence,33.41475958,-111.9256373,2022-02-12,02:29:00
43114,3930469,2022,Apache Blvd,Price Rd,0.0,Intersection 4 Way 202,0.0,0.0,No Injury,Angle - Other Than Left Turn 2,Daylight,Clear,Dry,47.0,Female,North,Going Straight Ahead,Unknown,No Apparent Influence,No Apparent Influence,19.0,Female,East,Going Straight Ahead,Unknown,No Apparent Influence,No Apparent Influence,33.41479117,-111.8907333,2022-02-12,18:57:00
43120,3892051,2022,Elliot Rd,Rural Rd,0.0,Intersection 4 Way 202,2.0,0.0,Suspected Minor Injury,Left Turn,Dark Lighted,Clear,Dry,16.0,Female,West,Making Left Turn,Failed To Yield Right Of Way,No Apparent Influence,No Apparent Influence,35.0,Female,East,Going Straight Ahead,No Improper Action,No Apparent Influence,No Apparent Influence,33.34919067,-111.928477,2022-02-13,02:59:00
43121,3879250,2022,Lemon St,Rural Rd,-33.0,Intersection Related 206,1.0,0.0,Suspected Minor Injury,Left Turn,Dark Lighted,Clear,Dry,22.0,Female,West,Making Left Turn,Failed To Yield Right Of Way,No Apparent Influence,No Apparent Influence,20.0,Male,East,Going Straight Ahead,No Improper Action,No Apparent Influence,No Apparent Influence,33.41683416,-111.9264053,2022-02-13,06:20:00
43123,3927602,2022,Broadway Rd,Priest Dr,51.0,Intersection Related 206,2.0,0.0,Suspected Minor Injury,Left Turn,Dark Lighted,Clear,Dry,28.0,Male,West,Going Straight Ahead,Disregarded Traffic Signal,Alcohol,No Apparent Influence,22.0,Male,West,Stopped In Trafficway,No Improper Action,No Apparent Influence,No Apparent Influence,33.40742043,-111.9606127,2022-02-13,09:35:00
43126,3879588,2022,Scottsdale Rd,Playa Del Norte Dr,-50.0,Intersection Related 206,0.0,0.0,No Injury,Rear End,Daylight,Clear,Dry,22.0,Male,North,Going Straight Ahead,Speed To Fast For Conditions,No Apparent Influence,No Apparent Influence,20.0,Female,North,Stopped In Trafficway,No Improper Action,No Apparent Influence,No Apparent Influence,33.4338972,-111.9262639,2022-02-13,23:19:00
43127,3932061,2022,Price Rd,Broadway Rd,50.0,Entrance Exit Ramp 205,2.0,0.0,Suspected Minor Injury,Sideswipe Same Direction,Daylight,Clear,Dry,21.0,Male,South,Going Straight Ahead,Speed To Fast For Conditions,Alcohol,No Apparent Influence,36.0,Male,South,Going Straight Ahead,No Improper Action,No Apparent Influence,No Apparent Influence,33.4076337,-111.8920044,2022-02-13,23:24:00
43128,3932081,2022,Terrace Rd,Lemon St,0.0,Intersection 4 Way 202,0.0,0.0,No Injury,Left Turn,Dark Lighted,Clear,Dry,18.0,Female,Northwest,Making Left Turn,Failed To Yield Right Of Way,No Apparent Influence,No Apparent Influence,19.0,Female,Southeast,Going Straight Ahead,No Improper Action,No Apparent Influence,No Apparent Influence,33.41675937,-111.9224177,2022-02-14,02:29:00
43133,3928055,2022,48th St,Southern Ave,123.0,Intersection 201,0.0,0.0,No Injury,Sideswipe Same Direction,Daylight,Clear,Dry,49.0,Female,South,Going Straight Ahead,No Improper Action,No Apparent Influence,No Apparent Influence,23.0,Male,South,Changing Lanes,Unsafe Lane Change,No Apparent Influence,No Apparent Influence,33.39310526,-111.9783386,2022-02-14,15:36:00
43135,3879273,2022,Elliot Rd,Country Club Way,115.0,Intersection Related 206,0.0,0.0,No Injury,Rear End,Daylight,Clear,Dry,36.0,Male,West,Going Straight Ahead,Speed To Fast For Conditions,No Apparent Influence,No Apparent Influence,33.0,Female,West,Stopped In Trafficway,No Improper Action,No Apparent Influence,No Apparent Influence,33.34922656,-111.9021901,2022-02-14,18:37:00
43136,3879280,2022,University Dr,College Ave,200.0,Driveway Or Alley,0.0,0.0,No Injury,Angle - Other Than Left Turn 2,Daylight,Clear,Dry,45.0,Female,South,Making Left Turn,Failed To Yield Right Of Way,No Apparent Influence,No Apparent Influence,22.0,Male,West,Going Straight Ahead,No Improper Action,No Apparent Influence,No Apparent Influence,33.42195976,-111.934311,2022-02-14,18:58:00
43140,3927587,2022,Baseline Rd,Price Rd,-205.0,Not Junction Related,0.0,0.0,No Injury,Rear End,Daylight,Clear,Dry,29.0,Male,West,Going Straight Ahead,Speed To Fast For Conditions,No Apparent Influence,No Apparent Influence,50.0,Female,West,Going Straight Ahead,No Improper Action,No Apparent Influence,No Apparent Influence,33.37845496,-111.8942878,2022-02-15,15:34:00
43141,3920445,2022,Mill Ave,Pebble Beach Dr,200.0,Not Junction Related,0.0,0.0,No Injury,Left Turn,Daylight,Clear,Dry,57.0,Male,West,Making Left Turn,Failed To Yield Right Of Way,No Apparent Influence,No Apparent Influence,51.0,Male,South,Going Straight Ahead,No Improper Action,No Apparent Influence,No Apparent Influence,33.39124524,-111.9395694,2022-02-15,16:42:00
43143,3879599,2022,48th St,I-10 Exit 153 A-Ramp,0.0,Intersection 201,0.0,0.0,No Injury,Angle - Other Than Left Turn 2,Daylight,Clear,Dry,35.0,Female,South,Going Straight Ahead,Disregarded Traffic Signal,No Apparent Influence,No Apparent Influence,34.0,Male,East,Making Left Turn,No Improper Action,No Apparent Influence,No Apparent Influence,33.40931297,-111.9782237,2022-02-15,18:54:00
43146,3892049,2022,Priest Dr,5th St,-57.0,Intersection Related 206,1.0,0.0,Possible Injury,Rear End,Dark Lighted,Clear,Dry,42.0,Male,North,Going Straight Ahead,Speed To Fast For Conditions,No Apparent Influence,No Apparent Influence,25.0,Female,North,Stopped In Trafficway,No Improper Action,No Apparent Influence,No Apparent Influence,33.42546405,-111.9609799,2022-02-16,01:31:00
43147,3920439,2022,Rural Rd,Southern Ave,185.0,Intersection Related 206,0.0,0.0,No Injury,Angle - Other Than Left Turn 2,Dusk,Clear,Dry,16.0,Male,East,Making Right Turn,Made Improper Turn,No Apparent Influence,No Apparent Influence,31.0,Male,South,Going Straight Ahead,No Improper Action,No Apparent Influence,No Apparent Influence,33.39346933,-111.9263264,2022-02-16,01:50:00
43148,3872687,2022,SR-202 Exit 7 T-Ramp,Unknown,0.0,Entrance Exit Ramp 205,0.0,0.0,No Injury,Rear End,Daylight,Clear,Dry,22.0,Female,East,Making Right Turn,Speed To Fast For Conditions,No Apparent Influence,No Apparent Influence,58.0,Male,East,Making Right Turn,No Improper Action,No Apparent Influence,No Apparent Influence,33.43545215,-111.9263494,2022-02-16,13:37:00
43149,3920441,2022,University Dr,SR-143 Exit 1 T-Ramp,0.0,Intersection 201,0.0,0.0,No Injury,Rear End,Daylight,Cloudy,Dry,19.0,Male,North,Making Right Turn,Followed Too Closely,No Apparent Influence,No Apparent Influence,43.0,Male,North,Making Right Turn,No Improper Action,No Apparent Influence,No Apparent Influence,33.42189321,-111.9776663,2022-02-16,16:08:00
43152,3927973,2022,Oak St,Fremont Dr,0.0,Intersection 4 Way 202,2.0,0.0,Suspected Minor Injury,Left Turn,Daylight,Clear,Dry,83.0,Female,North,Making Left Turn,Failed To Yield Right Of Way,No Apparent Influence,No Apparent Influence,69.0,Female,South,Going Straight Ahead,No Improper Action,No Apparent Influence,No Apparent Influence,33.38194607,-111.9153166,2022-02-16,19:06:00
43154,3927585,2022,University Dr,SR-143 Exit 1 A-Ramp,75.0,Intersection Related 206,0.0,0.0,No Injury,Rear End,Daylight,Clear,Dry,23.0,Male,East,Going Straight Ahead,Speed To Fast For Conditions,No Apparent Influence,No Apparent Influence,45.0,Male,East,Slowing In Trafficway,No Improper Action,No Apparent Influence,No Apparent Influence,33.42189131,-111.9779253,2022-02-17,00:01:00
43155,3920437,2022,Mill Ave,US-60 Exit 173 A-Ramp,100.0,Not Junction Related,0.0,0.0,No Injury,Sideswipe Same Direction,Unknown 51,Unknown,Dry,59.0,Male,Unknown,Unknown,Failed To Keep In Proper Lane,No Apparent Influence,No Apparent Influence,24.0,Female,Unknown,Unknown,Unknown,No Apparent Influence,No Apparent Influence,33.38538179,-111.9394745,2022-02-17,00:20:00
43156,3879628,2022,Warner Rd,Rural Rd,-127.0,Not Junction Related,2.0,0.0,Possible Injury,Rear End,Dark Lighted,Clear,Dry,34.0,Male,East,Going Straight Ahead,Speed To Fast For Conditions,Alcohol,No Apparent Influence,20.0,Male,East,Stopped In Trafficway,No Improper Action,No Apparent Influence,No Apparent Influence,33.33465313,-111.9288303,2022-02-17,02:59:00
43159,3927988,2022,McClintock Dr,Rio Salado Pkwy,90.0,Intersection Related 206,0.0,0.0,No Injury,Angle - Other Than Left Turn 2,Daylight,Clear,Dry,33.0,Male,West,Making Right Turn,Other,No Apparent Influence,No Apparent Influence,45.0,Male,South,Stopped In Trafficway,No Improper Action,No Apparent Influence,No Apparent Influence,33.42950935,-111.9090794,2022-02-17,17:01:00
43160,3920612,2022,Priest Dr,Warner Rd,138.0,Intersection Related 206,1.0,0.0,Possible Injury,Rear End,Daylight,Clear,Dry,33.0,Female,South,Changing Lanes,Followed Too Closely,No Apparent Influence,No Apparent Influence,59.0,Male,South,Stopped In Trafficway,No Improper Action,No Apparent Influence,No Apparent Influence,33.33490446,-111.9631194,2022-02-17,17:12:00
43161,3920447,2022,McAllister Ave,University Dr,-66.0,Intersection Related 206,0.0,0.0,No Injury,Rear End,Daylight,Clear,Dry,53.0,Male,South,Backing,Other,No Apparent Influence,No Apparent Influence,56.0,Male,North,Stopped In Trafficway,No Improper Action,No Apparent Influence,No Apparent Influence,33.42183831,-111.9289221,2022-02-17,18:33:00
43168,3927576,2022,Baseline Rd,Beck Ave,-108.0,Not Junction Related,0.0,0.0,No Injury,Sideswipe Same Direction,Dark Lighted,Clear,Dry,67.0,Male,North,Changing Lanes,Unsafe Lane Change,No Apparent Influence,No Apparent Influence,34.0,Male,North,Going Straight Ahead,No Improper Action,No Apparent Influence,No Apparent Influence,33.37824173,-111.9601081,2022-02-18,03:43:00
43169,3870064,2022,48th St,Broadway Rd,-200.0,Intersection Related 206,0.0,0.0,No Injury,Sideswipe Same Direction,Dark Lighted,Clear,Dry,19.0,Male,North,Going Straight Ahead,Unknown,No Apparent Influence,No Apparent Influence,32.0,Male,North,Going Straight Ahead,Unknown,No Apparent Influence,No Apparent Influence,33.4067794,-111.9782902,2022-02-18,03:55:00
43172,3932079,2022,Apache Blvd,Normal Ave,0.0,Not Junction Related,0.0,0.0,No Injury,Rear End,Dark Lighted,Clear,Dry,20.0,Male,East,Going Straight Ahead,Speed To Fast For Conditions,Alcohol,No Apparent Influence,24.0,Female,East,Going Straight Ahead,No Improper Action,No Apparent Influence,No Apparent Influence,33.41470485,-111.9327895,2022-02-18,07:49:00
43173,3882272,2022,Guadalupe Rd,Lakeshore Dr,0.0,Intersection 4 Way 202,0.0,0.0,No Injury,Angle - Other Than Left Turn 2,Daylight,Clear,Dry,57.0,Female,North,Making Left Turn,Other,No Apparent Influence,No Apparent Influence,45.0,Female,East,Stopped In Trafficway,No Improper Action,No Apparent Influence,No Apparent Influence,33.3637606,-111.9199137,2022-02-18,14:51:00
43175,3920625,2022,Mill Ave,Southern Ave,-107.0,Intersection Related 206,0.0,0.0,No Injury,Rear End,Daylight,Clear,Dry,19.0,Male,North,Going Straight Ahead,Followed Too Closely,No Apparent Influence,No Apparent Influence,52.0,Female,North,Stopped In Trafficway,No Improper Action,No Apparent Influence,No Apparent Influence,33.39256928,-111.9395977,2022-02-18,23:08:00
43176,3928018,2022,McClintock Dr,Rio Salado Pkwy,100.0,Intersection Related 206,1.0,0.0,Possible Injury,Rear End,Daylight,Clear,Dry,81.0,Male,North,Going Straight Ahead,Speed To Fast For Conditions,No Apparent Influence,No Apparent Influence,42.0,Female,North,Stopped In Trafficway,No Improper Action,No Apparent Influence,No Apparent Influence,33.42953667,-111.9090816,2022-02-19,00:05:00
43177,3920428,2022,48th St,Fairmont Dr,-107.0,Not Junction Related,1.0,0.0,Possible Injury,Rear End,Daylight,Clear,Dry,30.0,Male,South,Going Straight Ahead,Followed Too Closely,No Apparent Influence,No Apparent Influence,26.0,Male,South,Stopped In Trafficway,No Improper Action,No Apparent Influence,No Apparent Influence,33.39611406,-111.9783302,2022-02-19,00:25:00
43178,3871523,2022,SR-202 Exit 7 T-Ramp,Unknown,0.0,Entrance Exit Ramp 205,0.0,0.0,No Injury,Rear End,Daylight,Clear,Dry,21.0,Male,East,Making Right Turn,Speed To Fast For Conditions,No Apparent Influence,No Apparent Influence,54.0,Male,East,Making Right Turn,No Improper Action,No Apparent Influence,No Apparent Influence,33.43560511,-111.9264425,2022-02-19,00:43:00
43179,3928057,2022,Rural Rd,Guadalupe Rd,-120.0,Driveway Or Alley,0.0,0.0,No Injury,Left Turn,Daylight,Clear,Dry,54.0,Female,West,Making Left Turn,Failed To Yield Right Of Way,No Apparent Influence,No Apparent Influence,19.0,Female,North,Going Straight Ahead,No Improper Action,No Apparent Influence,No Apparent Influence,33.36342313,-111.9286012,2022-02-19,00:56:00