,Incident ID,Year,Street Name,Cross Street,Distance,Junction Relation,Total Injuries,Total Fatalities,Injury Severity,Collision Manner,Light Condition,Weather,Surface Condition,Age Driver 1,Gender Driver 1,Travel Direction One,Unit Action One,Violation1_Drv1,Alcohol Use Driver 1,Drug Use Driver 1,Age Driver 2,Gender Driver 2,Travel Direction Two,Unit Action Two,Violation 1 Driver 2,Alcohol Use Driver 2,Drug Use Driver 2,Latitude,Longitude,Date,Time
43331,3930120,2022,52nd St,University Dr,25.0,Intersection Related 206,0.0,0.0,No Injury,Sideswipe Same Direction,Dark Lighted,Clear,Dry,40.0,Male,South,Changing Lanes,Unsafe Lane Change,No Apparent Influence,No Apparent Influence,28.0,Female,South,Stopped In Trafficway,No Improper Action,No Apparent Influence,No Apparent Influence,33.42201173,-111.9695687,2022-03-07,11:13:00
43332,3878114,2022,I-10 Exit 157 A-Ramp,Unknown,0.0,Entrance Exit Ramp 205,1.0,0.0,Possible Injury,Rear End,Dawn,Clear,Dry,19.0,Male,East,Going Straight Ahead,Speed To Fast For Conditions,No Apparent Influence,No Apparent Influence,26.0,Female,East,Stopped In Trafficway,No Improper Action,No Apparent Influence,No Apparent Influence,33.34930211,-111.9727575,2022-03-07,13:17:00
43333,3902092,2022,Apache Blvd,Rural Rd,35.0,Intersection Related 206,0.0,0.0,No Injury,Rear End,Daylight,Clear,Dry,22.0,Male,West,Going Straight Ahead,Followed Too Closely,No Apparent Influence,No Apparent Influence,29.0,Male,West,Stopped In Trafficway,No Improper Action,No Apparent Influence,No Apparent Influence,33.41476173,-111.9261781,2022-03-07,18:47:00
43334,3881443,2022,SR-143 Exit 1 P-Ramp,Unknown,0.0,Not Junction Related,1.0,0.0,Possible Injury,Rear End,Daylight,Clear,Dry,41.0,Male,North,Going Straight Ahead,Speed To Fast For Conditions,No Apparent Influence,No Apparent Influence,49.0,Male,North,Going Straight Ahead,No Improper Action,No Apparent Influence,No Apparent Influence,33.42199299,-111.9775466,2022-03-07,23:13:00
43336,3930565,2022,Southern Ave,Kyrene Rd,0.0,Intersection T Inter 203,2.0,0.0,Suspected Minor Injury,Left Turn,Daylight,Clear,Dry,39.0,Male,West,Making Left Turn,Failed To Yield Right Of Way,No Apparent Influence,No Apparent Influence,55.0,Male,East,Going Straight Ahead,No Improper Action,No Apparent Influence,No Apparent Influence,33.39283734,-111.9436848,2022-03-08,00:12:00
43337,3902093,2022,Price Rd,Apache Blvd,0.0,Intersection Related 206,2.0,0.0,Possible Injury,Angle - Other Than Left Turn 2,Daylight,Clear,Dry,20.0,Male,East,Going Straight Ahead,Disregarded Traffic Signal,No Apparent Influence,No Apparent Influence,27.0,Female,North,Going Straight Ahead,No Improper Action,No Apparent Influence,No Apparent Influence,33.41479117,-111.8907333,2022-03-08,01:16:00
43339,3930579,2022,Elliot Rd,Harl Ave,0.0,Intersection 4 Way 202,2.0,0.0,Suspected Serious Injury,Left Turn,Daylight,Clear,Dry,30.0,Female,East,Making Left Turn,Failed To Yield Right Of Way,No Apparent Influence,No Apparent Influence,29.0,Male,West,Going Straight Ahead,Exceeded Lawful Speed,No Apparent Influence,No Apparent Influence,33.34908149,-111.9659281,2022-03-08,16:18:00
43340,3930503,2022,Broadway Rd,Los Feliz Dr,-60.0,Not Junction Related,0.0,0.0,No Injury,Sideswipe Same Direction,Daylight,Clear,Dry,47.0,Female,West,Changing Lanes,Unsafe Lane Change,No Apparent Influence,No Apparent Influence,19.0,Female,West,Going Straight Ahead,No Improper Action,No Apparent Influence,No Apparent Influence,33.40749076,-111.9043966,2022-03-08,18:38:00
43342,3930506,2022,Broadway Rd,Elm St,0.0,Intersection T Inter 203,0.0,0.0,No Injury,Sideswipe Same Direction,Daylight,Clear,Dry,43.0,Male,West,Changing Lanes,Unsafe Lane Change,No Apparent Influence,No Apparent Influence,42.0,Male,West,Stopped In Trafficway,No Improper Action,No Apparent Influence,No Apparent Influence,33.4075064,-111.913246,2022-03-08,20:24:00
43343,3930463,2022,Priest Dr,5th St,0.0,Intersection 4 Way 202,0.0,0.0,No Injury,Left Turn,Daylight,Clear,Dry,24.0,Male,South,Making Left Turn,Failed To Yield Right Of Way,No Apparent Influence,No Apparent Influence,30.0,Female,North,Going Straight Ahead,No Improper Action,No Apparent Influence,No Apparent Influence,33.42562034,-111.9609749,2022-03-08,23:23:00
43344,3930436,2022,Lakeshore Dr,Rural Rd,0.0,Intersection T Inter 203,0.0,0.0,No Injury,Angle - Other Than Left Turn 2,Dusk,Clear,Dry,21.0,Male,West,Making Left Turn,Failed To Yield Right Of Way,No Apparent Influence,No Apparent Influence,43.0,Female,South,Making Left Turn,No Improper Action,No Apparent Influence,No Apparent Influence,33.38228371,-111.9268294,2022-03-09,01:03:00
43345,3930460,2022,Rural Rd,Broadway Rd,165.0,Driveway Or Alley,1.0,0.0,Possible Injury,Angle - Other Than Left Turn 2,Dark Lighted,Clear,Dry,23.0,Female,West,Making Left Turn,Failed To Yield Right Of Way,No Apparent Influence,No Apparent Influence,20.0,Male,North,Going Straight Ahead,No Improper Action,No Apparent Influence,No Apparent Influence,33.4079552,-111.9262832,2022-03-09,01:45:00
43346,3930098,2022,Baseline Rd,Pointe Pkwy,94.0,Not Junction Related,0.0,0.0,No Injury,Rear End,Daylight,Clear,Dry,32.0,Female,West,Going Straight Ahead,Speed To Fast For Conditions,No Apparent Influence,No Apparent Influence,42.0,Male,West,Stopped In Trafficway,No Improper Action,No Apparent Influence,No Apparent Influence,33.3782206,-111.9716871,2022-03-09,13:26:00
43349,3930421,2022,McClintock Dr,La Jolla Dr,-49.0,Intersection Related 206,1.0,0.0,Possible Injury,Angle - Other Than Left Turn 2,Daylight,Clear,Dry,33.0,Female,West,Making Left Turn,Failed To Yield Right Of Way,No Apparent Influence,No Apparent Influence,41.0,Female,South,Going Straight Ahead,No Improper Action,No Apparent Influence,No Apparent Influence,33.38951249,-111.9091689,2022-03-09,20:07:00
43350,3930429,2022,Price Rd,University Dr,0.0,Intersection 4 Way 202,0.0,0.0,No Injury,Left Turn,Daylight,Clear,Dry,67.0,Male,South,Making Left Turn,Unknown,No Apparent Influence,No Apparent Influence,41.0,Male,South,Making Left Turn,Unknown,No Apparent Influence,No Apparent Influence,33.4220113,-111.8919545,2022-03-09,21:42:00
43351,3930430,2022,Larkspur Ln,McClintock Dr,0.0,Intersection T Inter 203,2.0,0.0,Suspected Minor Injury,Angle - Other Than Left Turn 2,Daylight,Clear,Dry,78.0,Male,East,Making Left Turn,Failed To Yield Right Of Way,No Apparent Influence,No Apparent Influence,28.0,Male,South,Going Straight Ahead,No Improper Action,No Apparent Influence,No Apparent Influence,33.44987495,-111.9093303,2022-03-10,00:01:00
43352,3879789,2022,Rio Salado Pkwy,Clark Dr,0.0,Intersection 4 Way 202,2.0,0.0,Suspected Minor Injury,Left Turn,Daylight,Clear,Dry,22.0,Female,West,Making Left Turn,Failed To Yield Right Of Way,No Apparent Influence,No Apparent Influence,44.0,Male,East,Going Straight Ahead,No Improper Action,Alcohol,No Apparent Influence,33.42931917,-111.8987498,2022-03-10,00:14:00
43353,3930420,2022,Southern Ave,48th St,0.0,Intersection 4 Way 202,2.0,0.0,Possible Injury,Left Turn,Daylight,Clear,Dry,18.0,Male,East,Making Left Turn,Failed To Yield Right Of Way,No Apparent Influence,No Apparent Influence,42.0,Female,West,Going Straight Ahead,No Improper Action,No Apparent Influence,No Apparent Influence,33.39276725,-111.9783383,2022-03-10,18:13:00
43355,3930432,2022,Priest Dr,SR-202 Exit 5 J-Ramp,0.0,Intersection 4 Way 202,0.0,0.0,No Injury,Angle - Other Than Left Turn 2,Daylight,Clear,Dry,25.0,Male,South,Going Straight Ahead,Disregarded Traffic Signal,No Apparent Influence,No Apparent Influence,23.0,Male,North,Making Left Turn,No Improper Action,No Apparent Influence,No Apparent Influence,33.43850177,-111.9608415,2022-03-10,21:27:00
43356,3930433,2022,Baseline Rd,Priest Dr,-145.0,Intersection Related 206,0.0,0.0,No Injury,Rear End,Daylight,Cloudy,Dry,53.0,Male,East,Going Straight Ahead,Speed To Fast For Conditions,No Apparent Influence,No Apparent Influence,38.0,Male,East,Stopped In Trafficway,No Improper Action,No Apparent Influence,No Apparent Influence,33.37824485,-111.9636498,2022-03-10,23:01:00
43357,3930459,2022,Terrace Rd,Lemon St,0.0,Intersection 4 Way 202,0.0,0.0,No Injury,Left Turn,Dark Lighted,Clear,Dry,33.0,Female,South,Making Left Turn,Failed To Yield Right Of Way,No Apparent Influence,No Apparent Influence,23.0,Male,North,Going Straight Ahead,No Improper Action,No Apparent Influence,No Apparent Influence,33.41675937,-111.9224177,2022-03-11,02:41:00
43359,3930454,2022,Warner Rd,McKemy St,0.0,Intersection T Inter 203,2.0,0.0,Suspected Minor Injury,Left Turn,Daylight,Clear,Dry,23.0,Male,West,Making Left Turn,Failed To Yield Right Of Way,No Apparent Influence,No Apparent Influence,32.0,Male,East,Going Straight Ahead,No Improper Action,No Apparent Influence,No Apparent Influence,33.3345862,-111.9494387,2022-03-11,19:29:00
43360,3930099,2022,Baseline Rd,Kyrene Rd,0.0,Intersection T Inter 203,0.0,0.0,No Injury,Left Turn,Daylight,Clear,Dry,46.0,Female,Southeast,Making Left Turn,Failed To Yield Right Of Way,No Apparent Influence,No Apparent Influence,24.0,Female,West,Going Straight Ahead,No Improper Action,No Apparent Influence,No Apparent Influence,33.37821693,-111.9438877,2022-03-11,22:56:00
43363,3930411,2022,Priest Dr,SR-202 Exit 5 J-Ramp,-35.0,Intersection Related 206,0.0,0.0,No Injury,Left Turn,Dark Lighted,Clear,Dry,69.0,Female,South,Going Straight Ahead,Disregarded Traffic Signal,No Apparent Influence,No Apparent Influence,29.0,Male,West,Making Left Turn,No Improper Action,No Apparent Influence,No Apparent Influence,33.43840609,-111.9608485,2022-03-12,05:02:00
43365,3935061,2022,Rural Rd,Lemon St,0.0,Intersection 201,0.0,0.0,No Injury,Left Turn,Dark Lighted,Clear,Dry,18.0,Female,South,Making Left Turn,Failed To Yield Right Of Way,No Apparent Influence,No Apparent Influence,17.0,Female,North,Going Straight Ahead,No Improper Action,No Apparent Influence,No Apparent Influence,33.41683505,-111.9262972,2022-03-12,08:10:00
43367,3930564,2022,Rio Salado Pkwy,Mill Ave,0.0,Driveway Or Alley,0.0,0.0,No Injury,Angle - Other Than Left Turn 2,Daylight,Clear,Dry,30.0,Female,South,Making Left Turn,Failed To Yield Right Of Way,No Apparent Influence,No Apparent Influence,25.0,Female,West,Slowing In Trafficway,No Improper Action,No Apparent Influence,No Apparent Influence,33.4304468,-111.9355068,2022-03-12,18:36:00
43370,3927613,2022,Broadway Rd,College Ave,0.0,Intersection 201,1.0,0.0,Suspected Serious Injury,Left Turn,Daylight,Clear,Dry,82.0,Female,West,Making Left Turn,Failed To Yield Right Of Way,No Apparent Influence,No Apparent Influence,54.0,Male,East,Going Straight Ahead,No Improper Action,No Apparent Influence,No Apparent Influence,33.40743675,-111.9349064,2022-03-13,00:40:00
43371,3930101,2022,Mill Ave,University Dr,-35.0,Intersection Related 206,0.0,0.0,No Injury,Rear End,Daylight,Clear,Dry,41.0,Male,Northwest,Stopped In Trafficway,Speed To Fast For Conditions,No Apparent Influence,No Apparent Influence,47.0,Male,Northwest,Making Left Turn,No Improper Action,No Apparent Influence,No Apparent Influence,33.42183915,-111.9400093,2022-03-13,15:56:00
43373,3927617,2022,Elliot Rd,Harl Ave,0.0,Intersection 201,0.0,0.0,No Injury,Left Turn,Dusk,Clear,Dry,36.0,Male,West,Making Left Turn,Failed To Yield Right Of Way,No Apparent Influence,No Apparent Influence,41.0,Female,East,Going Straight Ahead,No Improper Action,No Apparent Influence,No Apparent Influence,33.34908149,-111.9659281,2022-03-14,01:48:00
43374,3930111,2022,Baseline Rd,Hardy Dr,-100.0,Not Junction Related,1.0,0.0,Possible Injury,Rear End,Dark Lighted,Clear,Dry,27.0,Male,East,Going Straight Ahead,Followed Too Closely,No Apparent Influence,No Apparent Influence,64.0,Male,East,Slowing In Trafficway,No Improper Action,No Apparent Influence,No Apparent Influence,33.37821538,-111.9528401,2022-03-14,04:48:00
43375,3886370,2022,I-10 Exit 155 C2-Ramp,Unknown,0.0,Intersection Related 206,0.0,0.0,No Injury,Rear End,Dark Lighted,Clear,Dry,28.0,Male,North,Going Straight Ahead,Speed To Fast For Conditions,No Apparent Influence,No Apparent Influence,40.0,Male,North,Stopped In Trafficway,No Improper Action,No Apparent Influence,No Apparent Influence,33.37811978,-111.9673783,2022-03-14,05:44:00
43377,3935060,2022,Baseline Rd,Beck Ave,150.0,Railway Grade Crossing,0.0,0.0,No Injury,Angle - Other Than Left Turn 2,Daylight,Clear,Dry,56.0,Female,North,Making Left Turn,Failed To Yield Right Of Way,No Apparent Influence,No Apparent Influence,31.0,Female,West,Going Straight Ahead,No Improper Action,No Apparent Influence,No Apparent Influence,33.37823876,-111.9592603,2022-03-14,14:33:00
43379,3881433,2022,SR-202 Exit 7 T-Ramp,Unknown,0.0,Not Junction Related,0.0,0.0,No Injury,Rear End,Daylight,Clear,Dry,19.0,Male,East,Going Straight Ahead,Speed To Fast For Conditions,No Apparent Influence,No Apparent Influence,58.0,Female,East,Going Straight Ahead,No Improper Action,No Apparent Influence,No Apparent Influence,33.43552616,-111.9263675,2022-03-14,17:31:00
43380,3927915,2022,University Dr,Ash Ave,85.0,Intersection Related 206,0.0,0.0,No Injury,Rear End,Daylight,Clear,Dry,68.0,Female,West,Going Straight Ahead,Followed Too Closely,No Apparent Influence,No Apparent Influence,20.0,Male,West,Stopped In Trafficway,No Improper Action,No Apparent Influence,No Apparent Influence,33.42193226,-111.9421213,2022-03-14,17:52:00
43384,3927924,2022,Broadway Rd,Priest Dr,-215.0,Not Junction Related,0.0,0.0,No Injury,Angle - Other Than Left Turn 2,Daylight,Clear,Dry,78.0,Male,South,Making Left Turn,Made Improper Turn,No Apparent Influence,No Apparent Influence,19.0,Male,West,Going Straight Ahead,No Improper Action,No Apparent Influence,No Apparent Influence,33.40742237,-111.9614848,2022-03-14,21:53:00
43385,3930127,2022,Kyrene Rd,Guadalupe Rd,0.0,Intersection 4 Way 202,2.0,0.0,Suspected Minor Injury,Angle - Other Than Left Turn 2,Daylight,Clear,Dry,60.0,Female,East,Going Straight Ahead,Disregarded Traffic Signal,No Apparent Influence,No Apparent Influence,24.0,Male,South,Going Straight Ahead,No Improper Action,No Apparent Influence,No Apparent Influence,33.36365928,-111.9458941,2022-03-14,22:20:00
43387,3927927,2022,Broadway Rd,Priest Dr,0.0,Not Junction Related,0.0,0.0,No Injury,Sideswipe Same Direction,Daylight,Clear,Dry,58.0,Male,West,Changing Lanes,Unsafe Lane Change,No Apparent Influence,No Apparent Influence,52.0,Male,West,Going Straight Ahead,No Improper Action,No Apparent Influence,No Apparent Influence,33.40743301,-111.9628558,2022-03-14,22:55:00
43388,3930126,2022,Mill Ave,Hermosa Dr,0.0,Intersection 4 Way 202,0.0,0.0,No Injury,Left Turn,Dusk,Clear,Dry,22.0,Male,Northwest,Making Left Turn,Failed To Yield Right Of Way,No Apparent Influence,No Apparent Influence,28.0,Male,South,Going Straight Ahead,No Improper Action,No Apparent Influence,No Apparent Influence,33.38820795,-111.9395261,2022-03-15,01:21:00
43393,3927914,2022,Rural Rd,Lakeshore Dr,0.0,Intersection 201,2.0,0.0,Suspected Minor Injury,Left Turn,Daylight,Clear,Dry,33.0,Female,South,Making Left Turn,Failed To Yield Right Of Way,No Apparent Influence,No Apparent Influence,31.0,Male,North,Going Straight Ahead,No Improper Action,No Apparent Influence,No Apparent Influence,33.3822837,-111.9268294,2022-03-15,18:08:00
43394,3930435,2022,University Dr,Farmer Ave,0.0,Intersection 4 Way 202,0.0,0.0,No Injury,Angle - Other Than Left Turn 2,Daylight,Clear,Dry,24.0,Male,West,Going Straight Ahead,Disregarded Traffic Signal,No Apparent Influence,No Apparent Influence,21.0,Male,South,Making Left Turn,No Improper Action,No Apparent Influence,No Apparent Influence,33.42189351,-111.9442723,2022-03-15,20:53:00
43395,3930130,2022,Baseline Rd,Ash Ave,0.0,Intersection 4 Way 202,0.0,0.0,No Injury,Angle - Other Than Left Turn 2,Daylight,Clear,Dry,19.0,Female,South,Going Straight Ahead,Failed To Yield Right Of Way,No Apparent Influence,No Apparent Influence,33.0,Male,East,Going Straight Ahead,No Improper Action,No Apparent Influence,No Apparent Influence,33.37822069,-111.9415297,2022-03-15,21:44:00
43398,3930483,2022,48th St,I-10 Exit 153 A-Ramp,150.0,Intersection Related 206,1.0,0.0,Possible Injury,Rear End,Daylight,Clear,Dry,85.0,Male,South,Going Straight Ahead,Speed To Fast For Conditions,No Apparent Influence,No Apparent Influence,52.0,Male,South,Stopped In Trafficway,No Improper Action,No Apparent Influence,No Apparent Influence,33.40893546,-111.9782318,2022-03-16,00:19:00
43399,3930125,2022,McClintock Dr,Elliot Rd,0.0,Intersection 4 Way 202,0.0,0.0,No Injury,Left Turn,Daylight,Clear,Dry,58.0,Male,West,Going Straight Ahead,Unknown,No Apparent Influence,No Apparent Influence,74.0,Female,255,Making Left Turn,Unknown,No Apparent Influence,No Apparent Influence,33.34912976,-111.9111875,2022-03-16,00:36:00
43401,3930129,2022,Southern Ave,Mill Ave,50.0,Intersection Related 206,0.0,0.0,No Injury,Angle - Other Than Left Turn 2,Dark Lighted,Clear,Dry,39.0,Male,East,Making Right Turn,Made Improper Turn,No Apparent Influence,No Apparent Influence,37.0,Female,West,Stopped In Trafficway,No Improper Action,No Apparent Influence,No Apparent Influence,33.39286437,-111.9394403,2022-03-16,04:25:00
43403,3930427,2022,University Dr,Evergreen Rd,0.0,Intersection 4 Way 202,2.0,0.0,Possible Injury,Angle - Other Than Left Turn 2,Daylight,Clear,Dry,52.0,Female,East,Going Straight Ahead,Disregarded Traffic Signal,No Apparent Influence,No Apparent Influence,27.0,Female,North,Making Left Turn,No Improper Action,No Apparent Influence,No Apparent Influence,33.42210668,-111.8830158,2022-03-16,14:35:00
43404,3930135,2022,Baseline Rd,I-10 Exit 155 G-Ramp,-115.0,Intersection Related 206,2.0,0.0,Suspected Minor Injury,Rear End,Daylight,Clear,Dry,25.0,Male,East,Going Straight Ahead,Followed Too Closely,No Apparent Influence,No Apparent Influence,66.0,Female,East,Stopped In Trafficway,No Improper Action,No Apparent Influence,No Apparent Influence,33.37826687,-111.9690088,2022-03-16,20:45:00
43407,3930136,2022,Baseline Rd,Pointe Pkwy,72.0,Intersection Related 206,2.0,0.0,Suspected Minor Injury,Rear End,Daylight,Clear,Dry,26.0,Male,East,Going Straight Ahead,Followed Too Closely,No Apparent Influence,No Apparent Influence,56.0,Female,East,Stopped In Trafficway,No Improper Action,No Apparent Influence,No Apparent Influence,33.37821957,-111.9717593,2022-03-16,21:55:00
43409,3930458,2022,Scottsdale Rd,Tempe Dr,0.0,Intersection Related 206,1.0,0.0,Possible Injury,Rear End,Daylight,Clear,Dry,32.0,Female,South,Going Straight Ahead,Speed To Fast For Conditions,No Apparent Influence,No Apparent Influence,32.0,Female,South,Stopped In Trafficway,No Improper Action,No Apparent Influence,No Apparent Influence,33.44222783,-111.9263923,2022-03-17,00:16:00
43413,3930991,2022,Guadalupe Rd,Ash Ave,0.0,Intersection T Inter 203,2.0,0.0,Suspected Minor Injury,Left Turn,Dark Lighted,Clear,Dry,20.0,Female,North,Making Left Turn,Failed To Yield Right Of Way,No Apparent Influence,No Apparent Influence,34.0,Female,East,Going Straight Ahead,No Improper Action,No Apparent Influence,No Apparent Influence,33.3636841,-111.9416101,2022-03-17,12:43:00
43415,3930465,2022,Southern Ave,College Ave,0.0,Intersection 4 Way 202,2.0,0.0,Possible Injury,Left Turn,Daylight,Clear,Dry,20.0,Female,West,Making Left Turn,Failed To Yield Right Of Way,No Apparent Influence,No Apparent Influence,25.0,Male,East,Going Straight Ahead,No Improper Action,No Apparent Influence,No Apparent Influence,33.39290712,-111.9349183,2022-03-17,21:35:00
43419,3927612,2022,McClintock Dr,SR-202 Exit 8 J-Ramp,0.0,Intersection 201,1.0,0.0,Possible Injury,Head On,Dark Lighted,Clear,Dry,37.0,Male,North,Making Left Turn,Unknown,No Apparent Influence,No Apparent Influence,26.0,Female,South,Going Straight Ahead,Unknown,No Apparent Influence,No Apparent Influence,33.43662129,-111.9096218,2022-03-18,04:30:00
43423,3891753,2022,Mill Ave,Apache Blvd,0.0,Intersection T Inter 203,0.0,0.0,No Injury,Rear End,Daylight,Clear,Dry,17.0,Female,Northeast,Making Left Turn,Disregarded Traffic Signal,No Apparent Influence,No Apparent Influence,28.0,Male,North,Going Straight Ahead,No Improper Action,No Apparent Influence,No Apparent Influence,33.41763784,-111.9399444,2022-03-18,20:21:00
43428,3930124,2022,Hardy Dr,Rice Dr,20.0,Intersection Related 206,0.0,0.0,No Injury,Rear End,Daylight,Clear,Dry,54.0,Male,South,Going Straight Ahead,Speed To Fast For Conditions,No Apparent Influence,No Apparent Influence,29.0,Female,South,Stopped In Trafficway,No Improper Action,No Apparent Influence,No Apparent Influence,33.37668959,-111.95254,2022-03-19,01:26:00
43429,3931006,2022,McClintock Dr,Warner Rd,-5.0,Intersection 4 Way 202,2.0,0.0,Suspected Minor Injury,Left Turn,Dark Lighted,Clear,Dry,18.0,Male,West,Making Left Turn,Failed To Yield Right Of Way,No Apparent Influence,No Apparent Influence,40.0,Male,West,Going Straight Ahead,No Improper Action,No Apparent Influence,No Apparent Influence,33.33462919,-111.9111772,2022-03-19,03:59:00
43431,3930466,2022,Rural Rd,US-60 Exit 174 J-Ramp,0.0,Intersection 4 Way 202,1.0,0.0,Possible Injury,Left Turn,Daylight,Clear,Dry,18.0,Male,South,Going Straight Ahead,Disregarded Traffic Signal,No Apparent Influence,No Apparent Influence,26.0,Male,West,Making Left Turn,No Improper Action,No Apparent Influence,No Apparent Influence,33.386181,-111.9264673,2022-03-19,17:58:00
43432,3935086,2022,Priest Dr,Alameda Dr,0.0,Intersection 201,1.0,0.0,Possible Injury,Left Turn,Daylight,Clear,Dry,26.0,Male,North,Making Left Turn,Failed To Yield Right Of Way,No Apparent Influence,No Apparent Influence,38.0,Male,South,Going Straight Ahead,No Improper Action,No Apparent Influence,No Apparent Influence,33.40014047,-111.9607727,2022-03-19,18:28:00
43434,3930917,2022,Broadway Rd,McKemy St,-137.0,Not Junction Related,1.0,0.0,Possible Injury,Rear End,Daylight,Clear,Dry,38.0,Male,East,Going Straight Ahead,Followed Too Closely,Alcohol,No Apparent Influence,26.0,Male,East,Slowing In Trafficway,No Improper Action,No Apparent Influence,No Apparent Influence,33.40738531,-111.9504518,2022-03-19,23:57:00
43438,3931310,2022,McClintock Dr,Warner Rd,-100.0,Intersection Related 206,1.0,0.0,Possible Injury,Rear End,Daylight,Clear,Dry,75.0,Female,North,Going Straight Ahead,Followed Too Closely,No Apparent Influence,No Apparent Influence,48.0,Male,North,Stopped In Trafficway,No Improper Action,No Apparent Influence,No Apparent Influence,33.33436873,-111.9111685,2022-03-20,19:30:00
43439,3931317,2022,Southern Ave,48th St,0.0,Intersection Related 206,2.0,0.0,Possible Injury,Left Turn,Dawn,Clear,Dry,21.0,Female,East,Making Left Turn,Made Improper Turn,No Apparent Influence,No Apparent Influence,67.0,Male,West,Going Straight Ahead,No Improper Action,No Apparent Influence,No Apparent Influence,33.39276725,-111.9783383,2022-03-21,13:38:00
43440,3930947,2022,Kyrene Rd,Guadalupe Rd,0.0,Intersection 4 Way 202,1.0,0.0,Possible Injury,Left Turn,Daylight,Clear,Dry,18.0,Female,South,Making Left Turn,Failed To Yield Right Of Way,No Apparent Influence,No Apparent Influence,27.0,Female,North,Going Straight Ahead,No Improper Action,No Apparent Influence,No Apparent Influence,33.36365928,-111.9458941,2022-03-21,14:39:00
43442,3930948,2022,McClintock Dr,US-60 Exit 175 G-Ramp,-210.0,Not Junction Related,0.0,0.0,No Injury,Angle - Other Than Left Turn 2,Daylight,Clear,Dry,83.0,Male,South,Making Left Turn,Failed To Yield Right Of Way,No Apparent Influence,No Apparent Influence,49.0,Female,North,Going Straight Ahead,No Improper Action,No Apparent Influence,No Apparent Influence,33.38457347,-111.9092056,2022-03-21,15:34:00
43443,3930923,2022,Baseline Rd,I-10 Exit 155 J1-Ramp,85.0,Intersection Related 206,0.0,0.0,No Injury,Sideswipe Same Direction,Daylight,Clear,Dry,51.0,Female,West,Going Straight Ahead,Speed To Fast For Conditions,No Apparent Influence,No Apparent Influence,42.0,Male,West,Changing Lanes,No Improper Action,No Apparent Influence,No Apparent Influence,33.37829528,-111.9671008,2022-03-21,20:10:00
43447,3931307,2022,Price Rd,Elliot Rd,0.0,Intersection 201,0.0,0.0,No Injury,Angle - Other Than Left Turn 2,Unknown 51,Unknown,Dry,31.0,Male,South,Going Straight Ahead,Disregarded Traffic Signal,No Apparent Influence,Drugs,59.0,Male,West,Going Straight Ahead,No Improper Action,No Apparent Influence,No Apparent Influence,33.34934277,-111.8943665,2022-03-21,22:26:00
43451,3930580,2022,Priest Dr,Warner Rd,-25.0,Intersection Related 206,1.0,0.0,Possible Injury,Rear End,Dark Lighted,Clear,Dry,30.0,Male,North,Going Straight Ahead,Speed To Fast For Conditions,Alcohol,No Apparent Influence,23.0,Male,North,Going Straight Ahead,No Improper Action,No Apparent Influence,No Apparent Influence,33.33445661,-111.963117,2022-03-22,04:13:00
43452,3930462,2022,52nd St,University Dr,-35.0,Intersection Related 206,0.0,0.0,No Injury,Rear End,Dark Lighted,Clear,Dry,55.0,Male,North,Going Straight Ahead,Speed To Fast For Conditions,Alcohol,No Apparent Influence,24.0,Female,North,Stopped In Trafficway,No Improper Action,No Apparent Influence,No Apparent Influence,33.42184694,-111.9695674,2022-03-22,05:31:00
43453,3883597,2022,SR-202 Cardinal Frontage,Priest Dr,38.0,Entrance Exit Ramp 205,0.0,0.0,No Injury,Rear End,Daylight,Clear,Dry,40.0,Male,East,Making Right Turn,Speed To Fast For Conditions,No Apparent Influence,No Apparent Influence,57.0,Male,East,Stopped In Trafficway,No Improper Action,No Apparent Influence,No Apparent Influence,33.4371318,-111.9608158,2022-03-22,14:32:00
43455,3930414,2022,Rio Salado Pkwy,Scottsdale Rd,-52.0,Intersection Related 206,1.0,0.0,Possible Injury,Angle - Other Than Left Turn 2,Daylight,Clear,Dry,18.0,Female,South,Making Right Turn,Failed To Yield Right Of Way,No Apparent Influence,No Apparent Influence,20.0,Male,West,Going Straight Ahead,No Improper Action,No Apparent Influence,No Apparent Influence,33.4288565,-111.9264588,2022-03-22,15:57:00
43456,3884989,2022,I-10 Exit 155 G-Ramp,Unknown,0.0,Entrance Exit Ramp 205,0.0,0.0,No Injury,Sideswipe Same Direction,Daylight,Clear,Dry,26.0,Male,South,Making Right Turn,Unknown,No Apparent Influence,No Apparent Influence,60.0,Male,South,Making Right Turn,Unknown,No Apparent Influence,No Apparent Influence,33.37805942,-111.9686465,2022-03-22,16:45:00
43457,3930510,2022,Rural Rd,Apache Blvd,-100.0,Intersection Related 206,0.0,0.0,No Injury,Rear End,Daylight,Clear,Dry,25.0,Male,North,Changing Lanes,Speed To Fast For Conditions,No Apparent Influence,No Apparent Influence,28.0,Male,North,Slowing In Trafficway,No Improper Action,No Apparent Influence,No Apparent Influence,33.4144874,-111.9262927,2022-03-22,23:10:00
43460,3931022,2022,Continental Dr,Saratoga St,0.0,Intersection T Inter 203,0.0,0.0,No Injury,Left Turn,Daylight,Clear,Dry,23.0,Male,Southeast,Making Left Turn,Failed To Yield Right Of Way,No Apparent Influence,No Apparent Influence,27.0,Male,West,Going Straight Ahead,No Improper Action,No Apparent Influence,No Apparent Influence,33.45844909,-111.9282506,2022-03-23,01:39:00
43461,3910358,2022,I-10 Exit 155 C1-Ramp,Unknown,0.0,Not Junction Related,1.0,0.0,Possible Injury,Rear End,Dark Not Lighted,Clear,Dry,23.0,Female,North,Going Straight Ahead,Speed To Fast For Conditions,No Apparent Influence,No Apparent Influence,22.0,Male,North,Stopped In Trafficway,Other,Alcohol,Drugs,33.37807854,-111.9676753,2022-03-23,10:42:00