,Incident ID,Year,Street Name,Cross Street,Distance,Junction Relation,Total Injuries,Total Fatalities,Injury Severity,Collision Manner,Light Condition,Weather,Surface Condition,Age Driver 1,Gender Driver 1,Travel Direction One,Unit Action One,Violation1_Drv1,Alcohol Use Driver 1,Drug Use Driver 1,Age Driver 2,Gender Driver 2,Travel Direction Two,Unit Action Two,Violation 1 Driver 2,Alcohol Use Driver 2,Drug Use Driver 2,Latitude,Longitude,Date,Time
43462,3931313,2022,Priest Dr,SR-202 Exit 5 J-Ramp,0.0,Intersection 4 Way 202,2.0,0.0,Suspected Minor Injury,Left Turn,Dark Lighted,Clear,Dry,34.0,Female,South,Going Straight Ahead,Disregarded Traffic Signal,No Apparent Influence,No Apparent Influence,25.0,Male,West,Making Left Turn,No Improper Action,No Apparent Influence,No Apparent Influence,33.43850177,-111.9608415,2022-03-23,11:47:00
43463,3930512,2022,Baseline Rd,Hardy Dr,0.0,Intersection 4 Way 202,2.0,0.0,Suspected Minor Injury,Left Turn,Daylight,Clear,Dry,31.0,Female,East,Making Left Turn,Failed To Yield Right Of Way,No Apparent Influence,No Apparent Influence,27.0,Male,West,Going Straight Ahead,No Improper Action,No Apparent Influence,No Apparent Influence,33.37821354,-111.9525127,2022-03-23,14:32:00
43464,3930519,2022,McClintock Dr,Bell De Mar Dr,0.0,Intersection 4 Way 202,0.0,0.0,No Injury,Angle - Other Than Left Turn 2,Daylight,Clear,Dry,38.0,Female,North,Going Straight Ahead,Disregarded Traffic Signal,No Apparent Influence,No Apparent Influence,32.0,Female,East,Making Left Turn,No Improper Action,No Apparent Influence,No Apparent Influence,33.35970503,-111.9112325,2022-03-23,15:52:00
43465,3930467,2022,Rio Salado Pkwy,McClintock Dr,28.0,Intersection Related 206,0.0,0.0,No Injury,Sideswipe Opposite Direction,Daylight,Clear,Dry,48.0,Male,South,Making Left Turn,Drove Left Of Center Line,No Apparent Influence,No Apparent Influence,21.0,Male,West,Slowing In Trafficway,No Improper Action,No Apparent Influence,No Apparent Influence,33.42927308,-111.9089788,2022-03-23,17:35:00
43470,3931377,2022,McClintock Dr,Warner Rd,0.0,Intersection 4 Way 202,2.0,0.0,Suspected Minor Injury,Angle - Other Than Left Turn 2,Daylight,Clear,Dry,37.0,Female,North,Going Straight Ahead,Disregarded Traffic Signal,No Apparent Influence,No Apparent Influence,41.0,Male,West,Going Straight Ahead,No Improper Action,No Apparent Influence,No Apparent Influence,33.33464293,-111.9111771,2022-03-23,22:32:00
43471,3930949,2022,Elliot Rd,Willow Dr,0.0,Intersection 4 Way 202,0.0,0.0,No Injury,Angle - Other Than Left Turn 2,Daylight,Clear,Dry,27.0,Female,South,Making Left Turn,Failed To Yield Right Of Way,No Apparent Influence,No Apparent Influence,43.0,Male,West,Going Straight Ahead,No Improper Action,No Apparent Influence,No Apparent Influence,33.3491311,-111.9148515,2022-03-23,22:57:00
43472,3930934,2022,Elliot Rd,I-10 Exit 157 C-Ramp,0.0,Intersection 4 Way 202,0.0,0.0,No Injury,Angle - Other Than Left Turn 2,Daylight,Clear,Dry,27.0,Male,North,Making Left Turn,Disregarded Traffic Signal,No Apparent Influence,No Apparent Influence,19.0,Female,East,Going Straight Ahead,No Improper Action,No Apparent Influence,No Apparent Influence,33.34909552,-111.9709375,2022-03-23,23:57:00
43474,3927902,2022,Priest Dr,SR-202 Cardinal Frontage,0.0,Intersection 4 Way 202,1.0,0.0,Suspected Minor Injury,Left Turn,Unknown 51,Unknown,Dry,20.0,Male,North,Going Straight Ahead,Disregarded Traffic Signal,No Apparent Influence,No Apparent Influence,27.0,Male,West,Making Left Turn,No Improper Action,No Apparent Influence,No Apparent Influence,33.43714969,-111.9609412,2022-03-24,02:11:00
43475,3927905,2022,Price Rd,Broadway Rd,0.0,Intersection 201,0.0,0.0,No Injury,Angle - Other Than Left Turn 2,Dawn,Clear,Dry,43.0,Female,North,Making Left Turn,Disregarded Traffic Signal,No Apparent Influence,No Apparent Influence,22.0,Male,North,Making Left Turn,No Improper Action,No Apparent Influence,No Apparent Influence,33.40747535,-111.8903343,2022-03-24,02:11:00
43479,3931299,2022,Mill Ave,W 7th St,60.0,Intersection Related 206,0.0,0.0,No Injury,Rear End,Daylight,Clear,Dry,39.0,Female,South,Going Straight Ahead,Followed Too Closely,No Apparent Influence,No Apparent Influence,59.0,Male,South,Stopped In Trafficway,No Improper Action,No Apparent Influence,No Apparent Influence,33.42337064,-111.9400098,2022-03-24,20:31:00
43482,3930113,2022,Priest Dr,Huntington Dr,65.0,Not Junction Related,1.0,0.0,Possible Injury,Rear End,Daylight,Clear,Dry,28.0,Male,South,Going Straight Ahead,Speed To Fast For Conditions,No Apparent Influence,No Apparent Influence,30.0,Male,South,Stopped In Trafficway,No Improper Action,No Apparent Influence,No Apparent Influence,33.39448124,-111.9607655,2022-03-25,00:04:00
43483,3931349,2022,Warner Rd,Hardy Dr,100.0,Intersection Related 206,0.0,0.0,No Injury,Rear End,Daylight,Clear,Dry,20.0,Male,West,Going Straight Ahead,Speed To Fast For Conditions,No Apparent Influence,No Apparent Influence,32.0,Female,West,Going Straight Ahead,Speed To Fast For Conditions,No Apparent Influence,No Apparent Influence,33.33456885,-111.9540107,2022-03-25,00:12:00
43487,3884549,2022,Mary St,Curry Rd,10.0,Not Junction Related,1.0,0.0,Possible Injury,Sideswipe Opposite Direction,Daylight,Clear,Dry,66.0,Female,South,Making Left Turn,Failed To Yield Right Of Way,No Apparent Influence,No Apparent Influence,62.0,Male,East,Going Straight Ahead,No Improper Action,No Apparent Influence,No Apparent Influence,33.4403756,-111.9237152,2022-03-25,17:01:00
43488,3930507,2022,University Dr,Park Ln,0.0,Intersection T Inter 203,1.0,0.0,Suspected Minor Injury,Angle - Other Than Left Turn 2,Daylight,Clear,Dry,43.0,Male,North,Making Left Turn,Failed To Yield Right Of Way,No Apparent Influence,No Apparent Influence,27.0,Female,East,Going Straight Ahead,No Improper Action,No Apparent Influence,No Apparent Influence,33.42191276,-111.9746887,2022-03-25,17:13:00
43492,3930112,2022,Broadway Rd,Beck Ave,-50.0,Intersection Related 206,1.0,0.0,Suspected Minor Injury,Rear End,Daylight,Clear,Dry,28.0,Male,East,Going Straight Ahead,Speed To Fast For Conditions,Alcohol,No Apparent Influence,60.0,Female,East,Stopped In Trafficway,No Improper Action,No Apparent Influence,No Apparent Influence,33.4074094,-111.9554348,2022-03-25,18:10:00
43493,3931319,2022,Warner Rd,McClintock Dr,0.0,Intersection Non Interchange,0.0,0.0,No Injury,Left Turn,Daylight,Clear,Dry,17.0,Female,East,Going Straight Ahead,Unknown,No Apparent Influence,No Apparent Influence,16.0,Female,South,Making Left Turn,Unknown,No Apparent Influence,No Apparent Influence,33.33464297,-111.9111771,2022-03-25,23:17:00
43495,3930994,2022,Mill Ave,Fairmont Dr,0.0,Intersection 4 Way 202,1.0,0.0,Suspected Minor Injury,U Turn,Dusk,Clear,Dry,34.0,Male,North,Making U Turn,Unsafe Lane Change,No Apparent Influence,No Apparent Influence,59.0,Female,North,Going Straight Ahead,No Improper Action,No Apparent Influence,No Apparent Influence,33.39626611,-111.9396474,2022-03-26,01:51:00
43497,3930954,2022,Broadway Rd,Elm St,0.0,Intersection T Inter 203,1.0,0.0,Suspected Minor Injury,Left Turn,Dark Lighted,Clear,Dry,30.0,Male,North,Making Left Turn,Ran Stop Sign,Alcohol,Drugs,25.0,Male,East,Going Straight Ahead,No Improper Action,No Apparent Influence,No Apparent Influence,33.4075064,-111.913246,2022-03-26,03:14:00
43498,3930995,2022,Baseline Rd,Calle Los Cerros,0.0,Unknown,0.0,0.0,No Injury,Sideswipe Same Direction,Dark Lighted,Clear,Dry,24.0,Female,East,Going Straight Ahead,Unsafe Lane Change,No Apparent Influence,No Apparent Influence,49.0,Male,East,Going Straight Ahead,No Improper Action,No Apparent Influence,No Apparent Influence,33.37821111,-111.9740884,2022-03-26,04:57:00
43499,3931005,2022,Priest Dr,SR-202 Cardinal Frontage,0.0,Intersection 4 Way 202,0.0,0.0,No Injury,Left Turn,Dark Lighted,Clear,Dry,20.0,Male,South,Making Left Turn,No Improper Action,No Apparent Influence,No Apparent Influence,51.0,Male,North,Going Straight Ahead,No Improper Action,No Apparent Influence,No Apparent Influence,33.43714969,-111.9609412,2022-03-26,06:26:00
43502,3930577,2022,Elliot Rd,Price Rd,0.0,Intersection 4 Way 202,2.0,0.0,Suspected Minor Injury,Left Turn,Daylight,Cloudy,Dry,56.0,Male,West,Going Straight Ahead,Disregarded Traffic Signal,No Apparent Influence,No Apparent Influence,58.0,Male,South,Making Left Turn,No Improper Action,No Apparent Influence,No Apparent Influence,33.34934277,-111.8943665,2022-03-26,17:07:00
43503,3930561,2022,Baseline Rd,I-10 Exit 155 A1-Ramp,190.0,Intersection Related 206,1.0,0.0,Possible Injury,Sideswipe Same Direction,Daylight,Clear,Dry,27.0,Female,West,Changing Lanes,Unsafe Lane Change,No Apparent Influence,No Apparent Influence,58.0,Male,West,Going Straight Ahead,No Improper Action,No Apparent Influence,No Apparent Influence,33.37828758,-111.9680106,2022-03-26,19:15:00
43506,3927919,2022,Rio Salado Pkwy,Perry Ln,0.0,Intersection 201,0.0,0.0,No Injury,Left Turn,Daylight,Clear,Dry,20.0,Male,South,Making Left Turn,Failed To Yield Right Of Way,No Apparent Influence,No Apparent Influence,19.0,Female,East,Going Straight Ahead,No Improper Action,No Apparent Influence,No Apparent Influence,33.42923899,-111.904765,2022-03-26,23:44:00
43508,3930134,2022,Priest Dr,SR-202 Cardinal Frontage,0.0,Intersection 201,0.0,0.0,No Injury,Left Turn,Dark Lighted,Clear,Dry,37.0,Male,North,Going Straight Ahead,Disregarded Traffic Signal,No Apparent Influence,No Apparent Influence,63.0,Male,Northeast,Going Straight Ahead,No Improper Action,No Apparent Influence,No Apparent Influence,33.43714969,-111.9609412,2022-03-27,02:49:00
43509,3931373,2022,Rural Rd,University Dr,0.0,Intersection 4 Way 202,2.0,0.0,Suspected Minor Injury,Left Turn,Dark Lighted,Clear,Dry,20.0,Male,South,Going Straight Ahead,Unknown,No Apparent Influence,No Apparent Influence,22.0,Male,North,Making Left Turn,Unknown,No Apparent Influence,No Apparent Influence,33.42202919,-111.9263124,2022-03-27,03:45:00
43511,3931322,2022,University Dr,McClintock Dr,-75.0,Intersection Related 206,0.0,0.0,No Injury,Angle - Other Than Left Turn 2,Dark Lighted,Clear,Dry,18.0,Male,South,Making Right Turn,Speed To Fast For Conditions,No Apparent Influence,Drugs,23.0,Female,East,Going Straight Ahead,No Improper Action,No Apparent Influence,No Apparent Influence,33.42198149,-111.909332,2022-03-27,10:09:00
43513,3931320,2022,Southern Ave,Evergreen Rd,0.0,Intersection 4 Way 202,2.0,0.0,Suspected Minor Injury,Left Turn,Daylight,Clear,Dry,21.0,Male,East,Going Straight Ahead,Disregarded Traffic Signal,No Apparent Influence,No Apparent Influence,63.0,Female,Northwest,Making Left Turn,No Improper Action,No Apparent Influence,No Apparent Influence,33.39302814,-111.8832842,2022-03-27,23:06:00
43515,3927929,2022,Grove Pkwy,Hardy Dr,0.0,Intersection T Inter 203,1.0,0.0,Suspected Minor Injury,Angle - Other Than Left Turn 2,Daylight,Clear,Dry,79.0,Female,North,Going Straight Ahead,Failed To Yield Right Of Way,No Apparent Influence,No Apparent Influence,28.0,Male,West,Going Straight Ahead,No Improper Action,No Apparent Influence,No Apparent Influence,33.35479743,-111.9544857,2022-03-28,00:12:00
43516,3930998,2022,Apache Blvd,Terrace Rd,20.0,Intersection Related 206,0.0,0.0,No Injury,Rear End,Dark Lighted,Clear,Dry,22.0,Female,West,Going Straight Ahead,Speed To Fast For Conditions,No Apparent Influence,No Apparent Influence,19.0,Female,West,Going Straight Ahead,No Improper Action,No Apparent Influence,No Apparent Influence,33.41476774,-111.9203662,2022-03-28,07:48:00
43522,3885769,2022,Rio Salado Pkwy,Price Rd,0.0,Intersection 4 Way 202,0.0,0.0,No Injury,Left Turn,Daylight,Clear,Dry,20.0,Female,North,Making Left Turn,Failed To Yield Right Of Way,No Apparent Influence,No Apparent Influence,30.0,Male,West,Going Straight Ahead,No Improper Action,No Apparent Influence,No Apparent Influence,33.42931447,-111.890264,2022-03-29,14:04:00
43523,3931323,2022,Scottsdale Rd,SR-202 Exit 7 L-Ramp,97.0,Intersection Related 206,0.0,0.0,No Injury,Rear End,Daylight,Rain,Wet,47.0,Male,South,Going Straight Ahead,Followed Too Closely,No Apparent Influence,No Apparent Influence,22.0,Female,South,Stopped In Trafficway,No Improper Action,No Apparent Influence,No Apparent Influence,33.43692901,-111.9262604,2022-03-29,15:17:00
43525,3931301,2022,Elliot Rd,Hardy Dr,-78.0,Intersection Related 206,0.0,0.0,No Injury,Sideswipe Same Direction,Daylight,Cloudy,Dry,70.0,Male,East,Making Right Turn,Unknown,No Apparent Influence,No Apparent Influence,55.0,Male,East,Going Straight Ahead,Unknown,No Apparent Influence,No Apparent Influence,33.34915481,-111.9547359,2022-03-29,20:14:00
43526,3931375,2022,Hardy Dr,13th St,0.0,Intersection 4 Way 202,0.0,0.0,No Injury,Angle - Other Than Left Turn 2,Daylight,Clear,Dry,22.0,Male,North,Going Straight Ahead,Disregarded Traffic Signal,No Apparent Influence,No Apparent Influence,39.0,Male,East,Going Straight Ahead,No Improper Action,No Apparent Influence,No Apparent Influence,33.41464794,-111.9521907,2022-03-29,21:33:00
43530,3931021,2022,University Dr,Price Rd,27.0,Intersection Related 206,0.0,0.0,No Injury,Rear End,Dark Lighted,Clear,Dry,31.0,Female,West,Going Straight Ahead,Followed Too Closely,No Apparent Influence,No Apparent Influence,23.0,Male,West,Going Straight Ahead,No Improper Action,No Apparent Influence,No Apparent Influence,33.42201802,-111.8902189,2022-03-30,04:10:00
43536,3931312,2022,Scottsdale Rd,SR-202 Exit 7 T-Ramp,-65.0,Intersection 201,0.0,0.0,No Injury,Sideswipe Same Direction,Daylight,Clear,Dry,45.0,Female,East,Making Left Turn,Failed To Yield Right Of Way,No Apparent Influence,No Apparent Influence,36.0,Male,South,Going Straight Ahead,No Improper Action,No Apparent Influence,No Apparent Influence,33.43526547,-111.9262573,2022-03-31,20:36:00
43538,3931370,2022,Rural Rd,University Dr,0.0,Intersection 4 Way 202,1.0,0.0,Suspected Minor Injury,Left Turn,Dark Lighted,Clear,Dry,25.0,Female,North,Making Left Turn,Failed To Yield Right Of Way,No Apparent Influence,No Apparent Influence,21.0,Male,South,Going Straight Ahead,No Improper Action,No Apparent Influence,No Apparent Influence,33.42202919,-111.9263124,2022-04-01,01:48:00
43544,3935777,2022,Scottsdale Rd,Lilac Dr,32.0,Intersection Related 206,0.0,0.0,No Injury,Sideswipe Same Direction,Daylight,Clear,Dry,18.0,Male,North,Going Straight Ahead,Speed To Fast For Conditions,No Apparent Influence,No Apparent Influence,34.0,Male,North,Going Straight Ahead,No Improper Action,No Apparent Influence,No Apparent Influence,33.44884666,-111.9264664,2022-04-01,23:06:00
43545,3935022,2022,Southern Ave,Mill Ave,92.0,Intersection Related 206,0.0,0.0,No Injury,Sideswipe Same Direction,Daylight,Clear,Dry,18.0,Male,West,Changing Lanes,Unsafe Lane Change,No Apparent Influence,No Apparent Influence,28.0,Female,West,Going Straight Ahead,No Improper Action,No Apparent Influence,No Apparent Influence,33.39286561,-111.9393028,2022-04-01,23:43:00
43549,3935778,2022,University Dr,Price Rd,0.0,Intersection 4 Way 202,2.0,0.0,Suspected Minor Injury,Angle - Other Than Left Turn 2,Daylight,Clear,Dry,29.0,Male,North,Going Straight Ahead,Disregarded Traffic Signal,No Apparent Influence,No Apparent Influence,33.0,Female,West,Going Straight Ahead,No Improper Action,No Apparent Influence,No Apparent Influence,33.42201697,-111.8903074,2022-04-02,00:33:00
43551,3934768,2022,Warner Rd,Rural Rd,-50.0,Intersection 4 Way 202,1.0,0.0,Possible Injury,Rear End,Dark Lighted,Clear,Dry,28.0,Male,East,Going Straight Ahead,Speed To Fast For Conditions,No Apparent Influence,No Apparent Influence,25.0,Male,Northwest,Making Left Turn,No Improper Action,No Apparent Influence,No Apparent Influence,33.33465441,-111.9285783,2022-04-02,01:51:00
43554,3935792,2022,Scottsdale Rd,Curry Rd,0.0,Not Junction Related,1.0,0.0,Suspected Minor Injury,Other,Dark Lighted,Clear,Dry,37.0,Male,North,Making Left Turn,Other,No Apparent Influence,No Apparent Influence,74.0,Male,South,Going Straight Ahead,No Improper Action,No Apparent Influence,No Apparent Influence,33.43855356,-111.9263014,2022-04-02,07:47:00
43555,3934777,2022,Apache Blvd,Price Rd,0.0,Intersection 201,2.0,0.0,Possible Injury,Angle - Other Than Left Turn 2,Daylight,Clear,Dry,66.0,Male,West,Going Straight Ahead,Disregarded Traffic Signal,No Apparent Influence,No Apparent Influence,27.0,Male,South,Going Straight Ahead,No Improper Action,No Apparent Influence,No Apparent Influence,33.41479117,-111.8907333,2022-04-02,19:02:00
43558,3935842,2022,Rio Salado Pkwy,Rockford Dr,0.0,Intersection 4 Way 202,1.0,0.0,Suspected Minor Injury,Left Turn,Dark Lighted,Clear,Dry,24.0,Male,East,Making Left Turn,Failed To Yield Right Of Way,No Apparent Influence,No Apparent Influence,24.0,Male,West,Going Straight Ahead,No Improper Action,No Apparent Influence,No Apparent Influence,33.42935533,-111.8970398,2022-04-03,03:33:00
43560,3935845,2022,Scottsdale Rd,Curry Rd,75.0,Intersection 201,1.0,0.0,Possible Injury,Rear End,Dark Lighted,Clear,Dry,54.0,Female,South,Going Straight Ahead,Speed To Fast For Conditions,Alcohol,No Apparent Influence,20.0,Male,South,Stopped In Trafficway,No Improper Action,No Apparent Influence,No Apparent Influence,33.44049946,-111.926337,2022-04-03,06:07:00
43561,3934765,2022,Hardy Dr,Westchester Ave,0.0,Intersection 4 Way 202,0.0,0.0,No Injury,Angle - Other Than Left Turn 2,Dark Lighted,Clear,Dry,25.0,Female,West,Other,Failed To Yield Right Of Way,No Apparent Influence,No Apparent Influence,21.0,Male,North,Going Straight Ahead,No Improper Action,Alcohol,No Apparent Influence,33.36661767,-111.9545741,2022-04-03,08:46:00
43562,3935832,2022,Broadway Rd,Elm St,0.0,Intersection 201,1.0,0.0,Possible Injury,Left Turn,Dark Lighted,Clear,Dry,40.0,Male,East,Making Left Turn,Failed To Yield Right Of Way,Alcohol,No Apparent Influence,21.0,Female,West,Going Straight Ahead,No Improper Action,Alcohol,No Apparent Influence,33.4075064,-111.913246,2022-04-03,09:24:00
43568,3935775,2022,McClintock Dr,Rio Salado Pkwy,150.0,Intersection Related 206,0.0,0.0,No Injury,Sideswipe Same Direction,Daylight,Clear,Dry,30.0,Male,South,Going Straight Ahead,Other,No Apparent Influence,No Apparent Influence,63.0,Female,South,Stopped In Trafficway,No Improper Action,No Apparent Influence,No Apparent Influence,33.4296733,-111.9090924,2022-04-04,19:24:00
43571,3935483,2022,Hardy Dr,Alameda Dr,-50.0,Not Junction Related,0.0,0.0,No Injury,Unknown,Daylight,Clear,Dry,49.0,Male,South,Backing,Unknown,No Apparent Influence,No Apparent Influence,49.0,Male,South,Going Straight Ahead,Unknown,No Apparent Influence,No Apparent Influence,33.39998884,-111.9521363,2022-04-04,21:49:00
43572,3935850,2022,Southern Ave,Albert Ave,-16.0,Driveway Or Alley,1.0,0.0,Suspected Minor Injury,Left Turn,Daylight,Clear,Dry,22.0,Male,North,Making Left Turn,Failed To Yield Right Of Way,No Apparent Influence,No Apparent Influence,21.0,Male,East,Going Straight Ahead,No Improper Action,No Apparent Influence,No Apparent Influence,33.39286944,-111.9627727,2022-04-04,23:51:00
43573,3954402,2022,Scottsdale Rd,Playa Del Norte Dr,-125.0,Not Junction Related,2.0,0.0,Possible Injury,Rear End,Daylight,Clear,Dry,23.0,Female,North,Going Straight Ahead,Speed To Fast For Conditions,No Apparent Influence,No Apparent Influence,19.0,Male,North,Stopped In Trafficway,No Improper Action,No Apparent Influence,No Apparent Influence,33.43369121,-111.9262657,2022-04-05,01:26:00
43574,3935843,2022,Rio Salado Pkwy,Price Rd,0.0,Intersection Related 206,0.0,0.0,No Injury,Angle - Other Than Left Turn 2,Dark Lighted,Clear,Dry,22.0,Male,South,Going Straight Ahead,Unknown,No Apparent Influence,No Apparent Influence,27.0,Male,West,Going Straight Ahead,Unknown,No Apparent Influence,No Apparent Influence,33.42937578,-111.8918252,2022-04-05,03:37:00
43576,3931003,2022,University Dr,Rural Rd,-35.0,Intersection Related 206,0.0,0.0,No Injury,Rear End,Dark Lighted,Clear,Dry,32.0,Female,East,Going Straight Ahead,Disregarded Traffic Signal,No Apparent Influence,No Apparent Influence,19.0,Male,East,Stopped In Trafficway,No Improper Action,No Apparent Influence,No Apparent Influence,33.42202824,-111.926427,2022-04-05,09:07:00
43577,3935030,2022,Scottsdale Rd,Rio Salado Pkwy,0.0,Intersection Related 206,0.0,0.0,No Injury,Sideswipe Same Direction,Daylight,Clear,Dry,26.0,Female,South,Changing Lanes,Unsafe Lane Change,No Apparent Influence,No Apparent Influence,19.0,Female,South,Going Straight Ahead,No Improper Action,No Apparent Influence,No Apparent Influence,33.42884843,-111.9262892,2022-04-05,17:51:00
43580,3935826,2022,48th St,Broadway Rd,138.0,Driveway Or Alley,1.0,0.0,Possible Injury,Angle - Other Than Left Turn 2,Daylight,Clear,Dry,29.0,Male,East,Stopped In Trafficway,Unknown,No Apparent Influence,No Apparent Influence,59.0,Male,North,Going Straight Ahead,Unknown,No Apparent Influence,No Apparent Influence,33.40770702,-111.9782581,2022-04-06,00:35:00
43584,3893249,2022,US-60 Exit 173 C-Ramp,Unknown,0.0,Entrance Exit Ramp 205,0.0,0.0,No Injury,Rear End,Daylight,Clear,Dry,27.0,Male,West,Making Right Turn,Other,No Apparent Influence,No Apparent Influence,45.0,Male,West,Stopped In Trafficway,No Improper Action,No Apparent Influence,No Apparent Influence,33.38601875,-111.9392029,2022-04-06,16:56:00
43585,3934756,2022,Apache Blvd,Martin Ln,0.0,Intersection 4 Way 202,1.0,0.0,Possible Injury,Left Turn,Daylight,Clear,Dry,39.0,Female,East,Going Straight Ahead,Disregarded Traffic Signal,No Apparent Influence,No Apparent Influence,37.0,Female,South,Making Left Turn,No Improper Action,No Apparent Influence,No Apparent Influence,33.41477126,-111.9015686,2022-04-06,17:21:00
43587,3935779,2022,University Dr,Park Ln,0.0,Intersection 201,0.0,0.0,No Injury,Angle - Other Than Left Turn 2,Daylight,Clear,Dry,21.0,Female,South,Making Left Turn,Failed To Yield Right Of Way,No Apparent Influence,No Apparent Influence,25.0,Male,West,Going Straight Ahead,No Improper Action,No Apparent Influence,No Apparent Influence,33.42191276,-111.9746887,2022-04-06,20:56:00
43588,3935798,2022,Apache Blvd,Price Rd,0.0,Intersection 4 Way 202,2.0,0.0,Possible Injury,Angle - Other Than Left Turn 2,Daylight,Clear,Dry,45.0,Male,East,Going Straight Ahead,Disregarded Traffic Signal,No Apparent Influence,No Apparent Influence,34.0,Female,North,Making Left Turn,No Improper Action,No Apparent Influence,No Apparent Influence,33.41479117,-111.8907333,2022-04-06,21:36:00
43589,3935045,2022,Rural Rd,Laguna Dr,0.0,Not Junction Related,0.0,0.0,No Injury,Rear End,Daylight,Clear,Dry,30.0,Male,North,Going Straight Ahead,Failed To Keep In Proper Lane,No Apparent Influence,No Apparent Influence,42.0,Female,North,Stopped In Trafficway,No Improper Action,No Apparent Influence,No Apparent Influence,33.39017342,-111.9263946,2022-04-06,22:00:00
43593,3935012,2022,Southern Ave,Roosevelt St,0.0,Intersection Related 206,1.0,0.0,Possible Injury,Sideswipe Same Direction,Daylight,Clear,Dry,30.0,Male,East,Changing Lanes,Unsafe Lane Change,No Apparent Influence,No Apparent Influence,49.0,Female,East,Going Straight Ahead,No Improper Action,No Apparent Influence,No Apparent Influence,33.39284564,-111.9478283,2022-04-07,00:53:00
43594,3935007,2022,Baseline Rd,Pointe Pkwy,20.0,Intersection Related 206,0.0,0.0,No Injury,Rear End,Daylight,Clear,Dry,27.0,Male,East,Slowing In Trafficway,Followed Too Closely,No Apparent Influence,No Apparent Influence,21.0,Female,East,Slowing In Trafficway,No Improper Action,No Apparent Influence,No Apparent Influence,33.37821762,-111.9719295,2022-04-07,01:23:00
43595,3954387,2022,Southern Ave,Priest Dr,98.0,Not Junction Related,0.0,0.0,No Injury,Sideswipe Same Direction,Daylight,Clear,Dry,24.0,Male,East,Going Straight Ahead,Followed Too Closely,No Apparent Influence,No Apparent Influence,43.0,Female,East,Stopped In Trafficway,No Improper Action,No Apparent Influence,No Apparent Influence,33.39288159,-111.960449,2022-04-07,13:54:00
43596,3935014,2022,McClintock Dr,Elliot Rd,180.0,Not Junction Related,0.0,0.0,No Injury,Sideswipe Same Direction,Daylight,Clear,Dry,82.0,Male,North,Changing Lanes,Unsafe Lane Change,No Apparent Influence,No Apparent Influence,45.0,Female,North,Going Straight Ahead,No Improper Action,No Apparent Influence,No Apparent Influence,33.34962404,-111.91121,2022-04-07,18:35:00
43598,3935072,2022,Broadway Rd,Beck Ave,-113.0,Driveway Or Alley,0.0,0.0,No Injury,Rear End,Daylight,Clear,Dry,47.0,Female,West,Going Straight Ahead,Followed Too Closely,No Apparent Influence,No Apparent Influence,19.0,Female,West,Making Right Turn,No Improper Action,No Apparent Influence,No Apparent Influence,33.40741067,-111.9556411,2022-04-07,21:29:00
43600,3934775,2022,Broadway Rd,Hardy Dr,0.0,Intersection 4 Way 202,0.0,0.0,No Injury,Angle - Other Than Left Turn 2,Daylight,Clear,Dry,39.0,Male,South,Going Straight Ahead,Other,No Apparent Influence,No Apparent Influence,39.0,Male,West,Going Straight Ahead,No Improper Action,No Apparent Influence,No Apparent Influence,33.40739301,-111.952165,2022-04-07,21:36:00
43601,3935844,2022,McClintock Dr,Rio Salado Pkwy,35.0,Intersection Related 206,0.0,0.0,No Injury,Rear End,Daylight,Clear,Dry,27.0,Male,South,Going Straight Ahead,Speed To Fast For Conditions,No Apparent Influence,No Apparent Influence,56.0,Male,South,Stopped In Trafficway,No Improper Action,No Apparent Influence,No Apparent Influence,33.42935847,-111.9090718,2022-04-07,21:44:00
43602,3934761,2022,Baseline Rd,I-10 Exit 155 J1-Ramp,0.0,Intersection 201,0.0,0.0,No Injury,Left Turn,Daylight,Clear,Dry,20.0,Male,East,Making Left Turn,Unknown,No Apparent Influence,No Apparent Influence,36.0,Male,West,Going Straight Ahead,Unknown,No Apparent Influence,No Apparent Influence,33.37829922,-111.9673788,2022-04-07,22:08:00
43603,3934755,2022,University Dr,George Dr,-100.0,Not Junction Related,1.0,0.0,Suspected Minor Injury,Rear End,Daylight,Clear,Dry,21.0,Male,East,Going Straight Ahead,Speed To Fast For Conditions,No Apparent Influence,No Apparent Influence,49.0,Male,East,Going Straight Ahead,No Improper Action,No Apparent Influence,No Apparent Influence,33.42208751,-111.8877521,2022-04-07,23:01:00
43604,3937792,2022,Elliot Rd,Harl Ave,70.0,Intersection Related 206,0.0,0.0,No Injury,Angle - Other Than Left Turn 2,Daylight,Clear,Dry,30.0,Male,North,Making Right Turn,Failed To Yield Right Of Way,No Apparent Influence,No Apparent Influence,27.0,Female,East,Going Straight Ahead,No Improper Action,Alcohol,No Apparent Influence,33.34908292,-111.9656976,2022-04-08,01:03:00
43605,3937791,2022,Elliot Rd,Harl Ave,50.0,Not Junction Related,0.0,0.0,No Injury,Sideswipe Same Direction,Daylight,Clear,Dry,23.0,Male,West,Going Straight Ahead,Other,No Apparent Influence,No Apparent Influence,60.0,Male,West,Going Straight Ahead,No Improper Action,No Apparent Influence,No Apparent Influence,33.3490825,-111.9657646,2022-04-08,01:25:00
43612,3935580,2022,Rio Salado Pkwy,Rural Rd,0.0,Intersection T Inter 203,1.0,0.0,Suspected Minor Injury,Angle - Other Than Left Turn 2,Daylight,Clear,Dry,27.0,Male,West,Making U Turn,Made Improper Turn,No Apparent Influence,No Apparent Influence,39.0,Male,West,Going Straight Ahead,No Improper Action,No Apparent Influence,No Apparent Influence,33.42929546,-111.9186315,2022-04-08,19:15:00