,Incident ID,Year,Street Name,Cross Street,Distance,Junction Relation,Total Injuries,Total Fatalities,Injury Severity,Collision Manner,Light Condition,Weather,Surface Condition,Age Driver 1,Gender Driver 1,Travel Direction One,Unit Action One,Violation1_Drv1,Alcohol Use Driver 1,Drug Use Driver 1,Age Driver 2,Gender Driver 2,Travel Direction Two,Unit Action Two,Violation 1 Driver 2,Alcohol Use Driver 2,Drug Use Driver 2,Latitude,Longitude,Date,Time
43755,3930989,2022,Washington St,Parkside Dr,0.0,Intersection 4 Way 202,2.0,0.0,Possible Injury,Left Turn,Daylight,Clear,Dry,60.0,Male,West,Making Left Turn,Failed To Yield Right Of Way,No Apparent Influence,No Apparent Influence,29.0,Male,East,Going Straight Ahead,No Improper Action,No Apparent Influence,No Apparent Influence,33.43985748,-111.9508651,2022-04-22,16:10:00
43756,3936975,2022,Perry Ln,3rd St,0.0,Intersection 4 Way 202,0.0,0.0,No Injury,Angle - Other Than Left Turn 2,Daylight,Clear,Dry,30.0,Male,East,Going Straight Ahead,Failed To Yield Right Of Way,No Apparent Influence,No Apparent Influence,21.0,Male,North,Going Straight Ahead,No Improper Action,No Apparent Influence,No Apparent Influence,33.42742014,-111.9047366,2022-04-22,17:17:00
43757,3935130,2022,Baseline Rd,Wendler Dr,0.0,Intersection 201,2.0,0.0,Suspected Minor Injury,Rear End,Daylight,Clear,Dry,50.0,Male,West,Going Straight Ahead,Speed To Fast For Conditions,No Apparent Influence,No Apparent Influence,28.0,Female,West,Slowing In Trafficway,No Improper Action,No Apparent Influence,No Apparent Influence,33.37825837,-111.9697859,2022-04-22,20:18:00
43761,3937798,2022,Baseline Rd,Pointe Pkwy,-150.0,Not Junction Related,0.0,0.0,No Injury,Sideswipe Same Direction,Dark Unknown Lighting,Unknown,Dry,37.0,Female,East,Changing Lanes,Unsafe Lane Change,No Apparent Influence,No Apparent Influence,64.0,Male,East,Going Straight Ahead,No Improper Action,No Apparent Influence,No Apparent Influence,33.37821186,-111.9724885,2022-04-23,00:35:00
43763,3935491,2022,Palmcroft Dr,McClintock Dr,-44.0,Intersection Related 206,0.0,0.0,No Injury,Angle - Other Than Left Turn 2,Dark Lighted,Clear,Dry,55.0,Male,North,Making Right Turn,Made Improper Turn,No Apparent Influence,No Apparent Influence,51.0,Male,North,Stopped In Trafficway,No Improper Action,No Apparent Influence,No Apparent Influence,33.40419346,-111.9092752,2022-04-23,04:04:00
43764,3935490,2022,Baseline Rd,Kyrene Rd,0.0,Intersection 201,2.0,0.0,Suspected Minor Injury,Angle - Other Than Left Turn 2,Dark Lighted,Clear,Dry,41.0,Female,South,Making Left Turn,Failed To Yield Right Of Way,No Apparent Influence,No Apparent Influence,28.0,Female,West,Going Straight Ahead,No Improper Action,No Apparent Influence,No Apparent Influence,33.37819996,-111.9459886,2022-04-23,04:48:00
43770,3931026,2022,McClintock Dr,SR-202 Exit 8 J-Ramp,0.0,Intersection T Inter 203,0.0,0.0,No Injury,Angle - Other Than Left Turn 2,Dawn,Clear,Dry,22.0,Male,West,Making Left Turn,Failed To Yield Right Of Way,Alcohol,No Apparent Influence,63.0,Female,South,Going Straight Ahead,No Improper Action,No Apparent Influence,No Apparent Influence,33.43662129,-111.9096218,2022-04-23,11:58:00
43772,3931035,2022,Orange St,Lola Ln,25.0,Intersection Related 206,0.0,0.0,No Injury,Sideswipe Opposite Direction,Daylight,Clear,Dry,34.0,Male,North,Making Right Turn,Made Improper Turn,No Apparent Influence,No Apparent Influence,30.0,Male,West,Going Straight Ahead,No Improper Action,No Apparent Influence,No Apparent Influence,33.41843523,-111.8939554,2022-04-23,16:00:00
43773,3936977,2022,McClintock Dr,Alameda Dr,32.0,Intersection Related 206,0.0,0.0,No Injury,Rear End,Daylight,Clear,Dry,27.0,Male,South,Going Straight Ahead,Speed To Fast For Conditions,No Apparent Influence,No Apparent Influence,68.0,Male,South,Stopped In Trafficway,No Improper Action,No Apparent Influence,No Apparent Influence,33.40023695,-111.9091313,2022-04-23,17:08:00
43774,3988932,2022,University Dr,College Ave,0.0,Intersection T Inter 203,0.0,0.0,No Injury,Angle - Other Than Left Turn 2,Daylight,Clear,Dry,37.0,Female,Southeast,Making Left Turn,Failed To Yield Right Of Way,No Apparent Influence,No Apparent Influence,76.0,Male,West,Going Straight Ahead,No Improper Action,No Apparent Influence,No Apparent Influence,33.42195551,-111.9349661,2022-04-23,19:30:00
43777,3931042,2022,Price Rd,Orange St,0.0,Intersection 201,1.0,0.0,Suspected Minor Injury,Angle - Other Than Left Turn 2,Daylight,Clear,Dry,27.0,Male,West,Going Straight Ahead,Speed To Fast For Conditions,No Apparent Influence,No Apparent Influence,35.0,Male,South,Going Straight Ahead,No Improper Action,No Apparent Influence,No Apparent Influence,33.41842446,-111.8919678,2022-04-24,00:20:00
43780,3935485,2022,Broadway Rd,I-10 Cardinal Frontage,104.0,Intersection Related 206,0.0,0.0,No Injury,Sideswipe Same Direction,Dark Lighted,Clear,Dry,21.0,Female,West,Changing Lanes,Unsafe Lane Change,No Apparent Influence,No Apparent Influence,49.0,Male,West,Going Straight Ahead,No Improper Action,No Apparent Influence,No Apparent Influence,33.4085672,-111.9732871,2022-04-24,07:00:00
43781,3935484,2022,Mill Ave,3rd St,0.0,Intersection Related 206,1.0,0.0,Possible Injury,Left Turn,Dark Lighted,Clear,Dry,30.0,Male,Unknown,Unknown,Unknown,No Apparent Influence,No Apparent Influence,18.0,Male,North,Making Left Turn,Unknown,No Apparent Influence,No Apparent Influence,33.42739241,-111.9400295,2022-04-24,07:15:00
43784,3935509,2022,Mill Ave,US-60 Exit 173 A-Ramp,118.0,Not Junction Related,1.0,0.0,Possible Injury,Rear End,Daylight,Clear,Dry,28.0,Female,South,Going Straight Ahead,Speed To Fast For Conditions,No Apparent Influence,No Apparent Influence,42.0,Female,South,Stopped In Trafficway,No Improper Action,No Apparent Influence,No Apparent Influence,33.38543121,-111.9394752,2022-04-24,17:13:00
43785,3937811,2022,Price Rd,Broadway Rd,58.0,Intersection Related 206,0.0,0.0,No Injury,Rear End,Daylight,Clear,Dry,22.0,Male,South,Going Straight Ahead,Speed To Fast For Conditions,Alcohol,No Apparent Influence,18.0,Female,South,Stopped In Trafficway,No Improper Action,No Apparent Influence,No Apparent Influence,33.40765569,-111.8920044,2022-04-24,23:30:00
43794,3898329,2022,SR-202 Exit 6 G-Ramp,Unknown,0.0,Intersection 201,0.0,0.0,No Injury,Sideswipe Same Direction,Daylight,Clear,Dry,48.0,Male,East,Making Left Turn,Unknown,No Apparent Influence,No Apparent Influence,30.0,Male,East,Making Left Turn,Unknown,No Apparent Influence,No Apparent Influence,33.43553204,-111.9496669,2022-04-26,13:54:00
43795,3937215,2022,Hardy Dr,Alameda Dr,0.0,Intersection 4 Way 202,1.0,0.0,Suspected Minor Injury,Angle - Other Than Left Turn 2,Daylight,Clear,Dry,47.0,Male,North,Going Straight Ahead,Disregarded Traffic Signal,No Apparent Influence,No Apparent Influence,29.0,Male,East,Going Straight Ahead,No Improper Action,No Apparent Influence,No Apparent Influence,33.40012623,-111.9521366,2022-04-26,14:06:00
43796,3937214,2022,University Dr,McClintock Dr,-15.0,Intersection Related 206,0.0,0.0,No Injury,Angle - Other Than Left Turn 2,Daylight,Clear,Dry,34.0,Male,South,Making Right Turn,Failed To Yield Right Of Way,No Apparent Influence,No Apparent Influence,34.0,Female,West,Going Straight Ahead,No Improper Action,No Apparent Influence,No Apparent Influence,33.42198227,-111.9091354,2022-04-26,15:42:00
43797,3896889,2022,I-10 Exit 155 A1-Ramp,Unknown,1.0,Entrance Exit Ramp 205,0.0,0.0,No Injury,Rear End,Daylight,Clear,Dry,53.0,Female,East,Going Straight Ahead,Speed To Fast For Conditions,No Apparent Influence,No Apparent Influence,28.0,Male,East,Stopped In Trafficway,No Improper Action,No Apparent Influence,No Apparent Influence,33.37848586,-111.9686515,2022-04-26,16:00:00
43798,3901428,2022,I-10 Exit 155 C2-Ramp,Unknown,0.0,Entrance Exit Ramp 205,0.0,0.0,No Injury,Sideswipe Same Direction,Daylight,Clear,Dry,48.0,Male,West,Going Straight Ahead,Speed To Fast For Conditions,No Apparent Influence,No Apparent Influence,31.0,Male,West,Stopped In Trafficway,No Improper Action,No Apparent Influence,No Apparent Influence,33.37728347,-111.967377,2022-04-26,16:04:00
43799,3936976,2022,Broadway Rd,52nd St,-177.0,Intersection Related 206,1.0,0.0,Possible Injury,Rear End,Daylight,Clear,Dry,34.0,Male,West,Going Straight Ahead,Followed Too Closely,No Apparent Influence,No Apparent Influence,48.0,Male,West,Stopped In Trafficway,Other,No Apparent Influence,No Apparent Influence,33.40933677,-111.9701033,2022-04-26,16:52:00
43800,3935524,2022,Priest Dr,Baseline Rd,0.0,Not Junction Related,0.0,0.0,No Injury,Left Turn,Daylight,Clear,Dry,49.0,Female,West,Making Left Turn,Other,No Apparent Influence,No Apparent Influence,73.0,Male,East,Stopped In Trafficway,No Improper Action,No Apparent Influence,No Apparent Influence,33.37824385,-111.9631749,2022-04-26,17:41:00
43801,3937212,2022,Rural Rd,Baseline Rd,-35.0,Intersection Related 206,0.0,0.0,No Injury,Sideswipe Same Direction,Daylight,Clear,Dry,79.0,Male,North,Changing Lanes,Unsafe Lane Change,No Apparent Influence,No Apparent Influence,28.0,Male,North,Going Straight Ahead,No Improper Action,No Apparent Influence,No Apparent Influence,33.37815303,-111.9286871,2022-04-26,17:53:00
43802,3935815,2022,McClintock Dr,Campus Dr,0.0,Intersection 4 Way 202,0.0,0.0,No Injury,Sideswipe Same Direction,Unknown 51,Unknown,Dry,15.0,Male,North,Changing Lanes,Unsafe Lane Change,No Apparent Influence,No Apparent Influence,17.0,Male,North,Going Straight Ahead,No Improper Action,No Apparent Influence,No Apparent Influence,33.39835182,-111.9091294,2022-04-26,21:23:00
43805,3931002,2022,McClintock Dr,Rio Salado Pkwy,200.0,Not Junction Related,0.0,0.0,No Injury,Rear End,Daylight,Clear,Dry,22.0,Male,North,Going Straight Ahead,Speed To Fast For Conditions,No Apparent Influence,No Apparent Influence,56.0,Male,North,Stopped In Trafficway,No Improper Action,No Apparent Influence,No Apparent Influence,33.42980992,-111.9091032,2022-04-27,00:05:00
43808,3935513,2022,Rio Salado Pkwy,Hardy Dr,0.0,Not Junction Related,0.0,0.0,No Injury,Sideswipe Same Direction,Daylight,Clear,Dry,27.0,Male,East,Changing Lanes,Unsafe Lane Change,No Apparent Influence,No Apparent Influence,25.0,Male,East,Going Straight Ahead,No Improper Action,No Apparent Influence,No Apparent Influence,33.43064603,-111.9557939,2022-04-27,12:50:00
43812,3900515,2022,SR-202 Exit 7 T-Ramp,Unknown,0.0,Entrance Exit Ramp 205,0.0,0.0,No Injury,Rear End,Daylight,Clear,Dry,28.0,Male,East,Making Right Turn,Speed To Fast For Conditions,No Apparent Influence,No Apparent Influence,38.0,Female,East,Making Right Turn,No Improper Action,No Apparent Influence,No Apparent Influence,33.4355203,-111.9263653,2022-04-27,18:27:00
43821,3935810,2022,Rural Rd,6th St,0.0,Intersection 4 Way 202,0.0,0.0,No Injury,Angle - Other Than Left Turn 2,Dark Lighted,Clear,Dry,20.0,Female,East,Making Right Turn,Failed To Yield Right Of Way,No Apparent Influence,No Apparent Influence,45.0,Male,South,Going Straight Ahead,No Improper Action,No Apparent Influence,No Apparent Influence,33.42449794,-111.926302,2022-04-28,05:31:00
43822,3935511,2022,McClintock Dr,Elliot Rd,50.0,Intersection Related 206,1.0,0.0,Possible Injury,Rear End,Daylight,Clear,Dry,36.0,Female,South,Going Straight Ahead,Speed To Fast For Conditions,No Apparent Influence,No Apparent Influence,52.0,Female,South,Going Straight Ahead,No Improper Action,No Apparent Influence,No Apparent Influence,33.3492668,-111.9111943,2022-04-28,14:19:00
43824,3904361,2022,SR-202 Exit 8 A-Ramp,Unknown,0.0,Entrance Exit Ramp 205,0.0,0.0,No Injury,Rear End,Daylight,Clear,Dry,45.0,Male,East,Making Right Turn,Speed To Fast For Conditions,No Apparent Influence,No Apparent Influence,40.0,Female,East,Stopped In Trafficway,No Improper Action,No Apparent Influence,No Apparent Influence,33.43645636,-111.909771,2022-04-28,14:59:00
43829,3937227,2022,Price Rd,Elliot Rd,0.0,Intersection 4 Way 202,0.0,0.0,No Injury,Sideswipe Same Direction,Daylight,Clear,Dry,69.0,Male,South,Going Straight Ahead,Failed To Keep In Proper Lane,No Apparent Influence,No Apparent Influence,35.0,Male,South,Making Left Turn,No Improper Action,No Apparent Influence,No Apparent Influence,33.34934277,-111.8943665,2022-04-28,17:45:00
43834,3900404,2022,US-60 Exit 174 A-Ramp,Unknown,0.0,Intersection Related 206,0.0,0.0,No Injury,Angle - Other Than Left Turn 2,Daylight,Clear,Dry,40.0,Female,Southeast,Making Right Turn,Speed To Fast For Conditions,No Apparent Influence,No Apparent Influence,32.0,Male,Southeast,Making Right Turn,No Improper Action,No Apparent Influence,No Apparent Influence,33.38503231,-111.9266273,2022-04-29,00:24:00
43841,3931034,2022,52nd St,Broadway Rd,51.0,Intersection 4 Way 202,2.0,0.0,Suspected Minor Injury,Other,Daylight,Clear,Dry,57.0,Female,West,Making Left Turn,Disregarded Traffic Signal,No Apparent Influence,No Apparent Influence,24.0,Female,North,Going Straight Ahead,No Improper Action,No Apparent Influence,No Apparent Influence,33.40938562,-111.9695427,2022-04-29,19:00:00
43845,3935820,2022,Priest Dr,SR-202 Exit 5 J-Ramp,0.0,Intersection 4 Way 202,1.0,0.0,Possible Injury,Left Turn,Daylight,Clear,Dry,32.0,Male,North,Making Left Turn,Other,No Apparent Influence,No Apparent Influence,32.0,Female,South,Going Straight Ahead,No Improper Action,No Apparent Influence,No Apparent Influence,33.43850177,-111.9608415,2022-04-29,22:17:00
43848,3930973,2022,Baseline Rd,Arizona Mills S,0.0,Intersection T Inter 203,1.0,0.0,Suspected Minor Injury,Left Turn,Daylight,Clear,Dry,21.0,Male,East,Making Left Turn,Disregarded Traffic Signal,No Apparent Influence,No Apparent Influence,28.0,Female,South,Making Left Turn,No Improper Action,No Apparent Influence,No Apparent Influence,33.37827011,-111.965455,2022-04-30,01:21:00
43850,3930990,2022,Broadway Rd,55th St,0.0,Intersection 4 Way 202,0.0,0.0,No Injury,Angle - Other Than Left Turn 2,Dark Lighted,Clear,Dry,19.0,Male,Southwest,Making Left Turn,Failed To Yield Right Of Way,No Apparent Influence,No Apparent Influence,22.0,Male,East,Going Straight Ahead,No Improper Action,No Apparent Influence,No Apparent Influence,33.40757611,-111.9658235,2022-04-30,04:11:00
43853,3931041,2022,Terrace Rd,Lemon St,-15.0,Intersection Related 206,0.0,0.0,No Injury,Left Turn,Dark Lighted,Clear,Dry,18.0,Male,West,Making Left Turn,Failed To Yield Right Of Way,No Apparent Influence,No Apparent Influence,29.0,Male,South,Making Right Turn,No Improper Action,No Apparent Influence,No Apparent Influence,33.41672947,-111.9223841,2022-05-01,06:30:00
43855,3935855,2022,Scottsdale Rd,SR-202 Exit 7 X-Ramp,0.0,Intersection Related 206,0.0,0.0,No Injury,Angle - Other Than Left Turn 2,Daylight,Clear,Dry,23.0,Male,West,Making Right Turn,Made Improper Turn,No Apparent Influence,No Apparent Influence,37.0,Male,East,Going Straight Ahead,No Improper Action,No Apparent Influence,No Apparent Influence,33.43666251,-111.9262612,2022-05-01,17:14:00
43856,3937720,2022,Priest Dr,SR-202 Cardinal Frontage,0.0,Intersection 4 Way 202,1.0,0.0,Possible Injury,Left Turn,Daylight,Clear,Dry,66.0,Male,South,Making Left Turn,Made Improper Turn,No Apparent Influence,No Apparent Influence,55.0,Male,North,Going Straight Ahead,No Improper Action,No Apparent Influence,No Apparent Influence,33.43714969,-111.9609412,2022-05-02,00:09:00
43857,3935852,2022,Hardy Dr,Minton Dr,-20.0,Intersection Related 206,0.0,0.0,No Injury,Sideswipe Same Direction,Daylight,Clear,Dry,29.0,Female,West,Making Left Turn,Failed To Yield Right Of Way,No Apparent Influence,No Apparent Influence,24.0,Female,South,Going Straight Ahead,No Improper Action,No Apparent Influence,No Apparent Influence,33.38092481,-111.9524414,2022-05-02,00:55:00
43858,3935897,2022,Rio Salado Pkwy,Price Rd,0.0,Intersection 4 Way 202,2.0,0.0,Possible Injury,Left Turn,Dark Lighted,Clear,Dry,20.0,Male,North,Making Left Turn,Failed To Yield Right Of Way,No Apparent Influence,No Apparent Influence,30.0,Female,West,Going Straight Ahead,No Improper Action,No Apparent Influence,No Apparent Influence,33.42931447,-111.890264,2022-05-02,03:38:00
43860,3946399,2022,Scottsdale Rd,Playa Del Norte Dr,-200.0,Intersection Related 206,1.0,0.0,Possible Injury,Rear End,Dark Lighted,Clear,Dry,25.0,Female,North,Going Straight Ahead,Speed To Fast For Conditions,No Apparent Influence,No Apparent Influence,58.0,Female,North,Stopped In Trafficway,No Improper Action,No Apparent Influence,No Apparent Influence,33.43348521,-111.9262675,2022-05-02,05:12:00
43861,3946007,2022,Baseline Rd,Beck Ave,50.0,Not Junction Related,0.0,0.0,No Injury,Unknown,Dark Lighted,Clear,Dry,31.0,Female,East,Going Straight Ahead,Failed To Keep In Proper Lane,No Apparent Influence,No Apparent Influence,20.0,Male,East,Slowing In Trafficway,No Improper Action,No Apparent Influence,No Apparent Influence,33.37824002,-111.9595879,2022-05-02,06:35:00
43862,3935854,2022,48th St,I-10 Cardinal Frontage,0.0,Intersection 4 Way 202,1.0,0.0,Suspected Minor Injury,Angle - Other Than Left Turn 2,Daylight,Clear,Dry,53.0,Male,North,Going Straight Ahead,Disregarded Traffic Signal,No Apparent Influence,No Apparent Influence,36.0,Male,East,Going Straight Ahead,No Improper Action,No Apparent Influence,No Apparent Influence,33.40932389,-111.9782234,2022-05-02,13:20:00
43863,3898637,2022,I-10 Exit 157 A-Ramp,Unknown,0.0,Intersection 4 Way 202,1.0,0.0,Possible Injury,Rear End,Daylight,Clear,Dry,30.0,Male,South,Going Straight Ahead,Speed To Fast For Conditions,No Apparent Influence,No Apparent Influence,48.0,Female,South,Stopped In Trafficway,No Improper Action,No Apparent Influence,No Apparent Influence,33.34949509,-111.9726913,2022-05-02,14:21:00
43865,3935851,2022,Priest Dr,University Dr,-125.0,Intersection Related 206,0.0,0.0,No Injury,Rear End,Daylight,Clear,Dry,28.0,Male,North,Going Straight Ahead,Speed To Fast For Conditions,No Apparent Influence,No Apparent Influence,30.0,Female,North,Slowing In Trafficway,No Improper Action,No Apparent Influence,No Apparent Influence,33.421599,-111.9609039,2022-05-02,15:21:00
43866,3946407,2022,Broadway Rd,Holbrook Ln,80.0,Not Junction Related,0.0,0.0,No Injury,Rear End,Daylight,Clear,Dry,72.0,Male,West,Changing Lanes,Unsafe Lane Change,No Apparent Influence,No Apparent Influence,40.0,Male,West,Going Straight Ahead,Followed Too Closely,No Apparent Influence,No Apparent Influence,33.40749831,-111.9022595,2022-05-02,15:29:00
43867,3945975,2022,Broadway Rd,55th St,10.0,Intersection Related 206,0.0,0.0,No Injury,Rear End,Daylight,Clear,Dry,18.0,Male,West,Stopped In Trafficway,Speed To Fast For Conditions,No Apparent Influence,No Apparent Influence,17.0,Male,West,Going Straight Ahead,No Improper Action,No Apparent Influence,No Apparent Influence,33.40757014,-111.9657916,2022-05-02,22:47:00
43868,3937809,2022,Southern Ave,Country Club Way,0.0,Intersection 4 Way 202,2.0,0.0,Suspected Minor Injury,Left Turn,Daylight,Clear,Dry,48.0,Male,West,Going Straight Ahead,Disregarded Traffic Signal,No Apparent Influence,No Apparent Influence,36.0,Male,South,Making Left Turn,No Improper Action,No Apparent Influence,No Apparent Influence,33.39298057,-111.9005557,2022-05-03,14:50:00
43873,3937810,2022,McKemy St,Strahan Dr,0.0,Intersection 201,0.0,0.0,No Injury,Angle - Other Than Left Turn 2,Daylight,Clear,Dry,43.0,Male,West,Going Straight Ahead,Failed To Yield Right Of Way,No Apparent Influence,No Apparent Influence,37.0,Male,South,Going Straight Ahead,No Improper Action,No Apparent Influence,No Apparent Influence,33.36075571,-111.951944,2022-05-03,21:21:00
43874,3946005,2022,Terrace Rd,Guadalupe Rd,-38.0,Intersection Related 206,0.0,0.0,No Injury,Sideswipe Same Direction,Daylight,Clear,Dry,67.0,Male,North,Making Right Turn,Unknown,No Apparent Influence,No Apparent Influence,77.0,Male,North,Stopped In Trafficway,Unknown,No Apparent Influence,No Apparent Influence,33.36366057,-111.9238967,2022-05-04,00:05:00
43878,3936431,2022,McKemy St,Warner Rd,0.0,Intersection T Inter 203,0.0,0.0,No Injury,Angle - Other Than Left Turn 2,Daylight,Clear,Dry,76.0,Male,North,Making Left Turn,Failed To Yield Right Of Way,No Apparent Influence,No Apparent Influence,19.0,Female,East,Going Straight Ahead,No Improper Action,No Apparent Influence,No Apparent Influence,33.3345862,-111.9494388,2022-05-04,16:43:00
43882,3900884,2022,SR-101 Cardinal Frontage,Baseline Rd,0.0,Intersection 4 Way 202,0.0,0.0,No Injury,Sideswipe Same Direction,Daylight,Clear,Dry,30.0,Female,Northeast,Making Right Turn,Failed To Keep In Proper Lane,No Apparent Influence,No Apparent Influence,62.0,Male,Northeast,Making Right Turn,No Improper Action,No Apparent Influence,No Apparent Influence,33.37845534,-111.8936163,2022-05-04,21:48:00
43883,3944734,2022,Southern Ave,Clementine Dr,0.0,Intersection 4 Way 202,0.0,0.0,No Injury,Left Turn,Daylight,Clear,Dry,18.0,Male,West,Making Left Turn,Speed To Fast For Conditions,No Apparent Influence,No Apparent Influence,23.0,Male,East,Stopped In Trafficway,No Improper Action,No Apparent Influence,No Apparent Influence,33.39286354,-111.9635849,2022-05-04,23:32:00
43884,3944729,2022,Scottsdale Rd,Weber Dr,0.0,Intersection 4 Way 202,2.0,0.0,Possible Injury,Left Turn,Daylight,Clear,Dry,30.0,Male,North,Making Left Turn,Failed To Yield Right Of Way,No Apparent Influence,No Apparent Influence,17.0,Female,South,Going Straight Ahead,No Improper Action,No Apparent Influence,No Apparent Influence,33.44398868,-111.926438,2022-05-04,23:49:00
43886,3945316,2022,Kyrene Rd,Guadalupe Rd,0.0,Intersection 4 Way 202,0.0,0.0,No Injury,Left Turn,Daylight,Clear,Dry,41.0,Female,East,Making Left Turn,Disregarded Traffic Signal,No Apparent Influence,No Apparent Influence,18.0,Male,North,Going Straight Ahead,No Improper Action,No Apparent Influence,No Apparent Influence,33.36365928,-111.9458941,2022-05-05,02:13:00
43894,3937806,2022,Don Carlos Ave,Bonnie Ln,100.0,Driveway Or Alley,2.0,0.0,Suspected Minor Injury,Angle - Other Than Left Turn 2,Daylight,Clear,Dry,19.0,Female,South,Making Left Turn,Failed To Yield Right Of Way,No Apparent Influence,No Apparent Influence,33.0,Male,West,Going Straight Ahead,No Improper Action,No Apparent Influence,No Apparent Influence,33.41751285,-111.9054126,2022-05-05,23:05:00
43902,3937717,2022,Rio Salado Pkwy,Packard Dr,0.0,Driveway Or Alley,1.0,0.0,Possible Injury,Angle - Other Than Left Turn 2,Daylight,Clear,Dry,51.0,Male,West,Going Straight Ahead,Disregarded Traffic Signal,No Apparent Influence,No Apparent Influence,26.0,Female,South,Going Straight Ahead,No Improper Action,No Apparent Influence,No Apparent Influence,33.42909685,-111.9312988,2022-05-06,18:40:00
43903,3937718,2022,Rio Salado Pkwy,Perry Ln,0.0,Intersection 4 Way 202,0.0,0.0,No Injury,Angle - Other Than Left Turn 2,Daylight,Clear,Dry,19.0,Male,East,Going Straight Ahead,Disregarded Traffic Signal,No Apparent Influence,No Apparent Influence,23.0,Male,South,Making Left Turn,No Improper Action,No Apparent Influence,No Apparent Influence,33.42923899,-111.904765,2022-05-06,19:14:00
43904,3937719,2022,Rio Salado Pkwy,Cubs Way,-126.0,Driveway Or Alley,2.0,0.0,Suspected Minor Injury,Angle - Other Than Left Turn 2,Daylight,Clear,Dry,33.0,Female,North,Making Left Turn,Failed To Yield Right Of Way,No Apparent Influence,No Apparent Influence,19.0,Female,East,Going Straight Ahead,No Improper Action,No Apparent Influence,No Apparent Influence,33.42932924,-111.8885438,2022-05-06,19:48:00
43907,3944738,2022,Southern Ave,McClintock Dr,0.0,Intersection 4 Way 202,1.0,0.0,Suspected Minor Injury,Left Turn,Daylight,Clear,Dry,38.0,Male,South,Making Left Turn,Unknown,No Apparent Influence,No Apparent Influence,34.0,Male,North,Going Straight Ahead,Unknown,No Apparent Influence,No Apparent Influence,33.39299222,-111.9091267,2022-05-06,22:22:00
43909,3944724,2022,Southern Ave,College Ave,0.0,Intersection 4 Way 202,0.0,0.0,No Injury,Angle - Other Than Left Turn 2,Daylight,Clear,Dry,68.0,Female,South,Making Left Turn,No Improper Action,No Apparent Influence,No Apparent Influence,55.0,Male,West,Going Straight Ahead,No Improper Action,No Apparent Influence,No Apparent Influence,33.39290712,-111.9349183,2022-05-07,00:26:00
43912,3945226,2022,Rural Rd,Vista Del Cerro Dr,0.0,Intersection T Inter 203,0.0,0.0,No Injury,Left Turn,Dark Lighted,Clear,Dry,64.0,Male,South,Making Left Turn,Failed To Yield Right Of Way,No Apparent Influence,No Apparent Influence,29.0,Male,North,Going Straight Ahead,No Improper Action,No Apparent Influence,No Apparent Influence,33.41046048,-111.9262842,2022-05-07,04:06:00
43913,3955890,2022,Broadway Rd,McClintock Dr,0.0,Intersection 4 Way 202,0.0,0.0,No Injury,Left Turn,Dark Lighted,Clear,Dry,19.0,Female,East,Making Left Turn,Disregarded Traffic Signal,No Apparent Influence,No Apparent Influence,35.0,Male,West,Going Straight Ahead,No Improper Action,No Apparent Influence,No Apparent Influence,33.4075002,-111.909125,2022-05-07,04:36:00
43914,3935863,2022,Apache Blvd,Gammage Pkwy,-103.0,Not Junction Related,2.0,0.0,Suspected Minor Injury,Sideswipe Same Direction,Dark Lighted,Clear,Dry,29.0,Female,North,Negotiating A Curve,Speed To Fast For Conditions,Alcohol,No Apparent Influence,24.0,Male,North,Negotiating A Curve,Speed To Fast For Conditions,Alcohol,No Apparent Influence,33.41726122,-111.9399455,2022-05-07,10:29:00
43915,3955940,2022,McClintock Dr,US-60 Exit 175 G-Ramp,0.0,Intersection 201,1.0,0.0,Suspected Minor Injury,Angle - Other Than Left Turn 2,Daylight,Clear,Dry,48.0,Male,East,Going Straight Ahead,Unknown,No Apparent Influence,No Apparent Influence,25.0,Male,North,Going Straight Ahead,Unknown,No Apparent Influence,No Apparent Influence,33.38515051,-111.9092084,2022-05-07,12:56:00
43917,3967005,2022,Rural Rd,Lakeshore Dr,30.0,Intersection Non Interchange,1.0,0.0,Possible Injury,Angle - Other Than Left Turn 2,Daylight,Clear,Dry,23.0,Female,South,Making Left Turn,Speed To Fast For Conditions,No Apparent Influence,No Apparent Influence,34.0,Female,North,Going Straight Ahead,No Improper Action,No Apparent Influence,No Apparent Influence,33.38236061,-111.9267943,2022-05-07,20:39:00
43921,3945268,2022,McClintock Dr,SR-202 Exit 8 J-Ramp,0.0,Intersection 201,1.0,0.0,Possible Injury,Left Turn,Dark Lighted,Clear,Dry,35.0,Male,North,Making Left Turn,Unknown,No Apparent Influence,No Apparent Influence,25.0,Male,South,Going Straight Ahead,Unknown,No Apparent Influence,No Apparent Influence,33.43662129,-111.9096218,2022-05-08,08:37:00
43924,3944369,2022,48th St,Broadway Rd,0.0,Intersection 4 Way 202,0.0,0.0,No Injury,Angle - Other Than Left Turn 2,Daylight,Clear,Dry,19.0,Male,North,Going Straight Ahead,Disregarded Traffic Signal,No Apparent Influence,No Apparent Influence,41.0,Male,East,Going Straight Ahead,No Improper Action,No Apparent Influence,No Apparent Influence,33.40732886,-111.9782876,2022-05-08,18:45:00
43927,3966622,2022,Broadway Rd,I-10 Exit 153 P-Ramp,0.0,Intersection 4 Way 202,2.0,0.0,Possible Injury,Left Turn,Daylight,Clear,Dry,27.0,Male,South,Making Left Turn,Disregarded Traffic Signal,No Apparent Influence,No Apparent Influence,58.0,Female,West,Going Straight Ahead,No Improper Action,No Apparent Influence,No Apparent Influence,33.40836157,-111.9738369,2022-05-09,01:25:00