,Incident ID,Year,Street Name,Cross Street,Distance,Junction Relation,Total Injuries,Total Fatalities,Injury Severity,Collision Manner,Light Condition,Weather,Surface Condition,Age Driver 1,Gender Driver 1,Travel Direction One,Unit Action One,Violation1_Drv1,Alcohol Use Driver 1,Drug Use Driver 1,Age Driver 2,Gender Driver 2,Travel Direction Two,Unit Action Two,Violation 1 Driver 2,Alcohol Use Driver 2,Drug Use Driver 2,Latitude,Longitude,Date,Time
43929,3936444,2022,Baseline Rd,Calle Los Cerros,0.0,Intersection 4 Way 202,0.0,0.0,No Injury,Angle - Other Than Left Turn 2,Daylight,Clear,Dry,42.0,Female,South,Slowing In Trafficway,Disregarded Traffic Signal,No Apparent Influence,No Apparent Influence,35.0,Female,West,Going Straight Ahead,No Improper Action,No Apparent Influence,No Apparent Influence,33.37821111,-111.9740884,2022-05-09,13:16:00
43932,3936449,2022,McClintock Dr,Watson Dr,0.0,Intersection 4 Way 202,2.0,0.0,Suspected Minor Injury,Left Turn,Daylight,Clear,Dry,29.0,Female,Northwest,Making Left Turn,Failed To Yield Right Of Way,No Apparent Influence,No Apparent Influence,37.0,Male,South,Going Straight Ahead,No Improper Action,No Apparent Influence,No Apparent Influence,33.36941076,-111.9112888,2022-05-09,15:03:00
43933,3936443,2022,Priest Dr,SR-202 Cardinal Frontage,0.0,Intersection 4 Way 202,2.0,0.0,Possible Injury,Left Turn,Daylight,Clear,Dry,42.0,Female,North,Going Straight Ahead,Disregarded Traffic Signal,No Apparent Influence,No Apparent Influence,57.0,Male,South,Making Left Turn,No Improper Action,No Apparent Influence,No Apparent Influence,33.43714969,-111.9609412,2022-05-09,16:38:00
43938,3955932,2022,University Dr,52nd St,-30.0,Driveway Or Alley,0.0,0.0,No Injury,Angle - Other Than Left Turn 2,Dusk,Clear,Dry,45.0,Female,North,Making Left Turn,Failed To Yield Right Of Way,No Apparent Influence,No Apparent Influence,37.0,Male,West,Making Left Turn,No Improper Action,No Apparent Influence,No Apparent Influence,33.42194258,-111.9696668,2022-05-10,01:35:00
43939,3944733,2022,Southern Ave,Fairfield Dr,13.0,Intersection Related 206,2.0,0.0,Suspected Serious Injury,Angle - Other Than Left Turn 2,Daylight,Clear,Dry,49.0,Male,South,Making Left Turn,Failed To Yield Right Of Way,No Apparent Influence,No Apparent Influence,20.0,Male,West,Going Straight Ahead,No Improper Action,No Apparent Influence,No Apparent Influence,33.39298349,-111.8988316,2022-05-10,01:42:00
43941,3944731,2022,Price Rd,Apache Blvd,-76.0,Intersection Related 206,2.0,0.0,Possible Injury,Rear End,Dark Lighted,Clear,Dry,65.0,Male,North,Going Straight Ahead,Speed To Fast For Conditions,No Apparent Influence,No Apparent Influence,68.0,Male,North,Slowing In Trafficway,No Improper Action,No Apparent Influence,No Apparent Influence,33.41458364,-111.8907378,2022-05-10,02:52:00
43945,3944750,2022,Broadway Rd,Kachina Dr,-40.0,Intersection Related 206,1.0,0.0,Suspected Minor Injury,Rear End,Daylight,Clear,Dry,32.0,Male,West,Going Straight Ahead,Followed Too Closely,No Apparent Influence,No Apparent Influence,24.0,Female,West,Stopped In Trafficway,No Improper Action,No Apparent Influence,No Apparent Influence,33.40749623,-111.9068452,2022-05-10,14:21:00
43947,3944373,2022,University Dr,Smith Rd,0.0,Intersection 4 Way 202,0.0,0.0,No Injury,Left Turn,Daylight,Clear,Dry,49.0,Female,East,Making Left Turn,Failed To Yield Right Of Way,No Apparent Influence,No Apparent Influence,25.0,Female,West,Going Straight Ahead,No Improper Action,No Apparent Influence,No Apparent Influence,33.42210728,-111.9004976,2022-05-10,14:57:00
43948,3944755,2022,Baseline Rd,S Roosevelt St,140.0,Driveway Or Alley,2.0,0.0,Suspected Minor Injury,Left Turn,Daylight,Clear,Dry,25.0,Male,North,Making Left Turn,Failed To Yield Right Of Way,No Apparent Influence,No Apparent Influence,45.0,Male,East,Going Straight Ahead,No Improper Action,No Apparent Influence,No Apparent Influence,33.37819808,-111.9472168,2022-05-10,16:47:00
43949,3945238,2022,Priest Dr,Rio Salado Pkwy,-175.0,Intersection Related 206,0.0,0.0,No Injury,Rear End,Daylight,Clear,Dry,19.0,Male,North,Going Straight Ahead,Followed Too Closely,No Apparent Influence,No Apparent Influence,52.0,Female,North,Stopped In Trafficway,No Improper Action,No Apparent Influence,No Apparent Influence,33.42907975,-111.9609519,2022-05-10,17:23:00
43950,3944384,2022,Mill Ave,3rd St,83.0,Intersection Related 206,1.0,0.0,Suspected Minor Injury,Rear End,Daylight,Clear,Dry,30.0,Male,North,Going Straight Ahead,Speed To Fast For Conditions,No Apparent Influence,No Apparent Influence,61.0,Female,North,Stopped In Trafficway,No Improper Action,No Apparent Influence,No Apparent Influence,33.42762026,-111.9400321,2022-05-10,18:05:00
43954,3945241,2022,Rural Rd,University Dr,-15.0,Intersection Related 206,1.0,0.0,Suspected Minor Injury,Rear End,Daylight,Clear,Dry,22.0,Male,North,Going Straight Ahead,Followed Too Closely,No Apparent Influence,No Apparent Influence,20.0,Male,North,Stopped In Trafficway,No Improper Action,No Apparent Influence,No Apparent Influence,33.42198797,-111.9263123,2022-05-10,21:15:00
43955,3937807,2022,Warner Rd,Kyrene Rd,-91.0,Intersection Related 206,0.0,0.0,No Injury,Sideswipe Same Direction,Daylight,Clear,Dry,39.0,Male,East,Going Straight Ahead,Unsafe Lane Change,No Apparent Influence,No Apparent Influence,31.0,Female,East,Stopped In Trafficway,No Improper Action,No Apparent Influence,No Apparent Influence,33.33459924,-111.9459551,2022-05-10,21:32:00
43956,3945315,2022,Baseline Rd,Darrow Dr,200.0,Intersection Related 206,0.0,0.0,No Injury,Angle - Other Than Left Turn 2,Daylight,Clear,Dry,31.0,Male,West,Changing Lanes,Unsafe Lane Change,No Apparent Influence,No Apparent Influence,51.0,Female,West,Going Straight Ahead,Followed Too Closely,No Apparent Influence,No Apparent Influence,33.37824273,-111.9604748,2022-05-10,21:57:00
43957,3937723,2022,Kyrene Rd,Guadalupe Rd,0.0,Intersection 4 Way 202,0.0,0.0,No Injury,Angle - Other Than Left Turn 2,Daylight,Clear,Dry,50.0,Female,Northwest,Making Left Turn,Failed To Yield Right Of Way,No Apparent Influence,No Apparent Influence,26.0,Female,South,Going Straight Ahead,No Improper Action,No Apparent Influence,No Apparent Influence,33.36365928,-111.9458941,2022-05-10,22:10:00
43958,3944754,2022,Broadway Rd,Terrace Rd,100.0,Intersection Related 206,1.0,0.0,Possible Injury,Rear End,Daylight,Clear,Dry,31.0,Male,West,Going Straight Ahead,Followed Too Closely,No Apparent Influence,No Apparent Influence,40.0,Male,West,Stopped In Trafficway,No Improper Action,No Apparent Influence,No Apparent Influence,33.40751308,-111.9222872,2022-05-10,22:21:00
43959,3944758,2022,Guadalupe Rd,Juniper St,-182.0,Intersection Related 206,0.0,0.0,No Injury,Angle - Other Than Left Turn 2,Daylight,Clear,Dry,38.0,Male,East,Making U Turn,Made Improper Turn,No Apparent Influence,No Apparent Influence,71.0,Male,East,Going Straight Ahead,No Improper Action,No Apparent Influence,No Apparent Influence,33.36376594,-111.9155847,2022-05-10,22:44:00
43960,3944753,2022,Rural Rd,Guadalupe Rd,0.0,Intersection 4 Way 202,1.0,0.0,Suspected Minor Injury,Left Turn,Daylight,Clear,Dry,32.0,Male,South,Going Straight Ahead,Disregarded Traffic Signal,No Apparent Influence,No Apparent Influence,57.0,Male,North,Making Left Turn,No Improper Action,No Apparent Influence,No Apparent Influence,33.36375267,-111.928605,2022-05-10,23:14:00
43961,3937716,2022,Warner Rd,Myrtle Ave,0.0,Not Junction Related,0.0,0.0,No Injury,Angle - Other Than Left Turn 2,Daylight,Clear,Dry,87.0,Male,South,Making Right Turn,Failed To Yield Right Of Way,No Apparent Influence,No Apparent Influence,58.0,Female,East,Going Straight Ahead,No Improper Action,No Apparent Influence,No Apparent Influence,33.3346514,-111.9358638,2022-05-10,23:18:00
43965,3955855,2022,Broadway Rd,Los Feliz Dr,0.0,Intersection 4 Way 202,0.0,0.0,No Injury,Unknown,Daylight,Clear,Dry,19.0,Male,South,Making Left Turn,Failed To Yield Right Of Way,No Apparent Influence,No Apparent Influence,42.0,Male,West,Going Straight Ahead,No Improper Action,No Apparent Influence,No Apparent Influence,33.40749396,-111.9042001,2022-05-10,23:29:00
43968,3946403,2022,Rural Rd,Terrace Rd,60.0,Intersection Related 206,0.0,0.0,No Injury,Rear End,Daylight,Clear,Dry,20.0,Male,South,Going Straight Ahead,Speed To Fast For Conditions,No Apparent Influence,No Apparent Influence,22.0,Female,South,Stopped In Trafficway,No Improper Action,No Apparent Influence,No Apparent Influence,33.42044028,-111.9263017,2022-05-11,01:38:00
43972,3903184,2022,I-10 Exit 155 C2-Ramp,Unknown,0.0,Intersection Related 206,1.0,0.0,Possible Injury,Rear End,Dawn,Cloudy,Dry,30.0,Female,West,Going Straight Ahead,Speed To Fast For Conditions,Alcohol,No Apparent Influence,58.0,Male,West,Stopped In Trafficway,No Improper Action,No Apparent Influence,No Apparent Influence,33.37789531,-111.9673776,2022-05-11,11:37:00
43973,3944371,2022,I-10 Cardinal Frontage,48th St,0.0,Intersection 4 Way 202,1.0,0.0,Possible Injury,Angle - Other Than Left Turn 2,Daylight,Clear,Dry,18.0,Male,North,Going Straight Ahead,Unknown,No Apparent Influence,No Apparent Influence,62.0,Male,East,Going Straight Ahead,Unknown,No Apparent Influence,No Apparent Influence,33.40932389,-111.9782234,2022-05-11,12:32:00
43976,3945267,2022,Baseline Rd,Calle Los Cerros,120.0,Not Junction Related,0.0,0.0,No Injury,Sideswipe Same Direction,Daylight,Clear,Dry,17.0,Female,East,Changing Lanes,Unsafe Lane Change,No Apparent Influence,No Apparent Influence,19.0,Female,East,Going Straight Ahead,No Improper Action,No Apparent Influence,No Apparent Influence,33.37821171,-111.9736953,2022-05-11,14:09:00
43977,3946502,2022,Rural Rd,Minton Dr,-204.0,Not Junction Related,0.0,0.0,No Injury,Sideswipe Same Direction,Daylight,Clear,Dry,26.0,Male,South,Going Straight Ahead,Speed To Fast For Conditions,No Apparent Influence,No Apparent Influence,62.0,Male,South,Going Straight Ahead,No Improper Action,No Apparent Influence,No Apparent Influence,33.37935291,-111.928607,2022-05-11,14:14:00
43978,3944374,2022,Elliot Rd,River Pkwy,0.0,Intersection 4 Way 202,0.0,0.0,No Injury,Left Turn,Daylight,Clear,Dry,24.0,Male,West,Making Left Turn,Failed To Yield Right Of Way,No Apparent Influence,No Apparent Influence,56.0,Female,East,Going Straight Ahead,No Improper Action,No Apparent Influence,No Apparent Influence,33.34927691,-111.897908,2022-05-11,15:33:00
43980,3944736,2022,Broadway Rd,McClintock Dr,0.0,Intersection 4 Way 202,0.0,0.0,No Injury,Left Turn,Daylight,Clear,Dry,39.0,Male,East,Making Left Turn,Disregarded Traffic Signal,No Apparent Influence,No Apparent Influence,20.0,Male,West,Going Straight Ahead,No Improper Action,No Apparent Influence,No Apparent Influence,33.4075002,-111.909125,2022-05-11,17:06:00
43981,3945294,2022,Elliot Rd,Kyrene Rd,0.0,Intersection Related 206,0.0,0.0,No Injury,Angle - Other Than Left Turn 2,Daylight,Clear,Dry,18.0,Female,South,Making Right Turn,Failed To Yield Right Of Way,No Apparent Influence,No Apparent Influence,40.0,Female,West,Going Straight Ahead,No Improper Action,No Apparent Influence,No Apparent Influence,33.34919917,-111.9457347,2022-05-11,18:39:00
43983,3902962,2022,I-10 Exit 157 A-Ramp,Unknown,0.0,Not Junction Related,0.0,0.0,No Injury,Sideswipe Same Direction,Daylight,Clear,Dry,53.0,Male,East,Making Right Turn,Made Improper Turn,No Apparent Influence,No Apparent Influence,57.0,Male,East,Making Left Turn,No Improper Action,No Apparent Influence,No Apparent Influence,33.34932745,-111.9727493,2022-05-11,20:54:00
43984,3945296,2022,Baseline Rd,I-10 Exit 155 A1-Ramp,0.0,Intersection 4 Way 202,0.0,0.0,No Injury,Left Turn,Daylight,Clear,Dry,35.0,Male,West,Going Straight Ahead,Disregarded Traffic Signal,No Apparent Influence,No Apparent Influence,24.0,Male,South,Making Left Turn,No Improper Action,No Apparent Influence,No Apparent Influence,33.37827019,-111.9686324,2022-05-11,21:13:00
43988,3944377,2022,Knox Rd,Kyrene Rd,0.0,Intersection T Inter 203,1.0,0.0,Possible Injury,Angle - Other Than Left Turn 2,Daylight,Clear,Dry,40.0,Female,East,Making Left Turn,Failed To Yield Right Of Way,No Apparent Influence,No Apparent Influence,26.0,Female,South,Going Straight Ahead,No Improper Action,No Apparent Influence,No Apparent Influence,33.32833325,-111.9456427,2022-05-11,22:51:00
43990,3955871,2022,Broadway Rd,Jentilly Ln,0.0,Intersection T Inter 203,2.0,0.0,Suspected Minor Injury,Left Turn,Dusk,Clear,Dry,24.0,Female,East,Making Left Turn,Failed To Yield Right Of Way,No Apparent Influence,No Apparent Influence,23.0,Male,West,Going Straight Ahead,No Improper Action,No Apparent Influence,No Apparent Influence,33.40750419,-111.9237205,2022-05-12,00:06:00
43991,3937808,2022,Priest Dr,3rd St,0.0,Intersection 4 Way 202,0.0,0.0,No Injury,Left Turn,Daylight,Clear,Dry,21.0,Female,South,Making Left Turn,Failed To Yield Right Of Way,No Apparent Influence,No Apparent Influence,54.0,Female,North,Going Straight Ahead,No Improper Action,No Apparent Influence,No Apparent Influence,33.42730408,-111.9609642,2022-05-12,00:10:00
43992,3954309,2022,University Dr,Dorsey Ln,0.0,Intersection 4 Way 202,0.0,0.0,No Injury,Left Turn,Dark Lighted,Clear,Dry,23.0,Male,East,Making Left Turn,Other,No Apparent Influence,No Apparent Influence,22.0,Male,South,Going Straight Ahead,No Improper Action,No Apparent Influence,No Apparent Influence,33.42201868,-111.9176894,2022-05-12,05:09:00
43993,3944372,2022,Broadway Rd,Priest Dr,-218.0,Driveway Or Alley,1.0,0.0,Possible Injury,Angle - Other Than Left Turn 2,Daylight,Clear,Dry,21.0,Male,South,Going Straight Ahead,Failed To Yield Right Of Way,No Apparent Influence,No Apparent Influence,23.0,Male,West,Going Straight Ahead,No Improper Action,No Apparent Influence,No Apparent Influence,33.4074224,-111.9614947,2022-05-12,13:23:00
43996,3944756,2022,Rio Salado Pkwy,Priest Dr,78.0,Intersection Related 206,0.0,0.0,No Injury,Sideswipe Same Direction,Daylight,Clear,Dry,16.0,Male,West,Making Right Turn,Failed To Keep In Proper Lane,No Apparent Influence,No Apparent Influence,54.0,Male,West,Stopped In Trafficway,No Improper Action,No Apparent Influence,No Apparent Influence,33.42964383,-111.9607318,2022-05-12,19:22:00
43999,3946402,2022,Elliot Rd,McClintock Dr,0.0,Intersection 4 Way 202,0.0,0.0,No Injury,Left Turn,Dark Lighted,Clear,Dry,75.0,Male,West,Making Left Turn,Made Improper Turn,No Apparent Influence,No Apparent Influence,41.0,Female,East,Going Straight Ahead,No Improper Action,No Apparent Influence,No Apparent Influence,33.34912979,-111.9111874,2022-05-13,03:37:00
44000,3955927,2022,Elliot Rd,Kyrene Rd,0.0,Intersection 201,0.0,0.0,No Injury,Left Turn,Dark Lighted,Clear,Dry,27.0,Male,West,Making Left Turn,Made Improper Turn,No Apparent Influence,No Apparent Influence,29.0,Male,South,Going Straight Ahead,No Improper Action,No Apparent Influence,No Apparent Influence,33.34919917,-111.9457347,2022-05-13,04:46:00
44001,3955893,2022,Broadway Rd,48th St,59.0,Not Junction Related,0.0,0.0,No Injury,Rear End,Daylight,Clear,Dry,59.0,Male,East,Making Left Turn,Other,No Apparent Influence,No Apparent Influence,64.0,Male,East,Going Straight Ahead,Speed To Fast For Conditions,No Apparent Influence,No Apparent Influence,33.40732504,-111.9780943,2022-05-13,13:13:00
44003,3945970,2022,Guadalupe Rd,SR-101 Cardinal Frontage,-132.0,Intersection Related 206,1.0,0.0,Possible Injury,Angle - Other Than Left Turn 2,Daylight,Clear,Dry,42.0,Male,South,Going Straight Ahead,Speed To Fast For Conditions,No Apparent Influence,Drugs,28.0,Male,East,Stopped In Trafficway,No Improper Action,No Apparent Influence,No Apparent Influence,33.36387766,-111.8950983,2022-05-13,13:56:00
44008,3944748,2022,Elliot Rd,Harl Ave,0.0,Intersection 201,0.0,0.0,No Injury,Left Turn,Daylight,Clear,Dry,55.0,Female,West,Going Straight Ahead,Disregarded Traffic Signal,No Apparent Influence,No Apparent Influence,19.0,Male,East,Making Left Turn,No Improper Action,No Apparent Influence,No Apparent Influence,33.34908149,-111.9659281,2022-05-13,20:03:00
44012,3945276,2022,SR-101 Cardinal Frontage,Elliot Rd,0.0,Driveway Or Alley,0.0,0.0,No Injury,Angle - Other Than Left Turn 2,Daylight,Clear,Dry,46.0,Female,East,Going Straight Ahead,Failed To Yield Right Of Way,No Apparent Influence,No Apparent Influence,21.0,Male,South,Going Straight Ahead,No Improper Action,No Apparent Influence,No Apparent Influence,33.35628413,-111.8949092,2022-05-13,23:51:00
44013,3946792,2022,Broadway Rd,Price Rd,-34.0,Not Junction Related,0.0,0.0,No Injury,Rear End,Daylight,Clear,Dry,44.0,Male,West,Stopped In Trafficway,No Improper Action,No Apparent Influence,No Apparent Influence,31.0,Female,West,Stopped In Trafficway,No Improper Action,No Apparent Influence,No Apparent Influence,33.40747494,-111.8904457,2022-05-14,00:36:00
44017,3955943,2022,Scottsdale Rd,SR-202 Exit 7 T-Ramp,0.0,Entrance Exit Ramp 205,0.0,0.0,No Injury,Angle - Other Than Left Turn 2,Dark Lighted,Clear,Dry,18.0,Male,Northwest,Making Right Turn,Failed To Yield Right Of Way,No Apparent Influence,Drugs,33.0,Male,North,Going Straight Ahead,No Improper Action,No Apparent Influence,No Apparent Influence,33.43544412,-111.9262573,2022-05-14,07:23:00
44021,3905725,2022,SR-202 Exit 7 T-Ramp,Unknown,0.0,Entrance Exit Ramp 205,0.0,0.0,No Injury,Rear End,Daylight,Clear,Dry,30.0,Male,East,Slowing In Trafficway,Speed To Fast For Conditions,No Apparent Influence,No Apparent Influence,19.0,Female,East,Making Right Turn,No Improper Action,No Apparent Influence,No Apparent Influence,33.43559989,-111.9264359,2022-05-14,16:30:00
44022,3954372,2022,Elliot Rd,Rural Rd,0.0,Railway Grade Crossing,1.0,0.0,Suspected Serious Injury,Left Turn,Daylight,Clear,Dry,59.0,Female,West,Making Left Turn,Failed To Yield Right Of Way,No Apparent Influence,No Apparent Influence,43.0,Male,East,Going Straight Ahead,No Improper Action,No Apparent Influence,No Apparent Influence,33.34919067,-111.928477,2022-05-14,19:27:00
44026,3954348,2022,Price Rd,Rio Salado Pkwy,0.0,Intersection 4 Way 202,2.0,0.0,Suspected Minor Injury,Left Turn,Daylight,Clear,Dry,19.0,Female,West,Making Left Turn,Failed To Yield Right Of Way,No Apparent Influence,No Apparent Influence,23.0,Female,East,Going Straight Ahead,No Improper Action,No Apparent Influence,No Apparent Influence,33.42937578,-111.8918252,2022-05-15,19:17:00
44034,3945229,2022,McClintock Dr,Baseline Rd,-60.0,Not Junction Related,0.0,0.0,No Injury,Sideswipe Same Direction,Daylight,Clear,Dry,62.0,Female,South,Stopped In Trafficway,Failed To Keep In Proper Lane,No Apparent Influence,No Apparent Influence,79.0,Female,South,Going Straight Ahead,No Improper Action,No Apparent Influence,No Apparent Influence,33.37825942,-111.9092624,2022-05-17,00:05:00
44035,3954325,2022,Baseline Rd,Calle Los Cerros,-15.0,Not Junction Related,1.0,0.0,Suspected Minor Injury,Rear End,Daylight,Clear,Dry,17.0,Female,East,Going Straight Ahead,Followed Too Closely,No Apparent Influence,No Apparent Influence,52.0,Female,East,Going Straight Ahead,No Improper Action,No Apparent Influence,No Apparent Influence,33.3782108,-111.9741375,2022-05-17,00:10:00
44036,3999376,2022,University Dr,52nd St,-108.0,Intersection Related 206,2.0,0.0,Suspected Minor Injury,Rear End,Dark Lighted,Clear,Dry,29.0,Male,East,Going Straight Ahead,Speed To Fast For Conditions,No Apparent Influence,Drugs,23.0,Male,East,Slowing In Trafficway,No Improper Action,No Apparent Influence,No Apparent Influence,33.42194128,-111.9699224,2022-05-17,11:36:00
44037,3955879,2022,McClintock Dr,Hermosa Dr,154.0,Not Junction Related,0.0,0.0,No Injury,Sideswipe Same Direction,Daylight,Clear,Dry,30.0,Male,North,Changing Lanes,Unsafe Lane Change,No Apparent Influence,No Apparent Influence,23.0,Male,North,Going Straight Ahead,No Improper Action,No Apparent Influence,No Apparent Influence,33.38810199,-111.9091792,2022-05-17,13:38:00
44038,3954342,2022,Rural Rd,Baseline Rd,0.0,Intersection 4 Way 202,0.0,0.0,No Injury,Angle - Other Than Left Turn 2,Daylight,Clear,Dry,38.0,Female,West,Going Straight Ahead,Disregarded Traffic Signal,No Apparent Influence,No Apparent Influence,53.0,Male,South,Going Straight Ahead,No Improper Action,No Apparent Influence,No Apparent Influence,33.37824921,-111.9286868,2022-05-17,14:44:00
44039,3954340,2022,48th St,Hidalgo Ave,60.0,Not Junction Related,1.0,0.0,Possible Injury,Sideswipe Same Direction,Daylight,Clear,Dry,40.0,Male,North,Changing Lanes,Unsafe Lane Change,No Apparent Influence,No Apparent Influence,53.0,Male,North,Going Straight Ahead,No Improper Action,No Apparent Influence,No Apparent Influence,33.39415975,-111.978339,2022-05-17,16:18:00
44040,3904634,2022,Gilbert Dr,Scottsdale Rd,100.0,Not Junction Related,0.0,0.0,No Injury,Sideswipe Same Direction,Daylight,Clear,Dry,48.0,Male,East,Making Left Turn,No Improper Action,No Apparent Influence,No Apparent Influence,35.0,Male,East,Making Left Turn,No Improper Action,No Apparent Influence,No Apparent Influence,33.43756164,-111.926287,2022-05-17,16:40:00
44041,3955878,2022,Warner Rd,Kyrene Rd,-60.0,Not Junction Related,0.0,0.0,No Injury,Sideswipe Same Direction,Daylight,Clear,Dry,70.0,Female,East,Making Right Turn,Unsafe Lane Change,No Apparent Influence,No Apparent Influence,45.0,Female,East,Stopped In Trafficway,No Improper Action,No Apparent Influence,No Apparent Influence,33.33459962,-111.9458536,2022-05-17,17:54:00
44044,3946421,2022,Apache Blvd,Terrace Rd,-38.0,Intersection Related 206,0.0,0.0,No Injury,Sideswipe Opposite Direction,Daylight,Clear,Dry,22.0,Male,South,Making Right Turn,Made Improper Turn,No Apparent Influence,No Apparent Influence,44.0,Male,West,Stopped In Trafficway,No Improper Action,No Apparent Influence,No Apparent Influence,33.41476398,-111.9205558,2022-05-17,19:07:00
44048,3946505,2022,Southern Ave,48th St,0.0,Not Junction Related,1.0,0.0,Possible Injury,Angle - Other Than Left Turn 2,Daylight,Clear,Dry,18.0,Female,South,Making Left Turn,Failed To Yield Right Of Way,No Apparent Influence,No Apparent Influence,67.0,Female,East,Going Straight Ahead,No Improper Action,No Apparent Influence,No Apparent Influence,33.39277665,-111.9766092,2022-05-17,23:23:00
44051,3954282,2022,McClintock Dr,US-60 Exit 175 A-Ramp,150.0,Not Junction Related,1.0,0.0,Possible Injury,Rear End,Dark Lighted,Clear,Dry,37.0,Male,South,Changing Lanes,Failed To Keep In Proper Lane,No Apparent Influence,No Apparent Influence,44.0,Female,South,Going Straight Ahead,No Improper Action,No Apparent Influence,No Apparent Influence,33.3855624,-111.9092034,2022-05-18,04:40:00
44052,3946411,2022,Rural Rd,Baseline Rd,0.0,Intersection Related 206,0.0,0.0,No Injury,Rear End,Dark Lighted,Clear,Dry,35.0,Male,West,Going Straight Ahead,Followed Too Closely,No Apparent Influence,No Apparent Influence,20.0,Male,West,Making Right Turn,No Improper Action,No Apparent Influence,No Apparent Influence,33.37824921,-111.9286868,2022-05-18,05:14:00
44053,3955894,2022,Rio Salado Pkwy,Rockford Dr,205.0,Not Junction Related,0.0,0.0,No Injury,Sideswipe Same Direction,Daylight,Clear,Dry,39.0,Male,West,Changing Lanes,Speed To Fast For Conditions,No Apparent Influence,No Apparent Influence,51.0,Male,West,Changing Lanes,Speed To Fast For Conditions,No Apparent Influence,No Apparent Influence,33.42935779,-111.8963682,2022-05-18,13:30:00
44054,3945246,2022,Southern Ave,Country Club Way,0.0,Intersection 4 Way 202,2.0,0.0,Suspected Minor Injury,Left Turn,Daylight,Clear,Dry,43.0,Male,South,Going Straight Ahead,Failed To Yield Right Of Way,No Apparent Influence,No Apparent Influence,40.0,Male,South,Going Straight Ahead,No Improper Action,No Apparent Influence,No Apparent Influence,33.39298057,-111.9005557,2022-05-18,16:57:00
44057,3946504,2022,I-10 Exit 157 J-Ramp,Unknown,0.0,Intersection Related 206,0.0,0.0,No Injury,Sideswipe Same Direction,Daylight,Clear,Dry,53.0,Female,Northeast,Making Left Turn,Made Improper Turn,No Apparent Influence,No Apparent Influence,56.0,Male,Northeast,Making Left Turn,Speed To Fast For Conditions,No Apparent Influence,No Apparent Influence,33.34910311,-111.970939,2022-05-18,18:05:00
44058,3955896,2022,Baseline Rd,Wendler Dr,0.0,Intersection T Inter 203,0.0,0.0,No Injury,Left Turn,Daylight,Clear,Dry,62.0,Male,East,Making Left Turn,Failed To Yield Right Of Way,No Apparent Influence,No Apparent Influence,37.0,Male,West,Going Straight Ahead,No Improper Action,No Apparent Influence,No Apparent Influence,33.37825837,-111.9697859,2022-05-18,19:10:00
44059,3946420,2022,Warner Rd,McClintock Dr,-120.0,Intersection Related 206,0.0,0.0,No Injury,Rear End,Daylight,Clear,Dry,82.0,Male,East,Going Straight Ahead,Speed To Fast For Conditions,No Apparent Influence,No Apparent Influence,62.0,Male,East,Stopped In Trafficway,No Improper Action,No Apparent Influence,No Apparent Influence,33.33462332,-111.911569,2022-05-18,20:27:00
44060,3946415,2022,Warner Rd,Kyrene Rd,0.0,Intersection 4 Way 202,0.0,0.0,No Injury,Angle - Other Than Left Turn 2,Daylight,Clear,Dry,18.0,Male,East,Going Straight Ahead,Disregarded Traffic Signal,No Apparent Influence,No Apparent Influence,54.0,Female,North,Going Straight Ahead,No Improper Action,No Apparent Influence,No Apparent Influence,33.33460174,-111.9456572,2022-05-18,22:24:00
44062,3954350,2022,SR-101 Cardinal Frontage,Kirkland Ln,5.0,Driveway Or Alley,0.0,0.0,No Injury,Rear End,Dark Lighted,Clear,Dry,46.0,Female,South,Going Straight Ahead,Speed To Fast For Conditions,No Apparent Influence,No Apparent Influence,39.0,Male,South,Making Right Turn,No Improper Action,No Apparent Influence,No Apparent Influence,33.41966054,-111.8919681,2022-05-19,03:47:00
44065,3954316,2022,Rio Salado Pkwy,Smith Rd,-15.0,Intersection Related 206,0.0,0.0,No Injury,Rear End,Daylight,Clear,Dry,31.0,Male,East,Going Straight Ahead,Speed To Fast For Conditions,No Apparent Influence,No Apparent Influence,33.0,Male,East,Slowing In Trafficway,No Improper Action,No Apparent Influence,No Apparent Influence,33.42928313,-111.9005055,2022-05-19,12:46:00
44066,3955849,2022,Broadway Rd,55th St,15.0,Not Junction Related,0.0,0.0,No Injury,Other,Daylight,Clear,Unknown,15.0,Male,West,Going Straight Ahead,No Improper Action,No Apparent Influence,No Apparent Influence,37.0,Female,East,Going Straight Ahead,No Improper Action,No Apparent Influence,No Apparent Influence,33.40756716,-111.9657756,2022-05-19,15:09:00
44067,3954289,2022,Baseline Rd,Price Rd,45.0,Intersection Related 206,0.0,0.0,No Injury,Rear End,Daylight,Clear,Dry,45.0,Female,West,Going Straight Ahead,Followed Too Closely,No Apparent Influence,No Apparent Influence,36.0,Male,West,Stopped In Trafficway,No Improper Action,No Apparent Influence,No Apparent Influence,33.37845545,-111.8934689,2022-05-19,15:26:00
44072,3946400,2022,Rural Rd,Southern Ave,150.0,Not Junction Related,0.0,0.0,No Injury,Sideswipe Same Direction,Daylight,Clear,Dry,36.0,Male,South,Changing Lanes,Unsafe Lane Change,No Apparent Influence,No Apparent Influence,58.0,Male,South,Going Straight Ahead,No Improper Action,No Apparent Influence,No Apparent Influence,33.39337314,-111.9263262,2022-05-20,01:11:00
44074,3955930,2022,Broadway Rd,I-10 Exit 153 G-Ramp,0.0,Intersection Related 206,0.0,0.0,No Injury,Head On,Dark Lighted,Clear,Dry,45.0,Female,East,Going Straight Ahead,Failed To Yield Right Of Way,No Apparent Influence,No Apparent Influence,60.0,Male,West,Making Left Turn,No Improper Action,No Apparent Influence,No Apparent Influence,33.40845125,-111.9735973,2022-05-20,11:00:00