,Incident ID,Year,Street Name,Cross Street,Distance,Junction Relation,Total Injuries,Total Fatalities,Injury Severity,Collision Manner,Light Condition,Weather,Surface Condition,Age Driver 1,Gender Driver 1,Travel Direction One,Unit Action One,Violation1_Drv1,Alcohol Use Driver 1,Drug Use Driver 1,Age Driver 2,Gender Driver 2,Travel Direction Two,Unit Action Two,Violation 1 Driver 2,Alcohol Use Driver 2,Drug Use Driver 2,Latitude,Longitude,Date,Time
44076,3945977,2022,Guadalupe Rd,Country Club Way,-151.0,Intersection Related 206,0.0,0.0,No Injury,Rear End,Daylight,Clear,Dry,35.0,Female,East,Going Straight Ahead,Speed To Fast For Conditions,Alcohol,No Apparent Influence,72.0,Male,East,Slowing In Trafficway,No Improper Action,No Apparent Influence,No Apparent Influence,33.36380093,-111.9031052,2022-05-20,13:42:00
44077,3961707,2022,Warner Rd,Rural Rd,50.0,Not Junction Related,0.0,0.0,No Injury,Rear End,Daylight,Clear,Dry,57.0,Female,West,Going Straight Ahead,Speed To Fast For Conditions,No Apparent Influence,No Apparent Influence,24.0,Female,West,Slowing In Trafficway,No Improper Action,No Apparent Influence,No Apparent Influence,33.33465608,-111.9282512,2022-05-20,15:08:00
44079,3954339,2022,Hardy Dr,University Dr,0.0,Intersection 4 Way 202,0.0,0.0,No Injury,Angle - Other Than Left Turn 2,Daylight,Clear,Dry,27.0,Male,North,Going Straight Ahead,Unknown,No Apparent Influence,No Apparent Influence,30.0,Male,East,Going Straight Ahead,Unknown,No Apparent Influence,No Apparent Influence,33.42191007,-111.9522234,2022-05-20,20:05:00
44081,3954338,2022,Broadway Rd,Holbrook Ln,0.0,Driveway Or Alley,0.0,0.0,No Injury,Left Turn,Daylight,Clear,Dry,19.0,Female,West,Making Left Turn,Failed To Yield Right Of Way,No Apparent Influence,No Apparent Influence,31.0,Male,East,Going Straight Ahead,No Improper Action,No Apparent Influence,No Apparent Influence,33.40749841,-111.9025216,2022-05-20,23:17:00
44082,3955926,2022,Rural Rd,Southern Ave,136.0,Not Junction Related,0.0,0.0,No Injury,Angle - Other Than Left Turn 2,Daylight,Clear,Dry,18.0,Male,East,Other,Failed To Yield Right Of Way,No Apparent Influence,No Apparent Influence,44.0,Male,South,Going Straight Ahead,No Improper Action,No Apparent Influence,No Apparent Influence,33.39333467,-111.9263262,2022-05-20,23:47:00
44083,3954346,2022,Warner Rd,Rural Rd,0.0,Intersection 4 Way 202,0.0,0.0,No Injury,Left Turn,Dusk,Clear,Dry,50.0,Female,North,Making Left Turn,Failed To Yield Right Of Way,No Apparent Influence,No Apparent Influence,22.0,Male,West,Going Straight Ahead,No Improper Action,No Apparent Influence,No Apparent Influence,33.33465525,-111.9284147,2022-05-21,02:06:00
44085,3954345,2022,Mill Ave,Baseline Rd,0.0,Intersection 4 Way 202,0.0,0.0,No Injury,Angle - Other Than Left Turn 2,Dark Lighted,Clear,Dry,34.0,Male,West,Going Straight Ahead,Disregarded Traffic Signal,No Apparent Influence,No Apparent Influence,26.0,Male,North,Going Straight Ahead,No Improper Action,No Apparent Influence,No Apparent Influence,33.37821114,-111.9393656,2022-05-21,04:59:00
44087,3954383,2022,Mill Ave,Southern Ave,187.0,Not Junction Related,0.0,0.0,No Injury,Angle - Other Than Left Turn 2,Daylight,Clear,Dry,28.0,Female,East,Making Right Turn,Other,No Apparent Influence,No Apparent Influence,29.0,Male,South,Going Straight Ahead,No Improper Action,No Apparent Influence,No Apparent Influence,33.39337657,-111.9396134,2022-05-21,19:33:00
44089,3946014,2022,McClintock Dr,Apache Blvd,0.0,Intersection 4 Way 202,0.0,0.0,No Injury,Rear End,Daylight,Clear,Dry,38.0,Male,North,Going Straight Ahead,Speed To Fast For Conditions,No Apparent Influence,No Apparent Influence,27.0,Male,North,Stopped In Trafficway,No Improper Action,No Apparent Influence,No Apparent Influence,33.41475998,-111.9091325,2022-05-21,20:20:00
44090,3955903,2022,Price Rd,Southern Ave,0.0,Intersection 4 Way 202,1.0,0.0,Suspected Minor Injury,Sideswipe Opposite Direction,Daylight,Clear,Dry,30.0,Male,South,Going Straight Ahead,Disregarded Traffic Signal,No Apparent Influence,No Apparent Influence,32.0,Male,West,Going Straight Ahead,No Improper Action,No Apparent Influence,No Apparent Influence,33.39295928,-111.8920291,2022-05-21,22:58:00
44094,3955937,2022,McClintock Dr,SR-202 Exit 8 J-Ramp,0.0,Intersection Other 204,0.0,0.0,No Injury,Left Turn,Dark Lighted,Clear,Dry,24.0,Female,Northwest,Making Left Turn,Failed To Yield Right Of Way,No Apparent Influence,No Apparent Influence,21.0,Male,South,Going Straight Ahead,No Improper Action,No Apparent Influence,No Apparent Influence,33.43662129,-111.9096218,2022-05-22,05:26:00
44098,3955905,2022,Mill Ave,W 7th St,25.0,Intersection Related 206,0.0,0.0,No Injury,Rear End,Dark Lighted,Clear,Dry,53.0,Male,South,Going Straight Ahead,Followed Too Closely,No Apparent Influence,No Apparent Influence,41.0,Male,South,Going Straight Ahead,No Improper Action,No Apparent Influence,No Apparent Influence,33.42327461,-111.9400119,2022-05-23,03:52:00
44100,3945227,2022,McClintock Dr,8th St,0.0,Intersection T Inter 203,0.0,0.0,No Injury,Angle - Other Than Left Turn 2,Daylight,Clear,Dry,24.0,Male,East,Making Left Turn,Failed To Yield Right Of Way,No Apparent Influence,No Apparent Influence,50.0,Female,North,Making Left Turn,No Improper Action,No Apparent Influence,No Apparent Influence,33.41952142,-111.9090983,2022-05-23,16:16:00
44101,3955989,2022,College Ave,Malibu Dr,0.0,Driveway Or Alley,0.0,0.0,No Injury,Angle - Other Than Left Turn 2,Daylight,Clear,Dry,77.0,Male,East,Other,Failed To Yield Right Of Way,No Apparent Influence,No Apparent Influence,52.0,Male,North,Going Straight Ahead,No Improper Action,No Apparent Influence,No Apparent Influence,33.39195481,-111.9349383,2022-05-23,18:25:00
44102,3954281,2022,Southern Ave,Potter Dr,-80.0,Not Junction Related,0.0,0.0,No Injury,Rear End,Daylight,Clear,Dry,29.0,Female,East,Going Straight Ahead,Speed To Fast For Conditions,No Apparent Influence,No Apparent Influence,25.0,Male,East,Stopped In Trafficway,No Improper Action,No Apparent Influence,No Apparent Influence,33.39279823,-111.9725886,2022-05-23,23:15:00
44103,3956717,2022,Rural Rd,Elliot Rd,0.0,Intersection 4 Way 202,2.0,0.0,Possible Injury,Angle - Other Than Left Turn 2,Daylight,Clear,Dry,50.0,Male,North,Making Left Turn,Failed To Yield Right Of Way,No Apparent Influence,No Apparent Influence,31.0,Female,West,Going Straight Ahead,No Improper Action,No Apparent Influence,No Apparent Influence,33.34919065,-111.9284771,2022-05-23,23:46:00
44105,3955856,2022,15th St,52nd St,-44.0,Intersection Related 206,0.0,0.0,No Injury,Rear End,Daylight,Clear,Dry,24.0,Male,East,Making Right Turn,Speed To Fast For Conditions,No Apparent Influence,No Apparent Influence,34.0,Female,East,Making Right Turn,No Improper Action,No Apparent Influence,No Apparent Influence,33.41247301,-111.969661,2022-05-24,00:06:00
44106,3946414,2022,Baseline Rd,Wendler Dr,0.0,Intersection T Inter 203,0.0,0.0,No Injury,Angle - Other Than Left Turn 2,Daylight,Clear,Dry,40.0,Female,West,Going Straight Ahead,Disregarded Traffic Signal,No Apparent Influence,No Apparent Influence,23.0,Female,South,Making Left Turn,No Improper Action,No Apparent Influence,No Apparent Influence,33.37825837,-111.9697859,2022-05-24,01:23:00
44107,3954321,2022,Calle Los Cerros,Dunbar Dr,200.0,Not Junction Related,0.0,0.0,No Injury,Sideswipe Opposite Direction,Dusk,Clear,Dry,33.0,Male,West,Making Left Turn,Failed To Yield Right Of Way,No Apparent Influence,No Apparent Influence,22.0,Female,North,Going Straight Ahead,No Improper Action,No Apparent Influence,No Apparent Influence,33.38094795,-111.9740639,2022-05-24,01:42:00
44108,3954306,2022,Southern Ave,George Dr,0.0,Intersection 4 Way 202,0.0,0.0,No Injury,Left Turn,Daylight,Clear,Dry,22.0,Male,North,Making Left Turn,Failed To Yield Right Of Way,No Apparent Influence,No Apparent Influence,78.0,Female,East,Going Straight Ahead,No Improper Action,No Apparent Influence,No Apparent Influence,33.39301035,-111.8876933,2022-05-24,14:31:00
44110,3955852,2022,Southern Ave,Mill Ave,-64.0,Intersection Related 206,0.0,0.0,No Injury,Rear End,Daylight,Clear,Dry,37.0,Male,East,Going Straight Ahead,Speed To Fast For Conditions,No Apparent Influence,No Apparent Influence,63.0,Male,East,Slowing In Trafficway,No Improper Action,No Apparent Influence,No Apparent Influence,33.39286103,-111.9398135,2022-05-24,17:40:00
44111,3954287,2022,Price Rd,Southern Ave,0.0,Intersection 4 Way 202,0.0,0.0,No Injury,Angle - Other Than Left Turn 2,Daylight,Clear,Dry,19.0,Male,West,Going Straight Ahead,Disregarded Traffic Signal,No Apparent Influence,No Apparent Influence,47.0,Male,South,Making Left Turn,No Improper Action,No Apparent Influence,No Apparent Influence,33.39295928,-111.8920291,2022-05-24,21:08:00
44112,3955873,2022,McClintock Dr,University Dr,110.0,Not Junction Related,0.0,0.0,No Injury,Rear End,Daylight,Clear,Dry,31.0,Male,South,Going Straight Ahead,Speed To Fast For Conditions,No Apparent Influence,No Apparent Influence,28.0,Male,South,Stopped In Trafficway,No Improper Action,No Apparent Influence,No Apparent Influence,33.42228315,-111.9091087,2022-05-25,00:57:00
44114,3963612,2022,Scottsdale Rd,Rio Salado Pkwy,0.0,Intersection 4 Way 202,1.0,0.0,Possible Injury,Angle - Other Than Left Turn 2,Daylight,Clear,Dry,35.0,Male,South,Going Straight Ahead,Unknown,No Apparent Influence,No Apparent Influence,58.0,Female,West,Going Straight Ahead,Unknown,No Apparent Influence,No Apparent Influence,33.42884843,-111.9262892,2022-05-25,12:24:00
44116,3961710,2022,Southern Ave,48th St,0.0,Intersection 4 Way 202,0.0,0.0,No Injury,Rear End,Daylight,Clear,Dry,58.0,Male,West,Going Straight Ahead,Speed To Fast For Conditions,No Apparent Influence,Drugs,33.0,Female,West,Going Straight Ahead,No Improper Action,No Apparent Influence,No Apparent Influence,33.39276725,-111.9783383,2022-05-25,16:01:00
44117,3955895,2022,Mill Ave,University Dr,0.0,Intersection 4 Way 202,0.0,0.0,No Injury,Left Turn,Daylight,Clear,Dry,21.0,Female,East,Making Left Turn,Unknown,No Apparent Influence,No Apparent Influence,21.0,Female,South,Making Left Turn,Unknown,No Apparent Influence,No Apparent Influence,33.42193478,-111.940017,2022-05-25,19:27:00
44118,3954320,2022,Baseline Rd,Price Rd,0.0,Intersection 201,0.0,0.0,No Injury,Angle - Other Than Left Turn 2,Daylight,Clear,Dry,46.0,Male,Southwest,Making Right Turn,Failed To Yield Right Of Way,No Apparent Influence,No Apparent Influence,20.0,Female,West,Going Straight Ahead,No Improper Action,No Apparent Influence,No Apparent Influence,33.37845534,-111.8936163,2022-05-25,19:33:00
44119,3954378,2022,McClintock Dr,Alameda Dr,-46.0,Intersection Related 206,1.0,0.0,Suspected Minor Injury,Rear End,Daylight,Clear,Dry,35.0,Female,South,Going Straight Ahead,Speed To Fast For Conditions,No Apparent Influence,No Apparent Influence,60.0,Male,South,Stopped In Trafficway,No Improper Action,No Apparent Influence,No Apparent Influence,33.4000227,-111.9091315,2022-05-26,00:02:00
44120,3954308,2022,Apache Blvd,Price Rd,90.0,Intersection Related 206,0.0,0.0,No Injury,Rear End,Dark Lighted,Clear,Dry,21.0,Female,West,Going Straight Ahead,Followed Too Closely,No Apparent Influence,No Apparent Influence,41.0,Male,West,Stopped In Trafficway,No Improper Action,No Apparent Influence,No Apparent Influence,33.41478853,-111.8904384,2022-05-26,04:23:00
44121,3955934,2022,University Dr,Smith Rd,204.0,Not Junction Related,0.0,0.0,No Injury,Sideswipe Same Direction,Dark Lighted,Clear,Dry,20.0,Female,East,Changing Lanes,Unsafe Lane Change,No Apparent Influence,No Apparent Influence,37.0,Male,East,Going Straight Ahead,No Improper Action,No Apparent Influence,No Apparent Influence,33.42210736,-111.8998535,2022-05-26,06:40:00
44122,3954283,2022,McClintock Dr,Apache Blvd,150.0,Driveway Or Alley,1.0,0.0,Suspected Minor Injury,Angle - Other Than Left Turn 2,Daylight,Clear,Dry,22.0,Male,East,Making Right Turn,Failed To Yield Right Of Way,No Apparent Influence,No Apparent Influence,24.0,Male,South,Going Straight Ahead,No Improper Action,No Apparent Influence,No Apparent Influence,33.41517207,-111.9091318,2022-05-26,19:09:00
44123,3955946,2022,University Dr,Perry Ln,0.0,Intersection 201,1.0,0.0,Suspected Minor Injury,Angle - Other Than Left Turn 2,Daylight,Clear,Dry,37.0,Male,South,Making Right Turn,Ran Stop Sign,No Apparent Influence,No Apparent Influence,23.0,Female,West,Going Straight Ahead,No Improper Action,No Apparent Influence,No Apparent Influence,33.42204422,-111.9048086,2022-05-26,19:19:00
44125,3945223,2022,Price Rd,Apache Blvd,0.0,Intersection 4 Way 202,2.0,0.0,Suspected Minor Injury,Angle - Other Than Left Turn 2,Daylight,Clear,Dry,43.0,Male,North,Going Straight Ahead,Wrong Way Driving,No Apparent Influence,No Apparent Influence,68.0,Female,West,Going Straight Ahead,Speed To Fast For Conditions,No Apparent Influence,No Apparent Influence,33.41479898,-111.8919461,2022-05-26,22:17:00
44130,3963569,2022,Broadway Rd,Mill Ave,-80.0,Intersection Related 206,1.0,0.0,Suspected Serious Injury,Angle - Other Than Left Turn 2,Dark Lighted,Clear,Dry,42.0,Female,East,Going Straight Ahead,Unsafe Lane Change,No Apparent Influence,No Apparent Influence,20.0,Male,East,Going Straight Ahead,No Improper Action,No Apparent Influence,No Apparent Influence,33.40739395,-111.9400885,2022-05-27,06:21:00
44131,3955924,2022,Baseline Rd,Wendler Dr,0.0,Intersection T Inter 203,0.0,0.0,No Injury,Left Turn,Dawn,Clear,Dry,53.0,Female,East,Making Left Turn,Made Improper Turn,No Apparent Influence,No Apparent Influence,66.0,Male,West,Going Straight Ahead,Unknown,No Apparent Influence,No Apparent Influence,33.37825837,-111.9697859,2022-05-27,12:07:00
44132,3954381,2022,University Dr,SR-143 Exit 1 T-Ramp,0.0,Intersection 4 Way 202,0.0,0.0,No Injury,Angle - Other Than Left Turn 2,Daylight,Clear,Dry,27.0,Male,North,Making Right Turn,Failed To Yield Right Of Way,No Apparent Influence,No Apparent Influence,61.0,Male,East,Going Straight Ahead,No Improper Action,No Apparent Influence,No Apparent Influence,33.42189321,-111.9776663,2022-05-27,19:26:00
44134,3955941,2022,Mill Ave,6th St,-10.0,Intersection Related 206,0.0,0.0,No Injury,Rear End,Dark Lighted,Clear,Dry,23.0,Male,North,Going Straight Ahead,Speed To Fast For Conditions,Alcohol,No Apparent Influence,33.0,Male,North,Going Straight Ahead,No Improper Action,No Apparent Influence,No Apparent Influence,33.42431921,-111.9400146,2022-05-28,07:25:00
44135,3955933,2022,Rural Rd,Broadway Rd,0.0,Intersection 4 Way 202,0.0,0.0,No Injury,Left Turn,Dark Lighted,Clear,Dry,23.0,Male,South,Making Left Turn,Disregarded Traffic Signal,No Apparent Influence,No Apparent Influence,24.0,Male,North,Going Straight Ahead,No Improper Action,No Apparent Influence,No Apparent Influence,33.40750182,-111.9262829,2022-05-28,09:28:00
44139,3909982,2022,Rio Salado Pkwy,Price Rd,0.0,Entrance Exit Ramp 205,2.0,0.0,Possible Injury,Angle - Other Than Left Turn 2,Daylight,Clear,Dry,69.0,Male,East,Making Left Turn,Failed To Yield Right Of Way,No Apparent Influence,No Apparent Influence,25.0,Female,West,Going Straight Ahead,No Improper Action,No Apparent Influence,No Apparent Influence,33.42931447,-111.890264,2022-05-28,16:55:00
44140,3954267,2022,Mill Ave,Curry Rd,0.0,Intersection 4 Way 202,0.0,0.0,No Injury,Angle - Other Than Left Turn 2,Daylight,Clear,Dry,71.0,Male,East,Going Straight Ahead,Disregarded Traffic Signal,No Apparent Influence,No Apparent Influence,20.0,Female,North,Going Straight Ahead,No Improper Action,No Apparent Influence,No Apparent Influence,33.43762592,-111.9432967,2022-05-28,23:55:00
44142,3955939,2022,Mill Ave,5th St,70.0,Not Junction Related,0.0,0.0,No Injury,Rear End,Dark Lighted,Clear,Dry,19.0,Male,North,Going Straight Ahead,Speed To Fast For Conditions,No Apparent Influence,No Apparent Influence,23.0,Female,North,Stopped In Trafficway,No Improper Action,No Apparent Influence,No Apparent Influence,33.42569558,-111.9400247,2022-05-29,05:47:00
44145,3955906,2022,Terrace Rd,Rural Rd,-100.0,Intersection Related 206,0.0,0.0,No Injury,Rear End,Daylight,Clear,Dry,32.0,Male,Southeast,Going Straight Ahead,Speed To Fast For Conditions,No Apparent Influence,No Apparent Influence,21.0,Male,Southeast,Stopped In Trafficway,No Improper Action,No Apparent Influence,No Apparent Influence,33.42007404,-111.9260795,2022-05-29,21:46:00
44147,3961709,2022,S Roosevelt St,Baseline Rd,35.0,Intersection T Inter 203,1.0,0.0,Possible Injury,Other,Dark Lighted,Clear,Dry,18.0,Male,South,Backing,Other,No Apparent Influence,No Apparent Influence,25.0,Female,South,Stopped In Trafficway,No Improper Action,No Apparent Influence,No Apparent Influence,33.37829136,-111.9476762,2022-05-30,04:30:00
44150,3954285,2022,Rural Rd,6th St,-40.0,Intersection Related 206,0.0,0.0,No Injury,Rear End,Daylight,Clear,Dry,21.0,Female,North,Going Straight Ahead,Speed To Fast For Conditions,No Apparent Influence,No Apparent Influence,24.0,Female,North,Slowing In Trafficway,No Improper Action,No Apparent Influence,No Apparent Influence,33.42438802,-111.9263022,2022-05-30,21:48:00
44151,3955898,2022,5th St,Ash Ave,15.0,Intersection Related 206,0.0,0.0,No Injury,Angle - Other Than Left Turn 2,Dark Lighted,Clear,Dry,57.0,Female,South,Making Left Turn,Other,No Apparent Influence,No Apparent Influence,22.0,Male,West,Stopped In Trafficway,No Improper Action,No Apparent Influence,No Apparent Influence,33.42549222,-111.9433217,2022-05-31,04:17:00
44153,3954266,2022,McClintock Dr,Alameda Dr,0.0,Intersection 4 Way 202,2.0,0.0,Suspected Minor Injury,Angle - Other Than Left Turn 2,Daylight,Clear,Dry,21.0,Female,West,Going Straight Ahead,Disregarded Traffic Signal,No Apparent Influence,No Apparent Influence,19.0,Female,South,Going Straight Ahead,No Improper Action,No Apparent Influence,No Apparent Influence,33.40014911,-111.9091317,2022-05-31,17:01:00
44154,3954286,2022,McClintock Dr,Southern Ave,-32.0,Intersection Related 206,0.0,0.0,No Injury,Rear End,Daylight,Clear,Dry,48.0,Male,North,Going Straight Ahead,Speed To Fast For Conditions,No Apparent Influence,No Apparent Influence,22.0,Female,North,Stopped In Trafficway,No Improper Action,No Apparent Influence,No Apparent Influence,33.39290439,-111.9091279,2022-05-31,19:38:00
44156,3956722,2022,Priest Dr,Darrow Dr,0.0,Intersection 4 Way 202,0.0,0.0,No Injury,Angle - Other Than Left Turn 2,Daylight,Clear,Dry,24.0,Male,East,Making Right Turn,Failed To Yield Right Of Way,No Apparent Influence,No Apparent Influence,47.0,Male,South,Going Straight Ahead,No Improper Action,No Apparent Influence,No Apparent Influence,33.38067468,-111.9615884,2022-06-01,22:33:00
44161,3956402,2022,Rural Rd,Warner Rd,90.0,Intersection Related 206,0.0,0.0,No Injury,Sideswipe Same Direction,Daylight,Clear,Dry,49.0,Female,South,Going Straight Ahead,Speed To Fast For Conditions,Alcohol,No Apparent Influence,69.0,Male,South,Stopped In Trafficway,No Improper Action,No Apparent Influence,No Apparent Influence,33.33490245,-111.928416,2022-06-03,00:26:00
44162,3956768,2022,College Ave,Weber Dr,0.0,Intersection 4 Way 202,0.0,0.0,No Injury,Left Turn,Daylight,Clear,Dry,59.0,Male,West,Making Left Turn,Failed To Yield Right Of Way,No Apparent Influence,No Apparent Influence,71.0,Female,South,Going Straight Ahead,No Improper Action,No Apparent Influence,No Apparent Influence,33.44240972,-111.9314836,2022-06-03,01:27:00
44163,3956026,2022,Priest Dr,US-60 Exit 172 C2-Ramp,0.0,Intersection T Inter 203,2.0,0.0,Suspected Minor Injury,Angle - Other Than Left Turn 2,Daylight,Clear,Dry,22.0,Male,West,Making Right Turn,Disregarded Traffic Signal,No Apparent Influence,No Apparent Influence,33.0,Female,South,Going Straight Ahead,Other,No Apparent Influence,No Apparent Influence,33.38804844,-111.9609173,2022-06-03,02:28:00
44167,3956875,2022,Scottsdale Rd,Curry Rd,78.0,Intersection Related 206,0.0,0.0,No Injury,Rear End,Daylight,Clear,Dry,19.0,Male,South,Going Straight Ahead,Speed To Fast For Conditions,No Apparent Influence,No Apparent Influence,40.0,Male,South,Stopped In Trafficway,No Improper Action,No Apparent Influence,No Apparent Influence,33.44050768,-111.9263373,2022-06-03,17:20:00
44169,3957167,2022,Baseline Rd,Mill Ave,-103.0,Intersection Related 206,0.0,0.0,No Injury,Sideswipe Same Direction,Daylight,Clear,Dry,66.0,Male,East,Going Straight Ahead,Speed To Fast For Conditions,No Apparent Influence,No Apparent Influence,39.0,Male,East,Stopped In Trafficway,No Improper Action,No Apparent Influence,No Apparent Influence,33.37821968,-111.9397029,2022-06-03,19:43:00
44171,3956671,2022,McClintock Dr,Rio Salado Pkwy,150.0,Not Junction Related,0.0,0.0,No Injury,Rear End,Daylight,Clear,Dry,34.0,Male,North,Going Straight Ahead,Speed To Fast For Conditions,No Apparent Influence,No Apparent Influence,28.0,Female,North,Slowing In Trafficway,No Improper Action,No Apparent Influence,No Apparent Influence,33.4296733,-111.9090924,2022-06-03,21:45:00
44172,3966639,2022,McClintock Dr,University Dr,119.0,Not Junction Related,0.0,0.0,No Injury,Sideswipe Same Direction,Daylight,Clear,Dry,45.0,Male,South,Changing Lanes,Unsafe Lane Change,No Apparent Influence,No Apparent Influence,41.0,Male,South,Going Straight Ahead,No Improper Action,No Apparent Influence,No Apparent Influence,33.4223089,-111.9091101,2022-06-03,21:51:00
44173,3956399,2022,Apache Blvd,Elm St,0.0,Intersection 4 Way 202,0.0,0.0,No Injury,Left Turn,Daylight,Clear,Dry,21.0,Female,East,Going Straight Ahead,Disregarded Traffic Signal,No Apparent Influence,No Apparent Influence,41.0,Female,West,Making Left Turn,No Improper Action,No Apparent Influence,No Apparent Influence,33.41475957,-111.9124641,2022-06-03,22:24:00
44178,3956023,2022,Rural Rd,Geneva Dr,-100.0,Not Junction Related,0.0,0.0,No Injury,Angle - Other Than Left Turn 2,Daylight,Clear,Dry,24.0,Male,South,Changing Lanes,Unknown,No Apparent Influence,No Apparent Influence,29.0,Female,Southwest,Making Left Turn,Unknown,No Apparent Influence,No Apparent Influence,33.39471116,-111.9263288,2022-06-04,15:11:00
44179,3956792,2022,McClintock Dr,Alameda Dr,-50.0,Intersection Related 206,0.0,0.0,No Injury,Rear End,Daylight,Clear,Dry,77.0,Male,South,Going Straight Ahead,Speed To Fast For Conditions,No Apparent Influence,No Apparent Influence,22.0,Male,South,Stopped In Trafficway,No Improper Action,No Apparent Influence,No Apparent Influence,33.4000117,-111.9091315,2022-06-04,20:42:00
44181,3961705,2022,Priest Dr,US-60 Exit 172 C2-Ramp,76.0,Intersection Related 206,1.0,0.0,Possible Injury,Rear End,Daylight,Clear,Dry,22.0,Male,South,Going Straight Ahead,Speed To Fast For Conditions,No Apparent Influence,No Apparent Influence,28.0,Female,South,Stopped In Trafficway,No Improper Action,No Apparent Influence,No Apparent Influence,33.38825652,-111.9609065,2022-06-05,01:26:00
44185,3913240,2022,US-60 Exit 172 G-Ramp,Unknown,0.0,Intersection 4 Way 202,0.0,0.0,No Injury,Rear End,Daylight,Clear,Dry,28.0,Male,East,Making Right Turn,Speed To Fast For Conditions,No Apparent Influence,No Apparent Influence,19.0,Female,East,Stopped In Trafficway,No Improper Action,No Apparent Influence,No Apparent Influence,33.38676105,-111.9609057,2022-06-05,15:50:00
44186,3957180,2022,McClintock Dr,Guadalupe Rd,0.0,Intersection 4 Way 202,2.0,0.0,Suspected Minor Injury,Left Turn,Daylight,Clear,Dry,61.0,Female,North,Making Left Turn,Disregarded Traffic Signal,No Apparent Influence,No Apparent Influence,53.0,Female,South,Going Straight Ahead,No Improper Action,No Apparent Influence,No Apparent Influence,33.36376447,-111.9112568,2022-06-05,17:05:00
44187,3956006,2022,Baseline Rd,Hardy Dr,50.0,Not Junction Related,1.0,0.0,Possible Injury,Rear End,Daylight,Clear,Dry,32.0,Male,West,Going Straight Ahead,Speed To Fast For Conditions,No Apparent Influence,No Apparent Influence,47.0,Male,West,Stopped In Trafficway,No Improper Action,No Apparent Influence,No Apparent Influence,33.37821261,-111.952349,2022-06-05,19:44:00
44189,3956024,2022,McClintock Dr,Broadway Rd,20.0,Not Junction Related,0.0,0.0,No Injury,Rear End,Daylight,Clear,Dry,35.0,Male,South,Going Straight Ahead,Followed Too Closely,No Apparent Influence,No Apparent Influence,23.0,Female,South,Stopped In Trafficway,No Improper Action,No Apparent Influence,No Apparent Influence,33.4075551,-111.9091249,2022-06-05,22:09:00
44192,3956878,2022,Spence Ave,Rural Rd,60.0,Intersection Related 206,0.0,0.0,No Injury,Sideswipe Opposite Direction,Daylight,Clear,Dry,32.0,Male,North,Making Right Turn,Speed To Fast For Conditions,No Apparent Influence,No Apparent Influence,27.0,Male,West,Stopped In Trafficway,No Improper Action,No Apparent Influence,No Apparent Influence,33.41288358,-111.9260912,2022-06-06,17:04:00
44194,3957177,2022,Mill Ave,Baseline Rd,188.0,Driveway Or Alley,1.0,0.0,Possible Injury,Angle - Other Than Left Turn 2,Daylight,Clear,Dry,59.0,Male,East,Making Left Turn,Failed To Yield Right Of Way,No Apparent Influence,No Apparent Influence,26.0,Female,South,Going Straight Ahead,No Improper Action,No Apparent Influence,No Apparent Influence,33.37872694,-111.9393771,2022-06-06,18:42:00
44196,3956778,2022,I-10 Exit 157 A-Ramp,Elliot Rd,0.0,Intersection 4 Way 202,0.0,0.0,No Injury,Sideswipe Same Direction,Daylight,Clear,Dry,63.0,Female,South,Going Straight Ahead,Other,No Apparent Influence,No Apparent Influence,50.0,Male,South,Making Left Turn,No Improper Action,No Apparent Influence,No Apparent Influence,33.34907407,-111.9728316,2022-06-06,20:05:00
44198,3956673,2022,Southern Ave,Terrace Rd,58.0,Intersection Related 206,0.0,0.0,No Injury,Rear End,Daylight,Clear,Dry,34.0,Female,West,Going Straight Ahead,Other,No Apparent Influence,No Apparent Influence,21.0,Female,West,Stopped In Trafficway,No Improper Action,No Apparent Influence,No Apparent Influence,33.39296344,-111.9228331,2022-06-07,01:01:00
44201,3957169,2022,Baseline Rd,Country Club Way,-60.0,Intersection Related 206,0.0,0.0,No Injury,Rear End,Daylight,Clear,Dry,39.0,Female,East,Going Straight Ahead,Speed To Fast For Conditions,No Apparent Influence,No Apparent Influence,76.0,Female,East,Stopped In Trafficway,No Improper Action,No Apparent Influence,No Apparent Influence,33.37845024,-111.9008317,2022-06-07,16:28:00
44202,3913238,2022,US-60 Exit 173 A-Ramp,Unknown,0.0,Intersection 4 Way 202,0.0,0.0,No Injury,Rear End,Daylight,Clear,Dry,42.0,Male,East,Going Straight Ahead,Speed To Fast For Conditions,No Apparent Influence,No Apparent Influence,35.0,Male,East,Stopped In Trafficway,No Improper Action,No Apparent Influence,No Apparent Influence,33.38511555,-111.9396074,2022-06-07,18:57:00
44203,3957170,2022,Scottsdale Rd,Hancock Ave,0.0,Intersection 4 Way 202,1.0,0.0,Suspected Minor Injury,Left Turn,Daylight,Clear,Dry,34.0,Male,South,Making Left Turn,Failed To Yield Right Of Way,No Apparent Influence,No Apparent Influence,21.0,Female,North,Going Straight Ahead,No Improper Action,No Apparent Influence,No Apparent Influence,33.44665685,-111.9264555,2022-06-07,19:27:00
44204,3913550,2022,US-60 Exit 175 C-Ramp,Unknown,1.0,Entrance Exit Ramp 205,1.0,0.0,Possible Injury,Rear End,Daylight,Clear,Dry,21.0,Male,West,Going Straight Ahead,Speed To Fast For Conditions,No Apparent Influence,No Apparent Influence,41.0,Male,West,Going Straight Ahead,No Improper Action,No Apparent Influence,No Apparent Influence,33.38622502,-111.9089045,2022-06-08,00:22:00