,Incident ID,Year,Street Name,Cross Street,Distance,Junction Relation,Total Injuries,Total Fatalities,Injury Severity,Collision Manner,Light Condition,Weather,Surface Condition,Age Driver 1,Gender Driver 1,Travel Direction One,Unit Action One,Violation1_Drv1,Alcohol Use Driver 1,Drug Use Driver 1,Age Driver 2,Gender Driver 2,Travel Direction Two,Unit Action Two,Violation 1 Driver 2,Alcohol Use Driver 2,Drug Use Driver 2,Latitude,Longitude,Date,Time
44206,3956674,2022,Warner Rd,Harl Ave,-100.0,Intersection Related 206,0.0,0.0,No Injury,Rear End,Dawn,Clear,Dry,26.0,Male,East,Slowing In Trafficway,Speed To Fast For Conditions,No Apparent Influence,No Apparent Influence,46.0,Female,East,Slowing In Trafficway,No Improper Action,No Apparent Influence,No Apparent Influence,33.33450579,-111.9670009,2022-06-08,12:03:00
44207,3956783,2022,Warner Rd,Priest Dr,0.0,Intersection 4 Way 202,1.0,0.0,Suspected Minor Injury,Left Turn,Daylight,Clear,Dry,42.0,Male,East,Making Left Turn,Failed To Yield Right Of Way,No Apparent Influence,No Apparent Influence,26.0,Male,West,Going Straight Ahead,No Improper Action,No Apparent Influence,No Apparent Influence,33.33452532,-111.9631173,2022-06-08,17:10:00
44210,3957172,2022,Mill Ave,Southern Ave,200.0,Driveway Or Alley,2.0,0.0,Suspected Minor Injury,Angle - Other Than Left Turn 2,Daylight,Clear,Dry,33.0,Male,East,Making Left Turn,Failed To Yield Right Of Way,No Apparent Influence,No Apparent Influence,62.0,Female,South,Going Straight Ahead,No Improper Action,No Apparent Influence,No Apparent Influence,33.39341227,-111.9396138,2022-06-08,21:57:00
44211,3945287,2022,Priest Dr,Darrow Dr,0.0,Intersection 4 Way 202,2.0,0.0,Suspected Minor Injury,Angle - Other Than Left Turn 2,Daylight,Clear,Dry,32.0,Male,North,Going Straight Ahead,Disregarded Traffic Signal,No Apparent Influence,No Apparent Influence,19.0,Male,West,Going Straight Ahead,No Improper Action,No Apparent Influence,No Apparent Influence,33.38067468,-111.9615884,2022-06-08,22:00:00
44212,3956396,2022,Priest Dr,Ruby Dr,100.0,Not Junction Related,1.0,0.0,Possible Injury,Rear End,Daylight,Clear,Dry,35.0,Female,North,Going Straight Ahead,Speed To Fast For Conditions,No Apparent Influence,No Apparent Influence,75.0,Female,North,Going Straight Ahead,No Improper Action,No Apparent Influence,No Apparent Influence,33.34044433,-111.9631421,2022-06-08,23:30:00
44214,3956765,2022,48th St,Southern Ave,0.0,Not Junction Related,0.0,0.0,No Injury,Head On,Dark Lighted,Clear,Dry,21.0,Male,West,Making Left Turn,Made Improper Turn,Alcohol,No Apparent Influence,38.0,Male,East,Going Straight Ahead,No Improper Action,No Apparent Influence,No Apparent Influence,33.39276724,-111.9783383,2022-06-09,06:57:00
44215,3957166,2022,Broadway Rd,Dorsey Ln,0.0,Intersection 4 Way 202,2.0,0.0,Suspected Minor Injury,Angle - Other Than Left Turn 2,Daylight,Clear,Dry,23.0,Male,East,Going Straight Ahead,Disregarded Traffic Signal,No Apparent Influence,No Apparent Influence,71.0,Male,North,Going Straight Ahead,No Improper Action,No Apparent Influence,No Apparent Influence,33.40750558,-111.917697,2022-06-09,16:55:00
44218,3967044,2022,48th St,Alameda Dr,0.0,Intersection 4 Way 202,1.0,0.0,Suspected Serious Injury,Left Turn,Daylight,Clear,Dry,23.0,Male,South,Going Straight Ahead,Disregarded Traffic Signal,No Apparent Influence,No Apparent Influence,19.0,Male,North,Making Left Turn,No Improper Action,No Apparent Influence,No Apparent Influence,33.40004917,-111.9783117,2022-06-10,01:10:00
44221,3957148,2022,Elliot Rd,I-10 Exit 157 C-Ramp,60.0,Not Junction Related,0.0,0.0,No Injury,Sideswipe Same Direction,Daylight,Clear,Dry,42.0,Male,East,Changing Lanes,Unsafe Lane Change,No Apparent Influence,No Apparent Influence,52.0,Male,East,Going Straight Ahead,No Improper Action,No Apparent Influence,No Apparent Influence,33.3490944,-111.9707412,2022-06-10,15:42:00
44223,3957152,2022,Broadway Rd,Rural Rd,0.0,Intersection 4 Way 202,2.0,0.0,Suspected Minor Injury,Angle - Other Than Left Turn 2,Daylight,Clear,Dry,31.0,Male,East,Making Left Turn,Unknown,No Apparent Influence,No Apparent Influence,23.0,Male,South,Going Straight Ahead,Unknown,No Apparent Influence,No Apparent Influence,33.40750178,-111.9262829,2022-06-10,17:57:00
44224,3957149,2022,Mill Ave,Apache Blvd,-80.0,Intersection Related 206,0.0,0.0,No Injury,Rear End,Daylight,Clear,Dry,32.0,Female,Northeast,Negotiating A Curve,Followed Too Closely,No Apparent Influence,No Apparent Influence,31.0,Female,Northeast,Stopped In Trafficway,No Improper Action,No Apparent Influence,No Apparent Influence,33.41742658,-111.9400154,2022-06-10,21:52:00
44225,3957153,2022,Rural Rd,Wesleyan Dr,0.0,Intersection 4 Way 202,1.0,0.0,Suspected Minor Injury,Left Turn,Daylight,Clear,Dry,77.0,Male,South,Making Left Turn,Failed To Yield Right Of Way,No Apparent Influence,No Apparent Influence,20.0,Male,North,Going Straight Ahead,No Improper Action,No Apparent Influence,No Apparent Influence,33.39777125,-111.9263166,2022-06-10,23:28:00
44228,3913977,2022,I-10 Exit 157 C-Ramp,Unknown,0.0,Entrance Exit Ramp 205,0.0,0.0,No Injury,Rear End,Dawn,Clear,Dry,36.0,Male,West,Going Straight Ahead,Speed To Fast For Conditions,No Apparent Influence,No Apparent Influence,28.0,Male,West,Stopped In Trafficway,No Improper Action,No Apparent Influence,No Apparent Influence,33.34906945,-111.9709417,2022-06-11,12:11:00
44230,3919257,2022,I-10 Exit 157 G-Ramp,Unknown,0.0,Intersection Related 206,0.0,0.0,No Injury,Sideswipe Same Direction,Daylight,Clear,Dry,60.0,Male,East,Making Left Turn,Unknown,No Apparent Influence,No Apparent Influence,51.0,Male,East,Making Left Turn,Unknown,No Apparent Influence,No Apparent Influence,33.34895114,-111.9728366,2022-06-11,17:27:00
44231,3956025,2022,McClintock Dr,SR-202 Exit 8 A-Ramp,0.0,Intersection T Inter 203,0.0,0.0,No Injury,Angle - Other Than Left Turn 2,Daylight,Clear,Dry,43.0,Male,East,Making Right Turn,Failed To Yield Right Of Way,No Apparent Influence,No Apparent Influence,39.0,Male,South,Going Straight Ahead,No Improper Action,No Apparent Influence,No Apparent Influence,33.43645638,-111.909614,2022-06-11,21:05:00
44236,3956851,2022,Baseline Rd,Darrow Dr,15.0,Not Junction Related,0.0,0.0,No Injury,Rear End,Dark Lighted,Clear,Dry,19.0,Female,East,Making Right Turn,Failed To Yield Right Of Way,No Apparent Influence,No Apparent Influence,27.0,Male,East,Going Straight Ahead,No Improper Action,No Apparent Influence,No Apparent Influence,33.37824414,-111.9610807,2022-06-13,05:17:00
44239,3969123,2022,Mill Ave,All America Way,35.0,Intersection Related 206,0.0,0.0,No Injury,Rear End,Daylight,Clear,Dry,62.0,Female,South,Going Straight Ahead,Speed To Fast For Conditions,No Apparent Influence,No Apparent Influence,32.0,Female,South,Stopped In Trafficway,No Improper Action,No Apparent Influence,No Apparent Influence,33.37245604,-111.9366162,2022-06-13,18:10:00
44240,3956867,2022,Priest Dr,23rd St,200.0,Intersection Related 206,0.0,0.0,No Injury,Sideswipe Same Direction,Daylight,Clear,Dry,68.0,Male,South,Changing Lanes,Unsafe Lane Change,No Apparent Influence,No Apparent Influence,51.0,Male,South,Going Straight Ahead,No Improper Action,No Apparent Influence,No Apparent Influence,33.4042297,-111.9607733,2022-06-13,20:09:00
44242,3956868,2022,Rural Rd,Minton Dr,0.0,Intersection 4 Way 202,0.0,0.0,No Injury,Head On,Daylight,Clear,Dry,22.0,Male,East,Making Left Turn,Disregarded Traffic Signal,No Apparent Influence,No Apparent Influence,38.0,Male,South,Going Straight Ahead,No Improper Action,No Apparent Influence,No Apparent Influence,33.37989071,-111.9284213,2022-06-13,23:50:00
44244,3916638,2022,SR-202 Exit 7 T-Ramp,Unknown,0.0,Intersection Related 206,0.0,0.0,No Injury,Rear End,Dark Lighted,Clear,Dry,21.0,Male,East,Making Right Turn,Speed To Fast For Conditions,No Apparent Influence,No Apparent Influence,19.0,Male,East,Stopped In Trafficway,No Improper Action,No Apparent Influence,No Apparent Influence,33.43564403,-111.9264982,2022-06-14,04:52:00
44246,3956795,2022,Southern Ave,Los Feliz Dr,0.0,Intersection 4 Way 202,1.0,0.0,Possible Injury,Left Turn,Daylight,Clear,Dry,81.0,Female,East,Making Left Turn,Failed To Yield Right Of Way,No Apparent Influence,No Apparent Influence,31.0,Male,West,Going Straight Ahead,No Improper Action,No Apparent Influence,No Apparent Influence,33.39297024,-111.9048537,2022-06-14,21:39:00
44248,3956746,2022,Baseline Rd,Priest Dr,-188.0,Driveway Or Alley,0.0,0.0,No Injury,Rear End,Daylight,Clear,Dry,19.0,Female,East,Going Straight Ahead,Speed To Fast For Conditions,No Apparent Influence,No Apparent Influence,54.0,Male,East,Slowing In Trafficway,No Improper Action,No Apparent Influence,No Apparent Influence,33.37824515,-111.9637907,2022-06-14,23:27:00
44249,3956730,2022,Broadway Rd,Country Club Way,150.0,Not Junction Related,0.0,0.0,No Injury,Rear End,Daylight,Clear,Dry,27.0,Female,East,Going Straight Ahead,Speed To Fast For Conditions,No Apparent Influence,No Apparent Influence,23.0,Female,East,Stopped In Trafficway,No Improper Action,No Apparent Influence,No Apparent Influence,33.40749047,-111.9000281,2022-06-15,00:11:00
44253,3916631,2022,SR-202 Non-Cardinal Frontage,Priest Dr,31.0,Entrance Exit Ramp 205,1.0,0.0,Suspected Minor Injury,Rear End,Daylight,Clear,Dry,51.0,Male,West,Making Left Turn,Speed To Fast For Conditions,No Apparent Influence,No Apparent Influence,46.0,Male,West,Making Left Turn,No Improper Action,No Apparent Influence,No Apparent Influence,33.43847332,-111.9607458,2022-06-15,12:59:00
44258,3956672,2022,Baseline Rd,Marine Dr,0.0,Intersection 4 Way 202,0.0,0.0,No Injury,Angle - Other Than Left Turn 2,Daylight,Clear,Dry,29.0,Female,North,Making Left Turn,Failed To Yield Right Of Way,No Apparent Influence,No Apparent Influence,17.0,Female,East,Going Straight Ahead,No Improper Action,No Apparent Influence,No Apparent Influence,33.3783913,-111.9137971,2022-06-16,14:37:00
44262,3957165,2022,Priest Dr,Warner Rd,0.0,Intersection 4 Way 202,2.0,0.0,Suspected Minor Injury,Angle - Other Than Left Turn 2,Daylight,Clear,Dry,54.0,Female,West,Going Straight Ahead,Disregarded Traffic Signal,No Apparent Influence,No Apparent Influence,32.0,Female,South,Going Straight Ahead,No Improper Action,No Apparent Influence,No Apparent Influence,33.33452529,-111.9631174,2022-06-16,17:06:00
44268,3956410,2022,McClintock Dr,US-60 Exit 175 C-Ramp,0.0,Intersection 4 Way 202,0.0,0.0,No Injury,Angle - Other Than Left Turn 2,Daylight,Clear,Dry,35.0,Female,North,Going Straight Ahead,Disregarded Traffic Signal,No Apparent Influence,No Apparent Influence,46.0,Female,West,Making Left Turn,No Improper Action,No Apparent Influence,No Apparent Influence,33.38624163,-111.9091919,2022-06-17,22:05:00
44274,3919210,2022,US-60 Exit 173 C-Ramp,Unknown,0.0,Intersection Related 206,1.0,0.0,Suspected Minor Injury,Angle - Other Than Left Turn 2,Daylight,Clear,Dry,49.0,Male,West,Going Straight Ahead,Speed To Fast For Conditions,No Apparent Influence,No Apparent Influence,52.0,Female,South,Going Straight Ahead,No Improper Action,No Apparent Influence,No Apparent Influence,33.38592396,-111.9381855,2022-06-18,17:31:00
44275,3956020,2022,Baseline Rd,Kyrene Rd,-10.0,Not Junction Related,1.0,0.0,Possible Injury,Angle - Other Than Left Turn 2,Daylight,Cloudy,Dry,32.0,Male,East,Making Left Turn,Other,No Apparent Influence,No Apparent Influence,36.0,Male,West,Going Straight Ahead,No Improper Action,No Apparent Influence,No Apparent Influence,33.37821676,-111.9439204,2022-06-18,19:08:00
44276,3956736,2022,Baseline Rd,Kyrene Rd,35.0,Intersection 201,2.0,0.0,Possible Injury,Rear End,Daylight,Clear,Dry,58.0,Male,North,Making Left Turn,Failed To Yield Right Of Way,No Apparent Influence,No Apparent Influence,24.0,Female,West,Going Straight Ahead,No Improper Action,No Apparent Influence,No Apparent Influence,33.37819988,-111.9458739,2022-06-18,20:42:00
44277,3956021,2022,Hermosa Dr,Mill Ave,-60.0,Not Junction Related,0.0,0.0,No Injury,Head On,Daylight,Clear,Dry,17.0,Male,South,Making Right Turn,Speed To Fast For Conditions,No Apparent Influence,No Apparent Influence,30.0,Male,East,Going Straight Ahead,No Improper Action,No Apparent Influence,No Apparent Influence,33.3882106,-111.9397225,2022-06-18,22:08:00
44279,3966638,2022,Priest Dr,Southern Ave,0.0,Intersection 4 Way 202,0.0,0.0,No Injury,Left Turn,Dark Lighted,Clear,Dry,19.0,Male,North,Making Left Turn,Disregarded Traffic Signal,No Apparent Influence,No Apparent Influence,27.0,Male,South,Going Straight Ahead,No Improper Action,No Apparent Influence,No Apparent Influence,33.39288398,-111.9607698,2022-06-19,06:10:00
44282,3961659,2022,Baseline Rd,Hardy Dr,50.0,Not Junction Related,0.0,0.0,No Injury,Sideswipe Same Direction,Daylight,Clear,Dry,18.0,Female,East,Going Straight Ahead,Unsafe Lane Change,No Apparent Influence,No Apparent Influence,27.0,Female,East,Going Straight Ahead,No Improper Action,No Apparent Influence,No Apparent Influence,33.37821261,-111.952349,2022-06-19,21:15:00
44283,3956022,2022,Baseline Rd,Wendler Dr,0.0,Intersection Related 206,0.0,0.0,No Injury,Left Turn,Daylight,Unknown,Dry,24.0,Male,East,Making Left Turn,Failed To Yield Right Of Way,No Apparent Influence,No Apparent Influence,41.0,Female,West,Going Straight Ahead,No Improper Action,No Apparent Influence,No Apparent Influence,33.37825837,-111.9697859,2022-06-19,21:35:00
44285,3961727,2022,Elliot Rd,I-10 Exit 157 J-Ramp,25.0,Intersection Related 206,0.0,0.0,No Injury,Rear End,Dusk,Clear,Dry,26.0,Female,West,Going Straight Ahead,Speed To Fast For Conditions,Alcohol,No Apparent Influence,19.0,Male,West,Stopped In Trafficway,No Improper Action,No Apparent Influence,No Apparent Influence,33.34909506,-111.9708557,2022-06-20,02:03:00
44286,3915635,2022,Rio Salado Pkwy,Price Rd,0.0,Intersection 201,0.0,0.0,No Injury,Sideswipe Same Direction,Dark Lighted,Clear,Dry,21.0,Male,North,Making Left Turn,Made Improper Turn,Alcohol,No Apparent Influence,52.0,Male,North,Going Straight Ahead,No Improper Action,No Apparent Influence,No Apparent Influence,33.42931447,-111.890264,2022-06-20,03:39:00
44291,3956411,2022,Broadway Rd,Hardy Dr,150.0,Intersection Related 206,0.0,0.0,No Injury,Sideswipe Same Direction,Daylight,Clear,Dry,45.0,Female,West,Changing Lanes,Unsafe Lane Change,No Apparent Influence,No Apparent Influence,51.0,Male,West,Unknown,Unknown,No Apparent Influence,No Apparent Influence,33.4073908,-111.9516737,2022-06-20,19:31:00
44293,3956412,2022,Priest Dr,5th St,54.0,Intersection Related 206,0.0,0.0,No Injury,Rear End,Daylight,Clear,Dry,28.0,Female,South,Going Straight Ahead,Followed Too Closely,No Apparent Influence,No Apparent Influence,57.0,Male,South,Stopped In Trafficway,No Improper Action,No Apparent Influence,No Apparent Influence,33.42576985,-111.9609694,2022-06-20,23:24:00
44294,3915684,2022,I-10 Exit 153 C2-Ramp,Unknown,0.0,Entrance Exit Ramp 205,0.0,0.0,No Injury,Rear End,Daylight,Clear,Dry,24.0,Male,West,Slowing In Trafficway,Speed To Fast For Conditions,No Apparent Influence,No Apparent Influence,40.0,Female,West,Stopped In Trafficway,No Improper Action,No Apparent Influence,No Apparent Influence,33.40918416,-111.9695164,2022-06-21,14:14:00
44295,3956019,2022,Mill Ave,Baseline Rd,200.0,Not Junction Related,1.0,0.0,Suspected Minor Injury,Left Turn,Daylight,Clear,Dry,22.0,Female,East,Making Left Turn,Failed To Yield Right Of Way,No Apparent Influence,No Apparent Influence,64.0,Male,South,Going Straight Ahead,No Improper Action,No Apparent Influence,No Apparent Influence,33.37875986,-111.9393779,2022-06-21,18:15:00
44298,3956415,2022,McClintock Dr,Baseline Rd,0.0,Intersection 4 Way 202,1.0,0.0,Suspected Minor Injury,Angle - Other Than Left Turn 2,Daylight,Clear,Dry,65.0,Female,East,Going Straight Ahead,Disregarded Traffic Signal,No Apparent Influence,No Apparent Influence,69.0,Male,North,Going Straight Ahead,No Improper Action,No Apparent Influence,No Apparent Influence,33.37842427,-111.9092613,2022-06-22,19:42:00
44300,3919428,2022,SR-101 Cardinal Frontage,University Dr,200.0,Not Junction Related,1.0,0.0,Possible Injury,Rear End,Daylight,Clear,Dry,40.0,Male,South,Going Straight Ahead,Speed To Fast For Conditions,No Apparent Influence,No Apparent Influence,26.0,Male,South,Stopped In Trafficway,No Improper Action,No Apparent Influence,No Apparent Influence,33.42256175,-111.8919496,2022-06-23,18:40:00
44301,3916956,2022,Rio Salado Pkwy,Price Rd,0.0,Intersection 4 Way 202,0.0,0.0,No Injury,Left Turn,Daylight,Cloudy,Dry,22.0,Male,Northeast,Making Left Turn,No Improper Action,No Apparent Influence,No Apparent Influence,38.0,Female,West,Going Straight Ahead,No Improper Action,No Apparent Influence,No Apparent Influence,33.42931447,-111.890264,2022-06-23,20:52:00
44302,3956384,2022,Mill Ave,10th St,0.0,Intersection 4 Way 202,0.0,0.0,No Injury,Angle - Other Than Left Turn 2,Daylight,Cloudy,Dry,21.0,Female,North,Going Straight Ahead,Disregarded Traffic Signal,No Apparent Influence,No Apparent Influence,42.0,Female,West,Making Left Turn,No Improper Action,No Apparent Influence,No Apparent Influence,33.41906457,-111.9399669,2022-06-23,21:38:00
44303,3916656,2022,I-10 Exit 157 A-Ramp,Unknown,0.0,Entrance Exit Ramp 205,0.0,0.0,No Injury,Rear End,Daylight,Cloudy,Dry,41.0,Male,Southwest,Going Straight Ahead,Speed To Fast For Conditions,No Apparent Influence,No Apparent Influence,22.0,Male,Southwest,Slowing In Trafficway,No Improper Action,No Apparent Influence,No Apparent Influence,33.34912184,-111.9728161,2022-06-23,22:06:00
44305,3955988,2022,Parkside Dr,Laguna Dr,163.0,Not Junction Related,0.0,0.0,No Injury,Sideswipe Same Direction,Dark Lighted,Clear,Dry,31.0,Male,South,Going Straight Ahead,Speed To Fast For Conditions,No Apparent Influence,Drugs,28.0,Female,South,Properly Parked,No Improper Action,No Apparent Influence,No Apparent Influence,33.39138796,-111.9541518,2022-06-24,05:01:00
44306,3967072,2022,Baseline Rd,Price Rd,0.0,Intersection Other 204,1.0,0.0,Possible Injury,Angle - Other Than Left Turn 2,Daylight,Clear,Dry,19.0,Female,West,Going Straight Ahead,Disregarded Traffic Signal,No Apparent Influence,No Apparent Influence,45.0,Male,Unknown,Unknown,Unknown,No Apparent Influence,No Apparent Influence,33.37845534,-111.8936163,2022-06-24,18:35:00
44307,3919108,2022,Price Rd,Broadway Rd,-10.0,Intersection Related 206,0.0,0.0,No Injury,Rear End,Daylight,Clear,Dry,60.0,Male,North,Making Right Turn,Speed To Fast For Conditions,No Apparent Influence,No Apparent Influence,61.0,Male,North,Stopped In Trafficway,No Improper Action,No Apparent Influence,No Apparent Influence,33.40744792,-111.8903336,2022-06-24,21:16:00
44311,3961743,2022,SR-202 Exit 7 A-Ramp,Scottsdale Rd,0.0,Intersection Related 206,0.0,0.0,No Injury,Rear End,Dark Lighted,Clear,Dry,28.0,Male,Unknown,Unknown,Followed Too Closely,No Apparent Influence,No Apparent Influence,18.0,Female,Unknown,Making Left Turn,No Improper Action,No Apparent Influence,No Apparent Influence,33.43611284,-111.926266,2022-06-25,06:20:00
44312,3956677,2022,Elliot Rd,I-10 Exit 157 G-Ramp,0.0,Intersection 4 Way 202,0.0,0.0,No Injury,Left Turn,Daylight,Cloudy,Dry,27.0,Male,West,Making Left Turn,Disregarded Traffic Signal,No Apparent Influence,No Apparent Influence,41.0,Female,East,Going Straight Ahead,No Improper Action,No Apparent Influence,No Apparent Influence,33.34907407,-111.9728316,2022-06-25,15:45:00
44313,3918570,2022,SR-202 Exit 7 T-Ramp,Unknown,0.0,Entrance Exit Ramp 205,1.0,0.0,Possible Injury,Rear End,Daylight,Clear,Dry,20.0,Female,East,Making Right Turn,Speed To Fast For Conditions,No Apparent Influence,No Apparent Influence,70.0,Female,East,Making Right Turn,No Improper Action,No Apparent Influence,No Apparent Influence,33.4356253,-111.9264681,2022-06-25,20:27:00
44314,3956387,2022,Mill Ave,Southern Ave,0.0,Intersection 4 Way 202,2.0,0.0,Possible Injury,Angle - Other Than Left Turn 2,Daylight,Clear,Dry,45.0,Male,North,Going Straight Ahead,Disregarded Traffic Signal,No Apparent Influence,No Apparent Influence,26.0,Female,Southwest,Making Left Turn,No Improper Action,No Apparent Influence,No Apparent Influence,33.3928629,-111.9396039,2022-06-25,22:37:00
44315,3966868,2022,Broadway Rd,Elm St,20.0,Intersection Related 206,0.0,0.0,No Injury,Sideswipe Same Direction,Daylight,Rain,Dry,47.0,Male,West,Going Straight Ahead,Unsafe Lane Change,No Apparent Influence,No Apparent Influence,22.0,Female,West,Making Left Turn,No Improper Action,No Apparent Influence,No Apparent Influence,33.40750603,-111.9131805,2022-06-25,23:50:00
44317,3956009,2022,McClintock Dr,Fremont Dr,0.0,Intersection T Inter 203,0.0,0.0,No Injury,Angle - Other Than Left Turn 2,Daylight,Clear,Dry,52.0,Male,South,Making Left Turn,Failed To Yield Right Of Way,No Apparent Influence,No Apparent Influence,46.0,Female,North,Going Straight Ahead,No Improper Action,No Apparent Influence,No Apparent Influence,33.38273998,-111.9092261,2022-06-26,01:03:00
44318,3969439,2022,Apache Blvd,Terrace Rd,145.0,Intersection Related 206,0.0,0.0,No Injury,Rear End,Dark Lighted,Clear,Dry,44.0,Male,West,Going Straight Ahead,Speed To Fast For Conditions,Alcohol,No Apparent Influence,20.0,Female,West,Going Straight Ahead,No Improper Action,No Apparent Influence,No Apparent Influence,33.41476992,-111.9199564,2022-06-26,06:28:00
44323,3957164,2022,McClintock Dr,8th St,40.0,Not Junction Related,0.0,0.0,No Injury,Sideswipe Same Direction,Daylight,Cloudy,Dry,65.0,Female,North,Changing Lanes,Unsafe Lane Change,No Apparent Influence,No Apparent Influence,36.0,Female,North,Going Straight Ahead,No Improper Action,No Apparent Influence,No Apparent Influence,33.41963118,-111.9090989,2022-06-27,00:58:00
44324,3956386,2022,Southern Ave,Hardy Dr,0.0,Intersection 4 Way 202,0.0,0.0,No Injury,Angle - Other Than Left Turn 2,Dusk,Clear,Wet,20.0,Male,South,Making Left Turn,Disregarded Traffic Signal,No Apparent Influence,No Apparent Influence,22.0,Male,East,Going Straight Ahead,No Improper Action,No Apparent Influence,No Apparent Influence,33.39285776,-111.9519838,2022-06-27,02:41:00
44326,4047677,2022,Broadway Rd,Price Rd,0.0,Intersection 4 Way 202,2.0,0.0,Suspected Minor Injury,Sideswipe Same Direction,Daylight,Clear,Dry,26.0,Male,West,Changing Lanes,Unsafe Lane Change,No Apparent Influence,No Apparent Influence,16.0,Male,West,Going Straight Ahead,No Improper Action,No Apparent Influence,No Apparent Influence,33.40747535,-111.8903343,2022-06-27,13:05:00
44328,3969125,2022,McClintock Dr,Broadway Rd,60.0,Intersection Related 206,0.0,0.0,No Injury,Rear End,Daylight,Clear,Dry,37.0,Male,South,Going Straight Ahead,Speed To Fast For Conditions,No Apparent Influence,No Apparent Influence,21.0,Male,South,Stopped In Trafficway,No Improper Action,No Apparent Influence,No Apparent Influence,33.40766503,-111.9091249,2022-06-27,14:44:00
44329,3957201,2022,Elliot Rd,I-10 Exit 157 J-Ramp,0.0,Intersection 4 Way 202,0.0,0.0,No Injury,Left Turn,Daylight,Clear,Dry,47.0,Female,West,Going Straight Ahead,Disregarded Traffic Signal,No Apparent Influence,No Apparent Influence,54.0,Male,East,Making Left Turn,No Improper Action,No Apparent Influence,No Apparent Influence,33.34909552,-111.9709375,2022-06-27,16:24:00
44331,3957202,2022,University Dr,52nd St,-164.0,Driveway Or Alley,0.0,0.0,No Injury,Angle - Other Than Left Turn 2,Daylight,Clear,Dry,23.0,Male,North,Making Left Turn,Failed To Yield Right Of Way,No Apparent Influence,No Apparent Influence,47.0,Male,East,Going Straight Ahead,No Improper Action,No Apparent Influence,No Apparent Influence,33.42194034,-111.9701058,2022-06-27,18:39:00
44332,3957203,2022,Mill Ave,6th St,60.0,Intersection Related 206,0.0,0.0,No Injury,Rear End,Daylight,Clear,Dry,64.0,Male,South,Going Straight Ahead,Speed To Fast For Conditions,No Apparent Influence,No Apparent Influence,44.0,Male,South,Stopped In Trafficway,No Improper Action,No Apparent Influence,No Apparent Influence,33.4245115,-111.940015,2022-06-27,20:38:00
44335,3969128,2022,McClintock Dr,SR-202 Exit 8 J-Ramp,0.0,Intersection T Inter 203,0.0,0.0,No Injury,Left Turn,Dark Lighted,Clear,Dry,22.0,Female,North,Making Left Turn,Failed To Yield Right Of Way,No Apparent Influence,No Apparent Influence,34.0,Male,South,Going Straight Ahead,No Improper Action,No Apparent Influence,No Apparent Influence,33.43662129,-111.9096218,2022-06-28,03:13:00
44337,3956679,2022,University Dr,College Ave,50.0,Intersection Related 206,0.0,0.0,No Injury,Rear End,Dark Lighted,Clear,Dry,22.0,Male,West,Going Straight Ahead,Speed To Fast For Conditions,No Apparent Influence,No Apparent Influence,22.0,Female,West,Stopped In Trafficway,No Improper Action,No Apparent Influence,No Apparent Influence,33.42195605,-111.9348023,2022-06-28,05:00:00
44338,3955996,2022,University Dr,Rockford Dr,22.0,Intersection 201,0.0,0.0,No Injury,Left Turn,Dark Lighted,Clear,Dry,19.0,Male,South,Making Left Turn,Ran Stop Sign,No Apparent Influence,No Apparent Influence,33.0,Male,West,Going Straight Ahead,No Improper Action,No Apparent Influence,No Apparent Influence,33.4220996,-111.8979988,2022-06-28,07:20:00
44339,3967001,2022,Price Rd,Guadalupe Rd,97.0,Intersection 201,0.0,0.0,No Injury,Angle - Other Than Left Turn 2,Daylight,Clear,Dry,31.0,Male,South,Unknown,Speed To Fast For Conditions,No Apparent Influence,Drugs,79.0,Male,South,Stopped In Trafficway,No Improper Action,No Apparent Influence,No Apparent Influence,33.36415652,-111.8946488,2022-06-28,15:50:00
44340,3967002,2022,Price Rd,Baseline Rd,0.0,Intersection 4 Way 202,0.0,0.0,No Injury,Sideswipe Same Direction,Daylight,Clear,Dry,31.0,Male,South,Going Straight Ahead,Speed To Fast For Conditions,No Apparent Influence,Drugs,17.0,Male,South,Slowing In Trafficway,No Improper Action,No Apparent Influence,No Apparent Influence,33.37845534,-111.8936163,2022-06-28,15:51:00
44341,3956012,2022,Price Rd,Elliot Rd,98.0,Intersection Related 206,0.0,0.0,No Injury,Sideswipe Same Direction,Daylight,Clear,Dry,31.0,Male,South,Going Straight Ahead,Followed Too Closely,No Apparent Influence,Drugs,49.0,Male,South,Stopped In Trafficway,No Improper Action,No Apparent Influence,No Apparent Influence,33.34961148,-111.8943752,2022-06-28,15:55:00
44344,3956015,2022,Rural Rd,Broadway Rd,-186.0,Not Junction Related,1.0,0.0,Possible Injury,Rear End,Daylight,Clear,Dry,31.0,Female,North,Going Straight Ahead,Followed Too Closely,No Apparent Influence,No Apparent Influence,22.0,Male,North,Stopped In Trafficway,No Improper Action,No Apparent Influence,No Apparent Influence,33.4069908,-111.9262856,2022-06-28,20:02:00
44345,3956701,2022,Mill Ave,12th St,92.0,Intersection Related 206,0.0,0.0,No Injury,Rear End,Daylight,Clear,Dry,57.0,Male,South,Negotiating A Curve,Followed Too Closely,No Apparent Influence,No Apparent Influence,50.0,Male,South,Stopped In Trafficway,No Improper Action,No Apparent Influence,No Apparent Influence,33.41645779,-111.9399897,2022-06-28,21:44:00