,Incident ID,Year,Street Name,Cross Street,Distance,Junction Relation,Total Injuries,Total Fatalities,Injury Severity,Collision Manner,Light Condition,Weather,Surface Condition,Age Driver 1,Gender Driver 1,Travel Direction One,Unit Action One,Violation1_Drv1,Alcohol Use Driver 1,Drug Use Driver 1,Age Driver 2,Gender Driver 2,Travel Direction Two,Unit Action Two,Violation 1 Driver 2,Alcohol Use Driver 2,Drug Use Driver 2,Latitude,Longitude,Date,Time
44346,3988598,2022,University Dr,Perry Ln,0.0,Intersection T Inter 203,0.0,0.0,No Injury,Angle - Other Than Left Turn 2,Daylight,Clear,Dry,41.0,Female,South,Making Left Turn,Failed To Yield Right Of Way,No Apparent Influence,No Apparent Influence,47.0,Male,West,Going Straight Ahead,No Improper Action,No Apparent Influence,No Apparent Influence,33.42204422,-111.9048086,2022-06-28,21:47:00
44347,3957189,2022,Elliot Rd,Harl Ave,38.0,Intersection Related 206,0.0,0.0,No Injury,Sideswipe Opposite Direction,Daylight,Clear,Dry,48.0,Male,East,Unknown,Failed To Keep In Proper Lane,No Apparent Influence,No Apparent Influence,31.0,Male,West,Stopped In Trafficway,No Improper Action,No Apparent Influence,No Apparent Influence,33.34908227,-111.9658023,2022-06-29,00:09:00
44350,4007413,2022,Priest Dr,Broadway Rd,0.0,Intersection 4 Way 202,0.0,0.0,No Injury,Angle - Other Than Left Turn 2,Daylight,Clear,Dry,48.0,Female,West,Going Straight Ahead,Speed To Fast For Conditions,No Apparent Influence,No Apparent Influence,28.0,Male,South,Going Straight Ahead,No Improper Action,No Apparent Influence,No Apparent Influence,33.40742082,-111.9607804,2022-06-29,17:05:00
44351,3956385,2022,7th St,Hardy Dr,196.0,Driveway Or Alley,1.0,0.0,Suspected Minor Injury,Angle - Other Than Left Turn 2,Daylight,Clear,Dry,25.0,Male,North,Going Straight Ahead,Failed To Yield Right Of Way,No Apparent Influence,No Apparent Influence,34.0,Female,East,Going Straight Ahead,No Improper Action,No Apparent Influence,No Apparent Influence,33.42324886,-111.9515924,2022-06-29,18:15:00
44352,3956678,2022,Southern Ave,Roosevelt St,200.0,Not Junction Related,0.0,0.0,No Injury,Sideswipe Same Direction,Daylight,Clear,Dry,20.0,Male,West,Changing Lanes,Unsafe Lane Change,No Apparent Influence,No Apparent Influence,39.0,Female,West,Going Straight Ahead,No Improper Action,No Apparent Influence,No Apparent Influence,33.39284417,-111.9471731,2022-06-29,18:22:00
44356,3956388,2022,Baseline Rd,I-10 Exit 155 C2-Ramp,120.0,Not Junction Related,0.0,0.0,No Injury,Sideswipe Same Direction,Daylight,Clear,Dry,46.0,Female,East,Changing Lanes,Unsafe Lane Change,No Apparent Influence,No Apparent Influence,21.0,Female,East,Going Straight Ahead,No Improper Action,No Apparent Influence,No Apparent Influence,33.37829365,-111.9669863,2022-06-30,01:26:00
44359,3956763,2022,McClintock Dr,US-60 Exit 175 A-Ramp,-35.0,Intersection Related 206,0.0,0.0,No Injury,Sideswipe Same Direction,Daylight,Clear,Dry,40.0,Female,North,Changing Lanes,Unsafe Lane Change,No Apparent Influence,No Apparent Influence,22.0,Male,North,Going Straight Ahead,No Improper Action,No Apparent Influence,No Apparent Influence,33.38505449,-111.909206,2022-06-30,18:14:00
44361,3956762,2022,Priest Dr,Warner Rd,0.0,Intersection 4 Way 202,2.0,0.0,Possible Injury,Left Turn,Daylight,Clear,Dry,37.0,Male,South,Making Left Turn,Failed To Yield Right Of Way,No Apparent Influence,No Apparent Influence,22.0,Female,North,Going Straight Ahead,No Improper Action,No Apparent Influence,No Apparent Influence,33.33452529,-111.9631174,2022-06-30,23:17:00
44363,3956680,2022,McClintock Dr,12th St,0.0,Intersection T Inter 203,1.0,0.0,Suspected Minor Injury,Left Turn,Daylight,Clear,Dry,24.0,Male,North,Making Left Turn,Failed To Yield Right Of Way,No Apparent Influence,No Apparent Influence,31.0,Male,South,Going Straight Ahead,No Improper Action,No Apparent Influence,No Apparent Influence,33.41615033,-111.909118,2022-07-01,00:25:00
44365,3920065,2022,McClintock Dr,US-60 Exit 175 C-Ramp,0.0,Intersection Related 206,1.0,0.0,Suspected Minor Injury,Rear End,Daylight,Clear,Dry,37.0,Female,West,Going Straight Ahead,Speed To Fast For Conditions,No Apparent Influence,No Apparent Influence,41.0,Female,West,Stopped In Trafficway,No Improper Action,No Apparent Influence,No Apparent Influence,33.38624163,-111.9091919,2022-07-01,01:08:00
44366,3996829,2022,I-10 Cardinal Frontage,Broadway Rd,0.0,Intersection 4 Way 202,1.0,0.0,Suspected Minor Injury,Angle - Other Than Left Turn 2,Daylight,Clear,Dry,67.0,Male,West,Going Straight Ahead,Disregarded Traffic Signal,No Apparent Influence,No Apparent Influence,48.0,Male,South,Making Left Turn,No Improper Action,No Apparent Influence,No Apparent Influence,33.40845125,-111.9735973,2022-07-01,13:48:00
44368,3966632,2022,Scottsdale Rd,McKellips Rd,-30.0,Intersection Related 206,1.0,0.0,Possible Injury,Rear End,Daylight,Clear,Dry,44.0,Male,North,Slowing In Trafficway,Speed To Fast For Conditions,No Apparent Influence,No Apparent Influence,42.0,Female,North,Stopped In Trafficway,No Improper Action,No Apparent Influence,No Apparent Influence,33.45115852,-111.9264697,2022-07-01,20:52:00
44369,4014492,2022,Hardy Dr,5th St,0.0,Intersection 4 Way 202,0.0,0.0,No Injury,Angle - Other Than Left Turn 2,Daylight,Clear,Dry,29.0,Male,South,Going Straight Ahead,Ran Stop Sign,No Apparent Influence,No Apparent Influence,55.0,Male,East,Going Straight Ahead,No Improper Action,No Apparent Influence,No Apparent Influence,33.42549053,-111.9522707,2022-07-01,21:04:00
44372,3996779,2022,Price Rd,University Dr,-35.0,Intersection Related 206,0.0,0.0,No Injury,Sideswipe Same Direction,Daylight,Clear,Dry,45.0,Female,North,Going Straight Ahead,Failed To Keep In Proper Lane,No Apparent Influence,No Apparent Influence,21.0,Male,North,Going Straight Ahead,No Improper Action,No Apparent Influence,No Apparent Influence,33.42192116,-111.8903125,2022-07-02,00:36:00
44374,3966998,2022,Rio Salado Pkwy,Price Rd,0.0,Intersection 201,0.0,0.0,No Injury,Angle - Other Than Left Turn 2,Dark Lighted,Clear,Dry,33.0,Male,West,Going Straight Ahead,Disregarded Traffic Signal,No Apparent Influence,No Apparent Influence,36.0,Male,South,Going Straight Ahead,No Improper Action,No Apparent Influence,No Apparent Influence,33.42931447,-111.890264,2022-07-02,04:39:00
44377,3969758,2022,Mill Ave,US-60 Exit 173 A-Ramp,0.0,Intersection 201,0.0,0.0,No Injury,Rear End,Unknown 51,Unknown,Dry,44.0,Male,South,Going Straight Ahead,Speed To Fast For Conditions,No Apparent Influence,No Apparent Influence,22.0,Female,South,Stopped In Trafficway,No Improper Action,No Apparent Influence,No Apparent Influence,33.38510724,-111.9394705,2022-07-02,22:21:00
44379,3966631,2022,McClintock Dr,E Tempe Marketplace,-116.0,Intersection Related 206,1.0,0.0,Suspected Minor Injury,Rear End,Dark Lighted,Clear,Dry,57.0,Female,North,Going Straight Ahead,Followed Too Closely,No Apparent Influence,No Apparent Influence,29.0,Male,North,Going Straight Ahead,No Improper Action,No Apparent Influence,No Apparent Influence,33.43176726,-111.9092557,2022-07-03,04:26:00
44380,3966880,2022,Elliot Rd,Price Rd,0.0,Intersection 4 Way 202,0.0,0.0,No Injury,Left Turn,Daylight,Clear,Dry,17.0,Male,West,Making Left Turn,Failed To Yield Right Of Way,No Apparent Influence,No Apparent Influence,62.0,Male,East,Going Straight Ahead,No Improper Action,No Apparent Influence,No Apparent Influence,33.34934277,-111.8943665,2022-07-03,22:21:00
44381,3989527,2022,Mill Ave,US-60 Exit 173 C-Ramp,0.0,Intersection 4 Way 202,1.0,0.0,Possible Injury,Angle - Other Than Left Turn 2,Daylight,Clear,Dry,21.0,Male,West,Making Left Turn,Speed To Fast For Conditions,No Apparent Influence,No Apparent Influence,25.0,Female,South,Making Right Turn,No Improper Action,No Apparent Influence,No Apparent Influence,33.38604462,-111.9394806,2022-07-04,02:37:00
44382,3966620,2022,48th St,Southern Ave,-45.0,Driveway Or Alley,0.0,0.0,No Injury,Left Turn,Dark Lighted,Clear,Dry,30.0,Female,South,Making Left Turn,Failed To Yield Right Of Way,No Apparent Influence,No Apparent Influence,22.0,Male,South,Going Straight Ahead,No Improper Action,No Apparent Influence,No Apparent Influence,33.39264367,-111.9783396,2022-07-04,05:30:00
44383,3996826,2022,Southshore Dr,Marine Dr,0.0,Intersection T Inter 203,0.0,0.0,No Injury,Angle - Other Than Left Turn 2,Daylight,Clear,Dry,45.0,Female,South,Making Left Turn,Ran Stop Sign,No Apparent Influence,No Apparent Influence,46.0,Male,West,Going Straight Ahead,No Improper Action,No Apparent Influence,No Apparent Influence,33.3712602,-111.9144901,2022-07-04,16:26:00
44385,3996817,2022,Elliot Rd,Priest Dr,-35.0,Intersection Related 206,0.0,0.0,No Injury,Rear End,Daylight,Clear,Dry,34.0,Female,East,Going Straight Ahead,Speed To Fast For Conditions,No Apparent Influence,No Apparent Influence,31.0,Female,East,Stopped In Trafficway,No Improper Action,No Apparent Influence,No Apparent Influence,33.34910186,-111.9632479,2022-07-05,01:41:00
44386,3969183,2022,Rural Rd,Broadway Rd,65.0,Not Junction Related,0.0,0.0,No Injury,Sideswipe Same Direction,Dark Lighted,Clear,Dry,35.0,Male,South,Changing Lanes,Unsafe Lane Change,Alcohol,No Apparent Influence,47.0,Male,South,Going Straight Ahead,No Improper Action,No Apparent Influence,No Apparent Influence,33.40768037,-111.926283,2022-07-05,04:32:00
44391,3962142,2022,University Dr,Lola Ln,0.0,Intersection 201,1.0,0.0,Suspected Minor Injury,Sideswipe Same Direction,Daylight,Clear,Dry,48.0,Male,East,Changing Lanes,Unsafe Lane Change,Alcohol,No Apparent Influence,70.0,Male,East,Going Straight Ahead,No Improper Action,No Apparent Influence,No Apparent Influence,33.42206228,-111.893979,2022-07-06,00:34:00
44392,3996825,2022,Harl Ave,Drake Dr,0.0,Intersection 4 Way 202,1.0,0.0,Suspected Minor Injury,Angle - Other Than Left Turn 2,Dark Lighted,Clear,Dry,81.0,Female,West,Going Straight Ahead,Ran Stop Sign,No Apparent Influence,No Apparent Influence,23.0,Male,South,Going Straight Ahead,No Improper Action,No Apparent Influence,No Apparent Influence,33.35510322,-111.9665049,2022-07-06,02:54:00
44396,3966997,2022,Scottsdale Rd,Curry Rd,-85.0,Intersection Related 206,0.0,0.0,No Injury,Rear End,Daylight,Clear,Dry,44.0,Female,North,Going Straight Ahead,Followed Too Closely,No Apparent Influence,No Apparent Influence,20.0,Female,North,Stopped In Trafficway,No Improper Action,No Apparent Influence,No Apparent Influence,33.44006004,-111.9263271,2022-07-06,18:07:00
44398,3966995,2022,Rural Rd,Strahan Dr,14.0,Intersection Related 206,0.0,0.0,No Injury,Rear End,Daylight,Clear,Dry,18.0,Female,South,Going Straight Ahead,Followed Too Closely,No Apparent Influence,No Apparent Influence,25.0,Female,South,Slowing In Trafficway,No Improper Action,No Apparent Influence,No Apparent Influence,33.361022,-111.928585,2022-07-06,21:10:00
44399,3966624,2022,Baseline Rd,I-10 Exit 155 J1-Ramp,60.0,Intersection Related 206,1.0,0.0,Suspected Minor Injury,Rear End,Daylight,Clear,Dry,25.0,Female,West,Going Straight Ahead,Speed To Fast For Conditions,No Apparent Influence,No Apparent Influence,56.0,Female,West,Stopped In Trafficway,No Improper Action,No Apparent Influence,No Apparent Influence,33.37829644,-111.9671825,2022-07-06,22:14:00
44405,3966619,2022,Rural Rd,Broadway Rd,146.0,Intersection Related 206,0.0,0.0,No Injury,Sideswipe Same Direction,Daylight,Clear,Dry,25.0,Male,North,Changing Lanes,Unsafe Lane Change,No Apparent Influence,No Apparent Influence,22.0,Female,North,Going Straight Ahead,No Improper Action,No Apparent Influence,No Apparent Influence,33.40790298,-111.9262831,2022-07-08,00:56:00
44406,3966873,2022,Baseline Rd,Wendler Dr,0.0,Intersection T Inter 203,0.0,0.0,No Injury,Left Turn,Dark Lighted,Clear,Dry,30.0,Female,East,Going Straight Ahead,Disregarded Traffic Signal,No Apparent Influence,No Apparent Influence,26.0,Male,Southeast,Making Left Turn,No Improper Action,No Apparent Influence,No Apparent Influence,33.37825837,-111.9697859,2022-07-08,06:57:00
44407,3968663,2022,Rural Rd,E Terrace Rd,-91.0,Intersection Other 204,0.0,0.0,No Injury,Left Turn,Daylight,Clear,Dry,20.0,Female,West,Making Left Turn,Failed To Yield Right Of Way,No Apparent Influence,No Apparent Influence,72.0,Male,East,Going Straight Ahead,No Improper Action,No Apparent Influence,No Apparent Influence,33.41889158,-111.9262982,2022-07-08,14:43:00
44408,3966878,2022,Elliot Rd,River Pkwy,15.0,Intersection Related 206,0.0,0.0,No Injury,Sideswipe Same Direction,Daylight,Clear,Dry,53.0,Male,West,Making Right Turn,Made Improper Turn,No Apparent Influence,No Apparent Influence,25.0,Female,West,Going Straight Ahead,No Improper Action,No Apparent Influence,No Apparent Influence,33.34927782,-111.8978592,2022-07-08,16:34:00
44410,3968662,2022,Curry Rd,Scottsdale Rd,-80.0,Not Junction Related,0.0,0.0,No Injury,Sideswipe Same Direction,Daylight,Clear,Dry,47.0,Female,East,Making Right Turn,Speed To Fast For Conditions,No Apparent Influence,No Apparent Influence,32.0,Female,East,Stopped In Trafficway,No Improper Action,No Apparent Influence,No Apparent Influence,33.44029059,-111.9265991,2022-07-08,20:00:00
44411,3965180,2022,Southern Ave,McClintock Dr,-40.0,Intersection Related 206,0.0,0.0,No Injury,Rear End,Daylight,Clear,Dry,17.0,Female,East,Going Straight Ahead,Speed To Fast For Conditions,No Apparent Influence,No Apparent Influence,40.0,Male,East,Stopped In Trafficway,No Improper Action,No Apparent Influence,No Apparent Influence,33.39299247,-111.9092577,2022-07-08,21:04:00
44412,3966879,2022,Kyrene Rd,Warner Rd,0.0,Intersection 4 Way 202,2.0,0.0,Suspected Minor Injury,Angle - Other Than Left Turn 2,Daylight,Clear,Dry,47.0,Female,North,Going Straight Ahead,Disregarded Traffic Signal,No Apparent Influence,No Apparent Influence,17.0,Male,West,Going Straight Ahead,No Improper Action,No Apparent Influence,No Apparent Influence,33.33460171,-111.9456572,2022-07-08,22:37:00
44413,3967017,2022,Baseline Rd,I-10 Exit 155 A1-Ramp,-30.0,Intersection Related 206,0.0,0.0,No Injury,Sideswipe Same Direction,Daylight,Clear,Dry,40.0,Male,South,Making Left Turn,Unknown,No Apparent Influence,No Apparent Influence,24.0,Female,South,Making Left Turn,Unknown,No Apparent Influence,No Apparent Influence,33.37826932,-111.9687311,2022-07-08,23:45:00
44414,3966635,2022,Baseline Rd,Priest Dr,0.0,Intersection 4 Way 202,0.0,0.0,No Injury,Sideswipe Same Direction,Daylight,Clear,Dry,27.0,Male,Northwest,Making Left Turn,No Improper Action,No Apparent Influence,No Apparent Influence,45.0,Male,Northwest,Making Left Turn,No Improper Action,No Apparent Influence,No Apparent Influence,33.37824385,-111.963175,2022-07-09,01:00:00
44415,3967127,2022,Mill Ave,Baseline Rd,50.0,Driveway Or Alley,1.0,0.0,Possible Injury,Angle - Other Than Left Turn 2,Daylight,Clear,Dry,23.0,Male,Northeast,Making Left Turn,Failed To Yield Right Of Way,No Apparent Influence,No Apparent Influence,30.0,Female,South,Going Straight Ahead,No Improper Action,No Apparent Influence,No Apparent Influence,33.37834834,-111.9393677,2022-07-09,01:05:00
44416,3921340,2022,US-60 Exit 172 C2-Ramp,Unknown,0.0,Entrance Exit Ramp 205,1.0,0.0,Possible Injury,Sideswipe Same Direction,Daylight,Clear,Dry,24.0,Male,West,Unknown,Unknown,No Apparent Influence,No Apparent Influence,39.0,Male,West,Going Straight Ahead,No Improper Action,No Apparent Influence,No Apparent Influence,33.38796119,-111.9605455,2022-07-09,01:29:00
44417,3963594,2022,Rural Rd,Minton Dr,0.0,Intersection 4 Way 202,0.0,0.0,No Injury,Left Turn,Dark Not Lighted,Clear,Dry,25.0,Male,North,Going Straight Ahead,Speed To Fast For Conditions,Alcohol,No Apparent Influence,23.0,Male,East,Making Left Turn,No Improper Action,No Apparent Influence,No Apparent Influence,33.37989071,-111.9284213,2022-07-09,08:50:00
44419,3967109,2022,48th St,Broadway Rd,-35.0,Intersection Related 206,0.0,0.0,No Injury,Rear End,Dark Lighted,Clear,Dry,24.0,Male,North,Going Straight Ahead,Followed Too Closely,No Apparent Influence,No Apparent Influence,37.0,Male,North,Slowing In Trafficway,No Improper Action,No Apparent Influence,No Apparent Influence,33.4072327,-111.978288,2022-07-09,10:00:00
44420,3996778,2022,Warner Rd,Kyrene Rd,0.0,Intersection 201,0.0,0.0,No Injury,Left Turn,Daylight,Clear,Dry,16.0,Male,East,Making Left Turn,Made Improper Turn,No Apparent Influence,No Apparent Influence,56.0,Male,East,Going Straight Ahead,No Improper Action,No Apparent Influence,No Apparent Influence,33.33460174,-111.9456572,2022-07-09,15:02:00
44421,3966881,2022,Elliot Rd,I-10 Exit 157 C-Ramp,-25.0,Intersection Related 206,1.0,0.0,Possible Injury,Rear End,Daylight,Clear,Dry,31.0,Male,East,Going Straight Ahead,Speed To Fast For Conditions,No Apparent Influence,No Apparent Influence,67.0,Female,East,Stopped In Trafficway,No Improper Action,No Apparent Influence,No Apparent Influence,33.34909514,-111.9710194,2022-07-09,20:37:00
44425,3961662,2022,Broadway Rd,55th St,-20.0,Intersection Related 206,0.0,0.0,No Injury,Sideswipe Same Direction,Dusk,Clear,Dry,51.0,Male,East,Going Straight Ahead,Unsafe Lane Change,Alcohol,No Apparent Influence,35.0,Male,East,Going Straight Ahead,No Improper Action,No Apparent Influence,No Apparent Influence,33.40759152,-111.9658861,2022-07-10,01:43:00
44427,3966923,2022,Broadway Rd,55th St,0.0,Intersection 4 Way 202,0.0,0.0,No Injury,Left Turn,Dusk,Clear,Dry,35.0,Male,East,Making Left Turn,Failed To Yield Right Of Way,No Apparent Influence,No Apparent Influence,22.0,Male,West,Going Straight Ahead,No Improper Action,No Apparent Influence,No Apparent Influence,33.40757611,-111.9658235,2022-07-10,02:51:00
44428,3966633,2022,Southern Ave,Country Club Way,10.0,Intersection Related 206,2.0,0.0,Possible Injury,Rear End,Dark Lighted,Clear,Dry,24.0,Female,West,Going Straight Ahead,Other,No Apparent Influence,No Apparent Influence,49.0,Female,West,Going Straight Ahead,No Improper Action,No Apparent Influence,No Apparent Influence,33.39298063,-111.9005229,2022-07-10,03:22:00
44429,3969559,2022,Apache Blvd,Price Rd,-68.0,Intersection 4 Way 202,1.0,0.0,Possible Injury,Angle - Other Than Left Turn 2,Dark Lighted,Clear,Dry,22.0,Male,North,Going Straight Ahead,Wrong Way Driving,No Apparent Influence,No Apparent Influence,52.0,Female,West,Going Straight Ahead,No Improper Action,No Apparent Influence,No Apparent Influence,33.41479654,-111.8921687,2022-07-10,04:38:00
44432,3921741,2022,48th St,Broadway Rd,0.0,Intersection 201,0.0,0.0,No Injury,Sideswipe Same Direction,Daylight,Clear,Dry,43.0,Female,East,Making Left Turn,Failed To Keep In Proper Lane,No Apparent Influence,No Apparent Influence,35.0,Male,East,Making Left Turn,No Improper Action,No Apparent Influence,No Apparent Influence,33.40732886,-111.9782876,2022-07-10,13:43:00
44433,3967015,2022,Rural Rd,Alameda Dr,0.0,Intersection 4 Way 202,0.0,0.0,No Injury,Angle - Other Than Left Turn 2,Daylight,Clear,Dry,70.0,Female,South,Going Straight Ahead,Disregarded Traffic Signal,No Apparent Influence,No Apparent Influence,33.0,Male,East,Making Right Turn,No Improper Action,No Apparent Influence,No Apparent Influence,33.40022626,-111.926313,2022-07-10,14:00:00
44435,3967009,2022,McClintock Dr,SR-202 Exit 8 A-Ramp,0.0,Not Junction Related,0.0,0.0,No Injury,Rear End,Daylight,Clear,Dry,23.0,Female,North,Going Straight Ahead,Speed To Fast For Conditions,No Apparent Influence,No Apparent Influence,27.0,Male,North,Stopped In Trafficway,No Improper Action,No Apparent Influence,No Apparent Influence,33.43645638,-111.909614,2022-07-11,00:41:00
44436,3961660,2022,Scottsdale Rd,Hancock Ave,-10.0,Intersection Related 206,0.0,0.0,No Injury,Rear End,Dark Lighted,Clear,Dry,61.0,Male,South,Going Straight Ahead,Speed To Fast For Conditions,Alcohol,No Apparent Influence,24.0,Male,South,Going Straight Ahead,No Improper Action,No Apparent Influence,No Apparent Influence,33.44662942,-111.9264548,2022-07-11,04:01:00
44442,3966636,2022,University Dr,McClintock Dr,221.0,Not Junction Related,1.0,0.0,Suspected Minor Injury,Left Turn,Daylight,Clear,Dry,22.0,Male,East,Making Left Turn,Failed To Yield Right Of Way,No Apparent Influence,No Apparent Influence,31.0,Male,West,Going Straight Ahead,No Improper Action,No Apparent Influence,No Apparent Influence,33.42199517,-111.9083623,2022-07-12,00:13:00
44443,3967016,2022,McClintock Dr,Broadway Rd,0.0,Intersection Related 206,0.0,0.0,No Injury,Rear End,Daylight,Clear,Dry,23.0,Male,North,Making Right Turn,Failed To Yield Right Of Way,No Apparent Influence,No Apparent Influence,27.0,Male,North,Going Straight Ahead,No Improper Action,No Apparent Influence,No Apparent Influence,33.40750024,-111.9091249,2022-07-12,01:23:00
44445,3966877,2022,McClintock Dr,3rd St,0.0,Intersection T Inter 203,2.0,0.0,Suspected Minor Injury,Left Turn,Daylight,Clear,Dry,24.0,Male,South,Making Left Turn,Failed To Yield Right Of Way,No Apparent Influence,No Apparent Influence,27.0,Male,North,Going Straight Ahead,No Improper Action,No Apparent Influence,No Apparent Influence,33.42739678,-111.909062,2022-07-12,15:55:00
44447,3961674,2022,Southern Ave,La Corta Dr,40.0,Not Junction Related,2.0,0.0,Suspected Minor Injury,Head On,Daylight,Clear,Dry,23.0,Male,East,Going Straight Ahead,Failed To Keep In Proper Lane,No Apparent Influence,Drugs,82.0,Female,West,Slowing In Trafficway,No Improper Action,No Apparent Influence,No Apparent Influence,33.39292531,-111.9323091,2022-07-12,20:55:00
44449,3967000,2022,48th St,I-10 Cardinal Frontage,0.0,Intersection 4 Way 202,0.0,0.0,No Injury,Unknown,Daylight,Clear,Dry,28.0,Male,North,Unknown,Unknown,No Apparent Influence,No Apparent Influence,62.0,Male,North,Unknown,Unknown,No Apparent Influence,No Apparent Influence,33.40932389,-111.9782234,2022-07-12,22:49:00
44451,3961732,2022,Warner Rd,I-10 Exit 158 J-Ramp,-15.0,Intersection Related 206,1.0,0.0,Suspected Minor Injury,Rear End,Dark Lighted,Clear,Dry,27.0,Male,East,Going Straight Ahead,Speed To Fast For Conditions,No Apparent Influence,No Apparent Influence,21.0,Male,East,Stopped In Trafficway,No Improper Action,No Apparent Influence,No Apparent Influence,33.33436083,-111.9715567,2022-07-13,09:18:00
44452,3966934,2022,McClintock Dr,Broadway Rd,50.0,Intersection Related 206,0.0,0.0,No Injury,Sideswipe Opposite Direction,Daylight,Clear,Dry,36.0,Male,West,Making Right Turn,Speed To Fast For Conditions,No Apparent Influence,No Apparent Influence,36.0,Male,South,Going Straight Ahead,No Improper Action,No Apparent Influence,No Apparent Influence,33.40763755,-111.9091249,2022-07-13,13:37:00
44453,3966876,2022,Baseline Rd,Wendler Dr,0.0,Intersection T Inter 203,0.0,0.0,No Injury,Left Turn,Daylight,Clear,Dry,58.0,Female,East,Going Straight Ahead,Unknown,No Apparent Influence,No Apparent Influence,35.0,Male,South,Making Left Turn,Unknown,No Apparent Influence,No Apparent Influence,33.37825837,-111.9697859,2022-07-13,17:20:00
44457,3963574,2022,McClintock Dr,SR-202 Exit 8 J-Ramp,0.0,Intersection T Inter 203,2.0,0.0,Possible Injury,Left Turn,Dark Lighted,Cloudy,Dry,28.0,Female,North,Making Left Turn,Failed To Yield Right Of Way,No Apparent Influence,No Apparent Influence,24.0,Female,South,Going Straight Ahead,No Improper Action,No Apparent Influence,No Apparent Influence,33.43662129,-111.9096218,2022-07-14,03:37:00
44459,3966922,2022,SR-202 Exit 8 A-Ramp,Unknown,0.0,Intersection Related 206,0.0,0.0,No Injury,Sideswipe Same Direction,Daylight,Cloudy,Dry,21.0,Male,East,Making Right Turn,Made Improper Turn,No Apparent Influence,No Apparent Influence,31.0,Male,East,Stopped In Trafficway,No Improper Action,No Apparent Influence,No Apparent Influence,33.43645636,-111.9097347,2022-07-14,14:07:00
44460,3923282,2022,US-60 Exit 175 A-Ramp,Unknown,0.0,Entrance Exit Ramp 205,0.0,0.0,No Injury,Rear End,Daylight,Clear,Dry,52.0,Female,East,Slowing In Trafficway,Speed To Fast For Conditions,No Apparent Influence,No Apparent Influence,62.0,Male,East,Stopped In Trafficway,No Improper Action,No Apparent Influence,No Apparent Influence,33.38516813,-111.9095147,2022-07-14,16:09:00
44462,3963580,2022,Beck Ave,7th St,-147.0,Not Junction Related,1.0,0.0,Suspected Minor Injury,Left Turn,Daylight,Clear,Dry,44.0,Female,North,Making Left Turn,Made Improper Turn,No Apparent Influence,No Apparent Influence,19.0,Male,South,Going Straight Ahead,No Improper Action,No Apparent Influence,No Apparent Influence,33.42364289,-111.9566302,2022-07-14,17:22:00
44464,3966627,2022,Southern Ave,Mill Ave,200.0,Not Junction Related,0.0,0.0,No Injury,Rear End,Daylight,Clear,Dry,39.0,Male,East,Going Straight Ahead,Speed To Fast For Conditions,No Apparent Influence,No Apparent Influence,64.0,Male,East,Stopped In Trafficway,No Improper Action,No Apparent Influence,No Apparent Influence,33.3928688,-111.9389493,2022-07-14,23:28:00
44467,3966996,2022,Rural Rd,Encanto Dr,-122.0,Not Junction Related,0.0,0.0,No Injury,Rear End,Daylight,Clear,Dry,24.0,Female,South,Going Straight Ahead,No Improper Action,No Apparent Influence,No Apparent Influence,57.0,Female,South,Slowing In Trafficway,Unknown,No Apparent Influence,No Apparent Influence,33.40943018,-111.9262838,2022-07-15,18:07:00
44470,3968661,2022,Mill Ave,University Dr,-117.0,Intersection Related 206,0.0,0.0,No Injury,Sideswipe Same Direction,Daylight,Clear,Dry,38.0,Male,South,Making Right Turn,Made Improper Turn,No Apparent Influence,No Apparent Influence,38.0,Female,South,Slowing In Trafficway,No Improper Action,No Apparent Influence,No Apparent Influence,33.42161363,-111.9400024,2022-07-15,22:46:00
44472,3966924,2022,Scottsdale Rd,McKellips Rd,50.0,Not Junction Related,0.0,0.0,No Injury,Rear End,Daylight,Clear,Dry,23.0,Male,North,Going Straight Ahead,Followed Too Closely,No Apparent Influence,No Apparent Influence,47.0,Male,North,Making Right Turn,No Improper Action,No Apparent Influence,No Apparent Influence,33.45137804,-111.9264664,2022-07-16,00:02:00
44473,3963556,2022,Priest Dr,S Plaza Dr,0.0,Intersection T Inter 203,1.0,0.0,Suspected Minor Injury,Angle - Other Than Left Turn 2,Daylight,Clear,Dry,29.0,Female,East,Making Left Turn,Failed To Yield Right Of Way,No Apparent Influence,No Apparent Influence,53.0,Female,South,Going Straight Ahead,No Improper Action,No Apparent Influence,No Apparent Influence,33.40141401,-111.9607743,2022-07-16,00:50:00
44474,3996822,2022,Southern Ave,McAllister Ave,45.0,Not Junction Related,0.0,0.0,No Injury,Angle - Other Than Left Turn 2,Daylight,Clear,Dry,74.0,Female,South,Making Left Turn,Failed To Yield Right Of Way,No Apparent Influence,No Apparent Influence,25.0,Male,West,Going Straight Ahead,No Improper Action,No Apparent Influence,No Apparent Influence,33.39293531,-111.9304755,2022-07-16,01:36:00
44477,3969438,2022,McClintock Dr,University Dr,0.0,Intersection Related 206,0.0,0.0,No Injury,Angle - Other Than Left Turn 2,Dark Lighted,Clear,Dry,22.0,Female,South,Going Straight Ahead,Speed To Fast For Conditions,Alcohol,No Apparent Influence,26.0,Female,East,Going Straight Ahead,No Improper Action,No Apparent Influence,No Apparent Influence,33.42198261,-111.9090862,2022-07-16,09:40:00
44480,4047251,2022,Elliot Rd,I-10 Exit 157 C-Ramp,0.0,Intersection 4 Way 202,0.0,0.0,No Injury,Left Turn,Daylight,Clear,Dry,18.0,Female,South,Making Left Turn,Ran Stop Sign,No Apparent Influence,No Apparent Influence,41.0,Male,East,Going Straight Ahead,No Improper Action,No Apparent Influence,No Apparent Influence,33.34909552,-111.9709375,2022-07-16,19:51:00