,Incident ID,Year,Street Name,Cross Street,Distance,Junction Relation,Total Injuries,Total Fatalities,Injury Severity,Collision Manner,Light Condition,Weather,Surface Condition,Age Driver 1,Gender Driver 1,Travel Direction One,Unit Action One,Violation1_Drv1,Alcohol Use Driver 1,Drug Use Driver 1,Age Driver 2,Gender Driver 2,Travel Direction Two,Unit Action Two,Violation 1 Driver 2,Alcohol Use Driver 2,Drug Use Driver 2,Latitude,Longitude,Date,Time
44629,3965173,2022,Test Dr,Auto Dr,0.0,Intersection T Inter 203,2.0,0.0,Suspected Minor Injury,Angle - Other Than Left Turn 2,Daylight,Clear,Dry,19.0,Female,Southeast,Making Left Turn,Failed To Yield Right Of Way,No Apparent Influence,No Apparent Influence,24.0,Female,Southwest,Going Straight Ahead,No Improper Action,No Apparent Influence,No Apparent Influence,33.34507658,-111.9653316,2022-08-03,22:52:00
44631,3967139,2022,Mill Ave,6th St,0.0,Intersection 4 Way 202,0.0,0.0,No Injury,Left Turn,Dark Lighted,Rain,Wet,58.0,Male,North,Making Left Turn,Failed To Yield Right Of Way,No Apparent Influence,No Apparent Influence,58.0,Male,South,Going Straight Ahead,No Improper Action,No Apparent Influence,No Apparent Influence,33.42434664,-111.940015,2022-08-04,12:46:00
44634,3968115,2022,McClintock Dr,Lemon St,0.0,Intersection T Inter 203,0.0,0.0,No Injury,Angle - Other Than Left Turn 2,Daylight,Rain,Wet,26.0,Female,West,Making Right Turn,Failed To Yield Right Of Way,No Apparent Influence,No Apparent Influence,56.0,Male,North,Going Straight Ahead,No Improper Action,No Apparent Influence,No Apparent Influence,33.41684894,-111.9091135,2022-08-04,15:23:00
44636,3965151,2022,Broadway Rd,Dorsey Ln,0.0,Intersection 4 Way 202,0.0,0.0,No Injury,Angle - Other Than Left Turn 2,Daylight,Clear,Dry,55.0,Male,North,Making Right Turn,Failed To Yield Right Of Way,No Apparent Influence,No Apparent Influence,25.0,Male,East,Going Straight Ahead,No Improper Action,No Apparent Influence,No Apparent Influence,33.40750558,-111.917697,2022-08-04,18:26:00
44637,3929317,2022,I-10 Exit 153 A-Ramp,Unknown,0.0,Entrance Exit Ramp 205,0.0,0.0,No Injury,Rear End,Daylight,Clear,Dry,42.0,Male,East,Making Right Turn,Speed To Fast For Conditions,No Apparent Influence,No Apparent Influence,38.0,Male,East,Making Right Turn,No Improper Action,No Apparent Influence,No Apparent Influence,33.40932203,-111.978353,2022-08-04,19:31:00
44638,3986130,2022,Priest Dr,Grove Pkwy,0.0,Intersection Other 204,0.0,0.0,No Injury,Sideswipe Same Direction,Daylight,Clear,Dry,26.0,Male,West,Other,Unknown,No Apparent Influence,No Apparent Influence,32.0,Male,West,Negotiating A Curve,Unknown,No Apparent Influence,No Apparent Influence,33.35147722,-111.9624618,2022-08-04,22:45:00
44639,3965169,2022,Southern Ave,48th St,220.0,Intersection Related 206,0.0,0.0,No Injury,Sideswipe Same Direction,Daylight,Clear,Dry,71.0,Female,West,Changing Lanes,Unsafe Lane Change,No Apparent Influence,No Apparent Influence,46.0,Female,West,Going Straight Ahead,No Improper Action,No Apparent Influence,No Apparent Influence,33.3927712,-111.9776178,2022-08-04,23:09:00
44641,3965147,2022,Warner Rd,I-10 Exit 158 C-Ramp,-123.0,Intersection Related 206,0.0,0.0,No Injury,Rear End,Daylight,Clear,Dry,36.0,Female,East,Slowing In Trafficway,Speed To Fast For Conditions,No Apparent Influence,No Apparent Influence,18.0,Female,East,Stopped In Trafficway,No Improper Action,No Apparent Influence,No Apparent Influence,33.33436052,-111.9719103,2022-08-04,23:36:00
44642,3968674,2022,Apache Blvd,Rural Rd,200.0,Intersection Related 206,0.0,0.0,No Injury,Rear End,Daylight,Clear,Dry,20.0,Male,West,Changing Lanes,Speed To Fast For Conditions,No Apparent Influence,No Apparent Influence,29.0,Male,West,Stopped In Trafficway,No Improper Action,No Apparent Influence,No Apparent Influence,33.41475958,-111.9256373,2022-08-05,00:00:00
44647,3967112,2022,Priest Dr,SR-202 Non-Cardinal Frontage,0.0,Intersection 4 Way 202,0.0,0.0,No Injury,Sideswipe Same Direction,Daylight,Clear,Dry,46.0,Female,North,Making Right Turn,Made Improper Turn,No Apparent Influence,No Apparent Influence,28.0,Female,North,Going Straight Ahead,No Improper Action,No Apparent Influence,No Apparent Influence,33.43850177,-111.9608415,2022-08-05,12:15:00
44648,3931590,2022,Price Rd,Baseline Rd,0.0,Intersection 4 Way 202,1.0,0.0,Suspected Minor Injury,Left Turn,Daylight,Clear,Dry,46.0,Male,West,Going Straight Ahead,Unknown,No Apparent Influence,No Apparent Influence,46.0,Female,North,Unknown,Unknown,No Apparent Influence,No Apparent Influence,33.37845534,-111.8936163,2022-08-05,14:14:00
44650,3967038,2022,Scottsdale Rd,Gilbert Dr,0.0,Intersection T Inter 203,0.0,0.0,No Injury,Angle - Other Than Left Turn 2,Daylight,Clear,Dry,78.0,Male,East,Making Right Turn,Failed To Yield Right Of Way,No Apparent Influence,No Apparent Influence,37.0,Male,South,Going Straight Ahead,No Improper Action,No Apparent Influence,No Apparent Influence,33.43756227,-111.9262752,2022-08-05,22:50:00
44651,3929162,2022,University Dr,SR-143 Exit 1 G-Ramp,70.0,Intersection 4 Way 202,0.0,0.0,No Injury,Angle - Other Than Left Turn 2,Daylight,Clear,Dry,75.0,Male,Southwest,Making Right Turn,Failed To Keep In Proper Lane,No Apparent Influence,No Apparent Influence,43.0,Female,Northwest,Going Straight Ahead,No Improper Action,No Apparent Influence,No Apparent Influence,33.42189119,-111.9779417,2022-08-05,23:20:00
44652,3968155,2022,Mill Ave,Hermosa Dr,-15.0,Intersection Related 206,0.0,0.0,No Injury,Rear End,Daylight,Clear,Dry,46.0,Female,South,Going Straight Ahead,Speed To Fast For Conditions,No Apparent Influence,No Apparent Influence,28.0,Male,South,Slowing In Trafficway,Followed Too Closely,No Apparent Influence,No Apparent Influence,33.38816676,-111.9395258,2022-08-05,23:55:00
44653,3965154,2022,Kyrene Rd,Baseline Rd,0.0,Intersection T Inter 203,1.0,0.0,Possible Injury,Angle - Other Than Left Turn 2,Daylight,Clear,Dry,34.0,Male,South,Making Left Turn,Failed To Yield Right Of Way,No Apparent Influence,No Apparent Influence,27.0,Male,West,Going Straight Ahead,No Improper Action,No Apparent Influence,No Apparent Influence,33.37819996,-111.9459885,2022-08-06,00:49:00
44654,3930231,2022,US-60 Exit 172 C2-Ramp,Unknown,0.0,Entrance Exit Ramp 205,0.0,0.0,No Injury,Rear End,Dark Lighted,Clear,Dry,38.0,Female,West,Going Straight Ahead,Speed To Fast For Conditions,No Apparent Influence,No Apparent Influence,61.0,Female,West,Stopped In Trafficway,No Improper Action,No Apparent Influence,No Apparent Influence,33.38792294,-111.9604055,2022-08-06,03:37:00
44657,3968223,2022,Price Rd,University Dr,-50.0,Intersection Related 206,0.0,0.0,No Injury,Sideswipe Same Direction,Daylight,Clear,Dry,20.0,Female,North,Changing Lanes,Unsafe Lane Change,No Apparent Influence,No Apparent Influence,26.0,Female,North,Going Straight Ahead,No Improper Action,No Apparent Influence,No Apparent Influence,33.42188009,-111.8903148,2022-08-06,19:46:00
44658,3965164,2022,Elliot Rd,Los Feliz Dr,150.0,Intersection Related 206,0.0,0.0,No Injury,Sideswipe Same Direction,Daylight,Clear,Dry,22.0,Female,West,Changing Lanes,Unsafe Lane Change,No Apparent Influence,No Apparent Influence,33.0,Male,West,Going Straight Ahead,No Improper Action,No Apparent Influence,No Apparent Influence,33.34917494,-111.9063556,2022-08-06,19:59:00
44659,3965161,2022,Priest Dr,Southern Ave,0.0,Intersection 4 Way 202,0.0,0.0,No Injury,Angle - Other Than Left Turn 2,Daylight,Clear,Dry,24.0,Male,South,Going Straight Ahead,Disregarded Traffic Signal,No Apparent Influence,No Apparent Influence,61.0,Male,West,Going Straight Ahead,No Improper Action,No Apparent Influence,No Apparent Influence,33.39288398,-111.9607698,2022-08-06,22:39:00
44660,3931838,2022,SR-202 Exit 7 C-Ramp,Unknown,0.0,Intersection Related 206,0.0,0.0,No Injury,Rear End,Daylight,Clear,Dry,53.0,Male,West,Going Straight Ahead,Speed To Fast For Conditions,No Apparent Influence,No Apparent Influence,42.0,Female,West,Stopped In Trafficway,No Improper Action,No Apparent Influence,No Apparent Influence,33.43636684,-111.9260552,2022-08-06,22:39:00
44662,3968222,2022,McClintock Dr,University Dr,50.0,Not Junction Related,0.0,0.0,No Injury,Rear End,Daylight,Clear,Dry,19.0,Female,North,Going Straight Ahead,Followed Too Closely,No Apparent Influence,No Apparent Influence,56.0,Male,North,Slowing In Trafficway,No Improper Action,No Apparent Influence,No Apparent Influence,33.42211914,-111.9090964,2022-08-07,18:26:00
44664,3966944,2022,Mill Ave,Southern Ave,176.0,Driveway Or Alley,0.0,0.0,No Injury,Left Turn,Daylight,Clear,Dry,18.0,Male,South,Making Left Turn,Made Improper Turn,No Apparent Influence,No Apparent Influence,18.0,Male,North,Going Straight Ahead,No Improper Action,No Apparent Influence,No Apparent Influence,33.39334637,-111.939613,2022-08-07,23:38:00
44665,3968185,2022,Baseline Rd,Lakeshore Dr,25.0,Intersection Related 206,0.0,0.0,No Injury,Sideswipe Same Direction,Dark Lighted,Clear,Dry,44.0,Female,West,Changing Lanes,Unsafe Lane Change,No Apparent Influence,No Apparent Influence,20.0,Male,West,Going Straight Ahead,Unknown,No Apparent Influence,No Apparent Influence,33.37832387,-111.9204207,2022-08-08,06:03:00
44668,4047674,2022,Rural Rd,Baseline Rd,0.0,Intersection 4 Way 202,1.0,0.0,Possible Injury,Left Turn,Daylight,Clear,Dry,18.0,Male,Northwest,Making Left Turn,Disregarded Traffic Signal,No Apparent Influence,No Apparent Influence,25.0,Female,South,Going Straight Ahead,No Improper Action,No Apparent Influence,No Apparent Influence,33.37824921,-111.9286868,2022-08-08,15:39:00
44669,4036988,2022,Drake Dr,Harl Ave,0.0,Intersection 4 Way 202,2.0,0.0,Suspected Minor Injury,Angle - Other Than Left Turn 2,Daylight,Clear,Dry,36.0,Male,West,Going Straight Ahead,Exceeded Lawful Speed,No Apparent Influence,No Apparent Influence,50.0,Male,North,Going Straight Ahead,No Improper Action,No Apparent Influence,No Apparent Influence,33.35510324,-111.9665048,2022-08-08,15:44:00
44671,3967099,2022,Baseline Rd,Wendler Dr,100.0,Intersection Related 206,0.0,0.0,No Injury,Sideswipe Same Direction,Daylight,Clear,Dry,30.0,Male,West,Changing Lanes,Unsafe Lane Change,No Apparent Influence,No Apparent Influence,28.0,Female,West,Going Straight Ahead,No Improper Action,No Apparent Influence,No Apparent Influence,33.37826225,-111.9694588,2022-08-08,18:50:00
44672,3968116,2022,Scottsdale Rd,Weber Dr,-210.0,Driveway Or Alley,1.0,0.0,Suspected Minor Injury,Sideswipe Same Direction,Daylight,Clear,Dry,60.0,Male,North,Making Right Turn,Unsafe Lane Change,No Apparent Influence,No Apparent Influence,22.0,Male,North,Going Straight Ahead,No Improper Action,No Apparent Influence,No Apparent Influence,33.44341247,-111.9264232,2022-08-08,19:48:00
44674,3965165,2022,Rural Rd,Ray Rd,200.0,Driveway Or Alley,0.0,0.0,No Injury,Angle - Other Than Left Turn 2,Daylight,Clear,Dry,17.0,Male,West,Making Left Turn,Failed To Yield Right Of Way,No Apparent Influence,No Apparent Influence,16.0,Female,North,Going Straight Ahead,No Improper Action,No Apparent Influence,No Apparent Influence,33.32055657,-111.9281836,2022-08-08,22:08:00
44675,3968107,2022,Hazelton Ln,Oxford Dr,0.0,Intersection 4 Way 202,0.0,0.0,No Injury,Angle - Other Than Left Turn 2,Daylight,Clear,Dry,53.0,Female,North,Going Straight Ahead,Ran Stop Sign,No Apparent Influence,No Apparent Influence,41.0,Female,East,Going Straight Ahead,No Improper Action,No Apparent Influence,No Apparent Influence,33.37468745,-111.9048655,2022-08-08,22:37:00
44676,3966940,2022,Southern Ave,College Ave,-100.0,Intersection Related 206,0.0,0.0,No Injury,Sideswipe Same Direction,Daylight,Clear,Dry,63.0,Female,East,Changing Lanes,Unsafe Lane Change,No Apparent Influence,No Apparent Influence,64.0,Male,East,Slowing In Trafficway,No Improper Action,No Apparent Influence,No Apparent Influence,33.39290389,-111.9352456,2022-08-08,23:51:00
44680,3967114,2022,University Dr,Price Rd,0.0,Intersection 4 Way 202,1.0,0.0,Suspected Minor Injury,Left Turn,Dark Lighted,Clear,Dry,34.0,Male,North,Making Left Turn,Disregarded Traffic Signal,No Apparent Influence,No Apparent Influence,26.0,Male,West,Going Straight Ahead,No Improper Action,No Apparent Influence,No Apparent Influence,33.4220113,-111.8919545,2022-08-09,04:46:00
44681,3969241,2022,Curry Rd,Miller Rd,0.0,Intersection 4 Way 202,0.0,0.0,No Injury,Left Turn,Dark Lighted,Clear,Dry,32.0,Female,East,Making Left Turn,Failed To Yield Right Of Way,No Apparent Influence,No Apparent Influence,39.0,Female,West,Going Straight Ahead,No Improper Action,No Apparent Influence,No Apparent Influence,33.44037898,-111.9179592,2022-08-09,05:07:00
44683,3965134,2022,University Dr,Hohokam Dr,0.0,Intersection T Inter 203,0.0,0.0,No Injury,Angle - Other Than Left Turn 2,Daylight,Rain,Dry,37.0,Male,North,Making Left Turn,Failed To Yield Right Of Way,No Apparent Influence,No Apparent Influence,28.0,Male,East,Going Straight Ahead,No Improper Action,No Apparent Influence,No Apparent Influence,33.42193125,-111.9718008,2022-08-09,16:17:00
44686,3966935,2022,Baseline Rd,Rural Rd,-45.0,Intersection Related 206,0.0,0.0,No Injury,Sideswipe Same Direction,Daylight,Clear,Dry,36.0,Male,East,Changing Lanes,Unsafe Lane Change,No Apparent Influence,No Apparent Influence,22.0,Female,East,Going Straight Ahead,No Improper Action,No Apparent Influence,No Apparent Influence,33.37824838,-111.9288342,2022-08-09,21:04:00
44688,3983996,2022,University Dr,Price Rd,0.0,Intersection 4 Way 202,0.0,0.0,No Injury,Left Turn,Daylight,Clear,Dry,34.0,Male,South,Making Left Turn,Failed To Yield Right Of Way,No Apparent Influence,No Apparent Influence,79.0,Male,East,Going Straight Ahead,No Improper Action,No Apparent Influence,No Apparent Influence,33.4220113,-111.8919545,2022-08-09,22:40:00
44690,3966946,2022,Rural Rd,Southern Ave,30.0,Intersection Related 206,0.0,0.0,No Injury,Rear End,Daylight,Clear,Dry,18.0,Male,South,Going Straight Ahead,Speed To Fast For Conditions,No Apparent Influence,No Apparent Influence,49.0,Female,South,Stopped In Trafficway,No Improper Action,No Apparent Influence,No Apparent Influence,33.39304337,-111.9263257,2022-08-09,23:29:00
44691,3966941,2022,Carter Dr,Rural Rd,-54.0,Intersection Related 206,0.0,0.0,No Injury,Other,Daylight,Clear,Dry,19.0,Female,East,Backing,Other,No Apparent Influence,No Apparent Influence,26.0,Male,East,Stopped In Trafficway,No Improper Action,No Apparent Influence,No Apparent Influence,33.38120585,-111.9277539,2022-08-09,23:52:00
44693,3967126,2022,Warner Rd,Emerald Dr,-15.0,Intersection Related 206,2.0,0.0,Possible Injury,Rear End,Dark Lighted,Cloudy,Dry,28.0,Male,East,Going Straight Ahead,Speed To Fast For Conditions,No Apparent Influence,No Apparent Influence,40.0,Male,East,Stopped In Trafficway,No Improper Action,No Apparent Influence,No Apparent Influence,33.33450136,-111.966723,2022-08-10,11:56:00
44698,3931689,2022,I-10 Exit 158 C-Ramp,Unknown,0.0,Entrance Exit Ramp 205,0.0,0.0,No Injury,Rear End,Daylight,Clear,Dry,38.0,Male,West,Going Straight Ahead,Speed To Fast For Conditions,No Apparent Influence,No Apparent Influence,40.0,Female,West,Stopped In Trafficway,No Improper Action,No Apparent Influence,No Apparent Influence,33.33425911,-111.9715178,2022-08-10,21:03:00
44699,3965168,2022,Hardy Dr,Stephens Dr,-60.0,Driveway Or Alley,0.0,0.0,No Injury,Rear End,Daylight,Clear,Dry,20.0,Male,North,Going Straight Ahead,Speed To Fast For Conditions,No Apparent Influence,No Apparent Influence,20.0,Female,North,Slowing In Trafficway,No Improper Action,No Apparent Influence,No Apparent Influence,33.35305768,-111.95449,2022-08-10,23:21:00
44700,4047679,2022,Baseline Rd,I-10 Exit 155 A1-Ramp,-50.0,Intersection Related 206,0.0,0.0,No Injury,Sideswipe Same Direction,Daylight,Clear,Dry,26.0,Male,East,Changing Lanes,Unsafe Lane Change,No Apparent Influence,No Apparent Influence,24.0,Female,East,Changing Lanes,Unsafe Lane Change,No Apparent Influence,No Apparent Influence,33.37826875,-111.9687961,2022-08-10,23:56:00
44703,3983974,2022,University Dr,McClintock Dr,0.0,Driveway Or Alley,0.0,0.0,No Injury,Head On,Daylight,Clear,Dry,25.0,Male,Unknown,Making Left Turn,Failed To Yield Right Of Way,No Apparent Influence,No Apparent Influence,27.0,Male,East,Going Straight Ahead,No Improper Action,No Apparent Influence,No Apparent Influence,33.42198713,-111.9106431,2022-08-11,00:27:00
44704,3968210,2022,University Dr,Price Rd,60.0,Railway Grade Crossing,0.0,0.0,No Injury,Rear End,Dawn,Clear,Dry,44.0,Male,West,Going Straight Ahead,Speed To Fast For Conditions,No Apparent Influence,No Apparent Influence,28.0,Female,West,Going Straight Ahead,No Improper Action,No Apparent Influence,No Apparent Influence,33.42201924,-111.8901109,2022-08-11,01:22:00
44705,3969043,2022,Priest Dr,Broadway Rd,0.0,Railway Grade Crossing,0.0,0.0,No Injury,Left Turn,Daylight,Clear,Dry,37.0,Male,East,Making Left Turn,Failed To Yield Right Of Way,No Apparent Influence,Drugs,22.0,Female,West,Going Straight Ahead,No Improper Action,No Apparent Influence,No Apparent Influence,33.40742082,-111.9607804,2022-08-11,02:09:00
44707,3967124,2022,Baseline Rd,I-10 Exit 155 J1-Ramp,15.0,Intersection Related 206,0.0,0.0,No Injury,Sideswipe Same Direction,Dark Lighted,Clear,Dry,28.0,Male,West,Making U Turn,Made Improper Turn,No Apparent Influence,No Apparent Influence,39.0,Female,West,Going Straight Ahead,No Improper Action,No Apparent Influence,No Apparent Influence,33.37829853,-111.9673297,2022-08-11,06:33:00
44708,3933907,2022,SR-202 Exit 7 T-Ramp,Unknown,0.0,Intersection Related 206,0.0,0.0,No Injury,Rear End,Daylight,Clear,Dry,25.0,Male,East,Making Right Turn,Followed Too Closely,No Apparent Influence,No Apparent Influence,27.0,Female,East,Stopped In Trafficway,No Improper Action,No Apparent Influence,No Apparent Influence,33.4355107,-111.9263618,2022-08-11,15:00:00
44709,3969457,2022,Warner Rd,I-10 Exit 158 C-Ramp,0.0,Intersection 4 Way 202,0.0,0.0,No Injury,Sideswipe Same Direction,Daylight,Cloudy,Dry,37.0,Male,East,Changing Lanes,Unsafe Lane Change,No Apparent Influence,No Apparent Influence,17.0,Female,East,Going Straight Ahead,No Improper Action,No Apparent Influence,No Apparent Influence,33.33436087,-111.9715075,2022-08-11,15:15:00
44710,3967101,2022,McClintock Dr,Citation Ln,35.0,Intersection Related 206,1.0,0.0,Possible Injury,Rear End,Daylight,Clear,Dry,21.0,Male,South,Going Straight Ahead,Followed Too Closely,No Apparent Influence,No Apparent Influence,26.0,Male,South,Stopped In Trafficway,No Improper Action,No Apparent Influence,No Apparent Influence,33.34287411,-111.9111831,2022-08-11,16:13:00
44711,3967098,2022,Broadway Rd,McClintock Dr,220.0,Not Junction Related,0.0,0.0,No Injury,Rear End,Daylight,Clear,Dry,22.0,Female,West,Going Straight Ahead,Followed Too Closely,No Apparent Influence,No Apparent Influence,26.0,Male,West,Stopped In Trafficway,No Improper Action,No Apparent Influence,No Apparent Influence,33.4074999,-111.9084041,2022-08-11,18:21:00
44712,3967096,2022,48th St,Southern Ave,230.0,Driveway Or Alley,0.0,0.0,No Injury,Angle - Other Than Left Turn 2,Daylight,Clear,Dry,48.0,Female,West,Making Left Turn,Failed To Yield Right Of Way,No Apparent Influence,No Apparent Influence,40.0,Female,North,Going Straight Ahead,No Improper Action,No Apparent Influence,No Apparent Influence,33.39339933,-111.9783389,2022-08-11,20:20:00
44713,3967013,2022,Southern Ave,Hardy Dr,91.0,Intersection Related 206,0.0,0.0,No Injury,Rear End,Daylight,Clear,Dry,50.0,Male,West,Going Straight Ahead,Speed To Fast For Conditions,No Apparent Influence,No Apparent Influence,25.0,Female,West,Stopped In Trafficway,No Improper Action,No Apparent Influence,No Apparent Influence,33.3928573,-111.9516857,2022-08-11,21:02:00
44715,3934023,2022,Scottsdale Rd,SR-202 Exit 7 A-Ramp,0.0,Intersection 201,0.0,0.0,No Injury,Sideswipe Same Direction,Daylight,Clear,Dry,66.0,Female,North,Making Left Turn,Made Improper Turn,No Apparent Influence,No Apparent Influence,44.0,Male,North,Making Left Turn,No Improper Action,No Apparent Influence,No Apparent Influence,33.43611284,-111.926266,2022-08-11,22:09:00
44716,4002622,2022,Rural Rd,Broadway Rd,200.0,Not Junction Related,1.0,0.0,Suspected Serious Injury,Sideswipe Same Direction,Daylight,Clear,Dry,20.0,Male,North,Overtaking Passing,Unsafe Lane Change,No Apparent Influence,No Apparent Influence,23.0,Female,North,Going Straight Ahead,No Improper Action,No Apparent Influence,No Apparent Influence,33.40805139,-111.9262832,2022-08-11,22:23:00
44717,3931687,2022,Price Rd,Elliot Rd,64.0,Intersection Related 206,0.0,0.0,No Injury,Rear End,Dusk,Clear,Dry,40.0,Male,South,Slowing In Trafficway,Speed To Fast For Conditions,No Apparent Influence,No Apparent Influence,35.0,Male,South,Stopped In Trafficway,No Improper Action,No Apparent Influence,No Apparent Influence,33.34951957,-111.8943722,2022-08-12,01:42:00
44718,3969713,2022,5th St,Mill Ave,-65.0,Intersection Related 206,0.0,0.0,No Injury,Sideswipe Same Direction,Dark Lighted,Clear,Dry,26.0,Female,East,Making Left Turn,Speed To Fast For Conditions,Alcohol,No Apparent Influence,24.0,Female,East,Going Straight Ahead,No Improper Action,No Apparent Influence,No Apparent Influence,33.42550281,-111.9402324,2022-08-12,04:17:00
44720,3969184,2022,Broadway Rd,Priest Dr,-30.0,Driveway Or Alley,0.0,0.0,No Injury,Angle - Other Than Left Turn 2,Daylight,Clear,Dry,27.0,Female,Southeast,Making Left Turn,Failed To Yield Right Of Way,No Apparent Influence,No Apparent Influence,20.0,Male,West,Going Straight Ahead,No Improper Action,No Apparent Influence,No Apparent Influence,33.40742104,-111.9608788,2022-08-12,15:09:00
44722,3989130,2022,Smith Rd,University Dr,15.0,Intersection Other 204,0.0,0.0,No Injury,Angle - Other Than Left Turn 2,Daylight,Clear,Dry,21.0,Male,South,Making Right Turn,Made Improper Turn,No Apparent Influence,No Apparent Influence,52.0,Male,South,Stopped In Trafficway,No Improper Action,No Apparent Influence,No Apparent Influence,33.42214421,-111.9004837,2022-08-12,18:29:00
44723,3969444,2022,University Dr,Mill Ave,-200.0,Not Junction Related,0.0,0.0,No Injury,Sideswipe Same Direction,Daylight,Clear,Dry,33.0,Male,East,Changing Lanes,Unsafe Lane Change,No Apparent Influence,No Apparent Influence,53.0,Male,East,Going Straight Ahead,No Improper Action,No Apparent Influence,No Apparent Influence,33.42193407,-111.9406725,2022-08-12,18:31:00
44724,3968122,2022,Priest Dr,Broadway Rd,50.0,Driveway Or Alley,0.0,0.0,No Injury,Angle - Other Than Left Turn 2,Daylight,Clear,Dry,31.0,Male,South,Making Left Turn,Failed To Yield Right Of Way,No Apparent Influence,No Apparent Influence,44.0,Male,West,Going Straight Ahead,No Improper Action,No Apparent Influence,No Apparent Influence,33.40755798,-111.9607858,2022-08-12,19:10:00
44726,3965149,2022,Baseline Rd,I-10 Exit 155 A1-Ramp,0.0,Intersection 201,0.0,0.0,No Injury,Sideswipe Same Direction,Daylight,Cloudy,Dry,58.0,Female,Southwest,Making Right Turn,Followed Too Closely,No Apparent Influence,No Apparent Influence,52.0,Male,Southwest,Making Right Turn,No Improper Action,No Apparent Influence,No Apparent Influence,33.37827019,-111.9686324,2022-08-12,20:13:00
44728,3967026,2022,University Dr,Price Rd,-153.0,Intersection Related 206,0.0,0.0,No Injury,Angle - Other Than Left Turn 2,Daylight,Clear,Dry,72.0,Male,North,Making Right Turn,Failed To Yield Right Of Way,No Apparent Influence,No Apparent Influence,35.0,Male,East,Going Straight Ahead,No Improper Action,No Apparent Influence,No Apparent Influence,33.42201152,-111.8908082,2022-08-12,22:54:00
44730,3931707,2022,I-10 Exit 153 X-Ramp,Unknown,0.0,Intersection Related 206,0.0,0.0,No Injury,Rear End,Daylight,Rain,Wet,22.0,Female,West,Stopped In Trafficway,Speed To Fast For Conditions,No Apparent Influence,No Apparent Influence,25.0,Male,West,Slowing In Trafficway,No Improper Action,No Apparent Influence,No Apparent Influence,33.40893028,-111.9693304,2022-08-13,01:41:00
44732,4047795,2022,Parkside Dr,Guadalupe Rd,200.0,Not Junction Related,0.0,0.0,No Injury,Head On,Dark Unknown Lighting,Clear,Dry,22.0,Female,South,Going Straight Ahead,Drove Left Of Center Line,Alcohol,No Apparent Influence,34.0,Male,North,Properly Parked,No Improper Action,No Apparent Influence,No Apparent Influence,33.36424136,-111.9559611,2022-08-13,10:19:00
44735,3967132,2022,Center Pkwy,Washington St,0.0,Intersection 4 Way 202,0.0,0.0,No Injury,Left Turn,Daylight,Clear,Dry,25.0,Female,East,Going Straight Ahead,Disregarded Traffic Signal,No Apparent Influence,No Apparent Influence,21.0,Male,West,Making Left Turn,No Improper Action,No Apparent Influence,No Apparent Influence,33.43930558,-111.9488308,2022-08-13,20:48:00
44740,3968182,2022,Rio Salado Pkwy,Perry Ln,0.0,Intersection 4 Way 202,1.0,0.0,Possible Injury,Left Turn,Daylight,Clear,Dry,23.0,Female,North,Making Left Turn,Made Improper Turn,No Apparent Influence,No Apparent Influence,52.0,Male,West,Going Straight Ahead,No Improper Action,No Apparent Influence,No Apparent Influence,33.42923899,-111.904765,2022-08-14,19:44:00
44741,3967111,2022,Mill Ave,Broadway Rd,75.0,Intersection Related 206,0.0,0.0,No Injury,Rear End,Daylight,Clear,Dry,59.0,Female,South,Going Straight Ahead,Speed To Fast For Conditions,No Apparent Influence,No Apparent Influence,47.0,Female,South,Stopped In Trafficway,No Improper Action,No Apparent Influence,No Apparent Influence,33.4076036,-111.9398326,2022-08-14,20:43:00
44743,3967130,2022,Warner Rd,Harl Ave,0.0,Intersection 4 Way 202,0.0,0.0,No Injury,Angle - Other Than Left Turn 2,Daylight,Clear,Dry,39.0,Female,East,Going Straight Ahead,Disregarded Traffic Signal,No Apparent Influence,No Apparent Influence,43.0,Female,North,Going Straight Ahead,No Improper Action,No Apparent Influence,No Apparent Influence,33.33450058,-111.966674,2022-08-14,22:52:00
44744,3969228,2022,Guadalupe Rd,McClintock Dr,-86.0,Intersection Related 206,0.0,0.0,No Injury,Rear End,Dark Lighted,Rain,Wet,26.0,Male,East,Going Straight Ahead,Speed To Fast For Conditions,Alcohol,No Apparent Influence,22.0,Male,East,Stopped In Trafficway,No Improper Action,No Apparent Influence,No Apparent Influence,33.36376524,-111.9115383,2022-08-15,02:32:00
44745,3983975,2022,McClintock Dr,Warner Rd,0.0,Not Junction Related,0.0,0.0,No Injury,Rear End,Dark Lighted,Cloudy,Wet,26.0,Male,South,Going Straight Ahead,Speed To Fast For Conditions,Alcohol,No Apparent Influence,30.0,Female,South,Going Straight Ahead,No Improper Action,No Apparent Influence,No Apparent Influence,33.33464293,-111.9111771,2022-08-15,02:33:00
44746,3968214,2022,Mill Ave,13th St,-50.0,Intersection Related 206,1.0,0.0,Possible Injury,Rear End,Dark Lighted,Cloudy,Wet,18.0,Female,North,Going Straight Ahead,Speed To Fast For Conditions,No Apparent Influence,No Apparent Influence,18.0,Male,North,Stopped In Trafficway,No Improper Action,No Apparent Influence,No Apparent Influence,33.41461644,-111.9399057,2022-08-15,02:57:00
44747,3945944,2022,University Dr,Rosen Pl,50.0,Intersection Related 206,0.0,0.0,No Injury,Rear End,Dark Lighted,Cloudy,Dry,18.0,Male,West,Going Straight Ahead,Speed To Fast For Conditions,No Apparent Influence,No Apparent Influence,22.0,Female,West,Slowing In Trafficway,No Improper Action,No Apparent Influence,No Apparent Influence,33.42190744,-111.9505652,2022-08-15,08:34:00