,Incident ID,Year,Street Name,Cross Street,Distance,Junction Relation,Total Injuries,Total Fatalities,Injury Severity,Collision Manner,Light Condition,Weather,Surface Condition,Age Driver 1,Gender Driver 1,Travel Direction One,Unit Action One,Violation1_Drv1,Alcohol Use Driver 1,Drug Use Driver 1,Age Driver 2,Gender Driver 2,Travel Direction Two,Unit Action Two,Violation 1 Driver 2,Alcohol Use Driver 2,Drug Use Driver 2,Latitude,Longitude,Date,Time
44889,3969741,2022,Rural Rd,Baseline Rd,-25.0,Intersection Related 206,1.0,0.0,Possible Injury,Rear End,Dark Lighted,Clear,Dry,37.0,Female,North,Going Straight Ahead,Speed To Fast For Conditions,No Apparent Influence,No Apparent Influence,44.0,Male,North,Stopped In Trafficway,No Improper Action,Alcohol,No Apparent Influence,33.37818051,-111.928687,2022-08-27,11:24:00
44892,3969582,2022,Baseline Rd,I-10 Exit 155 C2-Ramp,0.0,Intersection 4 Way 202,0.0,0.0,No Injury,U Turn,Daylight,Unknown,Dry,92.0,Male,West,Making U Turn,Made Improper Turn,No Apparent Influence,No Apparent Influence,36.0,Female,East,Going Straight Ahead,No Improper Action,No Apparent Influence,No Apparent Influence,33.37829922,-111.9673788,2022-08-27,17:51:00
44893,3967070,2022,I-10 Exit 153 A-Ramp,Unknown,0.0,Intersection Related 206,1.0,0.0,Suspected Minor Injury,Rear End,Daylight,Clear,Dry,23.0,Female,Southeast,Making Right Turn,Followed Too Closely,No Apparent Influence,No Apparent Influence,52.0,Female,Southeast,Making Right Turn,No Improper Action,No Apparent Influence,No Apparent Influence,33.40932094,-111.9783975,2022-08-27,19:58:00
44895,3937846,2022,48th St,Southern Ave,111.0,Intersection Related 206,2.0,0.0,Possible Injury,Rear End,Daylight,Clear,Dry,41.0,Female,South,Going Straight Ahead,Speed To Fast For Conditions,No Apparent Influence,No Apparent Influence,30.0,Female,South,Going Straight Ahead,No Improper Action,No Apparent Influence,No Apparent Influence,33.39307228,-111.9783386,2022-08-27,23:22:00
44896,3984425,2022,University Dr,River Dr,100.0,Not Junction Related,0.0,0.0,No Injury,Sideswipe Same Direction,Daylight,Clear,Dry,19.0,Male,West,Changing Lanes,Unsafe Lane Change,No Apparent Influence,No Apparent Influence,62.0,Male,West,Going Straight Ahead,No Improper Action,No Apparent Influence,No Apparent Influence,33.42208417,-111.8950281,2022-08-27,23:26:00
44899,3967106,2022,Southern Ave,McClintock Dr,0.0,Intersection 4 Way 202,0.0,0.0,No Injury,Left Turn,Dark Lighted,Cloudy,Dry,82.0,Female,North,Going Straight Ahead,Disregarded Traffic Signal,No Apparent Influence,No Apparent Influence,49.0,Male,East,Making Left Turn,No Improper Action,No Apparent Influence,No Apparent Influence,33.39299222,-111.9091267,2022-08-28,02:53:00
44902,3983935,2022,Price Rd,Broadway Rd,0.0,Intersection 201,0.0,0.0,No Injury,Rear End,Daylight,Clear,Dry,56.0,Female,North,Going Straight Ahead,Other,No Apparent Influence,No Apparent Influence,50.0,Male,North,Making Left Turn,No Improper Action,No Apparent Influence,No Apparent Influence,33.40747535,-111.8903343,2022-08-29,00:13:00
44906,3969583,2022,Rio Salado Pkwy,Price Rd,0.0,Intersection 4 Way 202,1.0,0.0,Possible Injury,Left Turn,Dark Lighted,Clear,Dry,19.0,Male,West,Making Left Turn,Failed To Yield Right Of Way,No Apparent Influence,No Apparent Influence,23.0,Female,East,Going Straight Ahead,No Improper Action,No Apparent Influence,No Apparent Influence,33.42937578,-111.8918252,2022-08-29,05:17:00
44909,3967102,2022,Harl Ave,Todd Dr,0.0,Intersection 4 Way 202,0.0,0.0,No Injury,Left Turn,Daylight,Clear,Dry,36.0,Male,Southwest,Making Left Turn,Ran Stop Sign,No Apparent Influence,No Apparent Influence,53.0,Male,North,Going Straight Ahead,No Improper Action,No Apparent Influence,No Apparent Influence,33.35272016,-111.9665044,2022-08-29,14:58:00
44910,3967103,2022,Kyrene Rd,Warner Rd,30.0,Intersection Related 206,0.0,0.0,No Injury,Rear End,Daylight,Clear,Dry,39.0,Male,South,Going Straight Ahead,Speed To Fast For Conditions,No Apparent Influence,No Apparent Influence,26.0,Female,South,Stopped In Trafficway,No Improper Action,No Apparent Influence,No Apparent Influence,33.33468404,-111.9456585,2022-08-29,18:25:00
44913,3969134,2022,52nd St,Fairmont Dr,0.0,Intersection 4 Way 202,0.0,0.0,No Injury,Angle - Other Than Left Turn 2,Daylight,Clear,Dry,23.0,Female,West,Going Straight Ahead,Failed To Yield Right Of Way,No Apparent Influence,No Apparent Influence,37.0,Male,South,Going Straight Ahead,No Improper Action,No Apparent Influence,No Apparent Influence,33.39644219,-111.9706663,2022-08-29,21:55:00
44914,3984009,2022,Broadway Rd,Sierra Vista Dr,104.0,Not Junction Related,0.0,0.0,No Injury,Rear End,Daylight,Clear,Dry,23.0,Male,East,Unknown,Unknown,No Apparent Influence,No Apparent Influence,24.0,Male,East,Stopped In Trafficway,No Improper Action,No Apparent Influence,No Apparent Influence,33.40747604,-111.9307836,2022-08-29,22:51:00
44915,3969708,2022,Rural Rd,Terrace Rd,76.0,Intersection Related 206,0.0,0.0,No Injury,Sideswipe Same Direction,Daylight,Clear,Dry,19.0,Male,South,Changing Lanes,Unknown,No Apparent Influence,No Apparent Influence,22.0,Male,South,Changing Lanes,Unknown,No Apparent Influence,No Apparent Influence,33.42048424,-111.9263019,2022-08-29,23:08:00
44918,3969726,2022,Priest Dr,Elliot Rd,-20.0,Intersection Related 206,0.0,0.0,No Injury,Rear End,Dark Lighted,Clear,Dry,34.0,Male,North,Unknown,Unknown,No Apparent Influence,No Apparent Influence,38.0,Female,North,Stopped In Trafficway,No Improper Action,No Apparent Influence,No Apparent Influence,33.3490489,-111.9631331,2022-08-30,02:12:00
44919,3984464,2022,Mill Ave,US-60 Exit 173 A-Ramp,0.0,Intersection 4 Way 202,0.0,0.0,No Injury,Left Turn,Dark Lighted,Clear,Dry,32.0,Female,East,Making Left Turn,Unknown,No Apparent Influence,No Apparent Influence,41.0,Male,South,Going Straight Ahead,Unknown,No Apparent Influence,No Apparent Influence,33.38510724,-111.9394705,2022-08-30,06:31:00
44921,3983947,2022,Rio Salado Pkwy,McClintock Dr,-110.0,Intersection Related 206,0.0,0.0,No Injury,Rear End,Daylight,Clear,Dry,24.0,Male,East,Going Straight Ahead,Speed To Fast For Conditions,No Apparent Influence,No Apparent Influence,46.0,Male,East,Stopped In Trafficway,No Improper Action,No Apparent Influence,No Apparent Influence,33.4292164,-111.9094252,2022-08-30,18:08:00
44923,3969562,2022,Broadway Rd,Hardy Dr,-180.0,Not Junction Related,0.0,0.0,No Injury,Rear End,Daylight,Clear,Dry,71.0,Female,West,Changing Lanes,Unsafe Lane Change,No Apparent Influence,No Apparent Influence,76.0,Male,West,Stopped In Trafficway,No Improper Action,No Apparent Influence,No Apparent Influence,33.40739593,-111.9527546,2022-08-30,19:16:00
44924,3938886,2022,US-60 Exit 172 C2-Ramp,Unknown,0.0,Entrance Exit Ramp 205,0.0,0.0,No Injury,Rear End,Daylight,Clear,Dry,17.0,Female,West,Going Straight Ahead,Speed To Fast For Conditions,No Apparent Influence,No Apparent Influence,22.0,Female,West,Stopped In Trafficway,No Improper Action,No Apparent Influence,No Apparent Influence,33.38803416,-111.9608428,2022-08-30,19:20:00
44926,3983938,2022,Southern Ave,Hardy Dr,80.0,Not Junction Related,0.0,0.0,No Injury,Angle - Other Than Left Turn 2,Daylight,Clear,Dry,17.0,Female,East,Changing Lanes,Unsafe Lane Change,No Apparent Influence,No Apparent Influence,29.0,Female,255,Going Straight Ahead,No Improper Action,No Apparent Influence,No Apparent Influence,33.39285735,-111.9517218,2022-08-30,21:33:00
44927,3999373,2022,Baseline Rd,Hardy Dr,0.0,Intersection 4 Way 202,1.0,0.0,Suspected Serious Injury,Angle - Other Than Left Turn 2,Daylight,Clear,Dry,35.0,Male,East,Going Straight Ahead,Unknown,No Apparent Influence,No Apparent Influence,48.0,Female,South,Making Left Turn,Unknown,No Apparent Influence,No Apparent Influence,33.37821354,-111.9525127,2022-08-30,21:39:00
44928,3983950,2022,McClintock Dr,Del Rio Dr,200.0,Not Junction Related,0.0,0.0,No Injury,Rear End,Daylight,Clear,Dry,21.0,Female,North,Going Straight Ahead,Speed To Fast For Conditions,No Apparent Influence,No Apparent Influence,26.0,Female,North,Stopped In Trafficway,No Improper Action,No Apparent Influence,No Apparent Influence,33.39714711,-111.9091341,2022-08-30,22:26:00
44929,3983980,2022,University Dr,Price Rd,0.0,Intersection 4 Way 202,2.0,0.0,Suspected Minor Injury,Rear End,Daylight,Clear,Dry,60.0,Male,West,Going Straight Ahead,Speed To Fast For Conditions,No Apparent Influence,No Apparent Influence,35.0,Female,West,Stopped In Trafficway,No Improper Action,No Apparent Influence,No Apparent Influence,33.42201697,-111.8903074,2022-08-31,00:31:00
44930,3983953,2022,Rural Rd,Spence Ave,-118.0,Not Junction Related,2.0,0.0,Possible Injury,Rear End,Daylight,Clear,Dry,22.0,Female,South,Going Straight Ahead,Followed Too Closely,No Apparent Influence,No Apparent Influence,69.0,Male,South,Stopped In Trafficway,No Improper Action,No Apparent Influence,No Apparent Influence,33.41255019,-111.9262863,2022-08-31,00:32:00
44932,3986127,2022,Broadway Rd,Rural Rd,75.0,Intersection Related 206,1.0,0.0,Suspected Minor Injury,Rear End,Daylight,Clear,Dry,51.0,Male,West,Going Straight Ahead,Speed To Fast For Conditions,No Apparent Influence,No Apparent Influence,41.0,Male,West,Stopped In Trafficway,No Improper Action,No Apparent Influence,No Apparent Influence,33.40751228,-111.9260375,2022-08-31,02:00:00
44933,3983972,2022,University Dr,Dorsey Ln,-68.0,Intersection Related 206,0.0,0.0,No Injury,Rear End,Dark Lighted,Clear,Dry,18.0,Female,East,Going Straight Ahead,No Improper Action,No Apparent Influence,No Apparent Influence,24.0,Female,East,Going Straight Ahead,Speed To Fast For Conditions,No Apparent Influence,No Apparent Influence,33.42201901,-111.9179122,2022-08-31,04:01:00
44935,3983901,2022,Elliot Rd,Kyrene Rd,0.0,Intersection 4 Way 202,0.0,0.0,No Injury,Angle - Other Than Left Turn 2,Daylight,Clear,Dry,69.0,Male,South,Going Straight Ahead,Disregarded Traffic Signal,No Apparent Influence,No Apparent Influence,54.0,Male,East,Going Straight Ahead,No Improper Action,No Apparent Influence,No Apparent Influence,33.34919917,-111.9457347,2022-08-31,17:26:00
44938,3969563,2022,Price Rd,Southern Ave,95.0,Intersection Related 206,0.0,0.0,No Injury,Sideswipe Same Direction,Daylight,Clear,Dry,40.0,Male,South,Changing Lanes,Unsafe Lane Change,No Apparent Influence,No Apparent Influence,44.0,Male,South,Going Straight Ahead,No Improper Action,No Apparent Influence,No Apparent Influence,33.39322034,-111.8920296,2022-08-31,21:09:00
44942,3969556,2022,Baseline Rd,Wendler Dr,0.0,Intersection T Inter 203,0.0,0.0,No Injury,Left Turn,Dark Lighted,Clear,Dry,26.0,Female,South,Making Left Turn,Unknown,No Apparent Influence,No Apparent Influence,42.0,Male,East,Going Straight Ahead,Unknown,No Apparent Influence,No Apparent Influence,33.37825837,-111.9697859,2022-09-01,02:24:00
44943,3983936,2022,Rural Rd,Lemon St,0.0,Intersection 4 Way 202,0.0,0.0,No Injury,Left Turn,Dark Lighted,Clear,Dry,15.0,Female,South,Making Left Turn,Failed To Yield Right Of Way,No Apparent Influence,No Apparent Influence,20.0,Male,North,Going Straight Ahead,No Improper Action,No Apparent Influence,No Apparent Influence,33.41683505,-111.9262972,2022-09-01,02:24:00
44944,3989001,2022,Mill Ave,13th St,0.0,Intersection 4 Way 202,0.0,0.0,No Injury,Left Turn,Dark Lighted,Clear,Dry,21.0,Female,Northwest,Making Left Turn,Failed To Yield Right Of Way,No Apparent Influence,No Apparent Influence,20.0,Female,South,Going Straight Ahead,No Improper Action,No Apparent Influence,No Apparent Influence,33.41475375,-111.9399073,2022-09-01,08:38:00
44945,4047656,2022,Wendler Dr,Baseline Rd,0.0,Intersection 4 Way 202,0.0,0.0,No Injury,Sideswipe Same Direction,Daylight,Clear,Dry,22.0,Male,South,Making Left Turn,Disregarded Traffic Signal,No Apparent Influence,No Apparent Influence,55.0,Male,South,Making Left Turn,No Improper Action,No Apparent Influence,No Apparent Influence,33.37825837,-111.9697859,2022-09-01,13:05:00
44946,3983978,2022,Rural Rd,Hermosa Dr,0.0,Intersection 4 Way 202,0.0,0.0,No Injury,Left Turn,Daylight,Clear,Dry,35.0,Male,West,Making Left Turn,Failed To Yield Right Of Way,No Apparent Influence,No Apparent Influence,34.0,Male,North,Going Straight Ahead,No Improper Action,No Apparent Influence,No Apparent Influence,33.38776993,-111.926449,2022-09-01,13:47:00
44948,3969565,2022,Rural Rd,Lakeshore Dr,67.0,Intersection Related 206,1.0,0.0,Possible Injury,Sideswipe Same Direction,Daylight,Clear,Dry,82.0,Female,West,Making Right Turn,Failed To Yield Right Of Way,No Apparent Influence,No Apparent Influence,29.0,Female,North,Going Straight Ahead,No Improper Action,No Apparent Influence,No Apparent Influence,33.38245582,-111.9267518,2022-09-01,19:42:00
44952,3983997,2022,McClintock Dr,SR-202 Exit 8 J-Ramp,30.0,Intersection Related 206,0.0,0.0,No Injury,Rear End,Daylight,Clear,Dry,56.0,Male,South,Going Straight Ahead,Speed To Fast For Conditions,No Apparent Influence,No Apparent Influence,21.0,Male,South,Going Straight Ahead,No Improper Action,No Apparent Influence,No Apparent Influence,33.43670353,-111.9096189,2022-09-01,22:34:00
44954,3969709,2022,Broadway Rd,McClintock Dr,-100.0,Intersection Related 206,0.0,0.0,No Injury,Left Turn,Daylight,Clear,Dry,26.0,Female,West,Making Left Turn,Failed To Yield Right Of Way,No Apparent Influence,No Apparent Influence,40.0,Male,East,Going Straight Ahead,No Improper Action,No Apparent Influence,No Apparent Influence,33.40750023,-111.9094527,2022-09-01,23:15:00
44955,4047688,2022,Southern Ave,McClintock Dr,-100.0,Not Junction Related,0.0,0.0,No Injury,Rear End,Daylight,Cloudy,Dry,48.0,Male,South,Going Straight Ahead,Speed To Fast For Conditions,No Apparent Influence,No Apparent Influence,42.0,Female,South,Stopped In Trafficway,No Improper Action,No Apparent Influence,No Apparent Influence,33.39299212,-111.9094542,2022-09-01,23:33:00
44956,3969466,2022,Broadway Rd,Priest Dr,200.0,Not Junction Related,1.0,0.0,Suspected Minor Injury,Sideswipe Same Direction,Daylight,Clear,Dry,49.0,Male,East,Going Straight Ahead,Failed To Keep In Proper Lane,No Apparent Influence,No Apparent Influence,36.0,Female,East,Going Straight Ahead,No Improper Action,No Apparent Influence,No Apparent Influence,33.40741931,-111.9601253,2022-09-02,00:05:00
44957,3969689,2022,Elliot Rd,Kyrene Rd,100.0,Intersection Related 206,0.0,0.0,No Injury,Sideswipe Same Direction,Daylight,Clear,Dry,45.0,Female,West,Changing Lanes,Unsafe Lane Change,No Apparent Influence,No Apparent Influence,61.0,Female,West,Slowing In Trafficway,No Improper Action,No Apparent Influence,No Apparent Influence,33.34920127,-111.9454076,2022-09-02,00:56:00
44960,3986128,2022,Guadalupe Rd,Rural Rd,87.0,Intersection Related 206,0.0,0.0,No Injury,Rear End,Daylight,Clear,Dry,43.0,Female,West,Going Straight Ahead,Speed To Fast For Conditions,No Apparent Influence,No Apparent Influence,37.0,Female,West,Stopped In Trafficway,No Improper Action,No Apparent Influence,No Apparent Influence,33.36375408,-111.9283203,2022-09-02,14:55:00
44961,4008995,2022,Southern Ave,Mill Ave,200.0,Not Junction Related,0.0,0.0,No Injury,Sideswipe Same Direction,Daylight,Clear,Dry,51.0,Male,West,Going Straight Ahead,Drove Left Of Center Line,No Apparent Influence,No Apparent Influence,31.0,Male,West,Going Straight Ahead,No Improper Action,No Apparent Influence,No Apparent Influence,33.3928688,-111.9389493,2022-09-02,14:59:00
44962,3940791,2022,I-10 Exit 155 G-Ramp,Unknown,0.0,Entrance Exit Ramp 205,0.0,0.0,No Injury,Rear End,Daylight,Clear,Dry,37.0,Female,East,Unknown,Unknown,No Apparent Influence,No Apparent Influence,49.0,Male,East,Unknown,Unknown,No Apparent Influence,No Apparent Influence,33.37803815,-111.9686462,2022-09-02,15:01:00
44963,3989127,2022,Broadway Rd,Mill Ave,100.0,Intersection Related 206,0.0,0.0,No Injury,Angle - Other Than Left Turn 2,Daylight,Clear,Dry,29.0,Female,North,Making Left Turn,Made Improper Turn,No Apparent Influence,No Apparent Influence,50.0,Female,West,Going Straight Ahead,No Improper Action,No Apparent Influence,No Apparent Influence,33.40741441,-111.9394994,2022-09-02,15:02:00
44965,3969170,2022,Elliot Rd,Rural Rd,10.0,Intersection Related 206,2.0,0.0,Possible Injury,U Turn,Daylight,Clear,Dry,30.0,Male,West,Making U Turn,Made Improper Turn,No Apparent Influence,No Apparent Influence,31.0,Female,East,Going Straight Ahead,No Improper Action,No Apparent Influence,No Apparent Influence,33.34919044,-111.9284445,2022-09-02,15:50:00
44966,3969174,2022,McClintock Dr,E Gaylon Dr,30.0,Not Junction Related,1.0,0.0,Suspected Serious Injury,U Turn,Daylight,Clear,Dry,39.0,Male,South,Making U Turn,Failed To Keep In Proper Lane,No Apparent Influence,No Apparent Influence,22.0,Male,South,Going Straight Ahead,No Improper Action,No Apparent Influence,No Apparent Influence,33.40182949,-111.9091311,2022-09-02,16:49:00
44967,3988632,2022,McClintock Dr,Rio Salado Pkwy,175.0,Not Junction Related,0.0,0.0,No Injury,Rear End,Daylight,Clear,Dry,25.0,Female,North,Going Straight Ahead,Speed To Fast For Conditions,No Apparent Influence,No Apparent Influence,45.0,Male,North,Stopped In Trafficway,No Improper Action,No Apparent Influence,No Apparent Influence,33.42974161,-111.9090978,2022-09-02,19:27:00
44971,3999684,2022,Priest Dr,Elliot Rd,-95.0,Intersection Related 206,0.0,0.0,No Injury,Rear End,Daylight,Clear,Dry,61.0,Male,North,Going Straight Ahead,Speed To Fast For Conditions,No Apparent Influence,No Apparent Influence,43.0,Male,North,Stopped In Trafficway,No Improper Action,No Apparent Influence,No Apparent Influence,33.34884277,-111.9631323,2022-09-03,01:52:00
44972,3983995,2022,Rural Rd,US-60 Exit 174 G-Ramp,154.0,Intersection Related 206,0.0,0.0,No Injury,Rear End,Dark Lighted,Clear,Dry,30.0,Male,North,Going Straight Ahead,Speed To Fast For Conditions,Alcohol,No Apparent Influence,60.0,Female,North,Stopped In Trafficway,No Improper Action,No Apparent Influence,No Apparent Influence,33.3854434,-111.926472,2022-09-03,03:28:00
44976,4047717,2022,Baseline Rd,Darrow Dr,0.0,Intersection 4 Way 202,2.0,0.0,Suspected Minor Injury,Left Turn,Dark Lighted,Clear,Dry,22.0,Female,East,Making Left Turn,Failed To Yield Right Of Way,No Apparent Influence,No Apparent Influence,19.0,Female,West,Going Straight Ahead,No Improper Action,No Apparent Influence,No Apparent Influence,33.37824425,-111.9611298,2022-09-04,03:23:00
44979,3984434,2022,Price Rd,Rio Salado Pkwy,0.0,Intersection 4 Way 202,1.0,0.0,Possible Injury,Angle - Other Than Left Turn 2,Daylight,Clear,Dry,35.0,Male,East,Going Straight Ahead,Disregarded Traffic Signal,No Apparent Influence,No Apparent Influence,65.0,Male,South,Going Straight Ahead,No Improper Action,No Apparent Influence,No Apparent Influence,33.42937578,-111.8918252,2022-09-04,20:38:00
44982,4013828,2022,Scottsdale Rd,Playa Del Norte Dr,-200.0,Intersection Related 206,0.0,0.0,No Injury,Rear End,Dark Lighted,Clear,Dry,19.0,Male,North,Going Straight Ahead,Followed Too Closely,No Apparent Influence,No Apparent Influence,20.0,Female,North,Going Straight Ahead,No Improper Action,No Apparent Influence,No Apparent Influence,33.43348521,-111.9262675,2022-09-05,02:48:00
44983,3983907,2022,Rural Rd,Carter Dr,10.0,Intersection Related 206,0.0,0.0,No Injury,Left Turn,Dark Lighted,Clear,Dry,67.0,Male,Northeast,Making Left Turn,Failed To Yield Right Of Way,No Apparent Influence,No Apparent Influence,21.0,Male,North,Going Straight Ahead,No Improper Action,No Apparent Influence,No Apparent Influence,33.38115335,-111.9275853,2022-09-05,03:43:00
44986,3939801,2022,SR-202 Exit 7 X-Ramp,Unknown,0.0,Not Junction Related,2.0,0.0,Possible Injury,Rear End,Daylight,Clear,Dry,40.0,Female,East,Going Straight Ahead,Speed To Fast For Conditions,No Apparent Influence,No Apparent Influence,57.0,Male,West,Stopped In Trafficway,No Improper Action,No Apparent Influence,No Apparent Influence,33.43662753,-111.9260384,2022-09-06,14:15:00
44989,3988964,2022,University Dr,College Ave,71.0,Intersection Related 206,0.0,0.0,No Injury,Rear End,Daylight,Clear,Dry,18.0,Female,West,Going Straight Ahead,Speed To Fast For Conditions,No Apparent Influence,No Apparent Influence,22.0,Male,West,Stopped In Trafficway,No Improper Action,No Apparent Influence,No Apparent Influence,33.42195627,-111.9347335,2022-09-06,15:51:00
44990,3969475,2022,Scottsdale Rd,McKellips Rd,159.0,Not Junction Related,0.0,0.0,No Injury,Rear End,Daylight,Clear,Dry,21.0,Male,South,Going Straight Ahead,Speed To Fast For Conditions,No Apparent Influence,No Apparent Influence,34.0,Female,South,Slowing In Trafficway,No Improper Action,No Apparent Influence,No Apparent Influence,33.45167749,-111.9264647,2022-09-06,18:53:00
44991,3984415,2022,Southern Ave,McClintock Dr,86.0,Not Junction Related,0.0,0.0,No Injury,Angle - Other Than Left Turn 2,Daylight,Clear,Dry,83.0,Female,North,Making Right Turn,Failed To Yield Right Of Way,No Apparent Influence,No Apparent Influence,28.0,Female,East,Going Straight Ahead,No Improper Action,No Apparent Influence,No Apparent Influence,33.39299077,-111.908845,2022-09-06,19:42:00
44994,3984831,2022,Southern Ave,Price Rd,70.0,Intersection Related 206,1.0,0.0,Suspected Minor Injury,Angle - Other Than Left Turn 2,Dusk,Clear,Dry,29.0,Male,North,Making Right Turn,Made Improper Turn,No Apparent Influence,No Apparent Influence,19.0,Male,East,Going Straight Ahead,No Improper Action,No Apparent Influence,No Apparent Influence,33.39295033,-111.8902203,2022-09-07,01:11:00
44996,3983920,2022,Rural Rd,Broadway Rd,0.0,Intersection 4 Way 202,0.0,0.0,No Injury,Left Turn,Dark Lighted,Clear,Dry,29.0,Male,South,Making Left Turn,Failed To Yield Right Of Way,Alcohol,No Apparent Influence,25.0,Female,North,Going Straight Ahead,No Improper Action,No Apparent Influence,No Apparent Influence,33.40750182,-111.9262829,2022-09-07,04:40:00
44998,3984004,2022,Priest Dr,Broadway Rd,-80.0,Intersection Related 206,2.0,0.0,Suspected Minor Injury,Left Turn,Daylight,Clear,Dry,19.0,Male,Southwest,Making Left Turn,Other,Alcohol,No Apparent Influence,54.0,Male,North,Stopped In Trafficway,No Improper Action,No Apparent Influence,No Apparent Influence,33.40720146,-111.960772,2022-09-07,19:43:00
44999,3984505,2022,Kyrene Rd,Guadalupe Rd,-200.0,Intersection Related 206,0.0,0.0,No Injury,Angle - Other Than Left Turn 2,Daylight,Clear,Dry,32.0,Female,North,Making Right Turn,Failed To Yield Right Of Way,No Apparent Influence,No Apparent Influence,29.0,Female,North,Going Straight Ahead,No Improper Action,No Apparent Influence,No Apparent Influence,33.36310985,-111.9458905,2022-09-07,20:26:00
45001,3984460,2022,Broadway Rd,Terrace Rd,0.0,Intersection 4 Way 202,0.0,0.0,No Injury,Angle - Other Than Left Turn 2,Daylight,Clear,Dry,25.0,Female,East,Going Straight Ahead,Disregarded Traffic Signal,No Apparent Influence,No Apparent Influence,52.0,Female,South,Making Left Turn,No Improper Action,No Apparent Influence,No Apparent Influence,33.40751129,-111.9226148,2022-09-08,00:05:00
45007,3943669,2022,SR-202 Exit 7 A-Ramp,Unknown,0.0,Entrance Exit Ramp 205,0.0,0.0,No Injury,Sideswipe Same Direction,Daylight,Clear,Dry,20.0,Male,East,Going Straight Ahead,Failed To Keep In Proper Lane,No Apparent Influence,No Apparent Influence,56.0,Male,East,Going Straight Ahead,No Improper Action,No Apparent Influence,No Apparent Influence,33.43592243,-111.9263884,2022-09-08,14:00:00
45009,3986134,2022,SR-202 Exit 7 T-Ramp,Unknown,0.0,Intersection Related 206,0.0,0.0,No Injury,Rear End,Daylight,Cloudy,Dry,34.0,Female,East,Making Right Turn,Followed Too Closely,No Apparent Influence,No Apparent Influence,17.0,Male,East,Making Right Turn,No Improper Action,No Apparent Influence,No Apparent Influence,33.43545341,-111.9263496,2022-09-08,16:24:00
45010,3969465,2022,Price Rd,University Dr,-193.0,Not Junction Related,0.0,0.0,No Injury,Sideswipe Same Direction,Daylight,Cloudy,Dry,33.0,Female,North,Changing Lanes,Unsafe Lane Change,No Apparent Influence,No Apparent Influence,41.0,Male,North,Going Straight Ahead,No Improper Action,No Apparent Influence,No Apparent Influence,33.42148862,-111.8903359,2022-09-08,17:12:00
45011,3984455,2022,Southern Ave,Mill Ave,-98.0,Intersection Related 206,0.0,0.0,No Injury,Rear End,Daylight,Cloudy,Dry,21.0,Female,East,Going Straight Ahead,Followed Too Closely,No Apparent Influence,No Apparent Influence,42.0,Male,East,Stopped In Trafficway,No Improper Action,No Apparent Influence,No Apparent Influence,33.39286004,-111.9399248,2022-09-08,17:16:00
45014,3984454,2022,Mill Ave,Hermosa Dr,169.0,Intersection Related 206,0.0,0.0,No Injury,Rear End,Daylight,Clear,Dry,32.0,Female,South,Going Straight Ahead,Followed Too Closely,No Apparent Influence,No Apparent Influence,53.0,Female,South,Stopped In Trafficway,No Improper Action,No Apparent Influence,No Apparent Influence,33.38867212,-111.9395297,2022-09-08,21:33:00
45016,3983911,2022,Priest Dr,17th St,0.0,Intersection T Inter 203,0.0,0.0,No Injury,Angle - Other Than Left Turn 2,Daylight,Clear,Dry,30.0,Female,East,Making Left Turn,Failed To Yield Right Of Way,No Apparent Influence,No Apparent Influence,23.0,Male,South,Going Straight Ahead,Other,No Apparent Influence,Drugs,33.40977895,-111.9607896,2022-09-08,22:39:00
45019,3984438,2022,Baseline Rd,Terry Ln,5.0,Intersection T Inter 203,0.0,0.0,No Injury,Angle - Other Than Left Turn 2,Dark Lighted,Clear,Dry,49.0,Female,South,Making Right Turn,Failed To Yield Right Of Way,No Apparent Influence,No Apparent Influence,17.0,Male,West,Going Straight Ahead,No Improper Action,No Apparent Influence,No Apparent Influence,33.37822613,-111.9553847,2022-09-09,06:12:00
45020,3988636,2022,Price Rd,Broadway Rd,75.0,Intersection Related 206,2.0,0.0,Suspected Minor Injury,Rear End,Dark Lighted,Clear,Dry,23.0,Female,South,Going Straight Ahead,Speed To Fast For Conditions,Alcohol,No Apparent Influence,30.0,Male,South,Stopped In Trafficway,No Improper Action,No Apparent Influence,No Apparent Influence,33.40770243,-111.8920042,2022-09-09,08:30:00
45024,3984418,2022,Baseline Rd,Lakeshore Dr,0.0,Driveway Or Alley,0.0,0.0,No Injury,Sideswipe Same Direction,Daylight,Clear,Dry,26.0,Male,West,Making Right Turn,Made Improper Turn,No Apparent Influence,No Apparent Influence,21.0,Male,West,Going Straight Ahead,No Improper Action,No Apparent Influence,No Apparent Influence,33.37828325,-111.9236151,2022-09-09,19:39:00
45025,3969788,2022,Price Rd,Broadway Rd,0.0,Intersection 4 Way 202,2.0,0.0,Suspected Minor Injury,Angle - Other Than Left Turn 2,Daylight,Clear,Dry,42.0,Male,South,Going Straight Ahead,Disregarded Traffic Signal,Alcohol,No Apparent Influence,47.0,Male,East,Going Straight Ahead,No Improper Action,No Apparent Influence,No Apparent Influence,33.4074963,-111.8920047,2022-09-09,20:01:00
45026,4047697,2022,Southern Ave,48th St,0.0,Intersection Related 206,1.0,0.0,Possible Injury,Left Turn,Daylight,Clear,Dry,17.0,Female,Southeast,Making Left Turn,Failed To Yield Right Of Way,No Apparent Influence,No Apparent Influence,19.0,Male,East,Going Straight Ahead,Unknown,No Apparent Influence,No Apparent Influence,33.39276725,-111.9783383,2022-09-09,20:50:00