,Incident ID,Year,Street Name,Cross Street,Distance,Junction Relation,Total Injuries,Total Fatalities,Injury Severity,Collision Manner,Light Condition,Weather,Surface Condition,Age Driver 1,Gender Driver 1,Travel Direction One,Unit Action One,Violation1_Drv1,Alcohol Use Driver 1,Drug Use Driver 1,Age Driver 2,Gender Driver 2,Travel Direction Two,Unit Action Two,Violation 1 Driver 2,Alcohol Use Driver 2,Drug Use Driver 2,Latitude,Longitude,Date,Time
45547,4047655,2022,Hardy Dr,Baseline Rd,100.0,Not Junction Related,2.0,0.0,Suspected Minor Injury,Head On,Daylight,Clear,Dry,58.0,Female,South,Going Straight Ahead,Failed To Keep In Proper Lane,No Apparent Influence,Drugs,41.0,Male,North,Going Straight Ahead,No Improper Action,No Apparent Influence,No Apparent Influence,33.37848805,-111.9525078,2022-10-21,14:31:00
45550,3988992,2022,McClintock Dr,Rio Salado Pkwy,0.0,Intersection 4 Way 202,0.0,0.0,No Injury,Other,Daylight,Clear,Dry,73.0,Female,West,Making Right Turn,Failed To Yield Right Of Way,No Apparent Influence,No Apparent Influence,19.0,Female,East,Making Left Turn,No Improper Action,No Apparent Influence,No Apparent Influence,33.4292626,-111.9090694,2022-10-21,18:07:00
45551,4001428,2022,Scottsdale Rd,Playa Del Norte Dr,40.0,Intersection Related 206,0.0,0.0,No Injury,Rear End,Daylight,Clear,Dry,25.0,Female,South,Going Straight Ahead,Speed To Fast For Conditions,No Apparent Influence,No Apparent Influence,23.0,Male,South,Stopped In Trafficway,No Improper Action,No Apparent Influence,No Apparent Influence,33.43414428,-111.9262617,2022-10-21,19:01:00
45553,3988991,2022,Elliot Rd,Kyrene Rd,112.0,Intersection Related 206,0.0,0.0,No Injury,Rear End,Daylight,Clear,Dry,32.0,Male,West,Going Straight Ahead,Followed Too Closely,No Apparent Influence,No Apparent Influence,27.0,Male,West,Stopped In Trafficway,No Improper Action,No Apparent Influence,No Apparent Influence,33.34920152,-111.9453683,2022-10-21,21:46:00
45554,4001414,2022,McClintock Dr,Fremont Dr,-72.0,Intersection Related 206,0.0,0.0,No Injury,Rear End,Daylight,Clear,Dry,25.0,Male,North,Going Straight Ahead,Speed To Fast For Conditions,No Apparent Influence,No Apparent Influence,19.0,Male,North,Stopped In Trafficway,No Improper Action,No Apparent Influence,No Apparent Influence,33.38254215,-111.909228,2022-10-21,22:16:00
45555,3988993,2022,Lakeshore Dr,Elliot Rd,-82.0,Intersection Related 206,0.0,0.0,No Injury,Rear End,Daylight,Clear,Dry,44.0,Male,North,Going Straight Ahead,Followed Too Closely,No Apparent Influence,No Apparent Influence,20.0,Female,North,Stopped In Trafficway,No Improper Action,No Apparent Influence,No Apparent Influence,33.34892898,-111.919849,2022-10-21,22:18:00
45556,4002763,2022,Rural Rd,Terrace Rd,0.0,Intersection T Inter 203,0.0,0.0,No Injury,Sideswipe Same Direction,Daylight,Clear,Dry,19.0,Female,North,Changing Lanes,Unsafe Lane Change,No Apparent Influence,No Apparent Influence,22.0,Female,North,Going Straight Ahead,No Improper Action,No Apparent Influence,No Apparent Influence,33.42027554,-111.9263009,2022-10-21,23:01:00
45557,3989002,2022,Baseline Rd,McClintock Dr,-156.0,Intersection Related 206,0.0,0.0,No Injury,Sideswipe Same Direction,Daylight,Clear,Dry,53.0,Male,East,Changing Lanes,Unsafe Lane Change,No Apparent Influence,No Apparent Influence,72.0,Female,East,Going Straight Ahead,No Improper Action,No Apparent Influence,No Apparent Influence,33.3784238,-111.9097724,2022-10-21,23:30:00
45558,4007234,2022,Apache Blvd,Terrace Rd,-130.0,Intersection Related 206,0.0,0.0,No Injury,Rear End,Dark Lighted,Clear,Dry,20.0,Female,East,Going Straight Ahead,Speed To Fast For Conditions,No Apparent Influence,No Apparent Influence,26.0,Female,East,Stopped In Trafficway,No Improper Action,No Apparent Influence,No Apparent Influence,33.41476324,-111.9208575,2022-10-22,01:54:00
45561,4007329,2022,University Dr,Dorsey Ln,0.0,Intersection 4 Way 202,0.0,0.0,No Injury,Left Turn,Dark Lighted,Clear,Dry,22.0,Male,East,Going Straight Ahead,Disregarded Traffic Signal,No Apparent Influence,No Apparent Influence,19.0,Male,Southwest,Making Left Turn,No Improper Action,No Apparent Influence,No Apparent Influence,33.42201868,-111.9176894,2022-10-22,04:11:00
45564,4015705,2022,McClintock Dr,Rio Salado Pkwy,200.0,Not Junction Related,1.0,0.0,Suspected Serious Injury,Rear End,Daylight,Clear,Dry,20.0,Female,North,Going Straight Ahead,Followed Too Closely,No Apparent Influence,No Apparent Influence,46.0,Female,North,Going Straight Ahead,No Improper Action,No Apparent Influence,No Apparent Influence,33.42980992,-111.9091032,2022-10-22,15:30:00
45565,3958240,2022,US-60 Exit 172 C2-Ramp,Unknown,0.0,Not Junction Related,0.0,0.0,No Injury,Rear End,Daylight,Clear,Dry,18.0,Male,West,Going Straight Ahead,Speed To Fast For Conditions,No Apparent Influence,No Apparent Influence,48.0,Male,West,Going Straight Ahead,No Improper Action,No Apparent Influence,No Apparent Influence,33.38795054,-111.9605102,2022-10-22,15:43:00
45567,3999302,2022,SR-143 Non-Cardinal,I-10 Exit 153 A-Ramp,0.0,Intersection 4 Way 202,0.0,0.0,No Injury,Angle - Other Than Left Turn 2,Daylight,Clear,Dry,56.0,Male,South,Going Straight Ahead,Disregarded Traffic Signal,No Apparent Influence,No Apparent Influence,36.0,Female,East,Going Straight Ahead,No Improper Action,No Apparent Influence,No Apparent Influence,33.40932281,-111.9783209,2022-10-22,17:16:00
45568,3988982,2022,Baseline Rd,Priest Dr,0.0,Driveway Or Alley,2.0,0.0,Suspected Minor Injury,Left Turn,Daylight,Clear,Dry,22.0,Male,West,Making Left Turn,Failed To Yield Right Of Way,No Apparent Influence,No Apparent Influence,43.0,Female,East,Going Straight Ahead,No Improper Action,No Apparent Influence,No Apparent Influence,33.37824048,-111.9597157,2022-10-22,17:48:00
45571,4020374,2022,Rural Rd,Lamplighter Ln,-15.0,Intersection Related 206,1.0,0.0,Possible Injury,Rear End,Daylight,Clear,Dry,20.0,Female,North,Going Straight Ahead,Speed To Fast For Conditions,No Apparent Influence,No Apparent Influence,58.0,Female,North,Slowing In Trafficway,No Improper Action,No Apparent Influence,No Apparent Influence,33.37581586,-111.9286729,2022-10-22,22:02:00
45572,4007288,2022,Farmer Ave,7th St,-49.0,Intersection Related 206,0.0,0.0,No Injury,U Turn,Daylight,Clear,Dry,32.0,Male,North,Making U Turn,Made Improper Turn,No Apparent Influence,No Apparent Influence,18.0,Male,North,Going Straight Ahead,No Improper Action,No Apparent Influence,No Apparent Influence,33.42303766,-111.9442849,2022-10-22,22:04:00
45574,3989000,2022,Baseline Rd,Rural Rd,0.0,Intersection 4 Way 202,0.0,0.0,No Injury,Left Turn,Dark Lighted,Clear,Dry,61.0,Female,West,Going Straight Ahead,Unknown,No Apparent Influence,No Apparent Influence,62.0,Male,Northeast,Making Left Turn,Unknown,No Apparent Influence,No Apparent Influence,33.37824921,-111.9286869,2022-10-23,00:59:00
45576,4002655,2022,Rural Rd,Apache Blvd,0.0,Intersection 4 Way 202,0.0,0.0,No Injury,U Turn,Dark Lighted,Clear,Dry,18.0,Female,South,Making U Turn,Unknown,No Apparent Influence,No Apparent Influence,19.0,Female,East,Making Left Turn,Unknown,No Apparent Influence,No Apparent Influence,33.41476224,-111.9262927,2022-10-23,02:05:00
45578,3989528,2022,Baseline Rd,Hardy Dr,223.0,Not Junction Related,0.0,0.0,No Injury,Rear End,Dark Lighted,Clear,Dry,22.0,Male,East,Going Straight Ahead,Speed To Fast For Conditions,No Apparent Influence,No Apparent Influence,66.0,Male,East,Going Straight Ahead,No Improper Action,No Apparent Influence,No Apparent Influence,33.37821117,-111.9517823,2022-10-23,07:25:00
45581,4045258,2022,Baseline Rd,Kyrene Rd,0.0,Not Junction Related,0.0,0.0,No Injury,Sideswipe Same Direction,Daylight,Clear,Dry,21.0,Male,East,Changing Lanes,Unsafe Lane Change,No Apparent Influence,No Apparent Influence,52.0,Male,East,Going Straight Ahead,No Improper Action,No Apparent Influence,No Apparent Influence,33.37821693,-111.9438877,2022-10-23,14:53:00
45584,4007332,2022,Scottsdale Rd,Cavalier Dr,69.0,Intersection Related 206,0.0,0.0,No Injury,Rear End,Daylight,Cloudy,Dry,52.0,Male,North,Going Straight Ahead,Followed Too Closely,No Apparent Influence,No Apparent Influence,70.0,Male,North,Slowing In Trafficway,No Improper Action,No Apparent Influence,No Apparent Influence,33.44920395,-111.9264654,2022-10-23,22:01:00
45585,4039799,2022,Baseline Rd,Rural Rd,0.0,Intersection 201,0.0,0.0,No Injury,Angle - Other Than Left Turn 2,Dark Lighted,Clear,Dry,20.0,Male,South,Making Right Turn,Failed To Yield Right Of Way,No Apparent Influence,No Apparent Influence,58.0,Male,West,Going Straight Ahead,No Improper Action,No Apparent Influence,No Apparent Influence,33.37824921,-111.9286869,2022-10-24,05:33:00
45586,3989105,2022,48th St,I-10 Exit 153 A-Ramp,0.0,Intersection Related 206,1.0,0.0,Suspected Minor Injury,Left Turn,Dark Lighted,Clear,Dry,27.0,Male,West,Making Left Turn,Unknown,No Apparent Influence,No Apparent Influence,18.0,Male,South,Going Straight Ahead,Unknown,No Apparent Influence,No Apparent Influence,33.40930934,-111.9782237,2022-10-24,05:49:00
45589,4004442,2022,Broadway Rd,Terrace Rd,0.0,Intersection 4 Way 202,0.0,0.0,No Injury,Rear End,Daylight,Clear,Dry,17.0,Male,East,Making Left Turn,Followed Too Closely,No Apparent Influence,No Apparent Influence,30.0,Male,East,Making Left Turn,No Improper Action,No Apparent Influence,No Apparent Influence,33.40751129,-111.9226148,2022-10-24,15:27:00
45591,4005068,2022,University Dr,Ash Ave,0.0,Intersection Related 206,0.0,0.0,No Injury,Rear End,Daylight,Clear,Dry,18.0,Female,West,Going Straight Ahead,Followed Too Closely,No Apparent Influence,No Apparent Influence,29.0,Female,West,Stopped In Trafficway,No Improper Action,No Apparent Influence,No Apparent Influence,33.42193187,-111.9423998,2022-10-24,19:55:00
45592,4004854,2022,Mill Ave,10th St,-10.0,Intersection Related 206,0.0,0.0,No Injury,Rear End,Daylight,Clear,Dry,34.0,Male,North,Going Straight Ahead,Followed Too Closely,No Apparent Influence,No Apparent Influence,24.0,Male,North,Going Straight Ahead,No Improper Action,No Apparent Influence,No Apparent Influence,33.41903712,-111.9399668,2022-10-24,19:58:00
45594,4002642,2022,College Ave,Broadway Rd,-85.0,Intersection Related 206,0.0,0.0,No Injury,Sideswipe Opposite Direction,Daylight,Clear,Unknown,34.0,Female,Unknown,Unknown,Unknown,No Apparent Influence,No Apparent Influence,21.0,Male,North,Stopped In Trafficway,No Improper Action,No Apparent Influence,No Apparent Influence,33.40720322,-111.9349059,2022-10-25,00:38:00
45595,4047760,2022,Southern Ave,Roosevelt St,0.0,Not Junction Related,1.0,0.0,Suspected Minor Injury,Left Turn,Dusk,Clear,Dry,33.0,Male,West,Going Straight Ahead,Unknown,No Apparent Influence,No Apparent Influence,40.0,Female,North,Going Straight Ahead,Unknown,No Apparent Influence,No Apparent Influence,33.39284564,-111.9478283,2022-10-25,01:05:00
45600,4004393,2022,Apache Blvd,McClintock Dr,0.0,Intersection 4 Way 202,2.0,0.0,Possible Injury,Left Turn,Daylight,Clear,Dry,86.0,Female,West,Making Left Turn,Disregarded Traffic Signal,No Apparent Influence,No Apparent Influence,25.0,Female,East,Going Straight Ahead,No Improper Action,No Apparent Influence,No Apparent Influence,33.41475993,-111.9091326,2022-10-25,18:12:00
45601,4004853,2022,McClintock Dr,Hermosa Dr,191.0,Driveway Or Alley,0.0,0.0,No Injury,Angle - Other Than Left Turn 2,Daylight,Clear,Dry,34.0,Male,West,Making Left Turn,Failed To Yield Right Of Way,No Apparent Influence,No Apparent Influence,27.0,Male,North,Going Straight Ahead,No Improper Action,No Apparent Influence,No Apparent Influence,33.38820363,-111.9091785,2022-10-25,18:45:00
45603,4007231,2022,Southern Ave,Birchett Dr,-128.0,Not Junction Related,0.0,0.0,No Injury,Rear End,Daylight,Clear,Dry,31.0,Female,East,Going Straight Ahead,Speed To Fast For Conditions,No Apparent Influence,No Apparent Influence,34.0,Male,East,Slowing In Trafficway,No Improper Action,No Apparent Influence,No Apparent Influence,33.39302293,-111.8847701,2022-10-25,22:46:00
45607,3988988,2022,Apache Blvd,Price Rd,-67.0,Intersection Related 206,2.0,0.0,Possible Injury,Rear End,Daylight,Clear,Dry,27.0,Male,East,Going Straight Ahead,Speed To Fast For Conditions,No Apparent Influence,No Apparent Influence,57.0,Male,East,Stopped In Trafficway,No Improper Action,No Apparent Influence,No Apparent Influence,33.41479379,-111.8909526,2022-10-26,01:26:00
45611,3988962,2022,Rural Rd,Apache Blvd,17.0,Intersection Related 206,0.0,0.0,No Injury,Sideswipe Same Direction,Daylight,Clear,Dry,28.0,Male,North,Making Right Turn,Unknown,No Apparent Influence,No Apparent Influence,38.0,Male,North,Making Left Turn,Unknown,No Apparent Influence,No Apparent Influence,33.41480887,-111.9262927,2022-10-26,03:23:00
45613,4004855,2022,Hardy Dr,Southern Ave,-10.0,Intersection Related 206,0.0,0.0,No Injury,Rear End,Dark Lighted,Clear,Dry,29.0,Male,North,Going Straight Ahead,Speed To Fast For Conditions,No Apparent Influence,No Apparent Influence,19.0,Male,North,Stopped In Trafficway,No Improper Action,No Apparent Influence,No Apparent Influence,33.39283029,-111.9519836,2022-10-26,04:05:00
45619,3960564,2022,Sr-143,Unknown,0.0,Not Junction Related,0.0,0.0,No Injury,Rear End,Daylight,Clear,Dry,20.0,Female,North,Slowing In Trafficway,No Improper Action,No Apparent Influence,No Apparent Influence,19.0,Female,North,Stopped In Trafficway,No Improper Action,No Apparent Influence,No Apparent Influence,33.40790619,-111.9782538,2022-10-26,23:49:00
45622,4002762,2022,Rural Rd,6th St,-150.0,Not Junction Related,0.0,0.0,No Injury,Rear End,Dark Lighted,Clear,Dry,22.0,Female,South,Going Straight Ahead,Speed To Fast For Conditions,No Apparent Influence,No Apparent Influence,18.0,Female,South,Stopped In Trafficway,No Improper Action,No Apparent Influence,No Apparent Influence,33.42408575,-111.9263029,2022-10-27,02:16:00
45623,4004817,2022,University Dr,SR-143 Exit 1 J-Ramp,0.0,Intersection Other 204,0.0,0.0,No Injury,Rear End,Dark Lighted,Clear,Dry,21.0,Male,West,Going Straight Ahead,Speed To Fast For Conditions,No Apparent Influence,No Apparent Influence,21.0,Female,West,Slowing In Trafficway,No Improper Action,No Apparent Influence,No Apparent Influence,33.42188944,-111.978171,2022-10-27,03:17:00
45625,4005705,2022,Hardy Dr,Baseline Rd,-145.0,Intersection Related 206,1.0,0.0,Possible Injury,Rear End,Daylight,Unknown,Dry,20.0,Female,North,Going Straight Ahead,Speed To Fast For Conditions,No Apparent Influence,No Apparent Influence,54.0,Male,North,Stopped In Trafficway,No Improper Action,No Apparent Influence,No Apparent Influence,33.37781505,-111.9525115,2022-10-27,15:39:00
45626,4004852,2022,Rural Rd,6th St,-145.0,Intersection Related 206,0.0,0.0,No Injury,Sideswipe Same Direction,Daylight,Clear,Dry,58.0,Male,North,Changing Lanes,Unsafe Lane Change,No Apparent Influence,No Apparent Influence,19.0,Male,North,Going Straight Ahead,No Improper Action,No Apparent Influence,No Apparent Influence,33.42409949,-111.9263029,2022-10-27,17:10:00
45627,4005076,2022,Baseline Rd,Country Club Way,0.0,Intersection 4 Way 202,1.0,0.0,Suspected Minor Injury,Angle - Other Than Left Turn 2,Daylight,Clear,Dry,83.0,Male,West,Going Straight Ahead,Disregarded Traffic Signal,No Apparent Influence,No Apparent Influence,26.0,Male,South,Going Straight Ahead,No Improper Action,No Apparent Influence,No Apparent Influence,33.37845024,-111.9006351,2022-10-27,18:08:00
45630,4002636,2022,Warner Rd,Beck Ave,-52.0,Intersection Related 206,0.0,0.0,No Injury,Left Turn,Daylight,Clear,Dry,33.0,Female,North,Making Left Turn,Failed To Yield Right Of Way,No Apparent Influence,No Apparent Influence,19.0,Female,West,Going Straight Ahead,No Improper Action,No Apparent Influence,No Apparent Influence,33.3345485,-111.9587944,2022-10-27,20:55:00
45632,4004355,2022,Baseline Rd,I-10 Exit 155 C2-Ramp,0.0,Intersection 4 Way 202,0.0,0.0,No Injury,Sideswipe Same Direction,Daylight,Clear,Dry,60.0,Female,North,Changing Lanes,Made Improper Turn,No Apparent Influence,No Apparent Influence,40.0,Female,North,Making Left Turn,No Improper Action,No Apparent Influence,No Apparent Influence,33.37829922,-111.9673788,2022-10-27,21:46:00
45634,4001413,2022,University Dr,College Ave,-50.0,Intersection Related 206,0.0,0.0,No Injury,Rear End,Daylight,Clear,Dry,19.0,Female,West,Going Straight Ahead,No Improper Action,No Apparent Influence,No Apparent Influence,20.0,Male,West,Stopped In Trafficway,Exceeded Lawful Speed,No Apparent Influence,No Apparent Influence,33.42195498,-111.93513,2022-10-27,22:24:00
45635,4002729,2022,Guadalupe Rd,Ash Ave,0.0,Intersection T Inter 203,0.0,0.0,No Injury,Left Turn,Daylight,Clear,Dry,57.0,Male,West,Making Left Turn,Failed To Yield Right Of Way,No Apparent Influence,No Apparent Influence,19.0,Male,East,Going Straight Ahead,No Improper Action,No Apparent Influence,No Apparent Influence,33.36369468,-111.9402278,2022-10-27,23:16:00
45637,4004316,2022,McClintock Dr,Ellis Dr,0.0,Intersection T Inter 203,1.0,0.0,Suspected Minor Injury,Angle - Other Than Left Turn 2,Daylight,Clear,Dry,17.0,Female,West,Making Left Turn,Failed To Yield Right Of Way,No Apparent Influence,No Apparent Influence,30.0,Male,North,Going Straight Ahead,No Improper Action,No Apparent Influence,No Apparent Influence,33.38064448,-111.9092431,2022-10-27,23:25:00
45638,4005073,2022,Southern Ave,Dorsey Ln,0.0,Intersection 4 Way 202,1.0,0.0,Possible Injury,Angle - Other Than Left Turn 2,Daylight,Clear,Dry,72.0,Female,West,Going Straight Ahead,Disregarded Traffic Signal,No Apparent Influence,No Apparent Influence,45.0,Female,South,Going Straight Ahead,No Improper Action,No Apparent Influence,No Apparent Influence,33.39296325,-111.9177493,2022-10-27,23:53:00
45639,4004960,2022,University Dr,Evergreen Rd,-60.0,Intersection Related 206,0.0,0.0,No Injury,Rear End,Dark Lighted,Clear,Dry,21.0,Female,East,Going Straight Ahead,Followed Too Closely,No Apparent Influence,No Apparent Influence,72.0,Female,East,Stopped In Trafficway,No Improper Action,No Apparent Influence,No Apparent Influence,33.42210596,-111.8832124,2022-10-28,01:31:00
45640,4007372,2022,Broadway Rd,Roosevelt St,0.0,Intersection 201,0.0,0.0,No Injury,Left Turn,Dark Lighted,Clear,Dry,30.0,Female,South,Making Left Turn,Made Improper Turn,No Apparent Influence,No Apparent Influence,25.0,Male,East,Going Straight Ahead,No Improper Action,No Apparent Influence,No Apparent Influence,33.40737681,-111.9478531,2022-10-28,02:20:00
45641,4004344,2022,Broadway Rd,52nd St,0.0,Intersection 4 Way 202,2.0,0.0,Possible Injury,Left Turn,Dark Lighted,Clear,Dry,48.0,Male,East,Making Left Turn,Failed To Yield Right Of Way,No Apparent Influence,No Apparent Influence,27.0,Male,West,Going Straight Ahead,No Improper Action,No Apparent Influence,No Apparent Influence,33.40924596,-111.9695349,2022-10-28,02:46:00
45642,4005566,2022,Southern Ave,Oak St,-22.0,Intersection Related 206,0.0,0.0,No Injury,Rear End,Dark Lighted,Clear,Dry,19.0,Male,East,Going Straight Ahead,Speed To Fast For Conditions,No Apparent Influence,No Apparent Influence,19.0,Male,East,Slowing In Trafficway,No Improper Action,No Apparent Influence,No Apparent Influence,33.39298834,-111.9156492,2022-10-28,06:15:00
45643,4004820,2022,Terrace Rd,Rural Rd,-117.0,Intersection Related 206,1.0,0.0,Possible Injury,Rear End,Daylight,Clear,Dry,22.0,Female,North,Going Straight Ahead,Speed To Fast For Conditions,No Apparent Influence,No Apparent Influence,21.0,Male,North,Stopped In Trafficway,No Improper Action,No Apparent Influence,No Apparent Influence,33.42003979,-111.9260418,2022-10-28,20:04:00
45644,4004433,2022,Baseline Rd,Kyrene Rd,-212.0,Not Junction Related,1.0,0.0,Possible Injury,Rear End,Daylight,Clear,Dry,55.0,Female,East,Going Straight Ahead,Followed Too Closely,No Apparent Influence,No Apparent Influence,65.0,Male,East,Going Straight Ahead,No Improper Action,No Apparent Influence,No Apparent Influence,33.37819892,-111.946683,2022-10-28,20:10:00
45645,4007387,2022,Baseline Rd,Kyrene Rd,-217.0,Not Junction Related,1.0,0.0,Possible Injury,Rear End,Daylight,Clear,Dry,65.0,Male,East,Going Straight Ahead,Followed Too Closely,No Apparent Influence,No Apparent Influence,36.0,Female,East,Going Straight Ahead,No Improper Action,No Apparent Influence,No Apparent Influence,33.3781989,-111.9466993,2022-10-28,20:10:00
45650,4001562,2022,McClintock Dr,Apache Blvd,-173.0,Intersection Related 206,0.0,0.0,No Injury,Sideswipe Same Direction,Daylight,Clear,Dry,21.0,Female,North,Changing Lanes,Unsafe Lane Change,No Apparent Influence,No Apparent Influence,37.0,Male,North,Going Straight Ahead,No Improper Action,No Apparent Influence,No Apparent Influence,33.41428459,-111.9091315,2022-10-28,21:51:00
45652,4005071,2022,University Dr,Roosevelt St,0.0,Intersection 4 Way 202,1.0,0.0,Possible Injury,Left Turn,Dark Lighted,Clear,Dry,20.0,Male,East,Making Left Turn,Failed To Yield Right Of Way,No Apparent Influence,No Apparent Influence,25.0,Male,West,Going Straight Ahead,No Improper Action,No Apparent Influence,No Apparent Influence,33.42190087,-111.9472942,2022-10-29,01:32:00
45655,4007394,2022,Rural Rd,Lemon St,0.0,Intersection 4 Way 202,1.0,0.0,Suspected Minor Injury,Left Turn,Dark Lighted,Clear,Dry,18.0,Male,South,Making Left Turn,Failed To Yield Right Of Way,No Apparent Influence,No Apparent Influence,18.0,Male,North,Going Straight Ahead,No Improper Action,No Apparent Influence,No Apparent Influence,33.41683505,-111.9262972,2022-10-29,03:16:00
45657,3960632,2022,SR-101 Non-Cardinal Frontage,University Dr,-96.0,Not Junction Related,0.0,0.0,No Injury,Sideswipe Same Direction,Dark Lighted,Clear,Dry,23.0,Female,North,Going Straight Ahead,Unsafe Lane Change,No Apparent Influence,No Apparent Influence,19.0,Male,North,Making Right Turn,No Improper Action,No Apparent Influence,No Apparent Influence,33.42175416,-111.8903216,2022-10-29,05:32:00
45661,4007739,2022,Mill Ave,Broadway Rd,0.0,Intersection 4 Way 202,0.0,0.0,No Injury,Left Turn,Dark Unknown Lighting,Clear,Dry,19.0,Male,North,Making Left Turn,Failed To Yield Right Of Way,No Apparent Influence,No Apparent Influence,21.0,Female,South,Going Straight Ahead,No Improper Action,No Apparent Influence,No Apparent Influence,33.407398,-111.9398263,2022-10-29,09:57:00
45663,4005567,2022,Southern Ave,Mill Ave,135.0,Not Junction Related,0.0,0.0,No Injury,Rear End,Daylight,Clear,Dry,21.0,Male,East,Going Straight Ahead,Speed To Fast For Conditions,No Apparent Influence,No Apparent Influence,66.0,Male,East,Stopped In Trafficway,No Improper Action,No Apparent Influence,No Apparent Influence,33.39286688,-111.9391621,2022-10-29,17:53:00
45664,4011705,2022,McClintock Dr,Rio Salado Pkwy,53.0,Not Junction Related,1.0,0.0,Possible Injury,Rear End,Daylight,Clear,Dry,18.0,Female,North,Going Straight Ahead,Followed Too Closely,No Apparent Influence,No Apparent Influence,24.0,Male,North,Stopped In Trafficway,No Improper Action,No Apparent Influence,No Apparent Influence,33.42940785,-111.909073,2022-10-29,19:35:00
45665,4007740,2022,48th St,Fairmont Dr,-25.0,Not Junction Related,1.0,0.0,Possible Injury,Sideswipe Same Direction,Daylight,Clear,Dry,32.0,Male,South,Changing Lanes,Unsafe Lane Change,No Apparent Influence,No Apparent Influence,24.0,Male,South,Going Straight Ahead,No Improper Action,No Apparent Influence,No Apparent Influence,33.39633798,-111.9783314,2022-10-29,19:52:00
45666,4004965,2022,Grove Pkwy,Priest Dr,0.0,Intersection Other 204,0.0,0.0,No Injury,Sideswipe Same Direction,Daylight,Clear,Dry,36.0,Female,West,Making Right Turn,Made Improper Turn,No Apparent Influence,No Apparent Influence,63.0,Male,West,Going Straight Ahead,No Improper Action,No Apparent Influence,No Apparent Influence,33.35147722,-111.9624618,2022-10-29,20:07:00
45667,4002656,2022,Scottsdale Rd,Curry Rd,133.0,Intersection Related 206,0.0,0.0,No Injury,Rear End,Daylight,Clear,Dry,22.0,Female,South,Going Straight Ahead,Followed Too Closely,No Apparent Influence,No Apparent Influence,25.0,Female,South,Going Straight Ahead,No Improper Action,No Apparent Influence,No Apparent Influence,33.44065849,-111.9263421,2022-10-29,22:09:00
45668,4007287,2022,Apache Blvd,Terrace Rd,-10.0,Intersection Related 206,0.0,0.0,No Injury,Left Turn,Daylight,Clear,Dry,74.0,Female,West,Making Right Turn,Failed To Keep In Proper Lane,No Apparent Influence,No Apparent Influence,19.0,Female,North,Making Left Turn,No Improper Action,No Apparent Influence,No Apparent Influence,33.41476581,-111.9204643,2022-10-29,23:31:00
45673,4005038,2022,Scottsdale Rd,Gilbert Dr,-50.0,Not Junction Related,0.0,0.0,No Injury,Sideswipe Same Direction,Dark Lighted,Clear,Dry,31.0,Male,South,Changing Lanes,Unsafe Lane Change,Alcohol,No Apparent Influence,28.0,Male,South,Going Straight Ahead,No Improper Action,No Apparent Influence,No Apparent Influence,33.43742511,-111.9262717,2022-10-30,06:04:00
45675,4005065,2022,Miller Rd,Curry Rd,75.0,Intersection Related 206,0.0,0.0,No Injury,Rear End,Dark Lighted,Clear,Dry,19.0,Male,South,Going Straight Ahead,Disregarded Traffic Signal,No Apparent Influence,No Apparent Influence,21.0,Female,South,Stopped In Trafficway,No Improper Action,No Apparent Influence,No Apparent Influence,33.44058491,-111.9179623,2022-10-30,08:15:00
45680,4015510,2022,Washington St,Mill Ave,0.0,Intersection 4 Way 202,0.0,0.0,No Injury,Left Turn,Dark Lighted,Clear,Dry,41.0,Male,North,Making Left Turn,Unknown,No Apparent Influence,No Apparent Influence,25.0,Female,South,Going Straight Ahead,Unknown,No Apparent Influence,No Apparent Influence,33.4375659,-111.9434409,2022-10-31,03:17:00
45681,4005040,2022,McClintock Dr,Guadalupe Rd,0.0,Intersection 4 Way 202,1.0,0.0,Suspected Minor Injury,Left Turn,Dark Lighted,Clear,Dry,22.0,Male,South,Making Left Turn,Failed To Yield Right Of Way,Alcohol,Drugs,24.0,Male,North,Going Straight Ahead,No Improper Action,No Apparent Influence,No Apparent Influence,33.36376447,-111.9112568,2022-10-31,09:20:00
45682,4004434,2022,Price Rd,Broadway Rd,-125.0,Not Junction Related,0.0,0.0,No Injury,Rear End,Daylight,Clear,Dry,38.0,Male,North,Going Straight Ahead,Speed To Fast For Conditions,No Apparent Influence,No Apparent Influence,37.0,Female,North,Slowing In Trafficway,No Improper Action,No Apparent Influence,No Apparent Influence,33.4071319,-111.8903319,2022-10-31,14:45:00
45684,4004317,2022,Broadway Rd,Cutler Dr,-160.0,Driveway Or Alley,2.0,0.0,Suspected Minor Injury,Left Turn,Daylight,Clear,Dry,39.0,Female,North,Making Left Turn,Failed To Yield Right Of Way,No Apparent Influence,No Apparent Influence,18.0,Female,East,Going Straight Ahead,No Improper Action,No Apparent Influence,No Apparent Influence,33.40741468,-111.9588946,2022-10-31,16:00:00
45685,4004435,2022,SR-202 Non-Cardinal Frontage,Priest Dr,0.0,Intersection Other 204,0.0,0.0,No Injury,Sideswipe Same Direction,Daylight,Clear,Dry,30.0,Female,North,Making Left Turn,Made Improper Turn,No Apparent Influence,No Apparent Influence,18.0,Female,North,Making Left Turn,No Improper Action,No Apparent Influence,No Apparent Influence,33.43850177,-111.9608415,2022-10-31,17:26:00
45687,4009553,2022,5th St,Ash Ave,0.0,Intersection 4 Way 202,0.0,0.0,No Injury,Angle - Other Than Left Turn 2,Daylight,Clear,Dry,46.0,Male,West,Making Right Turn,Made Improper Turn,No Apparent Influence,No Apparent Influence,32.0,Male,West,Stopped In Trafficway,No Improper Action,No Apparent Influence,No Apparent Influence,33.42549204,-111.9433708,2022-10-31,18:37:00