,Incident ID,Year,Street Name,Cross Street,Distance,Junction Relation,Total Injuries,Total Fatalities,Injury Severity,Collision Manner,Light Condition,Weather,Surface Condition,Age Driver 1,Gender Driver 1,Travel Direction One,Unit Action One,Violation1_Drv1,Alcohol Use Driver 1,Drug Use Driver 1,Age Driver 2,Gender Driver 2,Travel Direction Two,Unit Action Two,Violation 1 Driver 2,Alcohol Use Driver 2,Drug Use Driver 2,Latitude,Longitude,Date,Time
46217,4014988,2022,Mill Ave,Mill Ave,-25.0,Intersection Related 206,1.0,0.0,Suspected Minor Injury,Rear End,Daylight,Clear,Dry,23.0,Female,Northeast,Going Straight Ahead,Speed To Fast For Conditions,Alcohol,No Apparent Influence,41.0,Male,Northeast,Stopped In Trafficway,No Improper Action,No Apparent Influence,No Apparent Influence,33.44523591,-111.9492542,2022-12-10,17:41:00
46219,4015553,2022,University Dr,College Ave,200.0,Not Junction Related,0.0,0.0,No Injury,Rear End,Dark Lighted,Clear,Dry,20.0,Male,West,Going Straight Ahead,Followed Too Closely,No Apparent Influence,No Apparent Influence,40.0,Male,West,Slowing In Trafficway,No Improper Action,No Apparent Influence,No Apparent Influence,33.42195976,-111.934311,2022-12-11,01:16:00
46220,4015614,2022,S Athletes Pl,University Dr,5.0,Intersection Related 206,0.0,0.0,No Injury,Left Turn,Dark Lighted,Clear,Dry,21.0,Male,West,Going Straight Ahead,No Improper Action,No Apparent Influence,No Apparent Influence,20.0,Male,South,Making Left Turn,Failed To Yield Right Of Way,No Apparent Influence,No Apparent Influence,33.42203713,-111.9228959,2022-12-11,01:24:00
46221,4013983,2022,Emerald Dr,Jewell St,0.0,Intersection T Inter 203,0.0,0.0,No Injury,Angle - Other Than Left Turn 2,Dark Not Lighted,Clear,Dry,27.0,Female,Northwest,Making Left Turn,Failed To Yield Right Of Way,No Apparent Influence,No Apparent Influence,21.0,Male,South,Going Straight Ahead,No Improper Action,No Apparent Influence,No Apparent Influence,33.33706558,-111.9686503,2022-12-11,02:05:00
46225,4013790,2022,McClintock Dr,Watson Dr,0.0,Intersection 4 Way 202,0.0,0.0,No Injury,Left Turn,Daylight,Clear,Dry,16.0,Female,South,Making Left Turn,Failed To Yield Right Of Way,No Apparent Influence,No Apparent Influence,29.0,Male,North,Going Straight Ahead,No Improper Action,No Apparent Influence,No Apparent Influence,33.36941076,-111.9112888,2022-12-11,19:04:00
46226,4015613,2022,Baseline Rd,McClintock Dr,-72.0,Intersection Related 206,1.0,0.0,Possible Injury,Rear End,Dusk,Clear,Dry,22.0,Male,East,Slowing In Trafficway,Speed To Fast For Conditions,No Apparent Influence,No Apparent Influence,44.0,Female,East,Stopped In Trafficway,No Improper Action,No Apparent Influence,No Apparent Influence,33.37842405,-111.9094972,2022-12-12,00:25:00
46227,4016066,2022,48th St,Southern Ave,0.0,Intersection 4 Way 202,0.0,0.0,No Injury,Left Turn,Dark Lighted,Clear,Dry,23.0,Male,Southeast,Making Left Turn,Made Improper Turn,No Apparent Influence,No Apparent Influence,30.0,Female,East,Going Straight Ahead,No Improper Action,No Apparent Influence,No Apparent Influence,33.39276724,-111.9783383,2022-12-12,00:59:00
46228,4047793,2022,University Dr,Rural Rd,0.0,Intersection 4 Way 202,0.0,0.0,No Injury,Angle - Other Than Left Turn 2,Dark Lighted,Clear,Dry,23.0,Female,East,Making Left Turn,Disregarded Traffic Signal,No Apparent Influence,No Apparent Influence,20.0,Female,West,Going Straight Ahead,No Improper Action,No Apparent Influence,No Apparent Influence,33.42202914,-111.9263124,2022-12-12,02:54:00
46230,4015672,2022,University Dr,McClintock Dr,-150.0,Not Junction Related,0.0,0.0,No Injury,Rear End,Dark Lighted,Clear,Dry,30.0,Male,West,Going Straight Ahead,Speed To Fast For Conditions,No Apparent Influence,No Apparent Influence,20.0,Female,West,Slowing In Trafficway,No Improper Action,No Apparent Influence,No Apparent Influence,33.42198255,-111.9095778,2022-12-12,05:07:00
46231,4013981,2022,Southern Ave,Los Feliz Dr,0.0,Intersection 4 Way 202,1.0,0.0,Suspected Minor Injury,Left Turn,Dawn,Rain,Wet,16.0,Male,East,Making Left Turn,Made Improper Turn,No Apparent Influence,No Apparent Influence,37.0,Male,West,Going Straight Ahead,No Improper Action,No Apparent Influence,No Apparent Influence,33.39297024,-111.9048537,2022-12-12,14:12:00
46234,4013980,2022,Rio Salado Pkwy,Packard Dr,201.0,Not Junction Related,1.0,0.0,Possible Injury,Rear End,Daylight,Cloudy,Dry,33.0,Female,East,Going Straight Ahead,Speed To Fast For Conditions,No Apparent Influence,No Apparent Influence,31.0,Male,East,Stopped In Trafficway,No Improper Action,No Apparent Influence,No Apparent Influence,33.42879468,-111.9286373,2022-12-12,21:11:00
46235,4047754,2022,Priest Dr,University Dr,-102.0,Intersection Related 206,1.0,0.0,Possible Injury,Rear End,Daylight,Clear,Dry,52.0,Male,North,Going Straight Ahead,Followed Too Closely,No Apparent Influence,No Apparent Influence,37.0,Male,North,Stopped In Trafficway,No Improper Action,No Apparent Influence,No Apparent Influence,33.42166211,-111.9609053,2022-12-12,22:57:00
46239,4014940,2022,48th St,Broadway Rd,30.0,Intersection Related 206,0.0,0.0,No Injury,Rear End,Dark Lighted,Clear,Dry,48.0,Male,South,Backing,Other,No Apparent Influence,No Apparent Influence,31.0,Male,South,Stopped In Trafficway,No Improper Action,No Apparent Influence,No Apparent Influence,33.40741071,-111.9782794,2022-12-13,00:43:00
46240,4013975,2022,University Dr,SR-143 Exit 1 T-Ramp,0.0,Intersection Related 206,0.0,0.0,No Injury,Sideswipe Opposite Direction,Dark Lighted,Cloudy,Dry,19.0,Male,North,Making Right Turn,Speed To Fast For Conditions,No Apparent Influence,No Apparent Influence,37.0,Female,West,Going Straight Ahead,No Improper Action,No Apparent Influence,No Apparent Influence,33.42189321,-111.9776663,2022-12-13,01:00:00
46241,4020375,2022,Elliot Rd,Price Rd,0.0,Intersection 4 Way 202,0.0,0.0,No Injury,Angle - Other Than Left Turn 2,Dark Lighted,Cloudy,Dry,21.0,Female,South,Going Straight Ahead,Disregarded Traffic Signal,No Apparent Influence,No Apparent Influence,73.0,Male,West,Going Straight Ahead,No Improper Action,No Apparent Influence,No Apparent Influence,33.34934277,-111.8943665,2022-12-13,01:09:00
46244,4014418,2022,Rural Rd,Warner Rd,0.0,Intersection 4 Way 202,0.0,0.0,No Injury,Left Turn,Dark Lighted,Clear,Dry,58.0,Male,South,Making Left Turn,Failed To Yield Right Of Way,No Apparent Influence,No Apparent Influence,21.0,Female,North,Going Straight Ahead,No Improper Action,No Apparent Influence,No Apparent Influence,33.33465521,-111.9284147,2022-12-13,04:32:00
46247,4013745,2022,Broadway Rd,McClintock Dr,93.0,Intersection Related 206,0.0,0.0,No Injury,Rear End,Daylight,Clear,Dry,18.0,Female,West,Going Straight Ahead,Speed To Fast For Conditions,No Apparent Influence,No Apparent Influence,46.0,Female,West,Stopped In Trafficway,No Improper Action,No Apparent Influence,No Apparent Influence,33.40750018,-111.9088202,2022-12-13,14:31:00
46248,4013973,2022,Warner Rd,McKemy St,25.0,Intersection Related 206,0.0,0.0,No Injury,Rear End,Daylight,Clear,Dry,22.0,Male,West,Going Straight Ahead,Speed To Fast For Conditions,No Apparent Influence,No Apparent Influence,36.0,Male,West,Going Straight Ahead,No Improper Action,No Apparent Influence,No Apparent Influence,33.33458651,-111.949357,2022-12-13,15:18:00
46249,3979813,2022,Scottsdale Rd,McKellips Rd,200.0,Not Junction Related,0.0,0.0,No Injury,Angle - Other Than Left Turn 2,Daylight,Clear,Dry,59.0,Male,West,Making Left Turn,Made Improper Turn,No Apparent Influence,No Apparent Influence,42.0,Male,North,Going Straight Ahead,No Improper Action,No Apparent Influence,No Apparent Influence,33.45179031,-111.9264639,2022-12-13,15:32:00
46250,4015702,2022,Baseline Rd,Kyrene Rd,0.0,Intersection Related 206,0.0,0.0,No Injury,Rear End,Daylight,Clear,Dry,28.0,Male,West,Going Straight Ahead,Speed To Fast For Conditions,No Apparent Influence,No Apparent Influence,51.0,Female,West,Going Straight Ahead,Unknown,No Apparent Influence,No Apparent Influence,33.37819996,-111.9459886,2022-12-13,17:20:00
46253,4013744,2022,University Dr,Mill Ave,5.0,Intersection Related 206,0.0,0.0,No Injury,Sideswipe Same Direction,Daylight,Cloudy,Dry,19.0,Male,West,Changing Lanes,Unsafe Lane Change,No Apparent Influence,No Apparent Influence,50.0,Male,West,Going Straight Ahead,No Improper Action,No Apparent Influence,No Apparent Influence,33.42193483,-111.9400007,2022-12-13,18:04:00
46254,4017529,2022,McClintock Dr,Baseline Rd,-50.0,Intersection Related 206,0.0,0.0,No Injury,Rear End,Daylight,Clear,Dry,35.0,Female,North,Stopped In Trafficway,Speed To Fast For Conditions,No Apparent Influence,No Apparent Influence,54.0,Male,North,Going Straight Ahead,No Improper Action,No Apparent Influence,No Apparent Influence,33.37828689,-111.9092622,2022-12-13,19:25:00
46255,4013740,2022,Priest Dr,SR-202 Non-Cardinal Frontage,0.0,Intersection 4 Way 202,0.0,0.0,No Injury,Left Turn,Daylight,Cloudy,Dry,77.0,Female,East,Making Left Turn,Made Improper Turn,No Apparent Influence,No Apparent Influence,21.0,Male,North,Going Straight Ahead,No Improper Action,No Apparent Influence,No Apparent Influence,33.43850177,-111.9608415,2022-12-13,20:27:00
46257,4014486,2022,Scottsdale Rd,Curry Rd,-97.0,Intersection Related 206,0.0,0.0,No Injury,Rear End,Daylight,Clear,Dry,21.0,Male,South,Going Straight Ahead,Followed Too Closely,No Apparent Influence,No Apparent Influence,34.0,Male,South,Stopped In Trafficway,No Improper Action,No Apparent Influence,No Apparent Influence,33.44002711,-111.9263264,2022-12-13,23:43:00
46258,4014440,2022,Scottsdale Rd,Gilbert Dr,0.0,Intersection T Inter 203,1.0,0.0,Possible Injury,Left Turn,Dark Lighted,Cloudy,Dry,43.0,Male,North,Making Left Turn,Failed To Yield Right Of Way,No Apparent Influence,No Apparent Influence,36.0,Male,South,Going Straight Ahead,No Improper Action,No Apparent Influence,No Apparent Influence,33.43756227,-111.9262752,2022-12-14,00:26:00
46259,4013738,2022,Mill Ave,US-60 Exit 173 G-Ramp,-50.0,Intersection Related 206,0.0,0.0,No Injury,Rear End,Daylight,Clear,Dry,34.0,Male,North,Going Straight Ahead,Followed Too Closely,No Apparent Influence,No Apparent Influence,41.0,Male,North,Stopped In Trafficway,No Improper Action,No Apparent Influence,No Apparent Influence,33.38497019,-111.9394755,2022-12-14,00:51:00
46260,4013772,2022,Mill Ave,US-60 Exit 173 A-Ramp,0.0,Intersection 4 Way 202,1.0,0.0,Suspected Minor Injury,Angle - Other Than Left Turn 2,Daylight,Clear,Dry,38.0,Female,East,Making Right Turn,Disregarded Traffic Signal,No Apparent Influence,No Apparent Influence,24.0,Female,South,Going Straight Ahead,No Improper Action,No Apparent Influence,No Apparent Influence,33.38510724,-111.9394705,2022-12-14,04:39:00
46263,4017403,2022,Rural Rd,Carmen St,48.0,Not Junction Related,0.0,0.0,No Injury,Rear End,Daylight,Clear,Dry,20.0,Female,South,Slowing In Trafficway,Speed To Fast For Conditions,No Apparent Influence,No Apparent Influence,46.0,Male,South,Slowing In Trafficway,No Improper Action,No Apparent Influence,No Apparent Influence,33.36021996,-111.9285766,2022-12-14,16:09:00
46264,4013771,2022,Broadway Rd,Price Rd,92.0,Intersection Related 206,0.0,0.0,No Injury,Angle - Other Than Left Turn 2,Daylight,Clear,Dry,20.0,Female,East,Changing Lanes,Unsafe Lane Change,No Apparent Influence,No Apparent Influence,31.0,Male,East,Going Straight Ahead,No Improper Action,No Apparent Influence,No Apparent Influence,33.40748344,-111.8900336,2022-12-14,16:52:00
46265,4017536,2022,52nd St,1st St,0.0,Intersection T Inter 203,2.0,0.0,Possible Injury,Angle - Other Than Left Turn 2,Daylight,Clear,Dry,20.0,Male,East,Making Left Turn,Failed To Yield Right Of Way,No Apparent Influence,No Apparent Influence,27.0,Female,South,Going Straight Ahead,No Improper Action,No Apparent Influence,No Apparent Influence,33.42879217,-111.9696825,2022-12-14,20:33:00
46266,4047783,2022,Southern Ave,48th St,110.0,Intersection Related 206,0.0,0.0,No Injury,Sideswipe Same Direction,Daylight,Clear,Dry,42.0,Male,West,Making Right Turn,Made Improper Turn,No Apparent Influence,No Apparent Influence,72.0,Female,West,Stopped In Trafficway,No Improper Action,No Apparent Influence,No Apparent Influence,33.39276925,-111.9779781,2022-12-14,21:50:00
46267,3981466,2022,SR-143 Non-Cardinal,Unknown,0.0,Not Junction Related,2.0,0.0,Suspected Minor Injury,Rear End,Daylight,Clear,Dry,32.0,Male,South,Going Straight Ahead,Speed To Fast For Conditions,No Apparent Influence,No Apparent Influence,33.0,Female,South,Slowing In Trafficway,No Improper Action,No Apparent Influence,No Apparent Influence,33.40819344,-111.9783306,2022-12-14,22:10:00
46270,4014524,2022,Hardy Dr,Yale Dr,0.0,Intersection 4 Way 202,1.0,0.0,Possible Injury,Sideswipe Same Direction,Daylight,Clear,Dry,57.0,Female,South,Changing Lanes,Unsafe Lane Change,No Apparent Influence,No Apparent Influence,27.0,Male,South,Going Straight Ahead,No Improper Action,No Apparent Influence,No Apparent Influence,33.37003843,-111.9545905,2022-12-14,22:33:00
46271,4047681,2022,Alameda Dr,Priest Dr,0.0,Intersection 4 Way 202,0.0,0.0,No Injury,Angle - Other Than Left Turn 2,Daylight,Clear,Dry,40.0,Female,West,Making Right Turn,Unsafe Lane Change,No Apparent Influence,No Apparent Influence,20.0,Male,West,Making Right Turn,No Improper Action,No Apparent Influence,No Apparent Influence,33.40014047,-111.9607727,2022-12-14,23:06:00
46272,4020382,2022,Mill Ave,Fairmont Dr,0.0,Intersection 4 Way 202,0.0,0.0,No Injury,Rear End,Daylight,Clear,Dry,20.0,Female,South,Going Straight Ahead,Followed Too Closely,No Apparent Influence,No Apparent Influence,22.0,Female,South,Stopped In Trafficway,No Improper Action,No Apparent Influence,No Apparent Influence,33.39626611,-111.9396474,2022-12-15,00:04:00
46273,4014535,2022,Apache Blvd,SR-101 Cardinal Frontage,0.0,Intersection Other 204,0.0,0.0,No Injury,Left Turn,Dusk,Clear,Dry,26.0,Male,West,Making Left Turn,Disregarded Traffic Signal,No Apparent Influence,No Apparent Influence,46.0,Female,East,Going Straight Ahead,No Improper Action,No Apparent Influence,No Apparent Influence,33.41479898,-111.8919461,2022-12-15,00:44:00
46275,4015052,2022,Rural Rd,Broadway Rd,-89.0,Intersection Related 206,0.0,0.0,No Injury,Rear End,Dark Lighted,Clear,Dry,45.0,Female,North,Going Straight Ahead,Speed To Fast For Conditions,No Apparent Influence,No Apparent Influence,29.0,Male,North,Going Straight Ahead,No Improper Action,No Apparent Influence,No Apparent Influence,33.40725729,-111.9262841,2022-12-15,01:04:00
46276,4014419,2022,SR-101 Cardinal Frontage,Guadalupe Rd,0.0,Intersection 4 Way 202,0.0,0.0,No Injury,Angle - Other Than Left Turn 2,Daylight,Clear,Dry,67.0,Female,West,Going Straight Ahead,Disregarded Traffic Signal,No Apparent Influence,No Apparent Influence,30.0,Female,South,Going Straight Ahead,No Improper Action,No Apparent Influence,No Apparent Influence,33.36389129,-111.8946674,2022-12-15,01:13:00
46277,4014427,2022,Elliot Rd,Hardy Dr,-160.0,Intersection Related 206,2.0,0.0,Possible Injury,Rear End,Dark Lighted,Clear,Dry,85.0,Female,East,Going Straight Ahead,Speed To Fast For Conditions,No Apparent Influence,No Apparent Influence,20.0,Female,East,Going Straight Ahead,No Improper Action,No Apparent Influence,No Apparent Influence,33.34915309,-111.9550043,2022-12-15,01:42:00
46281,3983303,2022,SR-143 Exit 1 A-Ramp,Unknown,0.0,Entrance Exit Ramp 205,0.0,0.0,No Injury,Rear End,Daylight,Clear,Dry,17.0,Male,North,Going Straight Ahead,Followed Too Closely,No Apparent Influence,No Apparent Influence,57.0,Male,North,Going Straight Ahead,No Improper Action,No Apparent Influence,No Apparent Influence,33.42176491,-111.9779613,2022-12-15,14:04:00
46282,4013948,2022,Rio Salado Pkwy,Hardy Dr,0.0,Intersection 4 Way 202,1.0,0.0,Suspected Minor Injury,Left Turn,Daylight,Clear,Dry,57.0,Male,West,Making Left Turn,Failed To Yield Right Of Way,No Apparent Influence,No Apparent Influence,32.0,Male,East,Going Straight Ahead,No Improper Action,No Apparent Influence,No Apparent Influence,33.43094517,-111.9524059,2022-12-15,14:10:00
46283,4015517,2022,Priest Dr,Rio Salado Pkwy,0.0,Intersection 4 Way 202,2.0,0.0,Suspected Minor Injury,Left Turn,Daylight,Clear,Dry,44.0,Female,Southeast,Making Left Turn,Disregarded Traffic Signal,No Apparent Influence,No Apparent Influence,66.0,Female,Northeast,Making Left Turn,No Improper Action,No Apparent Influence,No Apparent Influence,33.42956051,-111.9609666,2022-12-15,14:34:00
46290,4013913,2022,McClintock Dr,Rio Salado Pkwy,10.0,Intersection Related 206,0.0,0.0,No Injury,Sideswipe Same Direction,Daylight,Clear,Dry,22.0,Female,South,Making Right Turn,Made Improper Turn,No Apparent Influence,No Apparent Influence,66.0,Male,South,Going Straight Ahead,No Improper Action,No Apparent Influence,No Apparent Influence,33.42928988,-111.9090701,2022-12-15,21:56:00
46292,4013911,2022,University Dr,McAllister Ave,-200.0,Not Junction Related,0.0,0.0,No Injury,Rear End,Daylight,Clear,Dry,23.0,Female,East,Going Straight Ahead,Followed Too Closely,No Apparent Influence,No Apparent Influence,34.0,Male,East,Slowing In Trafficway,No Improper Action,No Apparent Influence,No Apparent Influence,33.4220105,-111.9295943,2022-12-15,23:48:00
46295,4014420,2022,Kyrene Rd,Baseline Rd,0.0,Not Junction Related,1.0,0.0,Possible Injury,Rear End,Dark Not Lighted,Clear,Dry,53.0,Male,North,Going Straight Ahead,Speed To Fast For Conditions,No Apparent Influence,No Apparent Influence,52.0,Male,North,Stopped In Trafficway,No Improper Action,No Apparent Influence,No Apparent Influence,33.38111814,-111.9438151,2022-12-16,01:50:00
46298,4014968,2022,Apache Blvd,Rural Rd,-100.0,Intersection Related 206,0.0,0.0,No Injury,Rear End,Dark Lighted,Clear,Dry,33.0,Male,East,Going Straight Ahead,Speed To Fast For Conditions,Alcohol,No Apparent Influence,25.0,Male,East,Going Straight Ahead,No Improper Action,No Apparent Influence,No Apparent Influence,33.41476263,-111.9266204,2022-12-16,06:19:00
46299,4014421,2022,McClintock Dr,Southern Ave,0.0,Intersection 4 Way 202,1.0,0.0,Possible Injury,Left Turn,Dark Lighted,Clear,Dry,28.0,Female,South,Making Left Turn,Failed To Yield Right Of Way,No Apparent Influence,No Apparent Influence,66.0,Male,North,Going Straight Ahead,No Improper Action,No Apparent Influence,No Apparent Influence,33.39299225,-111.9091266,2022-12-16,07:05:00
46300,4017405,2022,Priest Dr,Alameda Dr,0.0,Intersection 4 Way 202,1.0,0.0,Possible Injury,Left Turn,Daylight,Cloudy,Dry,22.0,Male,Southeast,Making Left Turn,Failed To Yield Right Of Way,No Apparent Influence,No Apparent Influence,47.0,Female,North,Going Straight Ahead,No Improper Action,No Apparent Influence,No Apparent Influence,33.40014047,-111.9607727,2022-12-16,14:45:00
46301,4015538,2022,Priest Dr,13th St,0.0,Intersection Related 206,0.0,0.0,No Injury,Unknown,Daylight,Clear,Dry,62.0,Female,West,Making Left Turn,Other,No Apparent Influence,No Apparent Influence,37.0,Male,North,Going Straight Ahead,Unknown,No Apparent Influence,No Apparent Influence,33.41468553,-111.960823,2022-12-16,18:08:00
46306,4014400,2022,Broadway Rd,Price Rd,78.0,Intersection Related 206,1.0,0.0,Possible Injury,Rear End,Daylight,Clear,Dry,32.0,Male,West,Going Straight Ahead,Speed To Fast For Conditions,No Apparent Influence,No Apparent Influence,32.0,Female,West,Stopped In Trafficway,No Improper Action,No Apparent Influence,No Apparent Influence,33.40748221,-111.8900794,2022-12-16,22:37:00
46307,4014430,2022,Rural Rd,Terrace Rd,-25.0,Intersection Related 206,0.0,0.0,No Injury,Rear End,Dusk,Clear,Dry,35.0,Female,North,Going Straight Ahead,Speed To Fast For Conditions,No Apparent Influence,No Apparent Influence,33.0,Male,North,Stopped In Trafficway,No Improper Action,No Apparent Influence,No Apparent Influence,33.42020685,-111.9263006,2022-12-16,23:36:00
46309,4047769,2022,Rural Rd,University Dr,-100.0,Intersection Related 206,0.0,0.0,No Injury,Angle - Other Than Left Turn 2,Daylight,Clear,Dry,18.0,Female,North,Changing Lanes,Unsafe Lane Change,No Apparent Influence,No Apparent Influence,42.0,Female,North,Going Straight Ahead,No Improper Action,No Apparent Influence,No Apparent Influence,33.42175437,-111.926312,2022-12-17,00:10:00
46313,4023329,2022,SR-202 Cardinal Frontage,Priest Dr,0.0,Intersection Other 204,0.0,0.0,No Injury,Left Turn,Dark Lighted,Clear,Dry,19.0,Female,South,Making Left Turn,Unknown,No Apparent Influence,No Apparent Influence,52.0,Male,North,Going Straight Ahead,Unknown,No Apparent Influence,No Apparent Influence,33.43714969,-111.9609412,2022-12-17,05:46:00
46319,4014403,2022,McClintock Dr,University Dr,-188.0,Not Junction Related,0.0,0.0,No Injury,Rear End,Daylight,Clear,Dry,38.0,Female,North,Going Straight Ahead,Speed To Fast For Conditions,No Apparent Influence,No Apparent Influence,61.0,Male,North,Stopped In Trafficway,No Improper Action,No Apparent Influence,No Apparent Influence,33.42146649,-111.9090942,2022-12-17,20:07:00
46321,4020377,2022,Priest Dr,SR-202 Exit 5 A-Ramp,0.0,Intersection 4 Way 202,0.0,0.0,No Injury,Angle - Other Than Left Turn 2,Daylight,Clear,Dry,58.0,Female,South,Going Straight Ahead,Disregarded Traffic Signal,No Apparent Influence,No Apparent Influence,65.0,Male,East,Going Straight Ahead,No Improper Action,No Apparent Influence,No Apparent Influence,33.43714969,-111.9609412,2022-12-17,22:02:00
46323,4014402,2022,Baseline Rd,I-10 Exit 155 G-Ramp,0.0,Intersection 4 Way 202,0.0,0.0,No Injury,Left Turn,Dark Lighted,Clear,Dry,39.0,Male,East,Going Straight Ahead,Disregarded Traffic Signal,No Apparent Influence,No Apparent Influence,34.0,Male,West,Making Left Turn,No Improper Action,No Apparent Influence,No Apparent Influence,33.37827019,-111.9686324,2022-12-18,01:57:00
46324,4014423,2022,University Dr,Mill Ave,-20.0,Intersection Related 206,0.0,0.0,No Injury,Sideswipe Same Direction,Daylight,Clear,Dry,55.0,Male,East,Changing Lanes,Unsafe Lane Change,No Apparent Influence,No Apparent Influence,31.0,Female,East,Going Straight Ahead,No Improper Action,No Apparent Influence,No Apparent Influence,33.42193468,-111.9400826,2022-12-18,02:05:00
46329,4016075,2022,Elliot Rd,Priest Dr,0.0,Intersection 4 Way 202,0.0,0.0,No Injury,Sideswipe Same Direction,Daylight,Cloudy,Dry,54.0,Female,West,Avoiding Vehicle Object Pedestrian,Failed To Keep In Proper Lane,No Apparent Influence,No Apparent Influence,24.0,Male,West,Going Straight Ahead,No Improper Action,No Apparent Influence,No Apparent Influence,33.34910387,-111.9631335,2022-12-18,16:02:00
46330,4016082,2022,Rural Rd,Bell De Mar Dr,59.0,Intersection Related 206,0.0,0.0,No Injury,Rear End,Daylight,Cloudy,Dry,17.0,Female,South,Going Straight Ahead,Speed To Fast For Conditions,No Apparent Influence,No Apparent Influence,36.0,Male,South,Stopped In Trafficway,No Improper Action,No Apparent Influence,No Apparent Influence,33.35812335,-111.9285554,2022-12-18,18:52:00
46333,4014426,2022,Baseline Rd,Wendler Dr,-25.0,Intersection Related 206,0.0,0.0,No Injury,Rear End,Dark Lighted,Clear,Dry,57.0,Male,East,Going Straight Ahead,Followed Too Closely,No Apparent Influence,No Apparent Influence,30.0,Female,East,Going Straight Ahead,No Improper Action,No Apparent Influence,No Apparent Influence,33.37825669,-111.9698677,2022-12-19,04:10:00
46334,4020388,2022,Rural Rd,Lemon St,100.0,Driveway Or Alley,0.0,0.0,No Injury,Left Turn,Dark Lighted,Clear,Dry,18.0,Male,South,Making Left Turn,Failed To Yield Right Of Way,No Apparent Influence,No Apparent Influence,64.0,Female,North,Going Straight Ahead,No Improper Action,No Apparent Influence,No Apparent Influence,33.41710977,-111.9262969,2022-12-19,06:32:00
46335,4016108,2022,McClintock Dr,Warner Rd,0.0,Intersection 4 Way 202,0.0,0.0,No Injury,Left Turn,Daylight,Clear,Dry,80.0,Female,South,Going Straight Ahead,Unknown,No Apparent Influence,No Apparent Influence,56.0,Male,Northwest,Making Left Turn,Unknown,No Apparent Influence,No Apparent Influence,33.33464293,-111.9111771,2022-12-19,13:57:00
46338,4016077,2022,Rural Rd,US-60 Exit 174 C-Ramp,67.0,Intersection Related 206,0.0,0.0,No Injury,Sideswipe Same Direction,Daylight,Clear,Dry,72.0,Female,West,Making Right Turn,Failed To Keep In Proper Lane,No Apparent Influence,No Apparent Influence,28.0,Female,West,Making Right Turn,No Improper Action,No Apparent Influence,No Apparent Influence,33.38636503,-111.9264657,2022-12-19,22:55:00
46339,4015045,2022,Warner Rd,River Pkwy,-200.0,Intersection Related 206,1.0,0.0,Possible Injury,Rear End,Daylight,Clear,Dry,50.0,Male,East,Going Straight Ahead,Speed To Fast For Conditions,No Apparent Influence,No Apparent Influence,51.0,Male,East,Stopped In Trafficway,No Improper Action,No Apparent Influence,No Apparent Influence,33.33477056,-111.8983247,2022-12-19,23:19:00
46342,4015513,2022,Warner Rd,Jewell St,-26.0,Intersection Related 206,0.0,0.0,No Injury,Sideswipe Opposite Direction,Dark Unknown Lighting,Clear,Dry,35.0,Male,West,Avoiding Vehicle Object Pedestrian,No Improper Action,No Apparent Influence,No Apparent Influence,31.0,Male,East,Other,No Improper Action,No Apparent Influence,No Apparent Influence,33.33452565,-111.9683805,2022-12-20,02:57:00
46347,4016002,2022,Southern Ave,48th St,0.0,Intersection 4 Way 202,1.0,0.0,Possible Injury,Left Turn,Daylight,Clear,Dry,23.0,Female,West,Going Straight Ahead,Disregarded Traffic Signal,No Apparent Influence,No Apparent Influence,20.0,Male,East,Making Left Turn,No Improper Action,No Apparent Influence,No Apparent Influence,33.39276725,-111.9783383,2022-12-20,22:44:00
46350,4016035,2022,McClintock Dr,Oxford Dr,-42.0,Not Junction Related,0.0,0.0,No Injury,Sideswipe Same Direction,Dawn,Cloudy,Dry,72.0,Male,South,Changing Lanes,Unsafe Lane Change,No Apparent Influence,No Apparent Influence,43.0,Female,South,Going Straight Ahead,No Improper Action,No Apparent Influence,No Apparent Influence,33.37528299,-111.9105702,2022-12-21,13:40:00
46353,4015606,2022,Priest Dr,Fountainhead Pkwy,-48.0,Intersection Related 206,2.0,0.0,Possible Injury,Rear End,Daylight,Clear,Dry,24.0,Male,North,Going Straight Ahead,Speed To Fast For Conditions,No Apparent Influence,No Apparent Influence,30.0,Male,North,Slowing In Trafficway,No Improper Action,No Apparent Influence,No Apparent Influence,33.40354693,-111.9607771,2022-12-21,15:28:00
46354,4015548,2022,1st St,Roosevelt St,0.0,Intersection T Inter 203,0.0,0.0,No Injury,Angle - Other Than Left Turn 2,Daylight,Clear,Dry,27.0,Female,East,Making U Turn,Other,No Apparent Influence,No Apparent Influence,24.0,Female,East,Going Straight Ahead,No Improper Action,No Apparent Influence,No Apparent Influence,33.42913826,-111.9472906,2022-12-21,16:17:00
46355,4015547,2022,Scottsdale Rd,Rio Salado Pkwy,0.0,Intersection 4 Way 202,0.0,0.0,No Injury,Sideswipe Same Direction,Daylight,Clear,Dry,44.0,Female,South,Making Right Turn,Unknown,No Apparent Influence,No Apparent Influence,26.0,Male,South,Making Right Turn,Unknown,No Apparent Influence,No Apparent Influence,33.42884843,-111.9262892,2022-12-21,17:30:00