,Incident ID,Year,Street Name,Cross Street,Distance,Junction Relation,Total Injuries,Total Fatalities,Injury Severity,Collision Manner,Light Condition,Weather,Surface Condition,Age Driver 1,Gender Driver 1,Travel Direction One,Unit Action One,Violation1_Drv1,Alcohol Use Driver 1,Drug Use Driver 1,Age Driver 2,Gender Driver 2,Travel Direction Two,Unit Action Two,Violation 1 Driver 2,Alcohol Use Driver 2,Drug Use Driver 2,Latitude,Longitude,Date,Time
46356,4015609,2022,Country Club Way,Southern Ave,0.0,Intersection 4 Way 202,0.0,0.0,No Injury,Left Turn,Daylight,Clear,Dry,25.0,Male,East,Stopped In Trafficway,Failed To Yield Right Of Way,No Apparent Influence,No Apparent Influence,30.0,Male,West,Going Straight Ahead,No Improper Action,No Apparent Influence,No Apparent Influence,33.39298057,-111.9005556,2022-12-21,18:03:00
46357,4015546,2022,Priest Dr,Grove Pkwy,0.0,Intersection Other 204,0.0,0.0,No Injury,Sideswipe Same Direction,Daylight,Clear,Dry,50.0,Female,Unknown,Negotiating A Curve,Unknown,No Apparent Influence,No Apparent Influence,35.0,Male,Unknown,Negotiating A Curve,Unknown,No Apparent Influence,No Apparent Influence,33.35147722,-111.9624618,2022-12-21,19:14:00
46358,4016093,2022,Baseline Rd,Pointe Pkwy,-85.0,Intersection Related 206,0.0,0.0,No Injury,Rear End,Daylight,Clear,Dry,38.0,Female,East,Going Straight Ahead,Speed To Fast For Conditions,No Apparent Influence,No Apparent Influence,45.0,Male,East,Stopped In Trafficway,No Improper Action,No Apparent Influence,No Apparent Influence,33.37821364,-111.972273,2022-12-21,21:17:00
46359,3984233,2022,I-10 Exit 155 J1-Ramp,Baseline Rd,0.0,Entrance Exit Ramp 205,0.0,0.0,No Injury,Sideswipe Same Direction,Daylight,Clear,Dry,54.0,Female,Northwest,Making Right Turn,Speed To Fast For Conditions,No Apparent Influence,No Apparent Influence,36.0,Male,North,Making Right Turn,No Improper Action,No Apparent Influence,No Apparent Influence,33.37829922,-111.9673788,2022-12-21,22:02:00
46360,4018093,2022,Guadalupe Rd,Price Rd,0.0,Intersection 4 Way 202,2.0,0.0,Suspected Minor Injury,Left Turn,Daylight,Clear,Dry,18.0,Female,North,Making Left Turn,Disregarded Traffic Signal,No Apparent Influence,No Apparent Influence,42.0,Female,South,Going Straight Ahead,No Improper Action,No Apparent Influence,No Apparent Influence,33.36389129,-111.8946674,2022-12-21,22:10:00
46361,4016092,2022,Rural Rd,Warner Rd,-84.0,Intersection Related 206,0.0,0.0,No Injury,Rear End,Dusk,Clear,Dry,31.0,Male,North,Making Right Turn,Speed To Fast For Conditions,No Apparent Influence,No Apparent Influence,45.0,Female,North,Making Right Turn,No Improper Action,No Apparent Influence,No Apparent Influence,33.33442464,-111.9284105,2022-12-21,23:54:00
46364,4023327,2022,Rio Salado Pkwy,Price Rd,0.0,Intersection Other 204,0.0,0.0,No Injury,Left Turn,Dark Lighted,Clear,Dry,36.0,Female,West,Making Left Turn,Failed To Yield Right Of Way,No Apparent Influence,No Apparent Influence,33.0,Female,East,Going Straight Ahead,No Improper Action,No Apparent Influence,No Apparent Influence,33.42937578,-111.8918252,2022-12-22,02:46:00
46367,4015680,2022,McClintock Dr,Dava Dr,70.0,Not Junction Related,1.0,0.0,Possible Injury,Rear End,Dark Lighted,Clear,Dry,25.0,Male,North,Going Straight Ahead,No Improper Action,No Apparent Influence,No Apparent Influence,27.0,Female,North,Slowing In Trafficway,No Improper Action,No Apparent Influence,No Apparent Influence,33.35452333,-111.9112089,2022-12-22,04:31:00
46368,4014922,2022,Rural Rd,Geneva Dr,-50.0,Intersection Related 206,0.0,0.0,No Injury,Rear End,Dark Lighted,Clear,Dry,16.0,Male,North,Going Straight Ahead,Speed To Fast For Conditions,No Apparent Influence,No Apparent Influence,19.0,Male,North,Slowing In Trafficway,No Improper Action,No Apparent Influence,No Apparent Influence,33.39484852,-111.9263297,2022-12-22,05:13:00
46369,4023325,2022,University Dr,SR-143 Exit 1 T-Ramp,10.0,Intersection Related 206,1.0,0.0,Possible Injury,Angle - Other Than Left Turn 2,Dark Lighted,Clear,Dry,26.0,Male,West,Making Right Turn,Speed To Fast For Conditions,No Apparent Influence,No Apparent Influence,64.0,Male,North,Going Straight Ahead,No Improper Action,No Apparent Influence,No Apparent Influence,33.42189339,-111.9776417,2022-12-22,06:51:00
46371,4015605,2022,Baseline Rd,I-10 Exit 155 C2-Ramp,0.0,Intersection 4 Way 202,0.0,0.0,No Injury,Sideswipe Same Direction,Daylight,Clear,Dry,27.0,Male,North,Making Left Turn,Failed To Keep In Proper Lane,No Apparent Influence,No Apparent Influence,57.0,Female,North,Making Left Turn,No Improper Action,No Apparent Influence,No Apparent Influence,33.37829922,-111.9673788,2022-12-22,18:04:00
46372,3983292,2022,I-10 Exit 157 A-Ramp,Unknown,0.0,Intersection Related 206,0.0,0.0,No Injury,Rear End,Daylight,Clear,Dry,75.0,Female,East,Slowing In Trafficway,Speed To Fast For Conditions,No Apparent Influence,No Apparent Influence,45.0,Male,East,Stopped In Trafficway,No Improper Action,No Apparent Influence,No Apparent Influence,33.34921003,-111.9727874,2022-12-22,18:11:00
46374,3985665,2022,I-10 Exit 155 A1-Ramp,Unknown,1.0,Entrance Exit Ramp 205,0.0,0.0,No Injury,Sideswipe Same Direction,Daylight,Clear,Dry,41.0,Male,West,Making Left Turn,Unknown,No Apparent Influence,No Apparent Influence,70.0,Male,West,Going Straight Ahead,Unknown,No Apparent Influence,No Apparent Influence,33.37834499,-111.9686452,2022-12-22,19:26:00
46375,4015048,2022,McClintock Dr,SR-202 Exit 8 A-Ramp,0.0,Intersection T Inter 203,1.0,0.0,Possible Injury,Angle - Other Than Left Turn 2,Daylight,Clear,Dry,21.0,Female,East,Making Right Turn,Failed To Yield Right Of Way,No Apparent Influence,No Apparent Influence,58.0,Male,South,Going Straight Ahead,No Improper Action,No Apparent Influence,No Apparent Influence,33.43645638,-111.909614,2022-12-22,20:27:00
46376,3983019,2022,Rio Salado Pkwy,Price Rd,0.0,Intersection 4 Way 202,0.0,0.0,No Injury,Left Turn,Daylight,Clear,Dry,65.0,Male,Northeast,Making Left Turn,Failed To Yield Right Of Way,No Apparent Influence,No Apparent Influence,22.0,Male,West,Going Straight Ahead,No Improper Action,No Apparent Influence,No Apparent Influence,33.42931447,-111.890264,2022-12-22,20:45:00
46377,4014529,2022,Scottsdale Rd,Weber Dr,0.0,Intersection 4 Way 202,0.0,0.0,No Injury,Left Turn,Daylight,Clear,Dry,31.0,Female,South,Going Straight Ahead,Disregarded Traffic Signal,No Apparent Influence,No Apparent Influence,36.0,Female,East,Making Left Turn,No Improper Action,No Apparent Influence,No Apparent Influence,33.44398868,-111.926438,2022-12-22,23:08:00
46378,4015550,2022,Rural Rd,Southern Ave,188.0,Intersection Related 206,0.0,0.0,No Injury,Rear End,Dusk,Clear,Dry,21.0,Male,South,Going Straight Ahead,Speed To Fast For Conditions,No Apparent Influence,No Apparent Influence,42.0,Male,South,Stopped In Trafficway,No Improper Action,No Apparent Influence,No Apparent Influence,33.39347757,-111.9263264,2022-12-23,00:35:00
46380,4047781,2022,University Dr,George Dr,-195.0,Not Junction Related,0.0,0.0,No Injury,Rear End,Dark Lighted,Clear,Dry,23.0,Male,East,Going Straight Ahead,Speed To Fast For Conditions,No Apparent Influence,No Apparent Influence,48.0,Female,East,Stopped In Trafficway,No Improper Action,No Apparent Influence,No Apparent Influence,33.42208646,-111.8880637,2022-12-23,03:04:00
46381,4016004,2022,Rural Rd,Broadway Rd,132.0,Driveway Or Alley,1.0,0.0,Possible Injury,Left Turn,Dark Lighted,Clear,Dry,21.0,Male,South,Making Left Turn,Failed To Yield Right Of Way,No Apparent Influence,No Apparent Influence,24.0,Male,North,Going Straight Ahead,No Improper Action,No Apparent Influence,No Apparent Influence,33.40786451,-111.9262831,2022-12-23,03:38:00
46382,4015545,2022,Warner Rd,McClintock Dr,155.0,Driveway Or Alley,1.0,0.0,Suspected Minor Injury,Angle - Other Than Left Turn 2,Dark Lighted,Clear,Dry,25.0,Female,North,Going Straight Ahead,Failed To Yield Right Of Way,No Apparent Influence,No Apparent Influence,20.0,Male,East,Going Straight Ahead,No Improper Action,No Apparent Influence,No Apparent Influence,33.33464604,-111.91067,2022-12-23,04:54:00
46383,4017392,2022,Priest Dr,SR-202 Non-Cardinal Frontage,0.0,Intersection 4 Way 202,2.0,0.0,Suspected Minor Injury,Left Turn,Dark Lighted,Clear,Dry,26.0,Female,North,Going Straight Ahead,Disregarded Traffic Signal,No Apparent Influence,No Apparent Influence,58.0,Male,West,Making Left Turn,No Improper Action,Alcohol,No Apparent Influence,33.43850177,-111.9608415,2022-12-23,05:58:00
46385,4049240,2022,Baseline Rd,I-10 Exit 155 J1-Ramp,0.0,Intersection 201,0.0,0.0,No Injury,Sideswipe Same Direction,Dark Lighted,Clear,Dry,39.0,Male,Northeast,Making Left Turn,Unknown,No Apparent Influence,No Apparent Influence,25.0,Male,Northeast,Making Left Turn,Unknown,No Apparent Influence,No Apparent Influence,33.37829922,-111.9673788,2022-12-23,12:18:00
46386,4013951,2022,Baseline Rd,I-10 Exit 155 G-Ramp,0.0,Intersection 4 Way 202,0.0,0.0,No Injury,Left Turn,Daylight,Clear,Dry,64.0,Male,East,Making Right Turn,Failed To Yield Right Of Way,No Apparent Influence,No Apparent Influence,22.0,Male,West,Making Left Turn,No Improper Action,No Apparent Influence,No Apparent Influence,33.37827019,-111.9686324,2022-12-23,18:44:00
46387,4014489,2022,Rio Salado Pkwy,Siesta Ln,0.0,Intersection T Inter 203,0.0,0.0,No Injury,Rear End,Daylight,Clear,Dry,58.0,Male,West,Going Straight Ahead,Followed Too Closely,No Apparent Influence,No Apparent Influence,38.0,Female,West,Going Straight Ahead,No Improper Action,No Apparent Influence,No Apparent Influence,33.42936762,-111.8936182,2022-12-23,18:47:00
46389,3984998,2022,I-10 Exit 153 C2-Ramp,Unknown,0.0,Not Junction Related,0.0,0.0,No Injury,Rear End,Daylight,Clear,Dry,44.0,Female,West,Backing,Other,No Apparent Influence,No Apparent Influence,27.0,Male,West,Stopped In Trafficway,No Improper Action,No Apparent Influence,No Apparent Influence,33.40911309,-111.9694951,2022-12-23,20:44:00
46390,3985449,2022,SR-202 Exit 7 X-Ramp,Unknown,0.0,Entrance Exit Ramp 205,0.0,0.0,No Injury,Rear End,Daylight,Clear,Dry,22.0,Male,West,Slowing In Trafficway,No Improper Action,No Apparent Influence,No Apparent Influence,21.0,Female,West,Stopped In Trafficway,No Improper Action,No Apparent Influence,No Apparent Influence,33.43662368,-111.926034,2022-12-23,22:46:00
46392,4047768,2022,Curry Rd,Scottsdale Rd,97.0,Not Junction Related,0.0,0.0,No Injury,Angle - Other Than Left Turn 2,Dark Lighted,Clear,Dry,55.0,Female,North,Making Right Turn,Failed To Yield Right Of Way,No Apparent Influence,No Apparent Influence,29.0,Male,East,Going Straight Ahead,No Improper Action,No Apparent Influence,No Apparent Influence,33.44029972,-111.9260197,2022-12-24,03:00:00
46393,4015046,2022,Rural Rd,Rio Salado Pkwy,-165.0,Intersection Related 206,0.0,0.0,No Injury,Sideswipe Same Direction,Dark Lighted,Clear,Dry,56.0,Male,North,Going Straight Ahead,Unknown,No Apparent Influence,No Apparent Influence,48.0,Female,North,Going Straight Ahead,Unknown,No Apparent Influence,No Apparent Influence,33.42839502,-111.9262904,2022-12-24,03:04:00
46394,4013959,2022,Elliot Rd,Priest Dr,0.0,Intersection 4 Way 202,0.0,0.0,No Injury,Angle - Other Than Left Turn 2,Daylight,Clear,Dry,43.0,Male,East,Going Straight Ahead,Disregarded Traffic Signal,No Apparent Influence,No Apparent Influence,27.0,Female,North,Making Right Turn,No Improper Action,No Apparent Influence,No Apparent Influence,33.34913286,-111.9588134,2022-12-24,16:45:00
46395,4016089,2022,Dorsey Ln,Campus Dr,0.0,Intersection 4 Way 202,0.0,0.0,No Injury,Left Turn,Daylight,Clear,Dry,36.0,Female,East,Making Left Turn,Failed To Yield Right Of Way,No Apparent Influence,No Apparent Influence,61.0,Male,South,Going Straight Ahead,No Improper Action,No Apparent Influence,No Apparent Influence,33.39833761,-111.9163321,2022-12-24,19:19:00
46396,4016088,2022,Priest Dr,University Dr,-175.0,Intersection Related 206,0.0,0.0,No Injury,Rear End,Daylight,Clear,Dry,41.0,Male,South,Going Straight Ahead,Speed To Fast For Conditions,No Apparent Influence,No Apparent Influence,29.0,Female,South,Making Left Turn,No Improper Action,No Apparent Influence,No Apparent Influence,33.42146181,-111.9609006,2022-12-24,21:35:00
46398,4013960,2022,Price Rd,Rio Salado Pkwy,-25.0,Intersection Related 206,0.0,0.0,No Injury,Rear End,Daylight,Clear,Dry,30.0,Female,North,Going Straight Ahead,Speed To Fast For Conditions,No Apparent Influence,No Apparent Influence,46.0,Male,North,Stopped In Trafficway,No Improper Action,No Apparent Influence,No Apparent Influence,33.42924581,-111.8902633,2022-12-24,22:27:00
46400,4013966,2022,University Dr,Lindon Ln,-75.0,Not Junction Related,0.0,0.0,No Injury,Sideswipe Same Direction,Dark Lighted,Clear,Dry,20.0,Female,West,Changing Lanes,Unsafe Lane Change,No Apparent Influence,No Apparent Influence,30.0,Male,West,Going Straight Ahead,No Improper Action,No Apparent Influence,No Apparent Influence,33.42194343,-111.9654867,2022-12-25,01:57:00
46404,4016001,2022,Warner Rd,I-10 Exit 158 C-Ramp,-110.0,Intersection Related 206,1.0,0.0,Possible Injury,Rear End,Daylight,Clear,Dry,28.0,Male,East,Going Straight Ahead,Followed Too Closely,No Apparent Influence,No Apparent Influence,51.0,Male,East,Stopped In Trafficway,No Improper Action,No Apparent Influence,No Apparent Influence,33.33436056,-111.9718677,2022-12-26,17:49:00
46408,4014980,2022,Price Rd,Wildermuth Ave,200.0,Intersection Related 206,2.0,0.0,Possible Injury,Rear End,Daylight,Clear,Dry,33.0,Male,South,Going Straight Ahead,Followed Too Closely,Alcohol,No Apparent Influence,40.0,Male,South,Stopped In Trafficway,No Improper Action,No Apparent Influence,No Apparent Influence,33.41350815,-111.8919605,2022-12-27,00:46:00
46413,4014527,2022,Mill Ave,Southern Ave,-76.0,Intersection Related 206,0.0,0.0,No Injury,Sideswipe Same Direction,Daylight,Cloudy,Dry,44.0,Female,North,Making Left Turn,Unsafe Lane Change,No Apparent Influence,No Apparent Influence,55.0,Male,North,Making Left Turn,No Improper Action,No Apparent Influence,No Apparent Influence,33.39265434,-111.9395995,2022-12-27,16:05:00
46414,4014528,2022,Warner Rd,Kenwood Dr,25.0,Intersection Related 206,0.0,0.0,No Injury,Rear End,Unknown 51,Unknown,Dry,40.0,Female,West,Going Straight Ahead,Speed To Fast For Conditions,No Apparent Influence,No Apparent Influence,31.0,Male,West,Slowing In Trafficway,No Improper Action,No Apparent Influence,No Apparent Influence,33.33470693,-111.9040425,2022-12-27,17:50:00
46415,4017572,2022,Warner Rd,McKemy St,0.0,Intersection T Inter 203,0.0,0.0,No Injury,Angle - Other Than Left Turn 2,Daylight,Clear,Dry,29.0,Male,North,Making Right Turn,Failed To Yield Right Of Way,No Apparent Influence,No Apparent Influence,85.0,Male,East,Going Straight Ahead,No Improper Action,No Apparent Influence,No Apparent Influence,33.3345862,-111.9494387,2022-12-27,19:50:00
46416,4015655,2022,Baseline Rd,Darrow Dr,0.0,Intersection 4 Way 202,0.0,0.0,No Injury,Angle - Other Than Left Turn 2,Daylight,Clear,Dry,24.0,Female,East,Going Straight Ahead,Disregarded Traffic Signal,No Apparent Influence,No Apparent Influence,82.0,Female,South,Making Left Turn,No Improper Action,No Apparent Influence,No Apparent Influence,33.37824425,-111.9611298,2022-12-27,20:59:00
46418,4014498,2022,Baseline Rd,I-10 Exit 155 C2-Ramp,162.0,Not Junction Related,0.0,0.0,No Injury,Angle - Other Than Left Turn 2,Daylight,Cloudy,Dry,34.0,Male,East,Changing Lanes,Unsafe Lane Change,No Apparent Influence,No Apparent Influence,44.0,Male,East,Going Straight Ahead,No Improper Action,No Apparent Influence,No Apparent Influence,33.3782917,-111.9668489,2022-12-27,22:48:00
46421,4014499,2022,Orange St,Price Rd,0.0,Intersection 201,0.0,0.0,No Injury,Angle - Other Than Left Turn 2,Dark Not Lighted,Cloudy,Dry,27.0,Male,West,Going Straight Ahead,Ran Stop Sign,No Apparent Influence,No Apparent Influence,20.0,Male,South,Going Straight Ahead,No Improper Action,No Apparent Influence,No Apparent Influence,33.41842446,-111.8919678,2022-12-28,02:03:00
46422,4047809,2022,SR-202 Exit 7 T-Ramp,Unknown,0.0,Intersection Related 206,0.0,0.0,No Injury,Rear End,Dark Lighted,Clear,Dry,26.0,Male,Southeast,Going Straight Ahead,Speed To Fast For Conditions,No Apparent Influence,No Apparent Influence,48.0,Male,Southeast,Stopped In Trafficway,No Improper Action,No Apparent Influence,No Apparent Influence,33.4354796,-111.9263541,2022-12-28,06:27:00
46423,4017523,2022,Warner Rd,Jewell St,0.0,Intersection Related 206,0.0,0.0,No Injury,Sideswipe Same Direction,Dark Lighted,Rain,Wet,70.0,Male,North,Going Straight Ahead,Speed To Fast For Conditions,No Apparent Influence,No Apparent Influence,56.0,Male,North,Going Straight Ahead,No Improper Action,No Apparent Influence,No Apparent Influence,33.3345274,-111.9682956,2022-12-28,12:51:00
46424,4016034,2022,Rural Rd,Baseline Rd,0.0,Intersection 4 Way 202,0.0,0.0,No Injury,Left Turn,Dark Lighted,Rain,Wet,37.0,Male,Northeast,Unknown,Failed To Yield Right Of Way,No Apparent Influence,No Apparent Influence,72.0,Male,West,Going Straight Ahead,No Improper Action,No Apparent Influence,No Apparent Influence,33.37824921,-111.9286868,2022-12-28,13:56:00
46426,4017598,2022,Baseline Rd,Calle Los Cerros,0.0,Intersection 4 Way 202,2.0,0.0,Suspected Minor Injury,Angle - Other Than Left Turn 2,Daylight,Rain,Wet,44.0,Male,West,Going Straight Ahead,Disregarded Traffic Signal,No Apparent Influence,No Apparent Influence,50.0,Female,South,Going Straight Ahead,No Improper Action,No Apparent Influence,No Apparent Influence,33.37821111,-111.9740884,2022-12-28,14:54:00
46428,4017557,2022,McClintock Dr,Baseline Rd,39.0,Intersection Related 206,0.0,0.0,No Injury,Rear End,Daylight,Rain,Dry,31.0,Male,South,Going Straight Ahead,Followed Too Closely,No Apparent Influence,No Apparent Influence,69.0,Female,South,Stopped In Trafficway,No Improper Action,No Apparent Influence,No Apparent Influence,33.37853138,-111.9092613,2022-12-28,15:32:00
46429,4047751,2022,Price Rd,University Dr,0.0,Intersection 4 Way 202,0.0,0.0,No Injury,Sideswipe Same Direction,Daylight,Cloudy,Dry,52.0,Female,North,Making Left Turn,Failed To Keep In Proper Lane,No Apparent Influence,No Apparent Influence,21.0,Male,North,Making Left Turn,No Improper Action,No Apparent Influence,No Apparent Influence,33.42201697,-111.8903074,2022-12-28,17:32:00
46431,4015677,2022,Southern Ave,Los Feliz Dr,0.0,Intersection 4 Way 202,0.0,0.0,No Injury,Left Turn,Daylight,Clear,Dry,80.0,Female,255,Going Straight Ahead,Disregarded Traffic Signal,No Apparent Influence,No Apparent Influence,50.0,Male,255,Making Left Turn,No Improper Action,No Apparent Influence,No Apparent Influence,33.39297024,-111.9048537,2022-12-28,20:17:00
46432,4014500,2022,Elliot Rd,Kyrene Rd,0.0,Intersection 4 Way 202,0.0,0.0,No Injury,Angle - Other Than Left Turn 2,Daylight,Rain,Dry,23.0,Male,West,Making Left Turn,Failed To Yield Right Of Way,No Apparent Influence,No Apparent Influence,45.0,Male,East,Going Straight Ahead,No Improper Action,No Apparent Influence,No Apparent Influence,33.34919917,-111.9457347,2022-12-28,20:39:00
46433,4017540,2022,Rural Rd,Elliot Rd,-50.0,Intersection Related 206,0.0,0.0,No Injury,Angle - Other Than Left Turn 2,Daylight,Rain,Wet,22.0,Female,East,Making Right Turn,Speed To Fast For Conditions,No Apparent Influence,No Apparent Influence,55.0,Male,North,Stopped In Trafficway,No Improper Action,No Apparent Influence,No Apparent Influence,33.34905324,-111.9284782,2022-12-28,21:06:00
46434,4014899,2022,Scottsdale Rd,SR-202 Exit 7 J-Ramp,-45.0,Intersection 4 Way 202,0.0,0.0,No Injury,Rear End,Daylight,Rain,Wet,27.0,Male,North,Making Left Turn,Speed To Fast For Conditions,No Apparent Influence,No Apparent Influence,33.0,Male,North,Making Left Turn,No Improper Action,No Apparent Influence,No Apparent Influence,33.43598923,-111.9262634,2022-12-28,21:23:00
46435,4016094,2022,Baseline Rd,Rural Rd,0.0,Intersection 4 Way 202,1.0,0.0,Suspected Serious Injury,Left Turn,Daylight,Cloudy,Wet,17.0,Female,East,Making Left Turn,Failed To Yield Right Of Way,No Apparent Influence,No Apparent Influence,64.0,Female,West,Going Straight Ahead,No Improper Action,No Apparent Influence,No Apparent Influence,33.37824921,-111.9286869,2022-12-28,21:54:00
46436,4014497,2022,Broadway Rd,48th St,200.0,Intersection Related 206,0.0,0.0,No Injury,Sideswipe Same Direction,Daylight,Cloudy,Dry,28.0,Male,West,Changing Lanes,Unsafe Lane Change,No Apparent Influence,No Apparent Influence,27.0,Male,West,Going Straight Ahead,No Improper Action,No Apparent Influence,No Apparent Influence,33.40732878,-111.9776326,2022-12-28,22:20:00
46437,4017478,2022,McClintock Dr,El Parque Dr,20.0,Not Junction Related,0.0,0.0,No Injury,Other,Dark Lighted,Clear,Wet,24.0,Female,South,Backing,Made Improper Turn,No Apparent Influence,No Apparent Influence,21.0,Male,North,Going Straight Ahead,No Improper Action,No Apparent Influence,No Apparent Influence,33.4054102,-111.909127,2022-12-29,04:25:00
46440,4017517,2022,University Dr,Priest Dr,0.0,Intersection 4 Way 202,1.0,0.0,Suspected Minor Injury,Angle - Other Than Left Turn 2,Daylight,Clear,Dry,27.0,Male,East,Going Straight Ahead,Disregarded Traffic Signal,No Apparent Influence,No Apparent Influence,69.0,Male,North,Going Straight Ahead,No Improper Action,No Apparent Influence,No Apparent Influence,33.42194195,-111.9609234,2022-12-29,15:40:00
46441,4015686,2022,Mill Ave,Southern Ave,-216.0,Driveway Or Alley,2.0,0.0,Possible Injury,Angle - Other Than Left Turn 2,Daylight,Cloudy,Dry,27.0,Male,West,Making Left Turn,Failed To Yield Right Of Way,No Apparent Influence,No Apparent Influence,30.0,Male,North,Going Straight Ahead,No Improper Action,No Apparent Influence,No Apparent Influence,33.39227016,-111.9395913,2022-12-29,20:45:00
46442,4016003,2022,Southern Ave,McClintock Dr,-150.0,Intersection Related 206,0.0,0.0,No Injury,Rear End,Daylight,Clear,Dry,44.0,Female,West,Going Straight Ahead,Followed Too Closely,No Apparent Influence,No Apparent Influence,44.0,Male,West,Stopped In Trafficway,No Improper Action,No Apparent Influence,No Apparent Influence,33.39299183,-111.909618,2022-12-29,21:16:00
46443,4015683,2022,Scottsdale Rd,Gilbert Dr,61.0,Intersection Related 206,1.0,0.0,Possible Injury,Rear End,Daylight,Cloudy,Dry,36.0,Male,South,Going Straight Ahead,Followed Too Closely,No Apparent Influence,No Apparent Influence,63.0,Female,South,Stopped In Trafficway,No Improper Action,No Apparent Influence,No Apparent Influence,33.43772942,-111.9262756,2022-12-29,22:53:00
46445,4017726,2022,Broadway Rd,Price Rd,70.0,Intersection Related 206,0.0,0.0,No Injury,Sideswipe Opposite Direction,Daylight,Clear,Dry,51.0,Female,East,Going Straight Ahead,Other,Alcohol,No Apparent Influence,31.0,Male,West,Stopped In Trafficway,No Improper Action,No Apparent Influence,No Apparent Influence,33.40748151,-111.8901055,2022-12-29,23:44:00
46446,4047748,2022,Elliot Rd,I-10 Exit 157 C-Ramp,120.0,Intersection Related 206,0.0,0.0,No Injury,Rear End,Dusk,Clear,Unknown,29.0,Female,West,Going Straight Ahead,Speed To Fast For Conditions,No Apparent Influence,No Apparent Influence,66.0,Male,West,Stopped In Trafficway,No Improper Action,No Apparent Influence,No Apparent Influence,33.34909327,-111.9705448,2022-12-30,00:10:00
46452,4015681,2022,Broadway Rd,Rural Rd,-85.0,Intersection Related 206,0.0,0.0,No Injury,Rear End,Daylight,Cloudy,Dry,20.0,Male,East,Going Straight Ahead,Followed Too Closely,No Apparent Influence,No Apparent Influence,63.0,Female,East,Going Straight Ahead,No Improper Action,No Apparent Influence,No Apparent Influence,33.40749164,-111.9265611,2022-12-30,15:49:00
46453,4014496,2022,Baseline Rd,Pointe Pkwy,191.0,Intersection Related 206,0.0,0.0,No Injury,Rear End,Daylight,Cloudy,Dry,18.0,Male,East,Going Straight Ahead,Followed Too Closely,No Apparent Influence,No Apparent Influence,23.0,Male,East,Stopped In Trafficway,No Improper Action,No Apparent Influence,No Apparent Influence,33.3782258,-111.9713698,2022-12-30,19:17:00
46454,4015998,2022,Elliot Rd,Harl Ave,150.0,Not Junction Related,0.0,0.0,No Injury,Rear End,Daylight,Cloudy,Dry,60.0,Female,East,Going Straight Ahead,Followed Too Closely,No Apparent Influence,No Apparent Influence,56.0,Female,East,Stopped In Trafficway,No Improper Action,No Apparent Influence,No Apparent Influence,33.34908453,-111.9654374,2022-12-30,19:23:00
46455,4016010,2022,Terrace Rd,Apache Blvd,-117.0,Intersection Related 206,0.0,0.0,No Injury,Sideswipe Same Direction,Daylight,Cloudy,Dry,28.0,Male,North,Overtaking Passing,Speed To Fast For Conditions,No Apparent Influence,No Apparent Influence,42.0,Male,North,Stopped In Trafficway,No Improper Action,No Apparent Influence,No Apparent Influence,33.41444543,-111.920448,2022-12-30,19:48:00
46456,4016016,2022,Southern Ave,Evergreen Rd,0.0,Intersection 4 Way 202,1.0,0.0,Possible Injury,Rear End,Daylight,Cloudy,Dry,21.0,Female,East,Going Straight Ahead,Followed Too Closely,No Apparent Influence,No Apparent Influence,57.0,Female,East,Making Right Turn,No Improper Action,No Apparent Influence,No Apparent Influence,33.39302814,-111.8832842,2022-12-30,21:09:00
46457,4015679,2022,48th St,University Dr,-36.0,Intersection Related 206,1.0,0.0,Possible Injury,Rear End,Daylight,Cloudy,Dry,51.0,Male,North,Going Straight Ahead,Followed Too Closely,No Apparent Influence,No Apparent Influence,28.0,Male,North,Slowing In Trafficway,No Improper Action,No Apparent Influence,No Apparent Influence,33.42180596,-111.9762493,2022-12-30,23:48:00
46458,4017365,2022,Broadway Rd,Hardy Dr,-74.0,Intersection Related 206,0.0,0.0,No Injury,Rear End,Dusk,Cloudy,Dry,19.0,Male,East,Going Straight Ahead,Followed Too Closely,No Apparent Influence,No Apparent Influence,28.0,Male,East,Stopped In Trafficway,No Improper Action,No Apparent Influence,No Apparent Influence,33.40739421,-111.9524074,2022-12-31,01:48:00
46460,4047744,2022,Ash Ave,Rio Salado Pkwy,-15.0,Not Junction Related,0.0,0.0,No Injury,Sideswipe Opposite Direction,Dark Lighted,Clear,Dry,17.0,Female,South,Making Right Turn,Speed To Fast For Conditions,No Apparent Influence,No Apparent Influence,47.0,Male,North,Going Straight Ahead,No Improper Action,No Apparent Influence,No Apparent Influence,33.43150844,-111.9433779,2022-12-31,05:08:00
46461,4017542,2022,Elliot Rd,Harl Ave,0.0,Intersection 4 Way 202,0.0,0.0,No Injury,Left Turn,Unknown 51,Unknown,Dry,28.0,Male,East,Making Left Turn,Failed To Yield Right Of Way,No Apparent Influence,No Apparent Influence,50.0,Male,West,Going Straight Ahead,No Improper Action,No Apparent Influence,No Apparent Influence,33.34908149,-111.9659281,2022-12-31,15:47:00
46463,4017552,2022,Mill Ave,Southern Ave,100.0,Driveway Or Alley,0.0,0.0,No Injury,Other,Daylight,Clear,Dry,23.0,Male,East,Backing,Other,No Apparent Influence,No Apparent Influence,46.0,Female,East,Going Straight Ahead,No Improper Action,No Apparent Influence,No Apparent Influence,33.39313724,-111.9396099,2022-12-31,21:55:00
46464,4014475,2022,Baseline Rd,Darrow Dr,0.0,Intersection 4 Way 202,1.0,0.0,Suspected Minor Injury,Left Turn,Dark Lighted,Cloudy,Dry,50.0,Female,Northeast,Making Left Turn,Failed To Yield Right Of Way,No Apparent Influence,No Apparent Influence,19.0,Male,West,Going Straight Ahead,No Improper Action,No Apparent Influence,No Apparent Influence,33.37824425,-111.9611298,2023-01-01,01:02:00